{"type":"FeatureCollection","features":[{"type":"Feature","properties":{"name":"Atturu","inScope":false},"geometry":{"type":"MultiLineString","coordinates":[[[77.56111,13.08736],[77.56307,13.08619],[77.56033,13.08402],[77.55561,13.08606],[77.55207,13.08438],[77.5501,13.08216],[77.54722,13.08194],[77.5475,13.08322],[77.54519,13.08353],[77.54526,13.08527],[77.54078,13.09007],[77.54077,13.09188],[77.5422,13.09429],[77.54423,13.10132],[77.55733,13.10042],[77.5573,13.10117],[77.55936,13.10339],[77.55892,13.10334],[77.55903,13.10434],[77.5611,13.10837],[77.56005,13.10931],[77.56031,13.11115],[77.55968,13.11211],[77.56167,13.11391],[77.56269,13.11635],[77.56339,13.12094],[77.56551,13.12595],[77.56957,13.125],[77.57085,13.13101],[77.57586,13.12221],[77.57941,13.11383],[77.58076,13.10843],[77.57611,13.10911],[77.57597,13.1078],[77.57362,13.10852],[77.57334,13.10786],[77.57093,13.10782],[77.56993,13.10375],[77.56999,13.10085],[77.56691,13.10066],[77.56709,13.09783],[77.56285,13.09778],[77.56151,13.0952],[77.56007,13.088],[77.56111,13.08736]]]}},{"type":"Feature","properties":{"name":"Chikkasandra","inScope":false},"geometry":{"type":"MultiLineString","coordinates":[[[77.49927,13.05758],[77.49646,13.05714],[77.49201,13.06003],[77.49306,13.06212],[77.49311,13.07209],[77.49945,13.07189],[77.50143,13.07284],[77.50462,13.07621],[77.51077,13.06985],[77.51581,13.06758],[77.5158,13.06625],[77.51655,13.06516],[77.5179,13.06471],[77.51792,13.06299],[77.52007,13.06029],[77.51973,13.05911],[77.51782,13.06033],[77.51398,13.0612],[77.51144,13.05996],[77.51119,13.0588],[77.50791,13.05949],[77.50941,13.05716],[77.50621,13.05639],[77.50228,13.05706],[77.5018,13.05799],[77.5,13.05821],[77.49927,13.05758]]]}},{"type":"Feature","properties":{"name":"Kammagondanahalli","inScope":false},"geometry":{"type":"MultiLineString","coordinates":[[[77.52437,13.06421],[77.51122,13.06954],[77.50462,13.07621],[77.5069,13.07789],[77.50896,13.07798],[77.51131,13.07558],[77.51797,13.07425],[77.51898,13.07967],[77.52088,13.07915],[77.52128,13.08041],[77.52322,13.08092],[77.52378,13.09307],[77.53439,13.09214],[77.53545,13.09017],[77.54072,13.08997],[77.53688,13.08379],[77.53172,13.08307],[77.52995,13.08213],[77.52942,13.07902],[77.53078,13.07787],[77.53152,13.07561],[77.53125,13.07392],[77.53183,13.07248],[77.53098,13.06977],[77.53396,13.06732],[77.5352,13.06325],[77.53385,13.06005],[77.53547,13.05767],[77.53491,13.05753],[77.5353,13.05483],[77.53295,13.05483],[77.53199,13.05832],[77.53021,13.06113],[77.52801,13.06276],[77.52437,13.06421]]]}},{"type":"Feature","properties":{"name":"Mallasandra","inScope":false},"geometry":{"type":"MultiLineString","coordinates":[[[77.51314,13.04807],[77.51148,13.04926],[77.51239,13.05289],[77.50791,13.05949],[77.51119,13.0588],[77.51144,13.05996],[77.51424,13.06123],[77.52013,13.05914],[77.52007,13.06029],[77.51788,13.06308],[77.51794,13.06465],[77.51655,13.06516],[77.5158,13.06625],[77.51581,13.06758],[77.52801,13.06276],[77.53137,13.05968],[77.53295,13.05483],[77.53142,13.05452],[77.52881,13.05187],[77.52397,13.04917],[77.5222,13.04591],[77.51831,13.04864],[77.51616,13.04703],[77.51587,13.04792],[77.51314,13.04807]]]}},{"type":"Feature","properties":{"name":"Bagalakunte","inScope":false},"geometry":{"type":"MultiLineString","coordinates":[[[77.49454,13.05121],[77.49247,13.05157],[77.49234,13.05462],[77.491,13.05692],[77.49201,13.06003],[77.49646,13.05714],[77.49866,13.05718],[77.5,13.05821],[77.5018,13.05799],[77.50228,13.05706],[77.5059,13.05639],[77.50935,13.05713],[77.51239,13.05289],[77.51183,13.05062],[77.50781,13.05158],[77.50695,13.0512],[77.50607,13.0487],[77.5047,13.04901],[77.50453,13.04837],[77.50174,13.04903],[77.50116,13.04738],[77.49665,13.04896],[77.49729,13.05061],[77.49454,13.05121]]]}},{"type":"Feature","properties":{"name":"T Dasarahalli","inScope":false},"geometry":{"type":"MultiLineString","coordinates":[[[77.51042,13.04401],[77.50116,13.04738],[77.50174,13.04903],[77.50453,13.04837],[77.50471,13.04901],[77.50607,13.0487],[77.50695,13.0512],[77.50781,13.05158],[77.51161,13.05077],[77.51157,13.04871],[77.51318,13.04805],[77.51587,13.04792],[77.51616,13.04703],[77.51831,13.04864],[77.5222,13.04591],[77.51844,13.03989],[77.51628,13.04179],[77.51042,13.04401]]]}},{"type":"Feature","properties":{"name":"Peenya","inScope":false},"geometry":{"type":"MultiLineString","coordinates":[[[77.52018,13.02745],[77.51788,13.03313],[77.5183,13.03918],[77.52219,13.0459],[77.54075,13.0325],[77.54195,13.03831],[77.54295,13.03929],[77.54484,13.03698],[77.55058,13.02507],[77.55128,13.02531],[77.55239,13.02408],[77.55422,13.02389],[77.55628,13.0251],[77.55748,13.02489],[77.55549,13.01984],[77.55434,13.01982],[77.55389,13.01919],[77.55586,13.01581],[77.55402,13.01488],[77.55338,13.01848],[77.55105,13.0226],[77.53721,13.03042],[77.53414,13.025],[77.53108,13.02669],[77.52846,13.021],[77.52183,13.02362],[77.52018,13.02745]]]}},{"type":"Feature","properties":{"name":"Nalagadarenahalli","inScope":false},"geometry":{"type":"MultiLineString","coordinates":[[[77.49985,13.02972],[77.49632,13.02825],[77.49728,13.03179],[77.4993,13.035],[77.49823,13.0353],[77.49805,13.03716],[77.49615,13.03947],[77.49629,13.04181],[77.49807,13.04253],[77.49801,13.04391],[77.49575,13.04446],[77.49635,13.04906],[77.51466,13.04239],[77.51284,13.03464],[77.51291,13.03147],[77.51051,13.03201],[77.51026,13.02996],[77.50358,13.03159],[77.49985,13.02972]]]}},{"type":"Feature","properties":{"name":"Chokkasandra","inScope":false},"geometry":{"type":"MultiLineString","coordinates":[[[77.51459,13.02645],[77.51539,13.0308],[77.5129,13.03142],[77.51267,13.03343],[77.51466,13.04239],[77.51656,13.04163],[77.51844,13.03989],[77.51788,13.03313],[77.52148,13.02407],[77.52679,13.02152],[77.522,13.01827],[77.523,13.01289],[77.51991,13.01256],[77.51971,13.01412],[77.51434,13.0157],[77.51399,13.01769],[77.51496,13.01794],[77.51683,13.02165],[77.51459,13.02645]]]}},{"type":"Feature","properties":{"name":"Ganga Nagar","inScope":false},"geometry":{"type":"MultiLineString","coordinates":[[[77.59104,13.01654],[77.58803,13.01682],[77.58752,13.01866],[77.58556,13.01865],[77.58392,13.01969],[77.58567,13.02696],[77.58884,13.02623],[77.59147,13.02669],[77.59189,13.02885],[77.59533,13.02763],[77.59475,13.02469],[77.59299,13.02494],[77.59236,13.01916],[77.59146,13.01603],[77.59104,13.01654]]]}},{"type":"Feature","properties":{"name":"Peenya Industrial Area","inScope":false},"geometry":{"type":"MultiLineString","coordinates":[[[77.50066,13.00378],[77.49757,13.00386],[77.49839,13.00903],[77.49922,13.00857],[77.49995,13.00935],[77.49976,13.01353],[77.49756,13.01777],[77.49576,13.01823],[77.49512,13.01998],[77.49356,13.02115],[77.49512,13.02358],[77.49632,13.02825],[77.50358,13.03159],[77.51026,13.02996],[77.51051,13.03201],[77.51539,13.0308],[77.51457,13.02644],[77.51675,13.02271],[77.51596,13.01958],[77.51496,13.01794],[77.51165,13.01656],[77.50853,13.01168],[77.50694,13.01095],[77.50623,13.00989],[77.50372,13.00967],[77.50336,13.00841],[77.50432,13.00815],[77.50375,13.00654],[77.50304,13.00685],[77.50272,13.00587],[77.50318,13.00433],[77.50161,13.0045],[77.50139,13.00362],[77.50066,13.00378]]]}},{"type":"Feature","properties":{"name":"Rajagopal Nagar","inScope":false},"geometry":{"type":"MultiLineString","coordinates":[[[77.50966,13.00857],[77.50623,13.00989],[77.50694,13.01095],[77.50853,13.01168],[77.51223,13.01697],[77.51399,13.01769],[77.51434,13.0157],[77.51971,13.01412],[77.51991,13.01256],[77.51855,13.01267],[77.51914,13.01051],[77.51731,13.00826],[77.51751,13.0071],[77.51413,13.00714],[77.50966,13.00857]]]}},{"type":"Feature","properties":{"name":"Hebbala","inScope":false},"geometry":{"type":"MultiLineString","coordinates":[[[77.59407,13.02787],[77.59368,13.0285],[77.59189,13.02885],[77.59147,13.02669],[77.58884,13.02623],[77.58567,13.02696],[77.58917,13.03624],[77.5899,13.04163],[77.59503,13.04127],[77.59449,13.03855],[77.5966,13.0381],[77.59657,13.03635],[77.59726,13.03621],[77.59654,13.03401],[77.59645,13.02984],[77.59533,13.02763],[77.59407,13.02787]]]}},{"type":"Feature","properties":{"name":"Hegganahalli","inScope":false},"geometry":{"type":"MultiLineString","coordinates":[[[77.50552,13.00161],[77.50392,13.00158],[77.50397,13.00245],[77.50131,13.00328],[77.50161,13.0045],[77.50318,13.00433],[77.50272,13.00587],[77.50304,13.00685],[77.50375,13.00654],[77.50432,13.00815],[77.50336,13.00841],[77.50372,13.00967],[77.50619,13.0099],[77.51413,13.00714],[77.51732,13.00717],[77.51831,13.00287],[77.51796,13.00099],[77.51845,13.00003],[77.51915,12.99997],[77.51937,12.99886],[77.51886,12.99856],[77.51907,12.99742],[77.51744,12.99715],[77.5177,12.99868],[77.51544,12.99934],[77.51479,13.00058],[77.5133,13.0001],[77.51279,12.99795],[77.51065,12.99839],[77.51037,12.99749],[77.50883,12.99789],[77.50604,12.99889],[77.50664,13.00139],[77.50552,13.00161]]]}},{"type":"Feature","properties":{"name":"Sunkadakatte","inScope":false},"geometry":{"type":"MultiLineString","coordinates":[[[77.49727,12.98864],[77.49694,12.9895],[77.49952,12.99157],[77.50148,12.99689],[77.49884,12.99906],[77.49323,13.00075],[77.49479,13.00222],[77.49562,13.00437],[77.49925,13.00348],[77.49968,13.00401],[77.50139,13.00362],[77.50397,13.00245],[77.50392,13.00158],[77.50664,13.00139],[77.50509,12.99548],[77.50404,12.99499],[77.50474,12.99131],[77.50572,12.98967],[77.50382,12.99025],[77.49727,12.98864]]]}},{"type":"Feature","properties":{"name":"Dodda Bidarakallu","inScope":false},"geometry":{"type":"MultiLineString","coordinates":[[[77.4769,13.00375],[77.47518,13.004],[77.4754,13.00645],[77.47284,13.00727],[77.47526,13.01311],[77.47695,13.01487],[77.47896,13.02201],[77.47844,13.02216],[77.47844,13.02436],[77.47961,13.02927],[77.47694,13.03154],[77.47884,13.03507],[77.4799,13.03572],[77.48005,13.03791],[77.48257,13.04058],[77.48166,13.04118],[77.48135,13.04291],[77.48003,13.04335],[77.47957,13.04435],[77.48008,13.04851],[77.49099,13.04507],[77.49247,13.05157],[77.49729,13.05061],[77.49635,13.04906],[77.49575,13.04446],[77.49801,13.04391],[77.49807,13.04253],[77.49629,13.04181],[77.49611,13.03975],[77.49686,13.03799],[77.49805,13.03716],[77.49823,13.0353],[77.4993,13.035],[77.49728,13.03179],[77.49512,13.02358],[77.49361,13.02162],[77.4937,13.01953],[77.48987,13.01987],[77.49079,13.01403],[77.48866,13.01361],[77.48745,13.01491],[77.48434,13.01563],[77.48317,13.01294],[77.48293,13.00959],[77.48776,13.00418],[77.48831,13.00182],[77.48586,13.00273],[77.48567,13.00193],[77.4769,13.00375]]]}},{"type":"Feature","properties":{"name":"Nagadevanahalli","inScope":false},"geometry":{"type":"MultiLineString","coordinates":[[[77.49202,12.93194],[77.49136,12.93205],[77.49136,12.93345],[77.49033,12.9323],[77.48382,12.93433],[77.48418,12.93689],[77.47836,12.93756],[77.47325,12.94033],[77.47493,12.94473],[77.47711,12.94269],[77.48327,12.94204],[77.48351,12.94549],[77.48505,12.95143],[77.4889,12.94948],[77.48861,12.94906],[77.4906,12.94735],[77.494,12.9476],[77.49955,12.94646],[77.49948,12.94379],[77.49719,12.94005],[77.49968,12.93803],[77.49914,12.93571],[77.50008,12.93537],[77.49914,12.9308],[77.49665,12.93142],[77.49525,12.92954],[77.49533,12.92879],[77.4928,12.93188],[77.49202,12.93194]]]}},{"type":"Feature","properties":{"name":"Lingadheeranahalli","inScope":false},"geometry":{"type":"MultiLineString","coordinates":[[[77.48195,12.98513],[77.47865,12.98587],[77.47006,12.98987],[77.47125,12.9946],[77.4742,12.99922],[77.47518,13.004],[77.48344,13.00219],[77.48567,13.00193],[77.48586,13.00273],[77.48831,13.00182],[77.48776,13.00418],[77.48293,13.00959],[77.48332,13.01345],[77.48434,13.01563],[77.48745,13.01491],[77.48866,13.01361],[77.49079,13.01403],[77.48987,13.01987],[77.4937,13.01953],[77.49393,13.02045],[77.4949,13.02023],[77.49576,13.01823],[77.49756,13.01777],[77.49976,13.01353],[77.49995,13.00935],[77.49922,13.00857],[77.49839,13.00903],[77.49757,13.00386],[77.49562,13.00437],[77.49479,13.00222],[77.49323,13.00075],[77.4922,13.00084],[77.4914,12.99958],[77.48861,12.99792],[77.48571,12.99736],[77.48559,12.99631],[77.48682,12.99627],[77.48607,12.99236],[77.4852,12.99209],[77.4851,12.98529],[77.48195,12.98513]]]}},{"type":"Feature","properties":{"name":"Herohalli","inScope":false},"geometry":{"type":"MultiLineString","coordinates":[[[77.48552,12.96773],[77.48427,12.9698],[77.48216,12.971],[77.48635,12.98469],[77.48632,12.98565],[77.4851,12.98529],[77.48482,12.98674],[77.4852,12.99209],[77.48607,12.99236],[77.48682,12.99627],[77.48559,12.99631],[77.48571,12.99736],[77.48861,12.99792],[77.4914,12.99958],[77.4922,13.00084],[77.49506,13.0005],[77.49995,12.99853],[77.49979,12.998],[77.50148,12.99689],[77.49952,12.99157],[77.49694,12.9895],[77.49699,12.98857],[77.49755,12.98871],[77.49588,12.98645],[77.4932,12.97925],[77.49399,12.97624],[77.49532,12.97602],[77.49445,12.97327],[77.49465,12.9715],[77.49546,12.97034],[77.49661,12.97012],[77.49178,12.97],[77.48888,12.97102],[77.48835,12.96765],[77.48552,12.96773]]]}},{"type":"Feature","properties":{"name":"Ullalu","inScope":false},"geometry":{"type":"MultiLineString","coordinates":[[[77.47885,12.94258],[77.47644,12.94298],[77.47493,12.94473],[77.47628,12.94882],[77.47106,12.94959],[77.47112,12.95072],[77.47214,12.95087],[77.47251,12.9516],[77.47148,12.95227],[77.472,12.95504],[77.47528,12.96039],[77.47291,12.96359],[77.47228,12.96367],[77.47327,12.9671],[77.47502,12.97004],[77.47509,12.97294],[77.47332,12.98359],[77.47226,12.98485],[77.46841,12.98671],[77.47006,12.98987],[77.47907,12.98575],[77.48375,12.98497],[77.48632,12.98565],[77.48216,12.971],[77.48427,12.9698],[77.48552,12.96773],[77.48835,12.96765],[77.48888,12.97102],[77.49187,12.96999],[77.49816,12.97022],[77.49851,12.96957],[77.49678,12.96771],[77.49632,12.96558],[77.49693,12.96465],[77.49518,12.9622],[77.49256,12.96278],[77.49219,12.96075],[77.48813,12.96079],[77.48653,12.96148],[77.48441,12.95691],[77.48451,12.95545],[77.48561,12.95499],[77.48563,12.95347],[77.48351,12.94549],[77.48327,12.94204],[77.47915,12.94211],[77.47885,12.94258]]]}},{"type":"Feature","properties":{"name":"Yeshwanthpura","inScope":false},"geometry":{"type":"MultiLineString","coordinates":[[[77.54722,13.03361],[77.54673,13.03331],[77.54295,13.03929],[77.54488,13.04102],[77.55496,13.0441],[77.5569,13.04386],[77.5571,13.04267],[77.56096,13.04],[77.55944,13.03893],[77.5573,13.03858],[77.55738,13.03468],[77.55998,13.03093],[77.5584,13.02722],[77.5562,13.02774],[77.55469,13.03131],[77.55361,13.03128],[77.55412,13.0329],[77.55327,13.03655],[77.55346,13.03867],[77.55005,13.0397],[77.54995,13.03682],[77.54722,13.03361]]]}},{"type":"Feature","properties":{"name":"Bande Mutt","inScope":false},"geometry":{"type":"MultiLineString","coordinates":[[[77.47711,12.89665],[77.47336,12.8984],[77.47022,12.8941],[77.46837,12.88848],[77.46154,12.89872],[77.46068,12.8985],[77.46032,12.90661],[77.46667,12.90688],[77.4665,12.91015],[77.47003,12.91513],[77.47319,12.92666],[77.4796,12.92592],[77.47912,12.92723],[77.48099,12.92741],[77.48312,12.93044],[77.48307,12.93268],[77.48382,12.93433],[77.48791,12.93339],[77.4823,12.91673],[77.48353,12.91687],[77.48194,12.912],[77.48114,12.91085],[77.48011,12.91057],[77.48023,12.90972],[77.48416,12.91038],[77.48516,12.91283],[77.48709,12.90895],[77.48477,12.90838],[77.48453,12.90709],[77.48665,12.90654],[77.48705,12.90564],[77.48658,12.90477],[77.48341,12.90315],[77.4826,12.90347],[77.48274,12.9052],[77.48169,12.90583],[77.47877,12.90569],[77.47992,12.90065],[77.47879,12.89958],[77.47888,12.89708],[77.47711,12.89665]]]}},{"type":"Feature","properties":{"name":"Jalahalli","inScope":false},"geometry":{"type":"MultiLineString","coordinates":[[[77.54295,13.03929],[77.54195,13.03831],[77.54075,13.0325],[77.52219,13.0459],[77.52397,13.04917],[77.52881,13.05187],[77.53176,13.05467],[77.53916,13.05432],[77.54471,13.05495],[77.54679,13.05673],[77.55101,13.05321],[77.55666,13.04523],[77.5569,13.04386],[77.55496,13.0441],[77.54488,13.04102],[77.54295,13.03929]]]}},{"type":"Feature","properties":{"name":"Shakthi Ganapathi Nagar","inScope":false},"geometry":{"type":"MultiLineString","coordinates":[[[77.53567,12.99658],[77.53531,12.99702],[77.53684,12.99733],[77.54041,12.99689],[77.53845,12.99158],[77.52296,12.99309],[77.52363,12.99557],[77.52524,12.99793],[77.52847,12.99664],[77.5281,12.99488],[77.52946,12.99433],[77.53013,12.9943],[77.53062,12.99604],[77.53215,12.99559],[77.53234,12.99616],[77.5335,12.99583],[77.53347,12.99523],[77.53544,12.99485],[77.53567,12.99658]]]}},{"type":"Feature","properties":{"name":"Kengeri","inScope":false},"geometry":{"type":"MultiLineString","coordinates":[[[77.48185,12.91176],[77.48353,12.91687],[77.4823,12.91673],[77.48814,12.93281],[77.49046,12.9323],[77.49136,12.93345],[77.49137,12.93203],[77.4928,12.93188],[77.49533,12.92879],[77.49647,12.93132],[77.49862,12.93091],[77.49921,12.92523],[77.5028,12.92813],[77.5052,12.92539],[77.51043,12.92465],[77.51043,12.92385],[77.51144,12.92368],[77.51173,12.91984],[77.50898,12.92],[77.50929,12.91966],[77.50809,12.91935],[77.50689,12.92061],[77.50782,12.9219],[77.50519,12.92301],[77.50407,12.91993],[77.49987,12.91792],[77.50053,12.91268],[77.4991,12.90711],[77.49236,12.90975],[77.49142,12.90747],[77.4879,12.90788],[77.48516,12.91283],[77.48434,12.91047],[77.48023,12.90972],[77.48011,12.91057],[77.48185,12.91176]],[[77.51092,12.9298],[77.51093,12.92891],[77.5054,12.92971],[77.50896,12.9331],[77.51089,12.93248],[77.51092,12.9298]]]}},{"type":"Feature","properties":{"name":"Hemmigepura","inScope":false},"geometry":{"type":"MultiLineString","coordinates":[[[77.50228,12.87583],[77.49753,12.87222],[77.49671,12.87323],[77.49521,12.8734],[77.49483,12.87193],[77.49284,12.87235],[77.49182,12.87075],[77.48888,12.87182],[77.4862,12.87117],[77.48461,12.8716],[77.48311,12.87412],[77.48109,12.87411],[77.48169,12.878],[77.47583,12.87843],[77.47482,12.88005],[77.4789,12.88445],[77.47877,12.88612],[77.48249,12.88575],[77.48297,12.88629],[77.48184,12.88956],[77.48105,12.89015],[77.47931,12.88979],[77.47907,12.89217],[77.47674,12.89447],[77.47574,12.89421],[77.47547,12.89469],[77.47611,12.8958],[77.47888,12.89708],[77.47879,12.89958],[77.47994,12.90088],[77.47877,12.90569],[77.48169,12.90583],[77.48274,12.9052],[77.4826,12.90347],[77.48341,12.90315],[77.48658,12.90477],[77.48705,12.90564],[77.48665,12.90654],[77.48453,12.90709],[77.48477,12.90838],[77.48709,12.90895],[77.4879,12.90788],[77.49125,12.90743],[77.49235,12.90975],[77.4991,12.90711],[77.50053,12.91268],[77.49987,12.91792],[77.50407,12.91993],[77.50519,12.92301],[77.50782,12.9219],[77.50689,12.92061],[77.50809,12.91935],[77.50929,12.91966],[77.50898,12.92],[77.5116,12.91981],[77.51162,12.91815],[77.51256,12.91625],[77.51197,12.91366],[77.5128,12.91094],[77.51043,12.90724],[77.51179,12.90557],[77.51097,12.90259],[77.51415,12.90206],[77.51263,12.90025],[77.51366,12.89904],[77.51347,12.89813],[77.51453,12.89556],[77.51396,12.89298],[77.51574,12.8924],[77.51588,12.89381],[77.5162,12.89145],[77.51572,12.89006],[77.51903,12.88319],[77.52791,12.88397],[77.53258,12.8853],[77.53584,12.88461],[77.53756,12.88328],[77.53752,12.88026],[77.54371,12.87919],[77.5455,12.8835],[77.5469,12.88455],[77.54834,12.88337],[77.54827,12.88272],[77.54914,12.88272],[77.54918,12.88163],[77.55089,12.88112],[77.55145,12.8792],[77.5512,12.87732],[77.55202,12.87661],[77.55154,12.87536],[77.55092,12.87534],[77.55091,12.87283],[77.55002,12.87167],[77.55054,12.86844],[77.55013,12.86756],[77.54826,12.86693],[77.54831,12.86439],[77.54643,12.86271],[77.54497,12.85929],[77.54635,12.8584],[77.54592,12.85655],[77.54645,12.85545],[77.54481,12.85129],[77.54566,12.84969],[77.54432,12.84852],[77.54487,12.8476],[77.54431,12.84437],[77.54168,12.84332],[77.54049,12.84496],[77.53833,12.8453],[77.53757,12.84174],[77.53343,12.8397],[77.52606,12.84064],[77.52352,12.83995],[77.5216,12.84893],[77.51915,12.855],[77.51841,12.86117],[77.51955,12.86212],[77.52022,12.86634],[77.52298,12.87057],[77.52027,12.87218],[77.51544,12.86788],[77.51172,12.86811],[77.50846,12.87097],[77.50542,12.87659],[77.50459,12.87703],[77.50228,12.87583]]]}},{"type":"Feature","properties":{"name":"JP Park","inScope":false},"geometry":{"type":"MultiLineString","coordinates":[[[77.55155,13.02477],[77.55128,13.02531],[77.55058,13.02507],[77.54673,13.03331],[77.54971,13.03634],[77.55005,13.0397],[77.55346,13.03867],[77.55327,13.03655],[77.55412,13.0329],[77.55361,13.03128],[77.55469,13.03131],[77.5562,13.02774],[77.5584,13.02722],[77.55709,13.02475],[77.55628,13.0251],[77.55422,13.02389],[77.55155,13.02477]]]}},{"type":"Feature","properties":{"name":"Kottegepalya","inScope":false},"geometry":{"type":"MultiLineString","coordinates":[[[77.5128,12.97182],[77.5091,12.97422],[77.51098,12.98053],[77.51074,12.9846],[77.51228,12.9879],[77.51128,12.98829],[77.51139,12.99555],[77.50884,12.99698],[77.50909,12.99781],[77.51037,12.99749],[77.51065,12.99839],[77.51279,12.99795],[77.5133,13.0001],[77.51461,13.00058],[77.51544,12.99934],[77.5177,12.99868],[77.51744,12.99715],[77.51883,12.99727],[77.51937,12.99886],[77.51913,13.0],[77.51822,13.00032],[77.51794,13.00218],[77.51989,13.00232],[77.52017,13.00338],[77.52137,13.00351],[77.52076,13.00007],[77.52177,12.99989],[77.5217,12.99757],[77.52599,12.99854],[77.52628,12.99787],[77.52497,12.99773],[77.52298,12.9931],[77.52171,12.99214],[77.52006,12.98777],[77.51976,12.98514],[77.51824,12.98247],[77.51973,12.97959],[77.51847,12.97664],[77.5186,12.97551],[77.51782,12.97513],[77.51731,12.97354],[77.51817,12.97276],[77.51846,12.97054],[77.51799,12.96989],[77.517,12.9701],[77.5128,12.97182]]]}},{"type":"Feature","properties":{"name":"Vrisabhavathi Nagar","inScope":false},"geometry":{"type":"MultiLineString","coordinates":[[[77.52379,12.98501],[77.52008,12.9875],[77.52171,12.99214],[77.52296,12.99309],[77.52418,12.99279],[77.52435,12.99322],[77.5316,12.99213],[77.53133,12.99],[77.52911,12.98617],[77.52874,12.98383],[77.52626,12.98593],[77.52379,12.98501]]]}},{"type":"Feature","properties":{"name":"Kushal Nagar","inScope":false},"geometry":{"type":"MultiLineString","coordinates":[[[77.6132,13.00841],[77.61344,13.01357],[77.61276,13.02039],[77.61382,13.02019],[77.61455,13.02082],[77.61737,13.02037],[77.61785,13.02111],[77.61911,13.0213],[77.61818,13.01697],[77.61617,13.01204],[77.6132,13.00841]]]}},{"type":"Feature","properties":{"name":"Srigandhadakaval","inScope":false},"geometry":{"type":"MultiLineString","coordinates":[[[77.49659,12.97012],[77.49546,12.97034],[77.49465,12.9715],[77.49445,12.97327],[77.49532,12.97602],[77.49399,12.97624],[77.4932,12.97925],[77.49588,12.98645],[77.49755,12.98871],[77.50382,12.99025],[77.50572,12.98967],[77.50474,12.99131],[77.50408,12.99522],[77.50504,12.99537],[77.50604,12.99889],[77.50909,12.99781],[77.50884,12.99698],[77.51139,12.99555],[77.51128,12.98829],[77.51228,12.9879],[77.51074,12.9846],[77.51098,12.98053],[77.5091,12.97422],[77.50779,12.97204],[77.50628,12.97257],[77.50697,12.97589],[77.50379,12.97703],[77.50325,12.97562],[77.50391,12.97521],[77.50302,12.97449],[77.5007,12.97541],[77.50205,12.97972],[77.49959,12.98066],[77.49777,12.97592],[77.49659,12.97012]]]}},{"type":"Feature","properties":{"name":"Mattikere","inScope":false},"geometry":{"type":"MultiLineString","coordinates":[[[77.56208,13.02998],[77.56166,13.02866],[77.55738,13.03468],[77.5573,13.03858],[77.56008,13.03922],[77.56211,13.04198],[77.56857,13.03409],[77.56751,13.03403],[77.56732,13.03239],[77.56399,13.0327],[77.56386,13.03191],[77.563,13.032],[77.56296,13.03078],[77.56228,13.03087],[77.56208,13.02998]]]}},{"type":"Feature","properties":{"name":"Malleswaram","inScope":false},"geometry":{"type":"MultiLineString","coordinates":[[[77.56179,13.01916],[77.56062,13.01708],[77.55766,13.01883],[77.55586,13.01581],[77.55389,13.01919],[77.55434,13.01982],[77.55549,13.01984],[77.55997,13.03093],[77.56199,13.02809],[77.56188,13.02632],[77.56322,13.02196],[77.56179,13.01916]]]}},{"type":"Feature","properties":{"name":"Malathalli","inScope":false},"geometry":{"type":"MultiLineString","coordinates":[[[77.49548,12.94744],[77.4906,12.94735],[77.48861,12.94906],[77.4889,12.94948],[77.48494,12.95142],[77.48563,12.95491],[77.48451,12.95545],[77.48441,12.95691],[77.48653,12.96148],[77.48813,12.96079],[77.49219,12.96075],[77.49256,12.96278],[77.49518,12.9622],[77.4961,12.96412],[77.4968,12.96439],[77.49632,12.96558],[77.49678,12.96771],[77.49851,12.96957],[77.49816,12.97022],[77.49659,12.97012],[77.49777,12.97592],[77.49959,12.98066],[77.50205,12.97972],[77.5007,12.97541],[77.50302,12.97449],[77.50391,12.97521],[77.50325,12.97562],[77.50379,12.97703],[77.50697,12.97589],[77.50628,12.97257],[77.50779,12.97204],[77.50497,12.96632],[77.50503,12.96305],[77.50272,12.95654],[77.49943,12.95093],[77.49727,12.9491],[77.49673,12.94729],[77.49548,12.94744]]]}},{"type":"Feature","properties":{"name":"Jnana Bharathi ward","inScope":false},"geometry":{"type":"MultiLineString","coordinates":[[[77.5081,12.93242],[77.50552,12.92979],[77.50357,12.92903],[77.49921,12.92523],[77.49862,12.93091],[77.49914,12.9308],[77.50008,12.93537],[77.49914,12.93571],[77.49968,12.93803],[77.49719,12.94005],[77.49948,12.94379],[77.49955,12.94646],[77.49656,12.94706],[77.49727,12.9491],[77.49943,12.95093],[77.50272,12.95654],[77.50503,12.96305],[77.50497,12.96632],[77.5091,12.97422],[77.51279,12.97173],[77.51777,12.96976],[77.51748,12.96828],[77.51814,12.96747],[77.51739,12.96629],[77.51847,12.96534],[77.51747,12.9638],[77.51776,12.96196],[77.51606,12.9618],[77.51448,12.95771],[77.51201,12.95933],[77.51156,12.959],[77.51219,12.95466],[77.51122,12.95365],[77.51106,12.95004],[77.51274,12.94858],[77.51272,12.94791],[77.51501,12.94683],[77.51701,12.94449],[77.51604,12.94388],[77.51562,12.94217],[77.51469,12.94212],[77.5146,12.93968],[77.51272,12.93821],[77.51383,12.93579],[77.52036,12.93699],[77.5232,12.93929],[77.52789,12.94519],[77.52951,12.94463],[77.5343,12.93647],[77.53365,12.93506],[77.5331,12.93509],[77.53343,12.93419],[77.53229,12.93361],[77.53136,12.93394],[77.53178,12.92806],[77.5309,12.92471],[77.52916,12.92198],[77.52695,12.9237],[77.5263,12.92506],[77.52453,12.92559],[77.52302,12.92523],[77.51568,12.92857],[77.51455,12.92954],[77.51606,12.93271],[77.51551,12.9331],[77.51332,12.93357],[77.5113,12.93241],[77.50896,12.9331],[77.5081,12.93242]],[[77.51777,12.96976],[77.517,12.9701],[77.51777,12.96976]]]}},{"type":"Feature","properties":{"name":"Rajarajeshwari Nagar","inScope":false},"geometry":{"type":"MultiLineString","coordinates":[[[77.5143,12.89448],[77.51372,12.89889],[77.51263,12.90017],[77.5142,12.90192],[77.511,12.90251],[77.51179,12.90557],[77.51043,12.90724],[77.5128,12.91094],[77.51197,12.91366],[77.51256,12.91625],[77.51162,12.91815],[77.51144,12.92368],[77.51043,12.92385],[77.51043,12.92465],[77.5052,12.92539],[77.5028,12.92813],[77.50541,12.92972],[77.51093,12.92891],[77.51089,12.93238],[77.51315,12.93354],[77.51497,12.9333],[77.51606,12.93271],[77.51455,12.92954],[77.51568,12.92857],[77.52302,12.92523],[77.52453,12.92559],[77.5263,12.92506],[77.52695,12.9237],[77.52916,12.92198],[77.5309,12.92471],[77.53178,12.92806],[77.53136,12.93394],[77.53229,12.93361],[77.53345,12.93419],[77.53415,12.93301],[77.53424,12.93041],[77.53505,12.92923],[77.53507,12.92732],[77.53689,12.92676],[77.53674,12.92368],[77.53781,12.92362],[77.53887,12.92473],[77.54025,12.92414],[77.53856,12.91964],[77.53875,12.91858],[77.53836,12.9181],[77.53643,12.91925],[77.53178,12.91779],[77.53109,12.9131],[77.52587,12.9043],[77.52856,12.90499],[77.528,12.90204],[77.52634,12.90238],[77.52432,12.89747],[77.52088,12.89756],[77.52045,12.89678],[77.5209,12.89361],[77.51887,12.89292],[77.51589,12.89382],[77.51574,12.8924],[77.51396,12.89298],[77.5143,12.89448]]]}},{"type":"Feature","properties":{"name":"Shankar Matt","inScope":false},"geometry":{"type":"MultiLineString","coordinates":[[[77.53695,12.99698],[77.53531,12.99702],[77.53596,12.9966],[77.53544,12.99485],[77.53347,12.99523],[77.5335,12.99583],[77.53234,12.99616],[77.53215,12.99559],[77.53062,12.99604],[77.53013,12.9943],[77.5281,12.99488],[77.52847,12.99664],[77.5254,12.99748],[77.52628,12.99787],[77.52599,12.99854],[77.53662,13.00123],[77.53577,13.0008],[77.54114,12.99932],[77.54041,12.99689],[77.53695,12.99698]]]}},{"type":"Feature","properties":{"name":"Muneshwara Nagar","inScope":false},"geometry":{"type":"MultiLineString","coordinates":[[[77.60952,13.0108],[77.61001,13.01289],[77.60919,13.01509],[77.60853,13.0151],[77.6085,13.01624],[77.60765,13.01648],[77.60784,13.01949],[77.61017,13.01863],[77.61209,13.02152],[77.61274,13.02139],[77.61336,13.00968],[77.60952,13.0108]]]}},{"type":"Feature","properties":{"name":"Aramane Nagara","inScope":false},"geometry":{"type":"MultiLineString","coordinates":[[[77.58402,13.00299],[77.5788,13.00637],[77.57857,13.00532],[77.57564,13.00536],[77.57561,13.00329],[77.57462,13.00319],[77.57339,13.00322],[77.57318,13.00536],[77.56925,13.00545],[77.56895,13.01219],[77.56062,13.01708],[77.56321,13.02158],[77.56166,13.02866],[77.56228,13.03087],[77.56296,13.03078],[77.563,13.032],[77.56386,13.03191],[77.56399,13.0327],[77.56732,13.03239],[77.56751,13.03403],[77.56857,13.03409],[77.57125,13.02846],[77.58009,13.02654],[77.58466,13.02291],[77.58397,13.02039],[77.58397,13.01451],[77.5878,13.01379],[77.5917,13.00842],[77.59324,13.00572],[77.59625,12.99497],[77.58968,12.99533],[77.58649,12.99753],[77.58436,12.99783],[77.58402,13.00299]]]}},{"type":"Feature","properties":{"name":"Rajamahal Guttahalli","inScope":false},"geometry":{"type":"MultiLineString","coordinates":[[[77.583,12.99925],[77.58084,12.99724],[77.57832,12.9975],[77.57834,12.99916],[77.57398,12.9989],[77.5738,13.00096],[77.57258,13.001],[77.57256,13.00186],[77.57511,13.00183],[77.57435,13.00278],[77.57561,13.00329],[77.57564,13.00536],[77.57857,13.00532],[77.5788,13.00637],[77.58402,13.00301],[77.58419,12.99946],[77.583,12.99925]]]}},{"type":"Feature","properties":{"name":"Gayithri Nagar","inScope":false},"geometry":{"type":"MultiLineString","coordinates":[[[77.5595,12.9976],[77.55599,12.99865],[77.55308,12.99818],[77.5527,12.99936],[77.55324,13.00188],[77.56054,13.00049],[77.56014,12.99895],[77.56096,12.99866],[77.56414,12.99814],[77.56433,12.99896],[77.56833,12.99337],[77.56012,12.99393],[77.56038,12.99458],[77.55915,12.99499],[77.56057,12.99718],[77.5595,12.9976]]]}},{"type":"Feature","properties":{"name":"Radhakrishna Temple Ward","inScope":false},"geometry":{"type":"MultiLineString","coordinates":[[[77.56999,13.032],[77.56211,13.04198],[77.56415,13.04559],[77.56536,13.04636],[77.57584,13.04743],[77.57272,13.0412],[77.5741,13.03934],[77.57609,13.03331],[77.5801,13.02651],[77.57125,13.02846],[77.56999,13.032]]]}},{"type":"Feature","properties":{"name":"Chamundi Nagara","inScope":false},"geometry":{"type":"MultiLineString","coordinates":[[[77.59284,13.01581],[77.59263,13.01506],[77.59144,13.01579],[77.59299,13.02494],[77.59475,13.02469],[77.59548,13.02839],[77.59652,13.03007],[77.59646,13.03241],[77.60038,13.03329],[77.60253,13.03505],[77.60153,13.03262],[77.60018,13.03274],[77.60029,13.0311],[77.59939,13.02869],[77.60066,13.02627],[77.60043,13.02558],[77.59711,13.02497],[77.59683,13.02343],[77.59453,13.02369],[77.59363,13.02043],[77.59443,13.02022],[77.59394,13.01874],[77.59477,13.01852],[77.59512,13.01667],[77.5946,13.0159],[77.59284,13.01581]]]}},{"type":"Feature","properties":{"name":"Jayachamarajendra  Nagar","inScope":false},"geometry":{"type":"MultiLineString","coordinates":[[[77.5939,13.00677],[77.59326,13.00565],[77.5878,13.01379],[77.58397,13.01451],[77.58393,13.0193],[77.58568,13.01862],[77.58714,13.01887],[77.58803,13.01682],[77.59069,13.01678],[77.59263,13.01506],[77.59284,13.01581],[77.5946,13.0159],[77.59512,13.01667],[77.59477,13.01852],[77.59394,13.01874],[77.59443,13.02022],[77.59363,13.02043],[77.59453,13.02369],[77.59683,13.02343],[77.59711,13.02497],[77.60043,13.02558],[77.5999,13.02351],[77.60094,13.02299],[77.59585,13.01265],[77.59539,13.01138],[77.5958,13.01122],[77.5939,13.00677]]]}},{"type":"Feature","properties":{"name":"Kaval Bairasandra","inScope":false},"geometry":{"type":"MultiLineString","coordinates":[[[77.60598,13.01969],[77.60402,13.02007],[77.6048,13.02146],[77.5999,13.02351],[77.60067,13.02622],[77.5997,13.02786],[77.60645,13.02685],[77.60807,13.03007],[77.61028,13.03821],[77.61156,13.03411],[77.61616,13.028],[77.61347,13.02566],[77.61254,13.02353],[77.61274,13.02139],[77.61209,13.02152],[77.61017,13.01863],[77.60739,13.01977],[77.60598,13.01969]]]}},{"type":"Feature","properties":{"name":"Sagayarapuram","inScope":false},"geometry":{"type":"MultiLineString","coordinates":[[[77.61278,13.00182],[77.61201,13.00187],[77.61254,13.0068],[77.61534,13.01076],[77.61908,13.00891],[77.62095,13.00966],[77.62266,13.00827],[77.61955,13.00377],[77.62074,13.00229],[77.62018,12.99996],[77.61642,13.002],[77.61278,13.00182]]]}},{"type":"Feature","properties":{"name":"Pulikeshinagar","inScope":false},"geometry":{"type":"MultiLineString","coordinates":[[[77.60663,12.99018],[77.60536,12.99015],[77.60387,12.99273],[77.60182,12.99248],[77.59659,12.99444],[77.60068,12.9957],[77.60563,12.99424],[77.60877,12.99897],[77.60685,12.99949],[77.60647,12.99782],[77.60509,12.99779],[77.6046,12.99867],[77.60185,12.99988],[77.60152,13.00144],[77.60244,13.00139],[77.60428,13.00432],[77.61215,13.0016],[77.61482,13.00216],[77.61707,13.00183],[77.62018,12.99996],[77.61794,12.99828],[77.61678,12.99575],[77.61936,12.99169],[77.61931,12.9872],[77.60882,12.99346],[77.6074,12.99348],[77.60716,12.99032],[77.60663,12.99018]]]}},{"type":"Feature","properties":{"name":"Challakere","inScope":false},"geometry":{"type":"MultiLineString","coordinates":[[[77.64518,13.02348],[77.63965,13.02588],[77.63272,13.02777],[77.6335,13.02869],[77.63761,13.02799],[77.63792,13.03002],[77.6394,13.03138],[77.6418,13.03539],[77.64216,13.03569],[77.64271,13.03508],[77.64323,13.03591],[77.64494,13.03588],[77.64377,13.03897],[77.64146,13.03951],[77.64133,13.04249],[77.63926,13.04331],[77.63729,13.04281],[77.6371,13.04468],[77.63833,13.05006],[77.63843,13.05155],[77.63778,13.05181],[77.63807,13.05354],[77.6435,13.04469],[77.66123,13.02285],[77.6627,13.01955],[77.66318,13.01298],[77.66228,13.0132],[77.66171,13.01641],[77.64518,13.02348]]]}},{"type":"Feature","properties":{"name":"Vijinapura","inScope":false},"geometry":{"type":"MultiLineString","coordinates":[[[77.66354,12.99552],[77.66279,12.99676],[77.66407,12.99748],[77.66234,13.01171],[77.66228,13.0132],[77.66318,13.01298],[77.66276,13.01915],[77.66553,13.01857],[77.66573,13.01945],[77.66936,13.0185],[77.66896,13.01674],[77.67099,13.01775],[77.67067,13.01371],[77.67305,13.01321],[77.67312,13.01148],[77.67423,13.01147],[77.67386,13.00945],[77.67306,13.0097],[77.67273,13.00858],[77.67241,13.00713],[77.67296,13.00688],[77.67071,13.0069],[77.67022,13.00458],[77.67122,13.00442],[77.67158,13.00253],[77.67604,13.0022],[77.67643,13.0007],[77.67737,13.00069],[77.66416,12.99448],[77.66354,12.99552]]]}},{"type":"Feature","properties":{"name":"Kacharkanahalli","inScope":false},"geometry":{"type":"MultiLineString","coordinates":[[[77.63559,13.01369],[77.63537,13.01272],[77.62787,13.01252],[77.62616,13.01304],[77.62588,13.01253],[77.62417,13.01393],[77.62203,13.01457],[77.623,13.01681],[77.62412,13.01626],[77.62495,13.01777],[77.62512,13.01664],[77.62771,13.01548],[77.62953,13.02339],[77.62707,13.02334],[77.62791,13.02585],[77.63053,13.0254],[77.63276,13.02775],[77.63994,13.02577],[77.64009,13.02177],[77.63958,13.02194],[77.63954,13.02119],[77.63706,13.0216],[77.63559,13.01369]]]}},{"type":"Feature","properties":{"name":"Devasandra","inScope":false},"geometry":{"type":"MultiLineString","coordinates":[[[77.67555,12.99147],[77.67629,12.99126],[77.67657,12.99253],[77.67578,12.99316],[77.67807,12.99714],[77.67676,12.99838],[77.67665,13.00028],[77.68999,13.00761],[77.69585,13.00835],[77.70019,13.00618],[77.69941,12.99979],[77.70424,12.99953],[77.70225,12.9938],[77.69067,12.99726],[77.68881,12.99242],[77.68715,12.9905],[77.68381,12.99156],[77.68373,12.99266],[77.68229,12.99269],[77.68162,12.99166],[77.68028,12.99191],[77.6799,12.99023],[77.67571,12.99034],[77.67555,12.99147]]]}},{"type":"Feature","properties":{"name":"Horamavu","inScope":false},"geometry":{"type":"MultiLineString","coordinates":[[[77.64488,13.04295],[77.63807,13.05354],[77.63836,13.06365],[77.63953,13.06969],[77.63949,13.07494],[77.63831,13.07516],[77.63956,13.07667],[77.64215,13.07783],[77.6466,13.08515],[77.64965,13.08134],[77.65068,13.07797],[77.65201,13.0632],[77.65161,13.0587],[77.64907,13.05883],[77.64889,13.05771],[77.64691,13.05727],[77.64725,13.05273],[77.64802,13.05092],[77.64705,13.04951],[77.64724,13.04822],[77.65287,13.04656],[77.65614,13.04684],[77.6561,13.0481],[77.65512,13.04808],[77.65485,13.04889],[77.65652,13.06782],[77.65643,13.07486],[77.6578,13.07304],[77.65973,13.06804],[77.66702,13.0659],[77.66715,13.06392],[77.6656,13.06064],[77.66526,13.05478],[77.66425,13.05081],[77.66576,13.05003],[77.66932,13.04993],[77.67236,13.05115],[77.67171,13.05114],[77.66995,13.04906],[77.66857,13.04514],[77.66793,13.03788],[77.67064,13.03734],[77.67005,13.03535],[77.67096,13.03509],[77.66944,13.02733],[77.67024,13.02735],[77.67052,13.02539],[77.67128,13.02536],[77.67115,13.02382],[77.6728,13.02325],[77.67194,13.02155],[77.67444,13.01994],[77.66896,13.01674],[77.66936,13.0185],[77.66573,13.01945],[77.66553,13.01857],[77.66276,13.01915],[77.66123,13.02285],[77.64488,13.04295]]]}},{"type":"Feature","properties":{"name":"Kammanahalli","inScope":false},"geometry":{"type":"MultiLineString","coordinates":[[[77.63907,13.00959],[77.63866,13.00961],[77.63878,13.01121],[77.63521,13.01183],[77.63706,13.0216],[77.63954,13.02119],[77.63958,13.02194],[77.64009,13.02177],[77.63994,13.02577],[77.64521,13.02347],[77.64474,13.01404],[77.64578,13.01098],[77.64308,13.00895],[77.64285,13.00622],[77.63807,13.00544],[77.64047,13.00721],[77.63995,13.00975],[77.63907,13.00959]]]}},{"type":"Feature","properties":{"name":"A. Narayanapura","inScope":false},"geometry":{"type":"MultiLineString","coordinates":[[[77.67337,12.98639],[77.66797,12.98549],[77.66741,12.98867],[77.66836,12.9902],[77.66626,12.99158],[77.66416,12.99448],[77.67665,13.00028],[77.67676,12.99838],[77.67807,12.99714],[77.67578,12.99316],[77.6766,12.99241],[77.67629,12.99126],[77.67555,12.99147],[77.67571,12.99034],[77.6799,12.99023],[77.68028,12.99191],[77.68162,12.99166],[77.68235,12.99269],[77.68373,12.99266],[77.68381,12.99156],[77.68715,12.9905],[77.68852,12.99204],[77.69556,12.99028],[77.6957,12.98247],[77.69518,12.98112],[77.69332,12.98187],[77.69018,12.9818],[77.68882,12.97851],[77.67492,12.98637],[77.67337,12.98639]]]}},{"type":"Feature","properties":{"name":"Banasavadi","inScope":false},"geometry":{"type":"MultiLineString","coordinates":[[[77.64346,13.0063],[77.64285,13.00622],[77.64308,13.00895],[77.64578,13.01098],[77.64474,13.01404],[77.64521,13.02347],[77.66194,13.0162],[77.66233,13.01241],[77.65817,13.01048],[77.65288,13.00582],[77.65126,13.00608],[77.65157,13.00669],[77.64974,13.00746],[77.6467,13.00799],[77.64553,13.00639],[77.64346,13.0063]]]}},{"type":"Feature","properties":{"name":"Hennur","inScope":false},"geometry":{"type":"MultiLineString","coordinates":[[[77.62676,13.02603],[77.62029,13.02693],[77.62364,13.03884],[77.62627,13.04421],[77.62749,13.04551],[77.62867,13.04403],[77.62813,13.04331],[77.6286,13.04234],[77.63154,13.04292],[77.63335,13.04182],[77.63364,13.0426],[77.63464,13.04258],[77.63596,13.04072],[77.63674,13.04103],[77.63669,13.04238],[77.63801,13.04322],[77.64133,13.04249],[77.64146,13.03951],[77.64377,13.03897],[77.64494,13.03588],[77.64323,13.03591],[77.64271,13.03508],[77.64216,13.03569],[77.6418,13.03539],[77.6394,13.03138],[77.63792,13.03002],[77.63761,13.02799],[77.6335,13.02869],[77.63053,13.0254],[77.62676,13.02603]]]}},{"type":"Feature","properties":{"name":"HAL Airport","inScope":true},"geometry":{"type":"MultiLineString","coordinates":[[[77.66348,12.95892],[77.65966,12.95906],[77.65997,12.96169],[77.66082,12.96161],[77.66171,12.9629],[77.66179,12.96427],[77.66109,12.96415],[77.66053,12.9649],[77.66196,12.96631],[77.65846,12.96719],[77.65727,12.96824],[77.6577,12.97071],[77.65864,12.97145],[77.66157,12.97198],[77.66605,12.97146],[77.66553,12.96876],[77.67003,12.96763],[77.66974,12.96609],[77.67025,12.96612],[77.67075,12.9634],[77.6728,12.96452],[77.67845,12.9651],[77.68213,12.96411],[77.68303,12.96604],[77.68262,12.96718],[77.68714,12.96729],[77.68843,12.96675],[77.68887,12.96232],[77.68961,12.96144],[77.68964,12.95542],[77.68753,12.95506],[77.68934,12.9532],[77.68933,12.95001],[77.68751,12.94902],[77.67946,12.94819],[77.67523,12.94866],[77.6709,12.94785],[77.67088,12.94712],[77.66475,12.94587],[77.66416,12.94445],[77.66254,12.94449],[77.66248,12.94665],[77.65996,12.94756],[77.64948,12.94733],[77.64926,12.94907],[77.65252,12.95252],[77.66098,12.95287],[77.66099,12.95433],[77.66237,12.95424],[77.6624,12.95478],[77.66091,12.95567],[77.66337,12.95572],[77.66348,12.95892]]]}},{"type":"Feature","properties":{"name":"HBR Layout","inScope":false},"geometry":{"type":"MultiLineString","coordinates":[[[77.61425,13.02077],[77.61382,13.02019],[77.61276,13.02039],[77.61254,13.02353],[77.61359,13.02583],[77.61612,13.02784],[77.61588,13.02889],[77.61774,13.0277],[77.61903,13.02784],[77.61891,13.02851],[77.62075,13.02925],[77.62029,13.02693],[77.62791,13.02585],[77.62707,13.02334],[77.62953,13.02339],[77.62771,13.01548],[77.62512,13.01664],[77.625,13.01782],[77.62412,13.01626],[77.623,13.01681],[77.6235,13.01975],[77.62238,13.01993],[77.62229,13.01924],[77.61982,13.0196],[77.61971,13.0191],[77.61884,13.01928],[77.61911,13.0213],[77.61722,13.02035],[77.61425,13.02077]]]}},{"type":"Feature","properties":{"name":"Nagavara","inScope":false},"geometry":{"type":"MultiLineString","coordinates":[[[77.61576,13.0288],[77.61185,13.03366],[77.61077,13.03613],[77.61028,13.03821],[77.612,13.04253],[77.61848,13.04096],[77.62025,13.04001],[77.62005,13.03914],[77.62186,13.03918],[77.62184,13.03858],[77.62353,13.03832],[77.62297,13.035],[77.62075,13.02925],[77.61891,13.02851],[77.61903,13.02784],[77.61774,13.0277],[77.61576,13.0288]]]}},{"type":"Feature","properties":{"name":"Kadugondanahalli","inScope":false},"geometry":{"type":"MultiLineString","coordinates":[[[77.61864,13.00934],[77.61534,13.01076],[77.61884,13.01928],[77.6235,13.01975],[77.623,13.01681],[77.6207,13.01149],[77.62095,13.00966],[77.61953,13.00896],[77.61864,13.00934]]]}},{"type":"Feature","properties":{"name":"Subbayyanapalya","inScope":false},"geometry":{"type":"MultiLineString","coordinates":[[[77.63313,13.00427],[77.6291,13.00564],[77.63001,13.00754],[77.6313,13.00753],[77.63243,13.00838],[77.63242,13.01294],[77.63537,13.01272],[77.63521,13.01179],[77.63878,13.01121],[77.63869,13.00952],[77.63995,13.00975],[77.64047,13.00721],[77.63665,13.00423],[77.63313,13.00427]]]}},{"type":"Feature","properties":{"name":"Lingarajapura","inScope":false},"geometry":{"type":"MultiLineString","coordinates":[[[77.62408,13.00238],[77.62382,13.00173],[77.61963,13.00396],[77.62266,13.00827],[77.62115,13.00933],[77.62065,13.01058],[77.62203,13.01457],[77.62417,13.01393],[77.62588,13.01253],[77.62616,13.01304],[77.62787,13.01252],[77.63242,13.01294],[77.63236,13.00826],[77.63001,13.00754],[77.6291,13.00564],[77.62753,13.00627],[77.62668,13.00412],[77.62494,13.00455],[77.62408,13.00238]]]}},{"type":"Feature","properties":{"name":"Maruthi Seva Nagar","inScope":false},"geometry":{"type":"MultiLineString","coordinates":[[[77.62784,12.99471],[77.62462,12.99605],[77.62018,12.99996],[77.62074,13.00229],[77.61955,13.00377],[77.62382,13.00173],[77.62494,13.00455],[77.62668,13.00412],[77.62753,13.00627],[77.63371,13.00412],[77.63665,13.00423],[77.63634,13.00388],[77.63857,13.00263],[77.64272,12.9958],[77.64066,12.99568],[77.64045,12.99487],[77.63794,12.9951],[77.63734,12.99268],[77.62784,12.99471]]]}},{"type":"Feature","properties":{"name":"Okalipuram","inScope":false},"geometry":{"type":"MultiLineString","coordinates":[[[77.56154,12.9773],[77.56053,12.97725],[77.55925,12.97995],[77.56076,12.98046],[77.56173,12.98192],[77.56079,12.98669],[77.56185,12.9872],[77.56145,12.98828],[77.56793,12.9884],[77.56815,12.98244],[77.56452,12.98177],[77.56461,12.97631],[77.56154,12.9773]]]}},{"type":"Feature","properties":{"name":"Dodda Nekkundi","inScope":true},"geometry":{"type":"MultiLineString","coordinates":[[[77.69447,12.95628],[77.68964,12.95542],[77.68961,12.96144],[77.68887,12.96232],[77.6884,12.96701],[77.68779,12.96727],[77.68781,12.96907],[77.68609,12.9703],[77.68682,12.97322],[77.684,12.97595],[77.6849,12.97803],[77.68681,12.97951],[77.68882,12.97851],[77.69018,12.9818],[77.69332,12.98187],[77.69849,12.97336],[77.70005,12.97245],[77.70312,12.97352],[77.70393,12.97448],[77.70719,12.9743],[77.70763,12.97304],[77.70656,12.96921],[77.70342,12.96689],[77.70491,12.95664],[77.69926,12.95708],[77.69447,12.95628]]]}},{"type":"Feature","properties":{"name":"Chickpete","inScope":false},"geometry":{"type":"MultiLineString","coordinates":[[[77.57448,12.96858],[77.57024,12.97009],[77.57032,12.97296],[77.57451,12.97234],[77.57485,12.97306],[77.57678,12.97189],[77.57828,12.97429],[77.58287,12.97184],[77.58298,12.97013],[77.5813,12.96651],[77.57868,12.96798],[77.57805,12.96674],[77.57448,12.96858]]]}},{"type":"Feature","properties":{"name":"Cox Town","inScope":false},"geometry":{"type":"MultiLineString","coordinates":[[[77.63829,12.98317],[77.63031,12.98148],[77.62634,12.98205],[77.62293,12.98174],[77.62255,12.98769],[77.61931,12.9872],[77.61936,12.99169],[77.61678,12.99575],[77.61794,12.99828],[77.62018,12.99996],[77.62623,12.99519],[77.63734,12.99268],[77.63794,12.9951],[77.64045,12.99487],[77.64066,12.99568],[77.64272,12.9958],[77.63857,13.00263],[77.63634,13.00388],[77.63849,13.00459],[77.64056,13.00349],[77.64499,12.99668],[77.64675,12.99177],[77.64822,12.99077],[77.64333,12.99162],[77.64243,12.98474],[77.63829,12.98317]]]}},{"type":"Feature","properties":{"name":"Hoysala Nagar","inScope":false},"geometry":{"type":"MultiLineString","coordinates":[[[77.63014,12.97715],[77.62629,12.97867],[77.62557,12.98077],[77.62431,12.9809],[77.62456,12.98189],[77.63165,12.9817],[77.63745,12.98288],[77.64512,12.98575],[77.64662,12.97865],[77.64744,12.97045],[77.64123,12.97022],[77.64095,12.9761],[77.63569,12.97598],[77.63558,12.97535],[77.6334,12.9759],[77.63302,12.97377],[77.63179,12.97637],[77.63014,12.97715]]]}},{"type":"Feature","properties":{"name":"Jeevanbhima Nagar","inScope":true},"geometry":{"type":"MultiLineString","coordinates":[[[77.64606,12.96012],[77.64167,12.96057],[77.64123,12.97022],[77.64744,12.97045],[77.64776,12.96887],[77.66165,12.9668],[77.66196,12.96631],[77.66055,12.96496],[77.66109,12.96415],[77.66072,12.96318],[77.6567,12.96302],[77.65534,12.95936],[77.64606,12.96012]]]}},{"type":"Feature","properties":{"name":"Mudalapalya","inScope":false},"geometry":{"type":"MultiLineString","coordinates":[[[77.5195,12.96975],[77.5182,12.97019],[77.51817,12.97276],[77.51731,12.97322],[77.51782,12.97513],[77.5186,12.97551],[77.51871,12.97733],[77.52656,12.97626],[77.52649,12.97476],[77.52518,12.97491],[77.52484,12.97381],[77.52456,12.97279],[77.5253,12.97264],[77.5241,12.968],[77.52118,12.9686],[77.52125,12.96911],[77.5195,12.96975]]]}},{"type":"Feature","properties":{"name":"Konena Agrahara","inScope":true},"geometry":{"type":"MultiLineString","coordinates":[[[77.65197,12.95168],[77.64926,12.94907],[77.64903,12.94601],[77.64653,12.94787],[77.64504,12.95],[77.64423,12.95335],[77.64251,12.95396],[77.64077,12.95329],[77.64129,12.9547],[77.64333,12.95466],[77.64374,12.95637],[77.64331,12.95789],[77.64375,12.95791],[77.64306,12.95835],[77.64241,12.96052],[77.65534,12.95936],[77.6567,12.96302],[77.66072,12.96318],[77.66109,12.96415],[77.66179,12.96427],[77.66145,12.96214],[77.65997,12.96169],[77.65966,12.95906],[77.66358,12.95889],[77.66303,12.95683],[77.66337,12.95572],[77.66091,12.95567],[77.66239,12.95492],[77.66237,12.95424],[77.66099,12.95433],[77.66098,12.95287],[77.65256,12.95253],[77.65197,12.95168]]]}},{"type":"Feature","properties":{"name":"Ramaswamypalya","inScope":false},"geometry":{"type":"MultiLineString","coordinates":[[[77.59701,13.00297],[77.59333,13.00559],[77.59577,13.01122],[77.60524,13.00667],[77.60233,13.00132],[77.59948,13.0011],[77.59701,13.00297]]]}},{"type":"Feature","properties":{"name":"Vasanthnagar","inScope":false},"geometry":{"type":"MultiLineString","coordinates":[[[77.58687,12.98172],[77.58445,12.97793],[77.58109,12.9801],[77.57725,12.98067],[77.57658,12.98207],[77.57759,12.98365],[77.57479,12.98414],[77.5799,12.99099],[77.57757,12.99174],[77.57795,12.99209],[77.57711,12.99366],[77.583,12.99925],[77.58419,12.99946],[77.58436,12.99783],[77.58649,12.99753],[77.58968,12.99533],[77.59418,12.99546],[77.5961,12.99469],[77.59326,13.00565],[77.59948,13.0011],[77.60152,13.00144],[77.60185,12.99988],[77.6046,12.99867],[77.60509,12.99779],[77.60647,12.99782],[77.60685,12.99949],[77.60877,12.99897],[77.60563,12.99424],[77.60068,12.9957],[77.59658,12.99454],[77.60182,12.99248],[77.60387,12.99273],[77.60536,12.99015],[77.60388,12.99004],[77.604,12.9872],[77.60301,12.9883],[77.6028,12.9865],[77.60195,12.98653],[77.60223,12.9892],[77.59963,12.99048],[77.59724,12.98433],[77.59289,12.9897],[77.58965,12.98597],[77.58892,12.9864],[77.58687,12.98172]]]}},{"type":"Feature","properties":{"name":"Bharathi Nagar","inScope":false},"geometry":{"type":"MultiLineString","coordinates":[[[77.60768,12.98809],[77.60709,12.98821],[77.60754,12.99354],[77.60882,12.99346],[77.6173,12.98862],[77.6147,12.98479],[77.61106,12.98598],[77.61057,12.98488],[77.60838,12.9864],[77.60875,12.98787],[77.60768,12.98809]]]}},{"type":"Feature","properties":{"name":"Ulsoor","inScope":false},"geometry":{"type":"MultiLineString","coordinates":[[[77.6199,12.97274],[77.61385,12.97373],[77.61543,12.97894],[77.61097,12.98067],[77.6173,12.98862],[77.61908,12.98718],[77.62255,12.98769],[77.62293,12.98174],[77.62456,12.98189],[77.62431,12.9809],[77.62557,12.98077],[77.62629,12.97867],[77.6285,12.97813],[77.62475,12.97471],[77.62163,12.97283],[77.6199,12.97274]]]}},{"type":"Feature","properties":{"name":"Dattatreya Temple","inScope":false},"geometry":{"type":"MultiLineString","coordinates":[[[77.56906,12.99328],[77.56833,12.99337],[77.5661,12.99661],[77.57146,12.99686],[77.5713,13.00332],[77.57217,13.00337],[77.57258,13.001],[77.57378,13.001],[77.57398,12.9989],[77.57823,12.99919],[77.57832,12.9975],[77.58084,12.99724],[77.57548,12.99191],[77.57417,12.99281],[77.57397,12.99384],[77.56906,12.99328]]]}},{"type":"Feature","properties":{"name":"Gandhinagar","inScope":false},"geometry":{"type":"MultiLineString","coordinates":[[[77.57031,12.97137],[77.56863,12.97177],[77.56975,12.97457],[77.5709,12.97465],[77.57109,12.97945],[77.57026,12.98119],[77.57271,12.98341],[77.57152,12.9934],[77.57397,12.99384],[77.57417,12.99281],[77.57548,12.99191],[77.57711,12.99366],[77.57795,12.99209],[77.57757,12.99174],[77.5799,12.99099],[77.57479,12.98414],[77.57759,12.98365],[77.57658,12.98207],[77.57725,12.98067],[77.58109,12.9801],[77.58445,12.97793],[77.58106,12.973],[77.57828,12.97429],[77.57678,12.97189],[77.57485,12.97306],[77.57451,12.97234],[77.57032,12.97296],[77.57031,12.97137]]]}},{"type":"Feature","properties":{"name":"Subhash Nagar","inScope":false},"geometry":{"type":"MultiLineString","coordinates":[[[77.56597,12.97457],[77.56444,12.97586],[77.56488,12.97772],[77.56451,12.98168],[77.56815,12.98244],[77.56781,12.99338],[77.57152,12.9934],[77.57271,12.98341],[77.57026,12.98119],[77.57109,12.97945],[77.5709,12.97465],[77.56964,12.9744],[77.56806,12.9688],[77.56725,12.96904],[77.56663,12.97057],[77.56691,12.97151],[77.56597,12.97457]]]}},{"type":"Feature","properties":{"name":"Binnipete","inScope":false},"geometry":{"type":"MultiLineString","coordinates":[[[77.55694,12.96614],[77.5548,12.96735],[77.55558,12.96918],[77.55711,12.96938],[77.55871,12.97574],[77.55449,12.97557],[77.55545,12.97748],[77.55894,12.97889],[77.55925,12.97994],[77.56053,12.97725],[77.56227,12.97733],[77.56461,12.97631],[77.56424,12.97572],[77.56276,12.97563],[77.56268,12.97366],[77.5616,12.97368],[77.56033,12.96838],[77.56222,12.96716],[77.56426,12.96824],[77.56183,12.9647],[77.55992,12.96651],[77.55884,12.96476],[77.55694,12.96614]]]}},{"type":"Feature","properties":{"name":"Cottonpete","inScope":false},"geometry":{"type":"MultiLineString","coordinates":[[[77.56121,12.96757],[77.56033,12.96838],[77.56089,12.97206],[77.56157,12.97233],[77.5616,12.97368],[77.56268,12.97366],[77.56276,12.97563],[77.56444,12.97586],[77.5661,12.97437],[77.56741,12.9689],[77.56806,12.9688],[77.56863,12.97177],[77.57031,12.97137],[77.57024,12.97009],[77.5749,12.96836],[77.57387,12.96639],[77.57033,12.96795],[77.56808,12.9682],[77.56775,12.96698],[77.56626,12.96674],[77.56549,12.96674],[77.5652,12.96775],[77.56409,12.96829],[77.56297,12.96725],[77.56121,12.96757]]]}},{"type":"Feature","properties":{"name":"Nagarabhavi","inScope":false},"geometry":{"type":"MultiLineString","coordinates":[[[77.52156,12.94594],[77.52137,12.94455],[77.52046,12.94561],[77.51859,12.94594],[77.5186,12.94309],[77.51693,12.94401],[77.51501,12.94683],[77.51272,12.94791],[77.51274,12.94858],[77.51106,12.95004],[77.51122,12.95365],[77.51219,12.95466],[77.51161,12.95919],[77.51448,12.95771],[77.51606,12.9618],[77.51776,12.96196],[77.51747,12.9638],[77.51847,12.96534],[77.51739,12.96629],[77.51814,12.96747],[77.51744,12.96931],[77.5182,12.97019],[77.52125,12.96911],[77.52118,12.9686],[77.5241,12.968],[77.52348,12.96623],[77.52682,12.96531],[77.52671,12.96199],[77.52064,12.96179],[77.51889,12.95863],[77.52014,12.95253],[77.52213,12.94984],[77.52156,12.94594]]]}},{"type":"Feature","properties":{"name":"Kempapura Agrahara","inScope":false},"geometry":{"type":"MultiLineString","coordinates":[[[77.5587,12.97555],[77.55711,12.96938],[77.5545,12.96889],[77.55426,12.96964],[77.55192,12.97036],[77.55306,12.97166],[77.55447,12.97557],[77.5587,12.97555]]]}},{"type":"Feature","properties":{"name":"Rayapuram","inScope":false},"geometry":{"type":"MultiLineString","coordinates":[[[77.5523,12.96448],[77.55147,12.96439],[77.55184,12.96631],[77.55006,12.96639],[77.55159,12.96805],[77.55558,12.96918],[77.55484,12.96724],[77.55587,12.96719],[77.55815,12.96539],[77.55772,12.9636],[77.55681,12.96352],[77.55743,12.96331],[77.5573,12.96257],[77.55539,12.96303],[77.55526,12.96448],[77.5523,12.96448]]]}},{"type":"Feature","properties":{"name":"New Guddadahalli","inScope":false},"geometry":{"type":"MultiLineString","coordinates":[[[77.54551,12.95139],[77.54526,12.95088],[77.54379,12.95176],[77.54277,12.95164],[77.54129,12.95314],[77.54175,12.95558],[77.54371,12.95773],[77.54364,12.95846],[77.54216,12.95878],[77.541,12.96008],[77.54231,12.96194],[77.54403,12.96108],[77.54596,12.96102],[77.54958,12.95471],[77.5493,12.95133],[77.54786,12.95197],[77.54551,12.95139]]]}},{"type":"Feature","properties":{"name":"Gali Anjaneya Temple Ward","inScope":false},"geometry":{"type":"MultiLineString","coordinates":[[[77.54226,12.9561],[77.54159,12.95521],[77.54169,12.95305],[77.53751,12.95035],[77.53665,12.95316],[77.53476,12.95517],[77.534,12.95763],[77.53714,12.95996],[77.53838,12.95873],[77.53911,12.96073],[77.54364,12.95846],[77.54363,12.95741],[77.54226,12.9561]]]}},{"type":"Feature","properties":{"name":"Devaraj Urs Nagar","inScope":false},"geometry":{"type":"MultiLineString","coordinates":[[[77.55531,12.96389],[77.5571,12.96044],[77.55489,12.95831],[77.54841,12.95657],[77.54574,12.9614],[77.5488,12.96085],[77.54929,12.96229],[77.55058,12.96212],[77.55168,12.96448],[77.55526,12.96448],[77.55531,12.96389]]]}},{"type":"Feature","properties":{"name":"Attiguppe","inScope":false},"geometry":{"type":"MultiLineString","coordinates":[[[77.53332,12.9526],[77.52981,12.9511],[77.52638,12.94581],[77.52733,12.95293],[77.52863,12.95682],[77.52527,12.95873],[77.51932,12.95966],[77.52032,12.96049],[77.52064,12.96179],[77.52671,12.96199],[77.52643,12.9646],[77.53039,12.9647],[77.52962,12.96055],[77.53301,12.96004],[77.53476,12.95517],[77.53582,12.95404],[77.53332,12.9526]]]}},{"type":"Feature","properties":{"name":"Deepanjali Nagar","inScope":false},"geometry":{"type":"MultiLineString","coordinates":[[[77.54011,12.93641],[77.53925,12.93366],[77.53451,12.93627],[77.52951,12.94463],[77.52639,12.94581],[77.52981,12.9511],[77.53582,12.95404],[77.53751,12.95035],[77.54002,12.95173],[77.54117,12.95023],[77.54039,12.94582],[77.53937,12.94531],[77.53948,12.9435],[77.53865,12.94352],[77.53933,12.93794],[77.54058,12.93761],[77.54011,12.93641]]]}},{"type":"Feature","properties":{"name":"Avalahalli","inScope":false},"geometry":{"type":"MultiLineString","coordinates":[[[77.54946,12.94499],[77.55028,12.94291],[77.55,12.94215],[77.53948,12.9435],[77.53937,12.94531],[77.54039,12.94582],[77.54117,12.95023],[77.54002,12.95173],[77.54153,12.95287],[77.54277,12.95164],[77.54379,12.95176],[77.54526,12.95088],[77.54609,12.95175],[77.54765,12.95197],[77.55001,12.95093],[77.54946,12.94499]]]}},{"type":"Feature","properties":{"name":"Chalavadipalya","inScope":false},"geometry":{"type":"MultiLineString","coordinates":[[[77.55769,12.96079],[77.5571,12.96044],[77.55542,12.96301],[77.5573,12.96257],[77.55695,12.96393],[77.55772,12.9636],[77.55815,12.96539],[77.55884,12.96476],[77.55974,12.96656],[77.56183,12.9647],[77.56426,12.96824],[77.5652,12.96775],[77.56549,12.96674],[77.56775,12.96698],[77.56808,12.9682],[77.56828,12.96362],[77.56327,12.96182],[77.55769,12.96079]]]}},{"type":"Feature","properties":{"name":"K R Market","inScope":false},"geometry":{"type":"MultiLineString","coordinates":[[[77.56207,12.96157],[77.56828,12.96362],[77.56808,12.96819],[77.57033,12.96795],[77.57387,12.96639],[77.57488,12.96835],[77.57805,12.96674],[77.5745,12.95974],[77.57173,12.96056],[77.56074,12.96027],[77.56072,12.9615],[77.56207,12.96157]]]}},{"type":"Feature","properties":{"name":"Chamrajapet","inScope":false},"geometry":{"type":"MultiLineString","coordinates":[[[77.55689,12.95552],[77.55639,12.95648],[77.55538,12.95624],[77.55585,12.95828],[77.55533,12.95877],[77.55842,12.96103],[77.56072,12.9615],[77.56074,12.96027],[77.57173,12.96056],[77.5745,12.95974],[77.57338,12.95727],[77.56335,12.95699],[77.56343,12.95395],[77.5623,12.95341],[77.55981,12.95368],[77.55848,12.95318],[77.55799,12.95588],[77.55689,12.95552]]]}},{"type":"Feature","properties":{"name":"Azad Nagar","inScope":false},"geometry":{"type":"MultiLineString","coordinates":[[[77.55181,12.95179],[77.54912,12.95235],[77.54958,12.95471],[77.54841,12.95657],[77.55533,12.95877],[77.55585,12.95828],[77.55538,12.95624],[77.55639,12.95648],[77.55666,12.95549],[77.55799,12.95588],[77.55848,12.95318],[77.55653,12.95326],[77.55565,12.95166],[77.55807,12.95014],[77.55499,12.95056],[77.5546,12.94984],[77.55395,12.95073],[77.55277,12.95056],[77.55181,12.95179]]]}},{"type":"Feature","properties":{"name":"Kudlu","inScope":false},"geometry":{"type":"MultiLineString","coordinates":[[[77.65565,12.8831],[77.65493,12.88038],[77.64841,12.8837],[77.64491,12.88659],[77.64426,12.88782],[77.64348,12.88788],[77.64387,12.89136],[77.64897,12.891],[77.65023,12.89323],[77.65261,12.8947],[77.65592,12.89387],[77.66022,12.89479],[77.6738,12.89291],[77.67233,12.88465],[77.66782,12.88558],[77.66818,12.88359],[77.6565,12.88494],[77.65565,12.8831]]]}},{"type":"Feature","properties":{"name":"Dharmaraya Swamy Temple","inScope":false},"geometry":{"type":"MultiLineString","coordinates":[[[77.58159,12.96473],[77.57761,12.96583],[77.57868,12.96798],[77.5813,12.96651],[77.58298,12.97013],[77.58287,12.97184],[77.58445,12.97036],[77.58436,12.9687],[77.58744,12.96681],[77.58673,12.96551],[77.58957,12.96302],[77.59482,12.96233],[77.59056,12.95154],[77.58714,12.95272],[77.58539,12.95415],[77.58677,12.95906],[77.58353,12.96032],[77.58529,12.96377],[77.584,12.96389],[77.58408,12.96477],[77.58159,12.96473]]]}},{"type":"Feature","properties":{"name":"Silver Jublee Park","inScope":false},"geometry":{"type":"MultiLineString","coordinates":[[[77.57402,12.95315],[77.57353,12.95736],[77.57763,12.96587],[77.5802,12.96488],[77.58408,12.96477],[77.584,12.96389],[77.58529,12.96377],[77.58353,12.96032],[77.58677,12.95906],[77.58549,12.95406],[77.57978,12.95521],[77.57706,12.95265],[77.57402,12.95315]]]}},{"type":"Feature","properties":{"name":"Sunkenahalli","inScope":false},"geometry":{"type":"MultiLineString","coordinates":[[[77.56608,12.94012],[77.56591,12.93933],[77.56397,12.9393],[77.5651,12.94175],[77.5643,12.94174],[77.56424,12.94852],[77.5615,12.94926],[77.56229,12.95065],[77.56169,12.95337],[77.56343,12.95395],[77.56335,12.95699],[77.57353,12.95736],[77.5737,12.95318],[77.57643,12.95287],[77.57683,12.95181],[77.57684,12.9406],[77.57384,12.94063],[77.57378,12.94368],[77.56783,12.9436],[77.56665,12.94018],[77.56608,12.94012]]]}},{"type":"Feature","properties":{"name":"Lakkasandra","inScope":false},"geometry":{"type":"MultiLineString","coordinates":[[[77.6017,12.93709],[77.59847,12.9384],[77.59766,12.93995],[77.59726,12.94319],[77.60263,12.94214],[77.60245,12.94758],[77.60344,12.95051],[77.60569,12.95012],[77.60828,12.94197],[77.61382,12.93167],[77.60799,12.93588],[77.6017,12.93709]]]}},{"type":"Feature","properties":{"name":"Vishveshwara Puram","inScope":false},"geometry":{"type":"MultiLineString","coordinates":[[[77.57881,12.93828],[77.57768,12.93969],[77.57776,12.9406],[77.57684,12.9406],[77.57653,12.95265],[77.57978,12.95521],[77.58334,12.95466],[77.59177,12.95104],[77.59291,12.94998],[77.5935,12.94874],[77.58988,12.94638],[77.58796,12.94615],[77.58909,12.94345],[77.59366,12.94176],[77.59254,12.94046],[77.5927,12.93621],[77.59104,12.93667],[77.59012,12.93632],[77.58994,12.9355],[77.58913,12.93581],[77.5877,12.93517],[77.58573,12.9366],[77.58004,12.93677],[77.57881,12.93828]]]}},{"type":"Feature","properties":{"name":"Ashok Nagar","inScope":false},"geometry":{"type":"MultiLineString","coordinates":[[[77.60593,12.9572],[77.60435,12.95761],[77.60462,12.95865],[77.60397,12.95914],[77.59919,12.96155],[77.59493,12.9624],[77.59691,12.96483],[77.59516,12.96628],[77.59395,12.97202],[77.59932,12.97666],[77.59776,12.98075],[77.61439,12.9753],[77.61385,12.97373],[77.61949,12.97238],[77.61952,12.97157],[77.61424,12.96846],[77.60878,12.96665],[77.6127,12.9616],[77.61631,12.96138],[77.61676,12.95702],[77.61437,12.95726],[77.61371,12.95358],[77.61242,12.95413],[77.61136,12.9516],[77.60514,12.95197],[77.60593,12.9572]]]}},{"type":"Feature","properties":{"name":"Hombegowda Nagar","inScope":false},"geometry":{"type":"MultiLineString","coordinates":[[[77.59481,12.94484],[77.59411,12.94422],[77.59227,12.94419],[77.59256,12.94555],[77.59156,12.94633],[77.59058,12.94413],[77.58948,12.94477],[77.58874,12.94431],[77.58796,12.94615],[77.58988,12.94638],[77.5935,12.94874],[77.59286,12.95003],[77.59055,12.95153],[77.59223,12.95604],[77.60024,12.94978],[77.60346,12.95055],[77.60245,12.94758],[77.60263,12.94214],[77.59726,12.94319],[77.59696,12.94479],[77.59557,12.94594],[77.59481,12.94484]]]}},{"type":"Feature","properties":{"name":"B Venkata Reddy Nagar","inScope":false},"geometry":{"type":"MultiLineString","coordinates":[[[77.59246,12.94563],[77.59227,12.94419],[77.59449,12.94433],[77.59557,12.94594],[77.59672,12.9451],[77.59807,12.93904],[77.59938,12.93761],[77.6017,12.93709],[77.6005,12.92829],[77.5925,12.92847],[77.59254,12.94046],[77.59366,12.94176],[77.58909,12.94345],[77.58874,12.94426],[77.58948,12.94477],[77.59058,12.94413],[77.59156,12.94633],[77.59246,12.94563]]]}},{"type":"Feature","properties":{"name":"Shanthi Nagar","inScope":false},"geometry":{"type":"MultiLineString","coordinates":[[[77.5988,12.95094],[77.59223,12.95604],[77.59493,12.9624],[77.59919,12.96155],[77.60397,12.95914],[77.60462,12.95865],[77.60435,12.95761],[77.60593,12.9572],[77.60515,12.95229],[77.60569,12.95012],[77.60344,12.95055],[77.60048,12.94973],[77.5988,12.95094]]]}},{"type":"Feature","properties":{"name":"Nilasandra","inScope":true},"geometry":{"type":"MultiLineString","coordinates":[[[77.61075,12.95164],[77.61186,12.95205],[77.61242,12.95413],[77.61371,12.95358],[77.61407,12.95504],[77.61763,12.95361],[77.61891,12.95227],[77.61749,12.95066],[77.61535,12.95084],[77.61109,12.94932],[77.60574,12.94997],[77.60516,12.95171],[77.61075,12.95164]]]}},{"type":"Feature","properties":{"name":"Vannarpet","inScope":true},"geometry":{"type":"MultiLineString","coordinates":[[[77.61576,12.95442],[77.61421,12.95546],[77.61437,12.95726],[77.61676,12.95702],[77.61628,12.96145],[77.6127,12.9616],[77.60878,12.96665],[77.61424,12.96846],[77.61952,12.97157],[77.62052,12.96667],[77.61958,12.96547],[77.61767,12.96532],[77.6212,12.95762],[77.62021,12.95232],[77.61576,12.95442]]]}},{"type":"Feature","properties":{"name":"Jogupalya","inScope":true},"geometry":{"type":"MultiLineString","coordinates":[[[77.62505,12.966],[77.62221,12.96719],[77.62052,12.96667],[77.61932,12.97248],[77.62163,12.97283],[77.62475,12.97471],[77.6285,12.97813],[77.63179,12.97637],[77.63273,12.97504],[77.63392,12.97082],[77.63276,12.97043],[77.63363,12.96462],[77.63428,12.96462],[77.63431,12.96163],[77.63207,12.96116],[77.62824,12.96236],[77.62637,12.96349],[77.62505,12.966]]]}},{"type":"Feature","properties":{"name":"Domlur","inScope":true},"geometry":{"type":"MultiLineString","coordinates":[[[77.63571,12.95823],[77.63427,12.96168],[77.63428,12.96462],[77.63363,12.96462],[77.63276,12.97043],[77.63392,12.97082],[77.63302,12.97377],[77.6334,12.9759],[77.63558,12.97535],[77.63569,12.97598],[77.64095,12.9761],[77.64167,12.96057],[77.64241,12.96052],[77.64306,12.95835],[77.64375,12.95791],[77.64331,12.95789],[77.64374,12.95637],[77.64333,12.95466],[77.64129,12.9547],[77.63974,12.95153],[77.63654,12.95536],[77.63571,12.95823]]]}},{"type":"Feature","properties":{"name":"Jakkasandra","inScope":true},"geometry":{"type":"MultiLineString","coordinates":[[[77.63629,12.91612],[77.62851,12.9168],[77.62564,12.91765],[77.62265,12.91728],[77.61478,12.92989],[77.62904,12.92416],[77.63677,12.92534],[77.63992,12.92383],[77.63845,12.92039],[77.63817,12.91595],[77.63629,12.91612]]]}},{"type":"Feature","properties":{"name":"Hosakerehalli","inScope":false},"geometry":{"type":"MultiLineString","coordinates":[[[77.53749,12.92348],[77.53668,12.92397],[77.53689,12.92676],[77.53507,12.92732],[77.53505,12.92923],[77.53417,12.93069],[77.53415,12.93301],[77.5331,12.93509],[77.53365,12.93506],[77.5343,12.93647],[77.54108,12.9324],[77.54623,12.92807],[77.54479,12.92586],[77.54432,12.92604],[77.54296,12.92071],[77.54047,12.92168],[77.54004,12.91999],[77.53889,12.92026],[77.54025,12.92414],[77.53887,12.92473],[77.53749,12.92348]]]}},{"type":"Feature","properties":{"name":"Subrahmanyapura","inScope":false},"geometry":{"type":"MultiLineString","coordinates":[[[77.54409,12.88014],[77.54371,12.87919],[77.53752,12.88026],[77.53756,12.88328],[77.53584,12.88461],[77.53258,12.8853],[77.52791,12.88397],[77.51903,12.88319],[77.51572,12.89006],[77.5162,12.89145],[77.51589,12.89382],[77.51887,12.89292],[77.5209,12.89361],[77.52045,12.89678],[77.52088,12.89756],[77.52432,12.89747],[77.52634,12.90238],[77.528,12.90204],[77.52856,12.90499],[77.52587,12.9043],[77.53109,12.9131],[77.53178,12.91779],[77.53643,12.91925],[77.53931,12.91752],[77.54199,12.9188],[77.54161,12.91526],[77.54061,12.91279],[77.53959,12.91218],[77.53825,12.90845],[77.5408,12.90747],[77.54454,12.90352],[77.54336,12.89498],[77.54433,12.89078],[77.5435,12.88976],[77.54535,12.88886],[77.54521,12.88613],[77.54584,12.88726],[77.54679,12.88679],[77.54825,12.88784],[77.55316,12.88749],[77.55557,12.8863],[77.55622,12.88913],[77.55733,12.88876],[77.55802,12.8901],[77.55934,12.88933],[77.55973,12.89027],[77.56039,12.89012],[77.56272,12.88898],[77.5603,12.88605],[77.55734,12.8838],[77.55567,12.87831],[77.55345,12.87777],[77.55154,12.87536],[77.552,12.87681],[77.5512,12.87732],[77.55145,12.8792],[77.55089,12.88112],[77.54918,12.88163],[77.54914,12.88272],[77.54827,12.88272],[77.54728,12.88438],[77.5455,12.8835],[77.54409,12.88014]]]}},{"type":"Feature","properties":{"name":"Vasanthpura","inScope":false},"geometry":{"type":"MultiLineString","coordinates":[[[77.54676,12.88679],[77.54584,12.88726],[77.54521,12.88613],[77.54535,12.88886],[77.5435,12.88976],[77.54433,12.89078],[77.54336,12.89498],[77.54399,12.89674],[77.54372,12.90002],[77.54428,12.90401],[77.5484,12.90345],[77.54907,12.90421],[77.55032,12.90398],[77.55025,12.90447],[77.55146,12.90365],[77.55623,12.90303],[77.55587,12.89755],[77.55538,12.89695],[77.55686,12.89568],[77.55894,12.89519],[77.55954,12.89416],[77.56124,12.89924],[77.56222,12.8985],[77.56753,12.89835],[77.56662,12.89574],[77.5691,12.89482],[77.56272,12.88898],[77.56039,12.89012],[77.55973,12.89027],[77.55934,12.88933],[77.55802,12.8901],[77.55733,12.88876],[77.55622,12.88913],[77.55557,12.8863],[77.55316,12.88749],[77.54879,12.88784],[77.54676,12.88679]]]}},{"type":"Feature","properties":{"name":"Konanakunte","inScope":false},"geometry":{"type":"MultiLineString","coordinates":[[[77.5584,12.87017],[77.556,12.87014],[77.55977,12.87476],[77.55444,12.87529],[77.55249,12.87592],[77.55263,12.87677],[77.55345,12.87777],[77.55567,12.87831],[77.55748,12.88396],[77.56841,12.89412],[77.5729,12.8948],[77.57366,12.89348],[77.57432,12.89372],[77.57419,12.89287],[77.57557,12.89288],[77.57572,12.89146],[77.57403,12.88729],[77.57099,12.88844],[77.57026,12.88453],[77.56745,12.879],[77.56578,12.86778],[77.56182,12.8685],[77.56203,12.8695],[77.5584,12.87017]]]}},{"type":"Feature","properties":{"name":"RBI layout","inScope":false},"geometry":{"type":"MultiLineString","coordinates":[[[77.57654,12.87806],[77.57557,12.88357],[77.57434,12.8836],[77.57433,12.8831],[77.56993,12.88369],[77.57099,12.88844],[77.57403,12.88729],[77.57572,12.89146],[77.57557,12.89288],[77.57419,12.89287],[77.57432,12.89372],[77.57366,12.89348],[77.5734,12.89457],[77.57923,12.89725],[77.57985,12.89712],[77.57953,12.89669],[77.5809,12.89211],[77.58181,12.89217],[77.58252,12.89051],[77.5918,12.8883],[77.59163,12.88586],[77.58959,12.87693],[77.58608,12.87404],[77.58883,12.87265],[77.58889,12.86984],[77.58773,12.86939],[77.58318,12.8706],[77.58418,12.87433],[77.58399,12.87706],[77.58236,12.87735],[77.58165,12.87534],[77.57949,12.87485],[77.57811,12.87611],[77.57737,12.87605],[77.57654,12.87806]]]}},{"type":"Feature","properties":{"name":"Hosa Road","inScope":false},"geometry":{"type":"MultiLineString","coordinates":[[[77.64564,12.87102],[77.64024,12.8725],[77.6397,12.87602],[77.63696,12.87996],[77.63756,12.8837],[77.63825,12.8837],[77.63955,12.88671],[77.6411,12.88714],[77.63804,12.89216],[77.64298,12.89429],[77.65026,12.89344],[77.64897,12.891],[77.64387,12.89136],[77.64348,12.88788],[77.64426,12.88782],[77.64491,12.88659],[77.64841,12.8837],[77.65493,12.88038],[77.65399,12.87355],[77.65769,12.87107],[77.65767,12.86898],[77.65714,12.86897],[77.65712,12.86959],[77.65545,12.86906],[77.65548,12.86975],[77.65319,12.86954],[77.64564,12.87102]]]}},{"type":"Feature","properties":{"name":"Anjanapura","inScope":false},"geometry":{"type":"MultiLineString","coordinates":[[[77.56614,12.8478],[77.56559,12.84779],[77.56427,12.84324],[77.56141,12.8399],[77.55728,12.84153],[77.55718,12.84393],[77.55448,12.84801],[77.55325,12.84777],[77.55303,12.84714],[77.55137,12.84796],[77.54478,12.84769],[77.54432,12.84852],[77.5452,12.84882],[77.54567,12.84986],[77.54481,12.85129],[77.54645,12.85545],[77.54592,12.85655],[77.54635,12.8584],[77.5457,12.85925],[77.54516,12.85879],[77.54505,12.85963],[77.54643,12.86271],[77.54831,12.86439],[77.54826,12.86693],[77.55013,12.86756],[77.55049,12.86828],[77.54999,12.87124],[77.55091,12.87283],[77.55092,12.87534],[77.55248,12.87592],[77.5568,12.87472],[77.55811,12.87529],[77.55977,12.87476],[77.556,12.87014],[77.56203,12.8695],[77.56182,12.8685],[77.56578,12.86778],[77.56745,12.879],[77.56993,12.88368],[77.57433,12.8831],[77.57434,12.8836],[77.57557,12.88357],[77.57737,12.87605],[77.57811,12.87611],[77.57952,12.87484],[77.58163,12.87504],[77.57918,12.8718],[77.57964,12.87011],[77.58069,12.87009],[77.58059,12.86787],[77.58187,12.86768],[77.5809,12.86574],[77.57966,12.86557],[77.58032,12.86338],[77.57998,12.85831],[77.58048,12.8552],[77.57972,12.85359],[77.57275,12.85519],[77.57188,12.84856],[77.56614,12.8478]]]}},{"type":"Feature","properties":{"name":"Gottigere","inScope":false},"geometry":{"type":"MultiLineString","coordinates":[[[77.57965,12.83914],[77.57879,12.83827],[77.56568,12.83968],[77.5622,12.83902],[77.56072,12.83991],[77.56238,12.8407],[77.56427,12.84324],[77.56559,12.84779],[77.57188,12.84856],[77.57275,12.85519],[77.57972,12.85359],[77.58058,12.85513],[77.57998,12.85831],[77.58032,12.86338],[77.57966,12.86557],[77.5809,12.86574],[77.58187,12.86768],[77.58059,12.86787],[77.58069,12.87009],[77.57964,12.87011],[77.57918,12.8718],[77.58158,12.87473],[77.58236,12.87735],[77.58399,12.87706],[77.58418,12.87433],[77.58318,12.8706],[77.58781,12.86929],[77.59295,12.87272],[77.59419,12.87297],[77.59042,12.86242],[77.59403,12.86188],[77.59402,12.86056],[77.59039,12.85049],[77.58942,12.85008],[77.58885,12.84873],[77.58823,12.84881],[77.58857,12.84146],[77.58669,12.84214],[77.58471,12.84426],[77.58336,12.84445],[77.58188,12.84264],[77.58162,12.84074],[77.57965,12.83914]]]}},{"type":"Feature","properties":{"name":"Naganathapura","inScope":false},"geometry":{"type":"MultiLineString","coordinates":[[[77.65148,12.86081],[77.64847,12.86223],[77.65102,12.86476],[77.65333,12.86954],[77.65548,12.86975],[77.65545,12.86906],[77.65636,12.869],[77.65712,12.86959],[77.65714,12.86897],[77.65767,12.86898],[77.65767,12.87111],[77.65399,12.87355],[77.65493,12.88038],[77.6565,12.88494],[77.66818,12.88359],[77.66782,12.88558],[77.67434,12.88383],[77.67403,12.87982],[77.67104,12.8803],[77.67324,12.87805],[77.67529,12.87263],[77.6728,12.86929],[77.67289,12.86825],[77.66656,12.86622],[77.66451,12.86237],[77.66401,12.86243],[77.66357,12.86068],[77.66115,12.85877],[77.65766,12.85815],[77.65148,12.86081]]]}},{"type":"Feature","properties":{"name":"Gharebhavipalya","inScope":false},"geometry":{"type":"MultiLineString","coordinates":[[[77.61843,12.88831],[77.61568,12.88897],[77.61623,12.88982],[77.61605,12.89325],[77.61981,12.8927],[77.62007,12.89402],[77.6227,12.89401],[77.62274,12.89461],[77.62559,12.89369],[77.62951,12.8937],[77.62989,12.89525],[77.63079,12.89531],[77.63051,12.89631],[77.63141,12.8972],[77.63161,12.90069],[77.63251,12.90111],[77.6411,12.88714],[77.63955,12.88671],[77.63893,12.88522],[77.63517,12.88782],[77.6352,12.88638],[77.63233,12.8861],[77.63147,12.88926],[77.63287,12.88941],[77.6328,12.89241],[77.63022,12.89276],[77.62861,12.89013],[77.62858,12.88809],[77.62147,12.88886],[77.61843,12.88831]]]}},{"type":"Feature","properties":{"name":"Ibluru","inScope":true},"geometry":{"type":"MultiLineString","coordinates":[[[77.65026,12.89344],[77.64481,12.89393],[77.64547,12.90029],[77.64342,12.90067],[77.64363,12.9025],[77.64097,12.90422],[77.64121,12.90549],[77.64868,12.90352],[77.65035,12.90373],[77.65179,12.90853],[77.64924,12.90873],[77.64916,12.91948],[77.65156,12.9197],[77.6515,12.9212],[77.6536,12.92096],[77.65361,12.92045],[77.65466,12.92045],[77.66035,12.91634],[77.66222,12.91879],[77.66279,12.9212],[77.66116,12.92161],[77.66329,12.92823],[77.66493,12.92814],[77.6664,12.93101],[77.66803,12.93124],[77.66769,12.92879],[77.66846,12.92871],[77.6689,12.92715],[77.66877,12.92332],[77.6682,12.92324],[77.66779,12.92156],[77.66518,12.92107],[77.66211,12.91756],[77.66139,12.91557],[77.66042,12.91497],[77.66085,12.91369],[77.66013,12.91013],[77.65657,12.90917],[77.65454,12.90178],[77.65462,12.90072],[77.65684,12.90024],[77.65669,12.89848],[77.65623,12.89762],[77.65561,12.8978],[77.65547,12.8969],[77.65439,12.89654],[77.65379,12.89455],[77.65261,12.8947],[77.65026,12.89344]]]}},{"type":"Feature","properties":{"name":"Thanisandra","inScope":false},"geometry":{"type":"MultiLineString","coordinates":[[[77.63717,13.04511],[77.63729,13.04281],[77.63655,13.04211],[77.63674,13.04103],[77.63596,13.04072],[77.63464,13.04258],[77.63364,13.0426],[77.63335,13.04182],[77.63154,13.04292],[77.6286,13.04234],[77.62813,13.04331],[77.62867,13.04403],[77.62749,13.04551],[77.6256,13.0432],[77.62353,13.03832],[77.62184,13.03858],[77.62186,13.03918],[77.62005,13.03914],[77.62025,13.04001],[77.61848,13.04096],[77.61361,13.04217],[77.6114,13.04702],[77.61451,13.04848],[77.61825,13.04797],[77.61793,13.05276],[77.61862,13.05434],[77.61619,13.05461],[77.61368,13.06052],[77.60922,13.06308],[77.60964,13.06568],[77.61157,13.06559],[77.6116,13.06793],[77.61309,13.06774],[77.61437,13.06555],[77.61509,13.06568],[77.61601,13.06259],[77.61714,13.06263],[77.6218,13.06336],[77.62457,13.06671],[77.63558,13.05712],[77.6378,13.05401],[77.63833,13.05006],[77.63717,13.04511]]]}},{"type":"Feature","properties":{"name":"Sanjaya Nagar","inScope":false},"geometry":{"type":"MultiLineString","coordinates":[[[77.57558,13.03442],[77.5741,13.03934],[77.57272,13.0412],[77.57584,13.04743],[77.5793,13.04742],[77.5855,13.04315],[77.5884,13.04258],[77.59057,13.04311],[77.58917,13.03624],[77.58462,13.02294],[77.58009,13.02654],[77.57558,13.03442]]]}},{"type":"Feature","properties":{"name":"Kodigehalli","inScope":false},"geometry":{"type":"MultiLineString","coordinates":[[[77.57886,13.05458],[77.57833,13.05285],[77.5796,13.05221],[77.57755,13.0476],[77.56613,13.0466],[77.56415,13.04559],[77.57054,13.0568],[77.5696,13.05771],[77.56931,13.05926],[77.56655,13.06098],[77.56749,13.06265],[77.57101,13.06314],[77.57145,13.06383],[77.57416,13.06181],[77.57776,13.06397],[77.57745,13.0629],[77.57853,13.06261],[77.57849,13.06175],[77.58181,13.0609],[77.58113,13.05882],[77.584,13.0585],[77.58195,13.05423],[77.57927,13.05522],[77.57886,13.05458]]]}},{"type":"Feature","properties":{"name":"Hebbal Kempapura","inScope":false},"geometry":{"type":"MultiLineString","coordinates":[[[77.612,13.04253],[77.61028,13.03821],[77.60915,13.03992],[77.60737,13.04085],[77.59267,13.04106],[77.59002,13.04161],[77.59057,13.04311],[77.5884,13.04258],[77.5855,13.04315],[77.57955,13.04729],[77.57755,13.0476],[77.5796,13.05221],[77.57833,13.05285],[77.57886,13.05458],[77.57926,13.05522],[77.58195,13.05423],[77.584,13.0585],[77.58113,13.05882],[77.58229,13.06254],[77.58391,13.06466],[77.59122,13.05917],[77.59869,13.05779],[77.5985,13.05726],[77.59958,13.05698],[77.59932,13.05475],[77.60621,13.05263],[77.60779,13.0513],[77.60827,13.05406],[77.61789,13.05141],[77.61825,13.04797],[77.61451,13.04848],[77.6114,13.04702],[77.61361,13.04217],[77.612,13.04253]]]}},{"type":"Feature","properties":{"name":"Garudachar Palya","inScope":false},"geometry":{"type":"MultiLineString","coordinates":[[[77.7048,12.97438],[77.70384,12.97446],[77.70312,12.97352],[77.70014,12.97244],[77.69813,12.97394],[77.6935,12.98158],[77.69518,12.98112],[77.6957,12.98247],[77.69556,12.99028],[77.68851,12.99205],[77.69067,12.99726],[77.7023,12.99378],[77.70424,12.99953],[77.71439,12.99726],[77.71307,12.99353],[77.71105,12.99271],[77.71429,12.99176],[77.71587,12.99212],[77.70925,12.9874],[77.70828,12.98486],[77.70865,12.98162],[77.71178,12.97229],[77.70937,12.97323],[77.70761,12.97284],[77.70719,12.9743],[77.7048,12.97438]]]}},{"type":"Feature","properties":{"name":"Ramamurthy Nagar","inScope":false},"geometry":{"type":"MultiLineString","coordinates":[[[77.682,13.0142],[77.68266,13.01402],[77.68265,13.01127],[77.68067,13.01105],[77.68223,13.00979],[77.68505,13.00509],[77.67737,13.00069],[77.67643,13.0007],[77.67604,13.0022],[77.67158,13.00253],[77.67122,13.00442],[77.67022,13.00458],[77.67071,13.0069],[77.67296,13.00688],[77.67241,13.00713],[77.67273,13.00858],[77.67306,13.0097],[77.67386,13.00945],[77.67423,13.01147],[77.67312,13.01148],[77.67305,13.01321],[77.67067,13.01371],[77.67099,13.01775],[77.67186,13.01821],[77.67333,13.01774],[77.67302,13.01643],[77.67505,13.01478],[77.67521,13.01544],[77.67852,13.0147],[77.6815,13.01485],[77.682,13.0142]]]}},{"type":"Feature","properties":{"name":"Govindaraja Nagar","inScope":false},"geometry":{"type":"MultiLineString","coordinates":[[[77.53472,12.97568],[77.53314,12.97591],[77.53489,12.98137],[77.53679,12.98065],[77.53715,12.98158],[77.53751,12.98792],[77.54034,12.98665],[77.54037,12.983],[77.53826,12.98309],[77.5386,12.98206],[77.5413,12.98156],[77.54108,12.97883],[77.54556,12.97763],[77.54836,12.97507],[77.54774,12.97429],[77.54366,12.97412],[77.53859,12.9729],[77.53682,12.97362],[77.53747,12.97567],[77.53472,12.97568]]]}},{"type":"Feature","properties":{"name":"Kalkere","inScope":false},"geometry":{"type":"MultiLineString","coordinates":[[[77.68266,13.01402],[77.6815,13.01485],[77.67852,13.0147],[77.67521,13.01544],[77.67505,13.01478],[77.67302,13.01643],[77.67333,13.01774],[77.67186,13.01821],[77.67444,13.01994],[77.67194,13.02155],[77.6728,13.02325],[77.67116,13.02381],[77.67128,13.02536],[77.67052,13.02539],[77.67024,13.02735],[77.66944,13.02733],[77.67096,13.03509],[77.67005,13.03535],[77.67064,13.03734],[77.66793,13.03788],[77.66857,13.04514],[77.66995,13.04906],[77.67109,13.05053],[77.67178,13.05117],[77.67378,13.05079],[77.67565,13.05255],[77.67994,13.05241],[77.68334,13.04995],[77.68494,13.04527],[77.68316,13.02878],[77.68383,13.0229],[77.68859,13.02198],[77.69094,13.02389],[77.69211,13.02411],[77.69206,13.02266],[77.69568,13.02105],[77.6958,13.01995],[77.69704,13.01981],[77.69689,13.01846],[77.69552,13.01645],[77.69296,13.01555],[77.69253,13.01629],[77.68608,13.01559],[77.68511,13.01461],[77.68266,13.01402]]]}},{"type":"Feature","properties":{"name":"Vijayanagar","inScope":false},"geometry":{"type":"MultiLineString","coordinates":[[[77.54217,12.97063],[77.53782,12.9721],[77.53894,12.97307],[77.54774,12.97429],[77.54836,12.97507],[77.55063,12.97371],[77.55296,12.97537],[77.55447,12.97557],[77.55298,12.97151],[77.5495,12.96822],[77.54986,12.96944],[77.5474,12.96959],[77.54638,12.97074],[77.54263,12.97201],[77.54217,12.97063]]]}},{"type":"Feature","properties":{"name":"Sampangiram Nagar","inScope":false},"geometry":{"type":"MultiLineString","coordinates":[[[77.58957,12.96302],[77.58673,12.96551],[77.58744,12.96681],[77.58436,12.9687],[77.58445,12.97036],[77.58109,12.97307],[77.58689,12.98174],[77.58904,12.98653],[77.58965,12.98597],[77.59289,12.9897],[77.59724,12.98433],[77.59963,12.99048],[77.60149,12.98998],[77.60223,12.9892],[77.60195,12.98653],[77.6036,12.9861],[77.6036,12.98514],[77.60175,12.98466],[77.60368,12.98412],[77.6033,12.98221],[77.60772,12.98084],[77.60668,12.97782],[77.59751,12.98054],[77.59932,12.97666],[77.59395,12.97202],[77.59516,12.96628],[77.59686,12.9647],[77.59445,12.96223],[77.58957,12.96302]]]}},{"type":"Feature","properties":{"name":"Shivaji Nagar","inScope":false},"geometry":{"type":"MultiLineString","coordinates":[[[77.60207,12.98445],[77.6036,12.98514],[77.6036,12.9861],[77.60289,12.98618],[77.60281,12.98678],[77.60301,12.9883],[77.604,12.9872],[77.60388,12.99004],[77.60716,12.99032],[77.60709,12.98821],[77.60875,12.98787],[77.60838,12.9864],[77.60894,12.98586],[77.61057,12.98488],[77.61106,12.98598],[77.6147,12.98479],[77.61097,12.98067],[77.61543,12.97894],[77.61439,12.9753],[77.60668,12.97782],[77.60772,12.98084],[77.6033,12.98221],[77.60368,12.98412],[77.60207,12.98445]]]}},{"type":"Feature","properties":{"name":"Subramanya Nagar","inScope":false},"geometry":{"type":"MultiLineString","coordinates":[[[77.55906,13.00619],[77.55995,13.00591],[77.56025,13.00732],[77.56433,12.99896],[77.56414,12.99814],[77.56014,12.99895],[77.56054,13.00049],[77.55324,13.00188],[77.55445,13.0077],[77.55713,13.00725],[77.55906,13.00619]]]}},{"type":"Feature","properties":{"name":"Kadu Malleshwar Ward","inScope":false},"geometry":{"type":"MultiLineString","coordinates":[[[77.55919,13.00618],[77.55445,13.0077],[77.55402,13.01488],[77.55606,13.01596],[77.55766,13.01883],[77.56895,13.01219],[77.56925,13.00545],[77.57318,13.00536],[77.57339,13.00322],[77.57464,13.00318],[77.57436,13.00229],[77.57511,13.00183],[77.57228,13.00186],[77.57217,13.00337],[77.5713,13.00332],[77.57146,12.99686],[77.56611,12.99661],[77.5615,13.00388],[77.56025,13.00732],[77.55995,13.00591],[77.55919,13.00618]]]}},{"type":"Feature","properties":{"name":"Agaram","inScope":true},"geometry":{"type":"MultiLineString","coordinates":[[[77.6171,12.94903],[77.61104,12.94897],[77.60574,12.94997],[77.61109,12.94932],[77.61535,12.95084],[77.61737,12.95062],[77.61891,12.95227],[77.61781,12.9535],[77.62021,12.95232],[77.6212,12.95762],[77.61767,12.96532],[77.61958,12.96547],[77.62149,12.96712],[77.62284,12.96707],[77.62497,12.96611],[77.62637,12.96349],[77.62824,12.96236],[77.63207,12.96116],[77.63431,12.96163],[77.63654,12.95536],[77.64061,12.95046],[77.64746,12.94497],[77.64782,12.9438],[77.6544,12.94025],[77.65806,12.93985],[77.65814,12.9379],[77.66043,12.93827],[77.65502,12.93497],[77.65912,12.92942],[77.66108,12.92983],[77.66329,12.92823],[77.66116,12.92161],[77.66279,12.9212],[77.662,12.91826],[77.66035,12.91634],[77.65466,12.92045],[77.6515,12.92118],[77.65174,12.92422],[77.64517,12.92446],[77.64124,12.92337],[77.63929,12.92406],[77.63917,12.92584],[77.64132,12.92616],[77.6419,12.92926],[77.63958,12.92969],[77.63952,12.93056],[77.63311,12.93759],[77.62728,12.94907],[77.62592,12.95015],[77.6215,12.95166],[77.61932,12.94745],[77.6171,12.94903]]]}},{"type":"Feature","properties":{"name":"Dayananda Nagar","inScope":false},"geometry":{"type":"MultiLineString","coordinates":[[[77.56317,12.98822],[77.56196,12.98829],[77.5621,12.99021],[77.56011,12.99189],[77.55983,12.99286],[77.55687,12.99241],[77.55513,12.99492],[77.55797,12.99468],[77.55808,12.99535],[77.55877,12.9953],[77.56038,12.99458],[77.56012,12.99393],[77.56781,12.99338],[77.56793,12.9884],[77.56317,12.98822]]]}},{"type":"Feature","properties":{"name":"Kogilu","inScope":false},"geometry":{"type":"MultiLineString","coordinates":[[[77.64151,13.07729],[77.63956,13.07667],[77.63831,13.07516],[77.63376,13.07705],[77.63376,13.07654],[77.6273,13.07961],[77.62499,13.0814],[77.62507,13.08229],[77.62327,13.08289],[77.62411,13.08712],[77.62286,13.08854],[77.61816,13.08821],[77.61282,13.08665],[77.60786,13.09445],[77.60731,13.09764],[77.60829,13.102],[77.60893,13.10205],[77.60876,13.10757],[77.60987,13.10815],[77.60971,13.1105],[77.61161,13.11405],[77.61221,13.12097],[77.61571,13.13098],[77.61954,13.13096],[77.62598,13.12753],[77.63048,13.12604],[77.63871,13.11327],[77.63699,13.10625],[77.65044,13.10481],[77.64275,13.08676],[77.64613,13.08634],[77.6466,13.08515],[77.64151,13.07729]]]}},{"type":"Feature","properties":{"name":"Uttarahalli","inScope":false},"geometry":{"type":"MultiLineString","coordinates":[[[77.54424,12.90406],[77.5427,12.9058],[77.54174,12.90592],[77.54053,12.90767],[77.53825,12.90845],[77.53959,12.91218],[77.54061,12.91279],[77.54161,12.91526],[77.54193,12.91822],[77.5447,12.91752],[77.54476,12.91829],[77.54862,12.91803],[77.54804,12.91649],[77.55364,12.91436],[77.55209,12.91161],[77.55582,12.91146],[77.55356,12.90633],[77.54928,12.90777],[77.54831,12.90364],[77.54424,12.90406]]]}},{"type":"Feature","properties":{"name":"Hampi Nagar","inScope":false},"geometry":{"type":"MultiLineString","coordinates":[[[77.54449,12.96649],[77.54535,12.96627],[77.54463,12.96427],[77.54386,12.96399],[77.54553,12.96269],[77.54517,12.96224],[77.54596,12.96102],[77.54403,12.96108],[77.54231,12.96194],[77.54069,12.95967],[77.53911,12.96073],[77.53838,12.95873],[77.53714,12.95996],[77.534,12.95763],[77.53301,12.96004],[77.52962,12.96055],[77.53039,12.9647],[77.53469,12.96438],[77.53666,12.96877],[77.54449,12.96649]]]}},{"type":"Feature","properties":{"name":"Padarayanapura","inScope":false},"geometry":{"type":"MultiLineString","coordinates":[[[77.54651,12.96121],[77.54574,12.9614],[77.54517,12.96224],[77.54553,12.96269],[77.54386,12.96399],[77.54779,12.96479],[77.55006,12.96639],[77.55184,12.96631],[77.55058,12.96212],[77.54929,12.96229],[77.5488,12.96085],[77.54651,12.96121]]]}},{"type":"Feature","properties":{"name":"Hosahalli","inScope":false},"geometry":{"type":"MultiLineString","coordinates":[[[77.5508,12.96732],[77.54779,12.96479],[77.54463,12.96427],[77.54535,12.96627],[77.53666,12.96877],[77.53782,12.9721],[77.54217,12.97063],[77.54263,12.97201],[77.54638,12.97074],[77.5474,12.96959],[77.54986,12.96944],[77.5495,12.96822],[77.55192,12.97036],[77.55426,12.96964],[77.5545,12.96889],[77.5508,12.96732]]]}},{"type":"Feature","properties":{"name":"Sarakki","inScope":false},"geometry":{"type":"MultiLineString","coordinates":[[[77.59023,12.90571],[77.59005,12.9048],[77.58645,12.90558],[77.58644,12.90464],[77.58173,12.90557],[77.58175,12.90374],[77.5787,12.90537],[77.57691,12.90532],[77.577,12.90383],[77.57546,12.90505],[77.57549,12.90646],[77.57326,12.90648],[77.57291,12.91143],[77.5857,12.91048],[77.5858,12.91701],[77.59162,12.91685],[77.59133,12.91025],[77.59326,12.91014],[77.59362,12.90626],[77.59341,12.90527],[77.59023,12.90571]]]}},{"type":"Feature","properties":{"name":"Jayanagar East","inScope":false},"geometry":{"type":"MultiLineString","coordinates":[[[77.60752,12.91773],[77.60723,12.91655],[77.59325,12.91681],[77.59331,12.91892],[77.59258,12.91893],[77.59328,12.92052],[77.60011,12.9205],[77.60281,12.92141],[77.60575,12.92059],[77.6065,12.92319],[77.60729,12.92297],[77.60789,12.92483],[77.60853,12.92482],[77.60885,12.92231],[77.60752,12.91773]]]}},{"type":"Feature","properties":{"name":"Adugodi","inScope":true},"geometry":{"type":"MultiLineString","coordinates":[[[77.62312,12.93309],[77.62093,12.92751],[77.61478,12.92989],[77.60856,12.94134],[77.60579,12.9498],[77.61104,12.94897],[77.61686,12.94925],[77.61816,12.94829],[77.61694,12.94496],[77.61773,12.94464],[77.61729,12.9411],[77.61868,12.9413],[77.62168,12.93912],[77.62223,12.93961],[77.6254,12.93599],[77.62312,12.93309]]]}},{"type":"Feature","properties":{"name":"Koramangala","inScope":true},"geometry":{"type":"MultiLineString","coordinates":[[[77.64004,12.926],[77.63917,12.92584],[77.63928,12.92414],[77.63677,12.92534],[77.62904,12.92416],[77.62093,12.92751],[77.62383,12.93456],[77.6254,12.93599],[77.62223,12.93961],[77.62168,12.93912],[77.61868,12.9413],[77.61729,12.9411],[77.61773,12.94464],[77.61694,12.94496],[77.6177,12.94726],[77.61973,12.94622],[77.62144,12.9474],[77.62099,12.94808],[77.62222,12.94887],[77.6237,12.9473],[77.624,12.9459],[77.62596,12.94445],[77.62614,12.94179],[77.62846,12.93884],[77.63013,12.93481],[77.63336,12.93164],[77.63417,12.93431],[77.63568,12.93495],[77.63952,12.93056],[77.63958,12.92969],[77.6419,12.92926],[77.64132,12.92616],[77.64004,12.926]]]}},{"type":"Feature","properties":{"name":"Ejipura","inScope":true},"geometry":{"type":"MultiLineString","coordinates":[[[77.63276,12.93826],[77.63568,12.93495],[77.63417,12.93431],[77.63336,12.93164],[77.63013,12.93481],[77.62846,12.93884],[77.62614,12.94179],[77.62596,12.94445],[77.624,12.9459],[77.6237,12.9473],[77.62222,12.94887],[77.62099,12.94808],[77.62144,12.9474],[77.61973,12.94622],[77.6177,12.94726],[77.61791,12.94793],[77.61816,12.94829],[77.61932,12.94745],[77.6215,12.95166],[77.62619,12.94998],[77.62911,12.94616],[77.63276,12.93826]]]}},{"type":"Feature","properties":{"name":"Jaraganahalli","inScope":false},"geometry":{"type":"MultiLineString","coordinates":[[[77.57343,12.90197],[77.57326,12.90648],[77.57549,12.90646],[77.57546,12.90505],[77.577,12.90383],[77.57691,12.90532],[77.5787,12.90537],[77.58175,12.90374],[77.58173,12.90557],[77.58495,12.90517],[77.5839,12.90298],[77.58162,12.90133],[77.58191,12.89841],[77.58268,12.89814],[77.58183,12.89645],[77.58181,12.89217],[77.5809,12.89211],[77.57953,12.89669],[77.57985,12.89712],[77.57923,12.89725],[77.57328,12.89425],[77.5729,12.8948],[77.56841,12.89412],[77.57245,12.8989],[77.57343,12.90197]]]}},{"type":"Feature","properties":{"name":"Puttenahalli","inScope":false},"geometry":{"type":"MultiLineString","coordinates":[[[77.59301,12.88711],[77.59174,12.88728],[77.5918,12.8883],[77.58546,12.88952],[77.58259,12.89046],[77.58186,12.89128],[77.58177,12.89599],[77.58268,12.89814],[77.58191,12.89841],[77.58162,12.90133],[77.58374,12.90282],[77.58497,12.90466],[77.58644,12.90464],[77.58645,12.90558],[77.59005,12.9048],[77.59023,12.90571],[77.59227,12.90535],[77.59177,12.90393],[77.59215,12.89977],[77.59131,12.89936],[77.59147,12.89802],[77.59005,12.89756],[77.58984,12.89407],[77.59012,12.89227],[77.59208,12.89148],[77.59157,12.88986],[77.59368,12.88938],[77.59301,12.88711]]]}},{"type":"Feature","properties":{"name":"Bilekhalli","inScope":false},"geometry":{"type":"MultiLineString","coordinates":[[[77.60307,12.88684],[77.597,12.88746],[77.59301,12.88711],[77.59368,12.88938],[77.59157,12.88986],[77.59208,12.89148],[77.59012,12.89227],[77.58989,12.89583],[77.59005,12.89756],[77.59147,12.89802],[77.59131,12.89936],[77.59215,12.89977],[77.59177,12.90393],[77.59227,12.90535],[77.59356,12.90557],[77.59399,12.90266],[77.59664,12.90246],[77.59947,12.9011],[77.59894,12.9035],[77.60146,12.90351],[77.60185,12.90513],[77.60023,12.90853],[77.60402,12.9087],[77.60385,12.90581],[77.60839,12.9059],[77.60946,12.90541],[77.60882,12.90162],[77.60608,12.9016],[77.60621,12.90058],[77.60501,12.90047],[77.60481,12.89955],[77.60806,12.89622],[77.60635,12.89124],[77.60815,12.89162],[77.60843,12.88835],[77.60598,12.88897],[77.60583,12.88811],[77.60654,12.88797],[77.60623,12.88666],[77.60383,12.88723],[77.60307,12.88684]]]}},{"type":"Feature","properties":{"name":"Hulimavu","inScope":false},"geometry":{"type":"MultiLineString","coordinates":[[[77.61804,12.87783],[77.61755,12.87607],[77.61492,12.87626],[77.61528,12.87162],[77.61499,12.87113],[77.61358,12.8713],[77.6128,12.86541],[77.61146,12.86614],[77.61111,12.86742],[77.61033,12.86752],[77.61027,12.86688],[77.60838,12.867],[77.60802,12.86967],[77.60643,12.86991],[77.60466,12.86703],[77.60429,12.86478],[77.60351,12.86466],[77.60263,12.86665],[77.59954,12.86632],[77.59806,12.86677],[77.59577,12.87293],[77.59295,12.87272],[77.58889,12.86984],[77.58883,12.87265],[77.58608,12.87404],[77.58959,12.87693],[77.59174,12.88728],[77.59912,12.8874],[77.60296,12.88656],[77.6032,12.88726],[77.60623,12.88666],[77.60654,12.88797],[77.60583,12.88811],[77.60598,12.88897],[77.60908,12.88829],[77.60921,12.88678],[77.61044,12.88683],[77.61008,12.88449],[77.61515,12.88333],[77.61494,12.88129],[77.61737,12.88097],[77.61762,12.88169],[77.61871,12.88123],[77.61804,12.87783]]]}},{"type":"Feature","properties":{"name":"Kodichikkanahalli","inScope":false},"geometry":{"type":"MultiLineString","coordinates":[[[77.61882,12.88706],[77.61785,12.88475],[77.61737,12.88097],[77.61494,12.88129],[77.61515,12.88333],[77.61008,12.88449],[77.61044,12.88683],[77.60921,12.88678],[77.60914,12.88825],[77.60843,12.88835],[77.60815,12.89162],[77.60635,12.89124],[77.60806,12.89622],[77.60481,12.89955],[77.60501,12.90047],[77.60621,12.90058],[77.60608,12.9016],[77.60882,12.90162],[77.60927,12.90503],[77.61264,12.90461],[77.61489,12.90847],[77.61656,12.91532],[77.61894,12.91284],[77.62122,12.91252],[77.62045,12.91001],[77.62071,12.90798],[77.62003,12.90723],[77.62154,12.90674],[77.62134,12.90468],[77.62024,12.9049],[77.61857,12.90088],[77.61993,12.90076],[77.6197,12.89828],[77.62133,12.89737],[77.61981,12.8927],[77.616,12.89318],[77.61623,12.88982],[77.61568,12.88897],[77.6193,12.8882],[77.61882,12.88706]]]}},{"type":"Feature","properties":{"name":"Hongasandra","inScope":false},"geometry":{"type":"MultiLineString","coordinates":[[[77.62239,12.89402],[77.62007,12.89402],[77.62051,12.89563],[77.62102,12.89654],[77.62337,12.89644],[77.62537,12.90337],[77.62722,12.90346],[77.6274,12.90432],[77.63109,12.90342],[77.63251,12.90111],[77.63161,12.90069],[77.63141,12.8972],[77.63051,12.89631],[77.63079,12.89531],[77.62989,12.89525],[77.62951,12.8937],[77.62559,12.89369],[77.62274,12.89461],[77.62239,12.89402]]]}},{"type":"Feature","properties":{"name":"Bommanahalli","inScope":true},"geometry":{"type":"MultiLineString","coordinates":[[[77.62284,12.8964],[77.62102,12.89654],[77.62141,12.89768],[77.6197,12.89829],[77.61993,12.90076],[77.61857,12.90088],[77.62024,12.9049],[77.62134,12.90468],[77.62154,12.90674],[77.62003,12.90723],[77.62071,12.90798],[77.62045,12.91001],[77.62146,12.91321],[77.62091,12.91363],[77.62215,12.91447],[77.62264,12.9173],[77.63109,12.90342],[77.6274,12.90432],[77.62722,12.90346],[77.62537,12.90337],[77.62337,12.89644],[77.62284,12.8964]]]}},{"type":"Feature","properties":{"name":"Chowdeswari Ward","inScope":false},"geometry":{"type":"MultiLineString","coordinates":[[[77.56908,13.10075],[77.56999,13.10085],[77.56993,13.10375],[77.57096,13.10785],[77.57334,13.10786],[77.57362,13.10852],[77.57597,13.1078],[77.57611,13.10911],[77.58076,13.10843],[77.57954,13.11227],[77.57988,13.11396],[77.5813,13.11264],[77.58678,13.11379],[77.58764,13.11243],[77.59066,13.11224],[77.59345,13.10993],[77.59576,13.10484],[77.5972,13.10369],[77.59476,13.10363],[77.59467,13.10233],[77.59334,13.10197],[77.59451,13.10124],[77.59243,13.09711],[77.58651,13.10207],[77.57032,13.09806],[77.56709,13.09783],[77.56691,13.10066],[77.56908,13.10075]]]}},{"type":"Feature","properties":{"name":"Yelahanka Satellite Town","inScope":false},"geometry":{"type":"MultiLineString","coordinates":[[[77.58327,13.084],[77.57917,13.08514],[77.58021,13.08909],[77.57417,13.09044],[77.57029,13.09231],[77.56954,13.09438],[77.56993,13.09806],[77.57649,13.0992],[77.58651,13.10207],[77.59243,13.09711],[77.59373,13.10005],[77.59616,13.09427],[77.59623,13.09111],[77.5948,13.08722],[77.59397,13.08738],[77.59372,13.08464],[77.59009,13.07607],[77.58291,13.07818],[77.58446,13.08363],[77.58327,13.084]]]}},{"type":"Feature","properties":{"name":"Kempegowda Ward","inScope":false},"geometry":{"type":"MultiLineString","coordinates":[[[77.61041,13.13331],[77.61201,13.13324],[77.61386,13.13164],[77.61571,13.13098],[77.61221,13.12097],[77.61161,13.11405],[77.60971,13.1105],[77.60987,13.10815],[77.60876,13.10757],[77.60893,13.10205],[77.60829,13.102],[77.60731,13.09764],[77.6081,13.09445],[77.60602,13.09406],[77.60804,13.08837],[77.60214,13.08591],[77.5948,13.08722],[77.59637,13.09268],[77.59579,13.09554],[77.59373,13.10005],[77.59451,13.10124],[77.59334,13.10197],[77.59467,13.10233],[77.59476,13.10363],[77.5972,13.10369],[77.59576,13.10484],[77.59345,13.10993],[77.59066,13.11224],[77.58764,13.11243],[77.58678,13.11379],[77.5813,13.11264],[77.58016,13.11385],[77.57944,13.11371],[77.57531,13.12335],[77.57085,13.13101],[77.57191,13.13597],[77.57343,13.13609],[77.57425,13.14156],[77.58,13.14266],[77.58238,13.1402],[77.58409,13.13452],[77.5856,13.13269],[77.58575,13.1333],[77.59117,13.13323],[77.59653,13.13278],[77.59966,13.13177],[77.60182,13.13415],[77.61041,13.13331]]]}},{"type":"Feature","properties":{"name":"Manorayanapalya","inScope":false},"geometry":{"type":"MultiLineString","coordinates":[[[77.60708,13.02829],[77.60645,13.02685],[77.5997,13.02786],[77.60018,13.03274],[77.60153,13.03262],[77.60253,13.03505],[77.60038,13.03329],[77.59867,13.03315],[77.59877,13.03415],[77.59943,13.03397],[77.59925,13.03623],[77.60163,13.03705],[77.60483,13.03597],[77.60477,13.03274],[77.60863,13.03224],[77.60708,13.02829]]]}},{"type":"Feature","properties":{"name":"Byatarayanapura","inScope":false},"geometry":{"type":"MultiLineString","coordinates":[[[77.56058,13.06885],[77.56228,13.06913],[77.56386,13.07447],[77.56565,13.07645],[77.56394,13.07712],[77.564,13.07806],[77.56258,13.07985],[77.56478,13.08417],[77.56307,13.08619],[77.56007,13.088],[77.56151,13.0952],[77.56285,13.09778],[77.56993,13.09806],[77.56954,13.09438],[77.57029,13.09231],[77.57417,13.09044],[77.58021,13.08909],[77.57917,13.08514],[77.58446,13.08363],[77.58291,13.07818],[77.59009,13.07607],[77.59361,13.08439],[77.59267,13.07466],[77.59345,13.05843],[77.59122,13.05917],[77.58391,13.06466],[77.58181,13.0609],[77.57849,13.06175],[77.57853,13.06261],[77.57745,13.0629],[77.57806,13.06371],[77.57759,13.06409],[77.57416,13.06181],[77.57145,13.06383],[77.57111,13.06317],[77.56848,13.06287],[77.56613,13.06392],[77.56635,13.06452],[77.56572,13.06454],[77.56359,13.06868],[77.56058,13.06885]]]}},{"type":"Feature","properties":{"name":"Kuvempu Nagar","inScope":false},"geometry":{"type":"MultiLineString","coordinates":[[[77.54814,13.05854],[77.54799,13.05565],[77.54679,13.05673],[77.54471,13.05495],[77.53916,13.05432],[77.5353,13.05483],[77.53491,13.05753],[77.53547,13.05767],[77.53385,13.06005],[77.5352,13.06325],[77.53396,13.06732],[77.53098,13.06977],[77.53183,13.07248],[77.53078,13.07787],[77.52944,13.07888],[77.52995,13.08213],[77.53172,13.08307],[77.53688,13.08379],[77.54078,13.09007],[77.54526,13.08527],[77.54519,13.08353],[77.5475,13.08322],[77.54722,13.08194],[77.5501,13.08216],[77.55207,13.08438],[77.55561,13.08606],[77.55807,13.08496],[77.55776,13.08415],[77.55833,13.08394],[77.55663,13.08259],[77.55688,13.08165],[77.5561,13.08103],[77.55346,13.08194],[77.55242,13.07843],[77.55407,13.07758],[77.55411,13.07699],[77.55155,13.07156],[77.55526,13.06986],[77.553,13.06652],[77.55198,13.06264],[77.55126,13.06214],[77.54932,13.06252],[77.54814,13.05854]]]}},{"type":"Feature","properties":{"name":"Vidyaranyapura","inScope":false},"geometry":{"type":"MultiLineString","coordinates":[[[77.55221,13.06385],[77.55304,13.06651],[77.55526,13.06986],[77.55155,13.07156],[77.55411,13.07699],[77.55407,13.07758],[77.55242,13.07843],[77.55346,13.08194],[77.5561,13.08103],[77.55688,13.08165],[77.55663,13.08259],[77.55833,13.08394],[77.55776,13.08415],[77.55807,13.08496],[77.56033,13.08402],[77.56306,13.08619],[77.56479,13.08412],[77.56258,13.07985],[77.564,13.07806],[77.56394,13.07712],[77.56565,13.07645],[77.56386,13.07447],[77.56228,13.06913],[77.56048,13.06878],[77.55993,13.06543],[77.55861,13.06365],[77.55539,13.06357],[77.55517,13.06303],[77.55221,13.06385]]]}},{"type":"Feature","properties":{"name":"Dodda Bommasandra","inScope":false},"geometry":{"type":"MultiLineString","coordinates":[[[77.56371,13.06852],[77.56572,13.06454],[77.56635,13.06452],[77.56613,13.06392],[77.56853,13.06289],[77.56749,13.06265],[77.56655,13.06098],[77.56931,13.05926],[77.5696,13.05771],[77.57054,13.0568],[77.56096,13.04],[77.5571,13.04267],[77.55666,13.04523],[77.55382,13.04958],[77.55101,13.05321],[77.54799,13.05565],[77.54816,13.05933],[77.54932,13.06252],[77.55134,13.06217],[77.55221,13.06385],[77.55517,13.06303],[77.55539,13.06357],[77.55861,13.06365],[77.55993,13.06543],[77.56051,13.06882],[77.56371,13.06852]]]}},{"type":"Feature","properties":{"name":"Amrutahalli","inScope":false},"geometry":{"type":"MultiLineString","coordinates":[[[77.59765,13.05804],[77.59345,13.05843],[77.59271,13.07344],[77.60409,13.0726],[77.60344,13.06878],[77.60426,13.06848],[77.60389,13.06449],[77.60799,13.06474],[77.60943,13.06417],[77.60922,13.06308],[77.61309,13.06116],[77.61619,13.05461],[77.61862,13.05434],[77.61789,13.05141],[77.60827,13.05406],[77.60779,13.0513],[77.60621,13.05263],[77.59932,13.05475],[77.59958,13.05698],[77.59765,13.05804]]]}},{"type":"Feature","properties":{"name":"Vishwanath Nagenahalli","inScope":false},"geometry":{"type":"MultiLineString","coordinates":[[[77.6082,13.03235],[77.60477,13.03274],[77.60483,13.03597],[77.60163,13.03705],[77.59925,13.03623],[77.59943,13.03397],[77.59877,13.03415],[77.59867,13.03315],[77.59646,13.03241],[77.59726,13.03621],[77.59657,13.03635],[77.5966,13.0381],[77.59449,13.03855],[77.59503,13.04127],[77.60673,13.04094],[77.60884,13.04017],[77.61028,13.03821],[77.60863,13.03224],[77.6082,13.03235]]]}},{"type":"Feature","properties":{"name":"Rajiv Nagar","inScope":false},"geometry":{"type":"MultiLineString","coordinates":[[[77.54241,13.02344],[77.54426,13.02637],[77.55105,13.0226],[77.55279,13.01988],[77.5471,13.01734],[77.54697,13.01434],[77.54481,13.01337],[77.5452,13.01256],[77.54278,13.01187],[77.54023,13.01254],[77.53794,13.01156],[77.53743,13.01236],[77.53852,13.01378],[77.53719,13.01431],[77.5362,13.01397],[77.53718,13.01762],[77.53808,13.02],[77.53981,13.01904],[77.54241,13.02344]]]}},{"type":"Feature","properties":{"name":"Jakkuru","inScope":false},"geometry":{"type":"MultiLineString","coordinates":[[[77.63136,13.07787],[77.63376,13.07654],[77.63376,13.07705],[77.63682,13.07548],[77.63949,13.07494],[77.63953,13.06969],[77.63823,13.062],[77.63807,13.05354],[77.63558,13.05712],[77.62457,13.06671],[77.6218,13.06336],[77.62011,13.06292],[77.61601,13.06259],[77.61509,13.06568],[77.61437,13.06555],[77.61322,13.06767],[77.6116,13.06793],[77.61157,13.06559],[77.60964,13.06568],[77.60943,13.06417],[77.60776,13.0648],[77.60389,13.06449],[77.60426,13.06848],[77.60344,13.06878],[77.60409,13.0726],[77.59271,13.07344],[77.59397,13.08738],[77.60214,13.08591],[77.60804,13.08837],[77.60598,13.09345],[77.60602,13.09406],[77.60753,13.09442],[77.60812,13.09435],[77.61286,13.0865],[77.61816,13.08821],[77.62174,13.08863],[77.62383,13.088],[77.62369,13.08299],[77.62327,13.08289],[77.62507,13.08229],[77.62499,13.0814],[77.6273,13.07961],[77.63136,13.07787]]]}},{"type":"Feature","properties":{"name":"K R Puram","inScope":false},"geometry":{"type":"MultiLineString","coordinates":[[[77.70163,13.0078],[77.70153,13.00728],[77.70089,13.00748],[77.70049,13.00607],[77.69585,13.00835],[77.692,13.00805],[77.68951,13.00743],[77.68505,13.00509],[77.68223,13.00979],[77.68067,13.01118],[77.68265,13.01127],[77.68265,13.01402],[77.68511,13.01461],[77.68608,13.01559],[77.69253,13.01629],[77.69296,13.01555],[77.69537,13.01615],[77.69689,13.01846],[77.69704,13.01981],[77.6958,13.01995],[77.69568,13.02105],[77.69206,13.02266],[77.69211,13.02411],[77.69094,13.02389],[77.6944,13.02672],[77.7017,13.02744],[77.70127,13.02497],[77.70596,13.02629],[77.708,13.02588],[77.7072,13.02443],[77.70837,13.02386],[77.70843,13.02248],[77.70963,13.02235],[77.70945,13.01992],[77.71359,13.02243],[77.71504,13.02112],[77.71206,13.01801],[77.71085,13.01437],[77.70959,13.0141],[77.70985,13.00971],[77.70224,13.01054],[77.70163,13.0078]]]}},{"type":"Feature","properties":{"name":"Basavanapura","inScope":false},"geometry":{"type":"MultiLineString","coordinates":[[[77.70713,13.00431],[77.70587,12.99931],[77.69941,12.99979],[77.69935,13.0005],[77.69995,13.00552],[77.70089,13.00748],[77.70153,13.00728],[77.70224,13.01054],[77.70985,13.00971],[77.70959,13.0141],[77.71085,13.01437],[77.71206,13.01801],[77.71504,13.02112],[77.71359,13.02243],[77.70945,13.01992],[77.70963,13.02235],[77.70843,13.02248],[77.70837,13.02386],[77.7072,13.02443],[77.70797,13.02583],[77.70924,13.02527],[77.71071,13.02614],[77.71508,13.03199],[77.71739,13.03156],[77.71737,13.03292],[77.72152,13.03412],[77.72407,13.03332],[77.72423,13.0323],[77.72488,13.03203],[77.72517,13.02579],[77.7299,13.01969],[77.72801,13.01048],[77.7197,13.01009],[77.71829,13.00455],[77.70713,13.00431]]]}},{"type":"Feature","properties":{"name":"Byrathi","inScope":false},"geometry":{"type":"MultiLineString","coordinates":[[[77.68793,13.02213],[77.68383,13.0229],[77.68315,13.02764],[77.68369,13.03321],[77.68688,13.03348],[77.69086,13.03256],[77.6944,13.02672],[77.68859,13.02198],[77.68793,13.02213]],[[77.65535,13.05604],[77.65553,13.05266],[77.65485,13.04889],[77.65512,13.04808],[77.6561,13.0481],[77.65614,13.04684],[77.65287,13.04656],[77.64744,13.04806],[77.64705,13.04951],[77.64802,13.05092],[77.64725,13.05273],[77.64691,13.05727],[77.64889,13.05771],[77.64907,13.05883],[77.65161,13.0587],[77.65196,13.06075],[77.65117,13.07479],[77.64967,13.08124],[77.65476,13.08197],[77.65647,13.07386],[77.65652,13.06782],[77.65535,13.05604]],[[77.67866,13.05383],[77.67838,13.05235],[77.67565,13.05255],[77.67378,13.05079],[77.67156,13.05124],[77.67002,13.0501],[77.66782,13.04993],[77.66425,13.05081],[77.66526,13.05478],[77.6656,13.06064],[77.66715,13.06395],[77.67005,13.06596],[77.67509,13.06484],[77.67717,13.06496],[77.67684,13.06291],[77.67899,13.06286],[77.6795,13.06195],[77.67896,13.05782],[77.67943,13.05577],[77.67866,13.05383]],[[77.70809,12.99887],[77.70587,12.99931],[77.70713,13.00431],[77.71829,13.00455],[77.7197,13.01009],[77.73141,13.01082],[77.73389,13.01012],[77.73567,13.01093],[77.73623,13.01076],[77.7361,13.00749],[77.74077,13.00813],[77.74099,13.00715],[77.74556,13.00712],[77.74925,13.00611],[77.75036,13.00655],[77.7536,13.00451],[77.75511,13.00529],[77.75701,13.00414],[77.75852,12.9966],[77.74287,12.99864],[77.72331,12.9954],[77.70809,12.99887]]]}},{"type":"Feature","properties":{"name":"Kadugodi","inScope":false},"geometry":{"type":"MultiLineString","coordinates":[[[77.75709,12.95911],[77.75452,12.95811],[77.7541,12.96028],[77.75502,12.96443],[77.75656,12.96559],[77.75587,12.96677],[77.75603,12.9685],[77.7622,12.96676],[77.7642,12.9672],[77.7633,12.9673],[77.76368,12.97012],[77.76252,12.97221],[77.7653,12.97944],[77.75765,12.97967],[77.75817,12.98245],[77.7525,12.98379],[77.7549,12.98973],[77.75739,12.99306],[77.75851,12.99652],[77.75824,12.9983],[77.75701,13.00414],[77.75511,13.00529],[77.7536,13.00451],[77.75094,13.00644],[77.74925,13.00611],[77.74717,13.00673],[77.74693,13.01044],[77.74797,13.01262],[77.75269,13.01066],[77.75478,13.00881],[77.75547,13.01032],[77.7594,13.00779],[77.75941,13.0059],[77.76076,13.00491],[77.76211,13.00503],[77.76347,13.00285],[77.76412,13.00408],[77.7687,13.00269],[77.76966,13.00591],[77.76978,13.00937],[77.77151,13.0151],[77.77311,13.01464],[77.77343,13.01348],[77.77444,13.01339],[77.77385,13.01246],[77.774,13.01065],[77.77328,13.01018],[77.77341,13.00626],[77.77589,13.0057],[77.7755,13.00333],[77.77246,13.00259],[77.77499,13.00086],[77.77511,12.99705],[77.77418,12.992],[77.77611,12.99153],[77.7765,12.98832],[77.77594,12.98829],[77.7759,12.98639],[77.77715,12.98516],[77.77472,12.98052],[77.77716,12.9785],[77.77843,12.97856],[77.77883,12.97716],[77.77824,12.97622],[77.77698,12.97641],[77.77616,12.97497],[77.77924,12.97224],[77.77867,12.97048],[77.78365,12.97062],[77.78436,12.96856],[77.78418,12.96679],[77.78185,12.96613],[77.78054,12.96712],[77.7786,12.96676],[77.77866,12.96772],[77.77745,12.96822],[77.77459,12.96651],[77.77198,12.96592],[77.77018,12.96285],[77.76573,12.96418],[77.76102,12.96195],[77.75709,12.95911]]]}},{"type":"Feature","properties":{"name":"Devara Jeevanahalli","inScope":false},"geometry":{"type":"MultiLineString","coordinates":[[[77.60599,13.01969],[77.60783,13.01952],[77.60765,13.01648],[77.6085,13.01624],[77.60853,13.0151],[77.60919,13.01509],[77.61001,13.01289],[77.60951,13.01093],[77.604,13.01236],[77.60302,13.0132],[77.60281,13.01265],[77.60163,13.01282],[77.6023,13.01494],[77.60366,13.01649],[77.60329,13.01712],[77.60466,13.01751],[77.60454,13.01998],[77.60599,13.01969]]]}},{"type":"Feature","properties":{"name":"S K Garden","inScope":false},"geometry":{"type":"MultiLineString","coordinates":[[[77.61218,13.00308],[77.6121,13.00189],[77.6109,13.00189],[77.60428,13.00432],[77.60387,13.00353],[77.60524,13.00667],[77.59539,13.01138],[77.60094,13.02299],[77.6048,13.02146],[77.60402,13.02007],[77.60497,13.01906],[77.60466,13.01751],[77.60329,13.01712],[77.60366,13.01649],[77.6023,13.01494],[77.60163,13.01282],[77.60281,13.01265],[77.60302,13.0132],[77.604,13.01236],[77.61335,13.00969],[77.61218,13.00308]]]}},{"type":"Feature","properties":{"name":"Laxmidevi Nagar","inScope":false},"geometry":{"type":"MultiLineString","coordinates":[[[77.53537,13.02721],[77.53722,13.03041],[77.54426,13.02637],[77.53981,13.01904],[77.53523,13.02162],[77.53263,13.02215],[77.53065,13.01467],[77.52764,13.01068],[77.52664,13.01184],[77.52676,13.01286],[77.52835,13.01544],[77.52743,13.01561],[77.52757,13.01749],[77.52668,13.01747],[77.52534,13.02051],[77.52679,13.02152],[77.52846,13.021],[77.53108,13.02669],[77.53411,13.02499],[77.53537,13.02721]]]}},{"type":"Feature","properties":{"name":"Chowdeshwari Nagar","inScope":false},"geometry":{"type":"MultiLineString","coordinates":[[[77.52173,12.99877],[77.52177,12.99989],[77.52076,13.00007],[77.52137,13.00351],[77.52017,13.00338],[77.51989,13.00232],[77.51798,13.00227],[77.5173,13.0082],[77.52676,13.0066],[77.52682,13.00892],[77.52774,13.01062],[77.52868,13.00902],[77.5303,13.00881],[77.53046,13.0083],[77.52898,13.00342],[77.52918,13.00228],[77.52783,13.00136],[77.5282,12.99909],[77.5217,12.99757],[77.52173,12.99877]]]}},{"type":"Feature","properties":{"name":"Laggere","inScope":false},"geometry":{"type":"MultiLineString","coordinates":[[[77.51833,13.00795],[77.5173,13.00822],[77.51914,13.01051],[77.51855,13.01267],[77.52302,13.01291],[77.52199,13.01824],[77.52534,13.02051],[77.52668,13.01747],[77.52757,13.01749],[77.52743,13.01561],[77.52835,13.01544],[77.52676,13.01286],[77.52664,13.01184],[77.5277,13.01064],[77.52682,13.00892],[77.52676,13.0066],[77.51833,13.00795]]]}},{"type":"Feature","properties":{"name":"Dr. Puneet Rajkumar","inScope":false},"geometry":{"type":"MultiLineString","coordinates":[[[77.53211,13.01986],[77.53263,13.02215],[77.53523,13.02162],[77.53808,13.02],[77.5362,13.01397],[77.53719,13.01431],[77.53852,13.01378],[77.53743,13.01236],[77.5379,13.01102],[77.53707,13.01034],[77.53617,13.01051],[77.53491,13.00834],[77.53416,13.00871],[77.53317,13.00803],[77.53143,13.00883],[77.53051,13.0109],[77.52918,13.01151],[77.52907,13.01215],[77.53065,13.01467],[77.53211,13.01986]]]}},{"type":"Feature","properties":{"name":"Nagapura","inScope":false},"geometry":{"type":"MultiLineString","coordinates":[[[77.55238,12.99802],[77.54506,12.99749],[77.54022,12.99978],[77.53577,13.0008],[77.5407,13.00245],[77.54167,13.00863],[77.54675,13.00801],[77.54724,13.01058],[77.54646,13.01077],[77.5468,13.01301],[77.54751,13.01299],[77.54842,13.01491],[77.54725,13.01577],[77.5471,13.01734],[77.55279,13.01988],[77.5541,13.01566],[77.55449,13.00807],[77.5527,12.99936],[77.55308,12.99818],[77.55238,12.99802]]]}},{"type":"Feature","properties":{"name":"Mahalakshmipuram","inScope":false},"geometry":{"type":"MultiLineString","coordinates":[[[77.54094,13.00442],[77.5407,13.00245],[77.53662,13.00123],[77.53609,13.00283],[77.53287,13.00562],[77.53498,13.00751],[77.53567,13.00705],[77.53613,13.00753],[77.53748,13.00647],[77.53786,13.0067],[77.53741,13.00703],[77.53903,13.00673],[77.53987,13.01247],[77.54143,13.01258],[77.54278,13.01187],[77.5452,13.01256],[77.54481,13.01337],[77.54697,13.01434],[77.54725,13.01577],[77.54842,13.01491],[77.54751,13.01299],[77.5468,13.01301],[77.54646,13.01077],[77.54724,13.01058],[77.54675,13.00801],[77.54167,13.00863],[77.54094,13.00442]]]}},{"type":"Feature","properties":{"name":"Nalvadi Krishna Raja Wadiyar","inScope":false},"geometry":{"type":"MultiLineString","coordinates":[[[77.5357,13.00101],[77.52845,12.99886],[77.52781,12.99941],[77.52783,13.00136],[77.52918,13.00228],[77.52898,13.00342],[77.53046,13.00808],[77.5303,13.00881],[77.52868,13.00902],[77.52764,13.01068],[77.52907,13.01215],[77.52918,13.01151],[77.53051,13.0109],[77.53143,13.00883],[77.53317,13.00803],[77.53416,13.00871],[77.53491,13.00834],[77.53617,13.01051],[77.53734,13.01043],[77.53794,13.01156],[77.5402,13.01229],[77.53918,13.01015],[77.53903,13.00673],[77.53741,13.00703],[77.53786,13.0067],[77.53748,13.00647],[77.53613,13.00753],[77.53567,13.00705],[77.53498,13.00751],[77.53287,13.00562],[77.53609,13.00283],[77.53662,13.00123],[77.5357,13.00101]]]}},{"type":"Feature","properties":{"name":"Benniganahalli","inScope":false},"geometry":{"type":"MultiLineString","coordinates":[[[77.64593,12.99368],[77.64499,12.99668],[77.64056,13.00349],[77.63849,13.00459],[77.63671,13.00428],[77.63807,13.00544],[77.64553,13.00639],[77.6467,13.00799],[77.64974,13.00746],[77.65157,13.00669],[77.65126,13.00608],[77.65288,13.00582],[77.65813,13.01045],[77.6623,13.01239],[77.66407,12.99748],[77.65423,12.99189],[77.65129,12.9909],[77.64742,12.99112],[77.64593,12.99368]]]}},{"type":"Feature","properties":{"name":"C V Raman Nagar","inScope":false},"geometry":{"type":"MultiLineString","coordinates":[[[77.65837,12.98139],[77.65272,12.97905],[77.65056,12.98159],[77.64793,12.98685],[77.64243,12.98474],[77.64333,12.99162],[77.64674,12.99089],[77.65129,12.9909],[77.65423,12.99189],[77.66279,12.99675],[77.66553,12.99238],[77.66836,12.99019],[77.66741,12.98867],[77.66797,12.98549],[77.66689,12.98505],[77.66621,12.98209],[77.66439,12.98267],[77.664,12.98369],[77.66228,12.98318],[77.66016,12.98406],[77.65869,12.98319],[77.65837,12.98139]]]}},{"type":"Feature","properties":{"name":"Chikkalsandra","inScope":false},"geometry":{"type":"MultiLineString","coordinates":[[[77.54045,12.91807],[77.53931,12.91752],[77.53836,12.91809],[77.53889,12.92026],[77.54004,12.91999],[77.54047,12.92168],[77.54296,12.92071],[77.54432,12.92604],[77.54479,12.92586],[77.54623,12.92807],[77.55206,12.92436],[77.55013,12.92063],[77.54983,12.9179],[77.55056,12.91773],[77.5506,12.91578],[77.54804,12.91649],[77.54862,12.91803],[77.54476,12.91829],[77.5447,12.91752],[77.54317,12.91764],[77.54186,12.91881],[77.54045,12.91807]]]}},{"type":"Feature","properties":{"name":"HSR Layout","inScope":true},"geometry":{"type":"MultiLineString","coordinates":[[[77.63834,12.91983],[77.63992,12.92383],[77.64137,12.92338],[77.64489,12.92442],[77.64886,12.92469],[77.65174,12.92422],[77.65156,12.9197],[77.64916,12.91948],[77.64924,12.90873],[77.65179,12.90853],[77.65035,12.90373],[77.64868,12.90352],[77.63893,12.90573],[77.63507,12.90733],[77.62931,12.9063],[77.62265,12.91728],[77.62564,12.91765],[77.62851,12.9168],[77.63817,12.91595],[77.63834,12.91983]]]}},{"type":"Feature","properties":{"name":"Mangammanapalya","inScope":true},"geometry":{"type":"MultiLineString","coordinates":[[[77.64298,12.89429],[77.63804,12.89216],[77.62931,12.9063],[77.63507,12.90733],[77.64119,12.90541],[77.64097,12.90422],[77.64363,12.9025],[77.64342,12.90067],[77.64547,12.90029],[77.64488,12.89426],[77.64298,12.89429]]]}},{"type":"Feature","properties":{"name":"Begur","inScope":false},"geometry":{"type":"MultiLineString","coordinates":[[[77.64045,12.87234],[77.65333,12.86954],[77.65102,12.86476],[77.64847,12.86223],[77.65749,12.85832],[77.65755,12.8572],[77.65638,12.857],[77.65551,12.85553],[77.65491,12.85619],[77.65034,12.85439],[77.65028,12.85218],[77.64962,12.85293],[77.64931,12.85213],[77.64773,12.85186],[77.64759,12.85235],[77.64575,12.8517],[77.64491,12.85216],[77.64288,12.85121],[77.64284,12.85943],[77.64133,12.86505],[77.63884,12.86491],[77.63845,12.86331],[77.63524,12.86296],[77.63425,12.86192],[77.63224,12.86125],[77.62868,12.86655],[77.62517,12.87347],[77.62366,12.87356],[77.62428,12.87582],[77.62479,12.87588],[77.62472,12.87726],[77.62575,12.87706],[77.62552,12.87785],[77.6247,12.87843],[77.62458,12.88092],[77.62332,12.88127],[77.62338,12.8825],[77.6221,12.88361],[77.6219,12.88629],[77.61866,12.88647],[77.61931,12.88821],[77.6199,12.88887],[77.62147,12.88886],[77.62858,12.88809],[77.62861,12.89013],[77.63022,12.89276],[77.6328,12.89241],[77.63287,12.88941],[77.63147,12.88926],[77.63233,12.8861],[77.6352,12.88638],[77.63517,12.88782],[77.63893,12.88522],[77.63825,12.8837],[77.63756,12.8837],[77.63696,12.87996],[77.6397,12.87602],[77.64045,12.87234]]]}},{"type":"Feature","properties":{"name":"Suddagunte Palya","inScope":false},"geometry":{"type":"MultiLineString","coordinates":[[[77.61556,12.9265],[77.61457,12.92348],[77.61405,12.9234],[77.61026,12.92489],[77.60793,12.92482],[77.60619,12.92562],[77.60494,12.92514],[77.60436,12.92731],[77.60492,12.92804],[77.60329,12.92799],[77.60043,12.92661],[77.60169,12.93706],[77.60651,12.93642],[77.61042,12.93424],[77.61367,12.9317],[77.61606,12.92783],[77.61556,12.9265]]]}},{"type":"Feature","properties":{"name":"Kalena Agrahara","inScope":false},"geometry":{"type":"MultiLineString","coordinates":[[[77.60917,12.85118],[77.60932,12.84605],[77.60719,12.84748],[77.60455,12.84824],[77.6002,12.84794],[77.59562,12.84916],[77.59452,12.84633],[77.59385,12.84045],[77.59154,12.83451],[77.59054,12.83491],[77.59054,12.83554],[77.58956,12.83545],[77.58708,12.83363],[77.58243,12.8369],[77.57879,12.83827],[77.58162,12.84074],[77.58188,12.84264],[77.58326,12.84442],[77.58471,12.84426],[77.58669,12.84214],[77.58857,12.84146],[77.58831,12.84901],[77.58885,12.84873],[77.58942,12.85008],[77.59039,12.85049],[77.59402,12.86056],[77.59403,12.86188],[77.59052,12.86236],[77.59426,12.87315],[77.59611,12.87268],[77.59806,12.86677],[77.59954,12.86632],[77.60263,12.86665],[77.60351,12.86466],[77.60429,12.86478],[77.6052,12.86812],[77.60643,12.86991],[77.60714,12.86993],[77.60802,12.86967],[77.60838,12.867],[77.61027,12.86688],[77.61033,12.86752],[77.61111,12.86742],[77.61146,12.86614],[77.6128,12.86541],[77.61358,12.8713],[77.61499,12.87113],[77.61528,12.87162],[77.61492,12.87626],[77.61769,12.87639],[77.61871,12.88123],[77.61762,12.88169],[77.61785,12.88475],[77.61866,12.88647],[77.6219,12.88629],[77.6221,12.88361],[77.62338,12.8825],[77.62332,12.88127],[77.62458,12.88092],[77.6247,12.87843],[77.62575,12.87706],[77.62472,12.87726],[77.62479,12.87588],[77.62428,12.87582],[77.62366,12.87356],[77.62517,12.87347],[77.62868,12.86655],[77.63224,12.86125],[77.63064,12.85993],[77.63039,12.85858],[77.62906,12.85691],[77.61904,12.85814],[77.61891,12.85759],[77.61679,12.85757],[77.6164,12.85583],[77.61436,12.85425],[77.6127,12.85165],[77.60917,12.85118]]]}},{"type":"Feature","properties":{"name":"BTM Layout","inScope":true},"geometry":{"type":"MultiLineString","coordinates":[[[77.6015,12.90857],[77.60022,12.90858],[77.59993,12.9117],[77.60103,12.91184],[77.60683,12.91172],[77.60687,12.9111],[77.60827,12.91112],[77.60802,12.90942],[77.6102,12.90913],[77.61005,12.914],[77.61084,12.91436],[77.61392,12.91391],[77.6138,12.91244],[77.61487,12.91228],[77.61455,12.91076],[77.61552,12.91047],[77.61264,12.90461],[77.60931,12.90503],[77.60839,12.9059],[77.60385,12.90581],[77.60402,12.9087],[77.6015,12.90857]]]}},{"type":"Feature","properties":{"name":"Someswara Temple Ward","inScope":true},"geometry":{"type":"MultiLineString","coordinates":[[[77.61619,12.91359],[77.61552,12.91047],[77.61455,12.91076],[77.61487,12.91228],[77.6138,12.91244],[77.61392,12.91391],[77.61239,12.91444],[77.61005,12.914],[77.6102,12.90913],[77.60802,12.90942],[77.60827,12.91112],[77.60687,12.9111],[77.60683,12.91172],[77.59993,12.9117],[77.59999,12.91673],[77.60723,12.91655],[77.60803,12.92003],[77.60882,12.91984],[77.60915,12.92152],[77.61074,12.92092],[77.61029,12.91975],[77.61536,12.91943],[77.61707,12.91936],[77.61832,12.92109],[77.62136,12.91924],[77.62264,12.9173],[77.62215,12.91447],[77.62091,12.91363],[77.62146,12.91321],[77.62104,12.9127],[77.61957,12.91254],[77.61656,12.91532],[77.61619,12.91359]]]}},{"type":"Feature","properties":{"name":"Madivala","inScope":true},"geometry":{"type":"MultiLineString","coordinates":[[[77.60805,12.92005],[77.6089,12.92271],[77.60853,12.92482],[77.61026,12.92489],[77.61457,12.92348],[77.61606,12.92783],[77.62136,12.91924],[77.61832,12.92109],[77.61707,12.91936],[77.61029,12.91975],[77.61074,12.92092],[77.60926,12.92152],[77.60882,12.91984],[77.60805,12.92005]]]}},{"type":"Feature","properties":{"name":"J P Nagar","inScope":false},"geometry":{"type":"MultiLineString","coordinates":[[[77.6005,12.90724],[77.60185,12.90513],[77.60146,12.90351],[77.59894,12.9035],[77.59947,12.9011],[77.59664,12.90246],[77.59399,12.90266],[77.59326,12.91014],[77.59133,12.91025],[77.59162,12.91685],[77.5858,12.91701],[77.58587,12.92166],[77.59342,12.92158],[77.59258,12.91893],[77.59331,12.91892],[77.59325,12.91681],[77.59999,12.91673],[77.6005,12.90724]]]}},{"type":"Feature","properties":{"name":"Dr. Raj Kumar Agrahara Dasarahalli","inScope":false},"geometry":{"type":"MultiLineString","coordinates":[[[77.54836,12.97507],[77.54556,12.97763],[77.54108,12.97883],[77.5413,12.98156],[77.5386,12.98206],[77.53826,12.98309],[77.54037,12.983],[77.54034,12.98665],[77.54404,12.98523],[77.54908,12.98442],[77.54902,12.98081],[77.55385,12.98062],[77.55374,12.97984],[77.55527,12.98012],[77.55455,12.97733],[77.55516,12.97703],[77.55449,12.97557],[77.55296,12.97537],[77.55047,12.97369],[77.54836,12.97507]]]}},{"type":"Feature","properties":{"name":"Marenahalli","inScope":false},"geometry":{"type":"MultiLineString","coordinates":[[[77.52764,12.97544],[77.52756,12.9763],[77.52455,12.97641],[77.52454,12.97692],[77.52679,12.97799],[77.53122,12.97786],[77.53128,12.9784],[77.53376,12.97792],[77.53314,12.97591],[77.53747,12.97567],[77.53682,12.97362],[77.53859,12.9729],[77.53618,12.96748],[77.52983,12.96894],[77.52968,12.96816],[77.52866,12.96819],[77.52879,12.96984],[77.5278,12.97044],[77.52891,12.97511],[77.52764,12.97544]]]}},{"type":"Feature","properties":{"name":"Gavi Gangadhareshwara","inScope":false},"geometry":{"type":"MultiLineString","coordinates":[[[77.55728,12.95106],[77.55565,12.95166],[77.55653,12.95326],[77.56169,12.95337],[77.56227,12.95036],[77.5615,12.94926],[77.56424,12.94852],[77.56426,12.94419],[77.56118,12.94413],[77.56114,12.94476],[77.5557,12.94429],[77.55571,12.94538],[77.55305,12.94585],[77.55294,12.94711],[77.55424,12.9472],[77.55443,12.94834],[77.55277,12.95056],[77.55395,12.95073],[77.5548,12.94979],[77.55499,12.95056],[77.55677,12.94997],[77.55807,12.95014],[77.55728,12.95106]]]}},{"type":"Feature","properties":{"name":"Maruthi Mandir ward","inScope":false},"geometry":{"type":"MultiLineString","coordinates":[[[77.52797,12.96479],[77.52686,12.96466],[77.52682,12.96531],[77.52566,12.96589],[77.52348,12.96623],[77.525,12.97078],[77.5253,12.97264],[77.52456,12.97279],[77.52501,12.97437],[77.52518,12.97491],[77.52649,12.97476],[77.52656,12.97626],[77.52756,12.9763],[77.52755,12.9754],[77.52891,12.97511],[77.5278,12.97044],[77.52879,12.96984],[77.52866,12.96819],[77.52968,12.96816],[77.52983,12.96894],[77.53618,12.96748],[77.53469,12.96438],[77.52797,12.96479]]]}},{"type":"Feature","properties":{"name":"Chandralayout","inScope":false},"geometry":{"type":"MultiLineString","coordinates":[[[77.52703,12.95118],[77.5269,12.95044],[77.52497,12.95073],[77.52506,12.94932],[77.52451,12.94937],[77.52393,12.94772],[77.52001,12.95293],[77.51879,12.9582],[77.51932,12.95966],[77.52527,12.95873],[77.52841,12.95708],[77.52703,12.95118]]]}},{"type":"Feature","properties":{"name":"Nayandahalli","inScope":false},"geometry":{"type":"MultiLineString","coordinates":[[[77.52112,12.93771],[77.51896,12.9365],[77.51383,12.93579],[77.51275,12.93828],[77.5146,12.93968],[77.51466,12.94206],[77.51562,12.94217],[77.51625,12.94409],[77.51878,12.94306],[77.5183,12.94407],[77.51859,12.94594],[77.52046,12.94561],[77.52137,12.94455],[77.52213,12.94984],[77.52393,12.94772],[77.52451,12.94937],[77.52506,12.94932],[77.52497,12.95073],[77.5269,12.95044],[77.52638,12.94581],[77.52802,12.94532],[77.5232,12.93929],[77.52112,12.93771]]]}},{"type":"Feature","properties":{"name":"Kamakshipalya","inScope":false},"geometry":{"type":"MultiLineString","coordinates":[[[77.53723,12.9855],[77.53679,12.98065],[77.5314,12.98211],[77.53036,12.98336],[77.52874,12.98383],[77.52911,12.98617],[77.53133,12.99],[77.53165,12.99258],[77.54286,12.99098],[77.54203,12.98584],[77.53751,12.98792],[77.53723,12.9855]]]}},{"type":"Feature","properties":{"name":"Dodda Ganapati","inScope":false},"geometry":{"type":"MultiLineString","coordinates":[[[77.56225,12.93673],[77.56064,12.9353],[77.55794,12.93764],[77.55499,12.93843],[77.55498,12.94181],[77.5527,12.94194],[77.55294,12.94381],[77.56114,12.94476],[77.56118,12.94413],[77.56426,12.94419],[77.5643,12.94174],[77.5651,12.94175],[77.56397,12.9393],[77.56591,12.93933],[77.56783,12.9436],[77.57378,12.94368],[77.57382,12.93477],[77.57012,12.93551],[77.57026,12.93694],[77.56557,12.93685],[77.56502,12.93562],[77.56362,12.93588],[77.56384,12.93664],[77.5626,12.93716],[77.56225,12.93673]]]}},{"type":"Feature","properties":{"name":"Vidyapeeta ward","inScope":false},"geometry":{"type":"MultiLineString","coordinates":[[[77.56748,12.93191],[77.56668,12.92995],[77.56253,12.93071],[77.56097,12.92999],[77.55929,12.93178],[77.56036,12.93454],[77.55603,12.93237],[77.55605,12.93362],[77.55516,12.93396],[77.5568,12.93812],[77.56064,12.9353],[77.5626,12.93716],[77.56384,12.93664],[77.56362,12.93588],[77.56486,12.93562],[77.56557,12.93685],[77.57026,12.93694],[77.57012,12.93551],[77.57169,12.93524],[77.57151,12.93337],[77.56815,12.93374],[77.56748,12.93191]]]}},{"type":"Feature","properties":{"name":"Swamy Vivekananda","inScope":false},"geometry":{"type":"MultiLineString","coordinates":[[[77.55073,12.93484],[77.55034,12.93416],[77.54855,12.93572],[77.54687,12.93459],[77.54439,12.93588],[77.54458,12.93725],[77.53934,12.93791],[77.53865,12.94352],[77.5448,12.94319],[77.54873,12.94227],[77.54915,12.9408],[77.55106,12.93984],[77.55077,12.93876],[77.5521,12.93893],[77.55263,12.94194],[77.55498,12.94181],[77.55499,12.93843],[77.5568,12.93812],[77.55516,12.93396],[77.55605,12.93362],[77.55566,12.93251],[77.55268,12.93328],[77.55073,12.93484]]]}},{"type":"Feature","properties":{"name":"Katriguppe","inScope":false},"geometry":{"type":"MultiLineString","coordinates":[[[77.55547,12.92578],[77.55447,12.92359],[77.55144,12.9246],[77.53925,12.93366],[77.54069,12.93792],[77.54458,12.93725],[77.54439,12.93588],[77.54687,12.93459],[77.54855,12.93572],[77.55034,12.93416],[77.551,12.93482],[77.55268,12.93328],[77.55603,12.93237],[77.56036,12.93454],[77.55929,12.93178],[77.56097,12.92999],[77.55547,12.92578]]]}},{"type":"Feature","properties":{"name":"Srinagar","inScope":false},"geometry":{"type":"MultiLineString","coordinates":[[[77.55234,12.93992],[77.5521,12.93893],[77.55077,12.93876],[77.55106,12.93984],[77.54988,12.9401],[77.55001,12.94063],[77.54855,12.94155],[77.54873,12.94227],[77.55,12.94215],[77.55029,12.94283],[77.54945,12.94505],[77.55007,12.95019],[77.5493,12.95133],[77.5495,12.95228],[77.55158,12.95207],[77.55443,12.94834],[77.55424,12.9472],[77.55294,12.94711],[77.55305,12.94585],[77.55571,12.94538],[77.5557,12.94429],[77.55294,12.94381],[77.55234,12.93992]]]}},{"type":"Feature","properties":{"name":"Shakambari Nagar","inScope":false},"geometry":{"type":"MultiLineString","coordinates":[[[77.58431,12.91051],[77.57291,12.91143],[77.57351,12.91783],[77.5744,12.92084],[77.57356,12.92103],[77.57359,12.92356],[77.5797,12.92344],[77.57962,12.93305],[77.58944,12.9325],[77.58797,12.93051],[77.58391,12.93075],[77.58385,12.92864],[77.58727,12.92854],[77.58955,12.92709],[77.58954,12.92489],[77.59152,12.92487],[77.59151,12.92161],[77.58587,12.92166],[77.5857,12.91048],[77.58431,12.91051]]]}},{"type":"Feature","properties":{"name":"Gurappanapalya","inScope":false},"geometry":{"type":"MultiLineString","coordinates":[[[77.59538,12.92049],[77.59341,12.92052],[77.59342,12.92158],[77.59151,12.92161],[77.59154,12.92704],[77.59713,12.92689],[77.59706,12.92448],[77.60214,12.9239],[77.60197,12.92262],[77.60391,12.92261],[77.60407,12.92425],[77.60284,12.9247],[77.603,12.92602],[77.60112,12.92663],[77.60329,12.92799],[77.60492,12.92804],[77.60436,12.92731],[77.60494,12.92514],[77.60619,12.92562],[77.60789,12.92483],[77.60729,12.92297],[77.6065,12.92319],[77.60575,12.92059],[77.60281,12.92141],[77.60011,12.9205],[77.59538,12.92049]]]}},{"type":"Feature","properties":{"name":"Byrasandra","inScope":false},"geometry":{"type":"MultiLineString","coordinates":[[[77.60391,12.92261],[77.60197,12.92262],[77.60214,12.9239],[77.59706,12.92448],[77.59713,12.92689],[77.59154,12.92704],[77.59152,12.92487],[77.58954,12.92489],[77.5891,12.92759],[77.58711,12.92859],[77.58385,12.92864],[77.58391,12.93075],[77.58797,12.93051],[77.58944,12.9325],[77.58484,12.93289],[77.58491,12.93663],[77.58627,12.9364],[77.5878,12.93516],[77.58913,12.93581],[77.58994,12.9355],[77.59012,12.93632],[77.59104,12.93667],[77.5927,12.93621],[77.5925,12.92847],[77.6005,12.92829],[77.60043,12.92661],[77.603,12.92602],[77.60284,12.9247],[77.60407,12.92425],[77.60391,12.92261]]]}},{"type":"Feature","properties":{"name":"Shivanagara","inScope":false},"geometry":{"type":"MultiLineString","coordinates":[[[77.55395,12.98157],[77.55385,12.98062],[77.54902,12.98081],[77.54908,12.98442],[77.54517,12.98501],[77.54562,12.98927],[77.54924,12.98808],[77.54944,12.98876],[77.54831,12.98984],[77.54846,12.99153],[77.54771,12.99138],[77.54782,12.99343],[77.55108,12.99346],[77.55064,12.99009],[77.55605,12.98986],[77.55588,12.98587],[77.55425,12.98593],[77.55395,12.98157]]]}},{"type":"Feature","properties":{"name":"Rajaji Nagar","inScope":false},"geometry":{"type":"MultiLineString","coordinates":[[[77.55605,12.98986],[77.55064,12.99009],[77.55108,12.99346],[77.54576,12.99337],[77.54579,12.99456],[77.54284,12.99518],[77.54285,12.99638],[77.54125,12.99735],[77.5404,12.99687],[77.54116,12.99938],[77.54539,12.99745],[77.55047,12.9976],[77.55599,12.99865],[77.56057,12.99718],[77.5592,12.99522],[77.55808,12.99535],[77.55797,12.99468],[77.55513,12.99492],[77.55792,12.99101],[77.55605,12.98986]]]}},{"type":"Feature","properties":{"name":"Sriramamandir","inScope":false},"geometry":{"type":"MultiLineString","coordinates":[[[77.56035,12.98023],[77.55925,12.97995],[77.55894,12.97889],[77.55666,12.97822],[77.55516,12.97703],[77.55455,12.97733],[77.55527,12.98012],[77.55374,12.97984],[77.55425,12.98593],[77.55588,12.98587],[77.55605,12.98986],[77.55792,12.99101],[77.55704,12.99249],[77.55983,12.99286],[77.56011,12.99189],[77.5621,12.99021],[77.56196,12.98829],[77.56145,12.98828],[77.56185,12.9872],[77.56079,12.98669],[77.56173,12.98192],[77.56035,12.98023]]]}},{"type":"Feature","properties":{"name":"Basaveshwara Nagar","inScope":false},"geometry":{"type":"MultiLineString","coordinates":[[[77.54723,12.99341],[77.54782,12.99343],[77.54771,12.99138],[77.54846,12.99153],[77.54831,12.98984],[77.54944,12.98876],[77.54924,12.98808],[77.54562,12.98927],[77.54517,12.98501],[77.54203,12.98584],[77.54286,12.99098],[77.53845,12.99158],[77.5404,12.99687],[77.54131,12.99732],[77.54285,12.99638],[77.54284,12.99518],[77.54579,12.99456],[77.54576,12.99337],[77.54723,12.99341]]]}},{"type":"Feature","properties":{"name":"Devagiri Temple Ward","inScope":false},"geometry":{"type":"MultiLineString","coordinates":[[[77.5744,12.92084],[77.57353,12.91698],[77.5704,12.91634],[77.56957,12.9155],[77.56886,12.91697],[77.56833,12.91701],[77.5682,12.91603],[77.56495,12.91648],[77.56358,12.91925],[77.56185,12.92108],[77.56261,12.92062],[77.56259,12.92203],[77.56332,12.92177],[77.56372,12.92597],[77.56546,12.92576],[77.56563,12.92656],[77.56813,12.92608],[77.56826,12.92685],[77.57007,12.92613],[77.57048,12.92456],[77.57359,12.92404],[77.57356,12.92103],[77.5744,12.92084]]]}},{"type":"Feature","properties":{"name":"Yelchenahalli","inScope":false},"geometry":{"type":"MultiLineString","coordinates":[[[77.56346,12.89854],[77.56211,12.89854],[77.56009,12.90032],[77.56946,12.90811],[77.57021,12.90869],[77.57195,12.90672],[77.57327,12.90647],[77.57342,12.90184],[77.57284,12.89961],[77.5691,12.89482],[77.56662,12.89574],[77.56753,12.89835],[77.56346,12.89854]]]}},{"type":"Feature","properties":{"name":"Hudi","inScope":false},"geometry":{"type":"MultiLineString","coordinates":[[[77.72536,12.9691],[77.72528,12.96854],[77.72454,12.96868],[77.72445,12.96691],[77.7204,12.96753],[77.71875,12.96661],[77.71838,12.96546],[77.71721,12.96718],[77.7137,12.96795],[77.71216,12.97126],[77.70865,12.98162],[77.70828,12.98486],[77.70925,12.9874],[77.71587,12.99212],[77.71429,12.99176],[77.71107,12.99271],[77.71307,12.99353],[77.71439,12.99726],[77.72167,12.99549],[77.72543,12.99545],[77.74287,12.99864],[77.75851,12.99652],[77.75739,12.99306],[77.7549,12.98973],[77.7525,12.98379],[77.75069,12.97515],[77.74903,12.97434],[77.74665,12.97449],[77.74571,12.97552],[77.74266,12.97566],[77.73648,12.97798],[77.73579,12.97634],[77.73395,12.97591],[77.72714,12.97642],[77.72681,12.97107],[77.72619,12.97118],[77.72536,12.9691]]]}},{"type":"Feature","properties":{"name":"Vijnana Nagar","inScope":true},"geometry":{"type":"MultiLineString","coordinates":[[[77.67073,12.9639],[77.67025,12.96612],[77.66974,12.96609],[77.67003,12.96763],[77.66556,12.96899],[77.66605,12.97146],[77.66696,12.97262],[77.66652,12.97533],[77.66874,12.97543],[77.67812,12.97271],[77.68042,12.9825],[77.67976,12.98374],[77.6872,12.97949],[77.6849,12.97803],[77.684,12.97595],[77.68682,12.97322],[77.68609,12.9703],[77.68781,12.96907],[77.68779,12.96727],[77.68843,12.96675],[77.68714,12.96729],[77.68262,12.96718],[77.68303,12.96604],[77.68213,12.96411],[77.67845,12.9651],[77.67163,12.96426],[77.67153,12.96341],[77.67075,12.9634],[77.67073,12.9639]]]}},{"type":"Feature","properties":{"name":"White Field","inScope":false},"geometry":{"type":"MultiLineString","coordinates":[[[77.74262,12.95385],[77.73772,12.95209],[77.73762,12.95114],[77.73314,12.94937],[77.73319,12.94882],[77.73211,12.9482],[77.73209,12.95128],[77.73168,12.9527],[77.73074,12.95322],[77.73095,12.95617],[77.73312,12.96351],[77.73089,12.96373],[77.73064,12.96447],[77.73114,12.96815],[77.73224,12.96969],[77.73085,12.97082],[77.72686,12.9716],[77.72714,12.97642],[77.73395,12.97591],[77.73579,12.97634],[77.73648,12.97798],[77.73947,12.97707],[77.7398,12.97645],[77.74357,12.97546],[77.74516,12.97569],[77.74665,12.97449],[77.74903,12.97434],[77.75069,12.97515],[77.7525,12.98379],[77.75817,12.98245],[77.75765,12.97967],[77.7653,12.97944],[77.76252,12.97221],[77.76368,12.97012],[77.7633,12.9673],[77.7642,12.9672],[77.7622,12.96676],[77.75603,12.9685],[77.75587,12.96677],[77.75656,12.96559],[77.75502,12.96443],[77.75476,12.96169],[77.75408,12.96063],[77.75449,12.95806],[77.75019,12.95584],[77.7478,12.95573],[77.74644,12.95714],[77.74438,12.95666],[77.74262,12.95385]]]}},{"type":"Feature","properties":{"name":"Kaggadasanapura","inScope":false},"geometry":{"type":"MultiLineString","coordinates":[[[77.67269,12.97407],[77.66731,12.97557],[77.66777,12.97766],[77.66615,12.97758],[77.67026,12.98001],[77.66894,12.98055],[77.66907,12.98229],[77.66627,12.98228],[77.66689,12.98505],[77.66888,12.98598],[77.67492,12.98637],[77.68044,12.98276],[77.67812,12.97271],[77.67269,12.97407]]]}},{"type":"Feature","properties":{"name":"AECS Layout","inScope":false},"geometry":{"type":"MultiLineString","coordinates":[[[77.73074,12.95322],[77.73168,12.9527],[77.73209,12.95128],[77.73211,12.9482],[77.72573,12.94617],[77.72479,12.94638],[77.72317,12.94465],[77.71829,12.94258],[77.7168,12.94461],[77.71809,12.94531],[77.7173,12.95577],[77.70491,12.95661],[77.70342,12.96689],[77.70656,12.96921],[77.70761,12.97284],[77.70937,12.97323],[77.71178,12.97229],[77.7137,12.96795],[77.71721,12.96718],[77.71838,12.96546],[77.71875,12.96661],[77.7204,12.96753],[77.72445,12.96691],[77.72454,12.96868],[77.72528,12.96854],[77.7258,12.97051],[77.72686,12.9716],[77.73085,12.97082],[77.73224,12.96969],[77.73108,12.96795],[77.73066,12.96404],[77.73312,12.96351],[77.73095,12.95617],[77.73074,12.95322]]]}},{"type":"Feature","properties":{"name":"New Tippasandara","inScope":false},"geometry":{"type":"MultiLineString","coordinates":[[[77.65052,12.9684],[77.64776,12.96887],[77.64512,12.98575],[77.64805,12.98677],[77.65056,12.98159],[77.65272,12.97905],[77.65834,12.98137],[77.65869,12.98319],[77.66016,12.98406],[77.66228,12.98318],[77.664,12.98369],[77.66439,12.98267],[77.66573,12.98206],[77.66907,12.98229],[77.66894,12.98055],[77.67026,12.98001],[77.66615,12.97758],[77.66777,12.97766],[77.66778,12.97669],[77.66761,12.97558],[77.66652,12.97533],[77.66696,12.97262],[77.66616,12.97145],[77.66157,12.97198],[77.65864,12.97145],[77.6577,12.97071],[77.65727,12.96824],[77.65846,12.96719],[77.65052,12.9684]]]}},{"type":"Feature","properties":{"name":"Bellanduru","inScope":true},"geometry":{"type":"MultiLineString","coordinates":[[[77.68547,12.92002],[77.68544,12.91871],[77.68234,12.92006],[77.67687,12.92076],[77.67861,12.91688],[77.67869,12.91531],[77.67808,12.91536],[77.67762,12.91396],[77.68882,12.90905],[77.69906,12.90618],[77.70289,12.90409],[77.7024,12.90358],[77.69785,12.90454],[77.69626,12.90399],[77.69339,12.90449],[77.69153,12.90398],[77.69093,12.90553],[77.68826,12.90549],[77.68726,12.90654],[77.68685,12.90645],[77.68731,12.90473],[77.68578,12.90443],[77.68758,12.90334],[77.68745,12.90245],[77.68245,12.90143],[77.68228,12.89996],[77.67959,12.8976],[77.67724,12.89429],[77.67407,12.8937],[77.6738,12.89291],[77.66022,12.89479],[77.65592,12.89387],[77.65379,12.89455],[77.65439,12.89654],[77.65547,12.8969],[77.65561,12.8978],[77.65623,12.89762],[77.65678,12.89876],[77.65673,12.90039],[77.65462,12.90072],[77.65454,12.90178],[77.65657,12.90917],[77.66013,12.91013],[77.66085,12.91369],[77.66042,12.91497],[77.66139,12.91557],[77.66212,12.91758],[77.66518,12.92107],[77.66779,12.92156],[77.6682,12.92324],[77.66877,12.92332],[77.6689,12.92715],[77.66846,12.92871],[77.66769,12.92879],[77.66803,12.93124],[77.67254,12.93098],[77.67587,12.93198],[77.67892,12.9298],[77.68284,12.93041],[77.68343,12.93168],[77.68668,12.93143],[77.68456,12.9298],[77.6846,12.92789],[77.68565,12.92691],[77.68547,12.92002]]]}},{"type":"Feature","properties":{"name":"Varthuru","inScope":false},"geometry":{"type":"MultiLineString","coordinates":[[[77.70835,12.90815],[77.70687,12.90203],[77.69878,12.90629],[77.68452,12.91074],[77.67762,12.91396],[77.67808,12.91536],[77.67869,12.91531],[77.67861,12.91688],[77.67687,12.92076],[77.68234,12.92006],[77.68894,12.91714],[77.68901,12.91966],[77.69666,12.91941],[77.69903,12.9167],[77.69788,12.91106],[77.70165,12.90975],[77.70223,12.91128],[77.70087,12.91239],[77.70208,12.91522],[77.70507,12.91845],[77.70786,12.93061],[77.7065,12.94206],[77.70773,12.94098],[77.70818,12.94166],[77.71032,12.94206],[77.71203,12.94124],[77.71806,12.94238],[77.72317,12.94465],[77.72479,12.94638],[77.72573,12.94617],[77.72878,12.94704],[77.72878,12.94756],[77.73239,12.94826],[77.73314,12.94937],[77.73762,12.95114],[77.73772,12.95209],[77.74163,12.95321],[77.74296,12.95408],[77.74438,12.95666],[77.74644,12.95714],[77.7478,12.95573],[77.75032,12.95587],[77.75721,12.95911],[77.76102,12.96195],[77.76573,12.96418],[77.77018,12.96285],[77.76981,12.96177],[77.76823,12.96113],[77.76699,12.95936],[77.76488,12.9599],[77.76442,12.95877],[77.76456,12.95191],[77.76552,12.94659],[77.76551,12.93702],[77.76634,12.93502],[77.76465,12.92877],[77.75222,12.92526],[77.75138,12.92208],[77.74569,12.9199],[77.74473,12.91372],[77.73751,12.91472],[77.73728,12.9135],[77.73445,12.9132],[77.73436,12.91418],[77.72757,12.91441],[77.72761,12.91089],[77.72628,12.90661],[77.72281,12.90726],[77.72076,12.90822],[77.72075,12.90889],[77.71921,12.90814],[77.71786,12.90837],[77.71764,12.90897],[77.71612,12.90739],[77.71423,12.90808],[77.70835,12.90815]]]}},{"type":"Feature","properties":{"name":"Kaveripura","inScope":false},"geometry":{"type":"MultiLineString","coordinates":[[[77.51888,12.98073],[77.51824,12.98247],[77.52031,12.9869],[77.5237,12.98501],[77.52641,12.98589],[77.5314,12.98211],[77.53489,12.98137],[77.53376,12.97792],[77.53128,12.9784],[77.53122,12.97786],[77.52679,12.97799],[77.52454,12.97692],[77.52455,12.97641],[77.51871,12.97733],[77.51973,12.97959],[77.51888,12.98073]]]}},{"type":"Feature","properties":{"name":"Marathahalli","inScope":true},"geometry":{"type":"MultiLineString","coordinates":[[[77.68295,12.93129],[77.68284,12.93041],[77.67892,12.9298],[77.67844,12.93067],[77.67603,12.93139],[77.67587,12.93198],[77.67254,12.93098],[77.66692,12.9312],[77.66459,12.92805],[77.66302,12.92833],[77.66108,12.92983],[77.65912,12.92942],[77.65502,12.93497],[77.66041,12.9383],[77.65814,12.9379],[77.65806,12.93985],[77.6544,12.94025],[77.64916,12.94293],[77.63974,12.95153],[77.64077,12.95329],[77.64251,12.95396],[77.64426,12.95332],[77.6454,12.9494],[77.64903,12.94601],[77.64937,12.9474],[77.65996,12.94756],[77.66249,12.94665],[77.66254,12.94449],[77.66416,12.94445],[77.66475,12.94587],[77.67088,12.94712],[77.6709,12.94785],[77.67523,12.94866],[77.68005,12.94821],[77.68867,12.94929],[77.68941,12.9503],[77.68939,12.95304],[77.68753,12.95506],[77.6988,12.95705],[77.70491,12.95664],[77.70533,12.95226],[77.70428,12.95232],[77.70391,12.95172],[77.69998,12.95257],[77.69755,12.94353],[77.69503,12.93919],[77.68668,12.93143],[77.68405,12.93174],[77.68295,12.93129]]]}},{"type":"Feature","properties":{"name":"Yediyur","inScope":false},"geometry":{"type":"MultiLineString","coordinates":[[[77.58114,12.93674],[77.58491,12.93663],[77.58486,12.9329],[77.57962,12.93305],[77.5797,12.92344],[77.57359,12.92356],[77.57359,12.92404],[77.57048,12.92456],[77.57031,12.92581],[77.56954,12.92644],[77.56826,12.92685],[77.56813,12.92608],[77.5673,12.92624],[77.56806,12.92997],[77.56938,12.92994],[77.57107,12.93199],[77.57167,12.93496],[77.57382,12.93477],[77.57384,12.94063],[77.57776,12.9406],[77.57768,12.93969],[77.58004,12.93677],[77.58114,12.93674]]]}},{"type":"Feature","properties":{"name":"Munekollal","inScope":true},"geometry":{"type":"MultiLineString","coordinates":[[[77.68901,12.91966],[77.68894,12.91714],[77.68544,12.91871],[77.6858,12.92502],[77.68558,12.92712],[77.6846,12.92789],[77.68456,12.9298],[77.69503,12.93919],[77.69755,12.94353],[77.69998,12.95257],[77.70391,12.95172],[77.70428,12.95232],[77.70533,12.95226],[77.70491,12.95661],[77.7173,12.95577],[77.71809,12.94531],[77.7168,12.94461],[77.71829,12.94258],[77.71203,12.94124],[77.71032,12.94206],[77.70818,12.94166],[77.70773,12.94098],[77.7065,12.94206],[77.70786,12.93061],[77.70507,12.91845],[77.70208,12.91522],[77.70087,12.91239],[77.70223,12.91128],[77.70165,12.90975],[77.69788,12.91106],[77.69903,12.9167],[77.69666,12.91941],[77.68901,12.91966]]]}},{"type":"Feature","properties":{"name":"Ganesh Mandir ward","inScope":false},"geometry":{"type":"MultiLineString","coordinates":[[[77.56726,12.93152],[77.56815,12.93374],[77.57151,12.93337],[77.57136,12.9326],[77.56938,12.92994],[77.56806,12.92997],[77.5673,12.92624],[77.56563,12.92656],[77.56546,12.92576],[77.56372,12.92597],[77.56332,12.92177],[77.56259,12.92203],[77.56261,12.92062],[77.56185,12.92108],[77.56303,12.91971],[77.56195,12.91644],[77.55243,12.91918],[77.55023,12.91926],[77.55013,12.92063],[77.55206,12.92436],[77.55447,12.92359],[77.55514,12.92551],[77.56148,12.93036],[77.56253,12.93071],[77.56668,12.92995],[77.56726,12.93152]]]}},{"type":"Feature","properties":{"name":"Banashankari Temple ward","inScope":false},"geometry":{"type":"MultiLineString","coordinates":[[[77.56692,12.91039],[77.56671,12.90944],[77.56442,12.90944],[77.56479,12.91303],[77.56598,12.91291],[77.56617,12.91366],[77.56495,12.91648],[77.5682,12.91603],[77.56833,12.91701],[77.56886,12.91697],[77.56957,12.9155],[77.5704,12.91634],[77.57353,12.91698],[77.57291,12.91165],[77.57326,12.90647],[77.57181,12.90683],[77.56733,12.91226],[77.56692,12.91039]]]}},{"type":"Feature","properties":{"name":"Kumaraswamy Layout","inScope":false},"geometry":{"type":"MultiLineString","coordinates":[[[77.56077,12.89805],[77.55971,12.89413],[77.55894,12.89519],[77.55682,12.8957],[77.55538,12.89695],[77.55692,12.90456],[77.56215,12.90878],[77.56012,12.90988],[77.56199,12.91112],[77.56184,12.91307],[77.5596,12.91376],[77.56202,12.91654],[77.56303,12.91971],[77.56617,12.91366],[77.56598,12.91291],[77.56479,12.91303],[77.56442,12.90944],[77.5668,12.9095],[77.56733,12.91226],[77.57021,12.90869],[77.56009,12.90032],[77.56124,12.89924],[77.56077,12.89805]]]}},{"type":"Feature","properties":{"name":"Padmanabha Nagar","inScope":false},"geometry":{"type":"MultiLineString","coordinates":[[[77.55103,12.90392],[77.55025,12.90447],[77.55032,12.90398],[77.54907,12.90421],[77.54831,12.90364],[77.54928,12.90777],[77.55356,12.90633],[77.55582,12.91146],[77.55209,12.91161],[77.55364,12.91436],[77.55051,12.91532],[77.55092,12.91647],[77.55056,12.91773],[77.54983,12.9179],[77.55007,12.91929],[77.55243,12.91918],[77.56195,12.91644],[77.5596,12.91376],[77.56184,12.91307],[77.56199,12.91112],[77.56012,12.90988],[77.56215,12.90878],[77.55692,12.90456],[77.55636,12.90293],[77.55103,12.90392]]]}},{"type":"Feature","properties":{"demoBbox":true},"geometry":{"type":"Polygon","coordinates":[[[77.61,12.9],[77.7,12.9],[77.7,12.97],[77.61,12.97],[77.61,12.9]]]}}]}