{"type": "FeatureCollection", "features": [{"type": "Feature", "geometry": {"type": "LineString", "coordinates": [[77.6285803, 12.9408286], [77.6286928, 12.9401677], [77.6287952, 12.9396894], [77.6288109, 12.9396216], [77.6288736, 12.9393502]]}, "properties": {"segID": "way8656177/0", "name": "3rd Main Road", "ward": "Ejipura", "roadClass": "residential", "lengthM": 167.5, "darkness": {"alpha": 1.748, "beta": 0.252, "mean": 0.126, "var": 0.03671}, "exposure": {"activity": 0.6913, "structural": 0.4065, "blended": 0.4777}, "confidence": 0.4966, "repairPriority": 0.02989, "routePenalty": 353.3, "reportValue": 0.01754, "evidence": {"osmLampsWorking": 0, "osmLampsBroken": 0, "osmLampsUntagged": 0, "nightBusTrips": 54.3, "wardComplaints2025": 78, "reports": 0}}}, {"type": "Feature", "geometry": {"type": "LineString", "coordinates": [[77.6288736, 12.9393502], [77.628877, 12.9393402], [77.6291682, 12.9384931]]}, "properties": {"segID": "way8656177/1", "name": "3rd Main Road", "ward": "Ejipura", "roadClass": "residential", "lengthM": 100.5, "darkness": {"alpha": 1.748, "beta": 0.252, "mean": 0.126, "var": 0.03671}, "exposure": {"activity": 0.7816, "structural": 0.5455, "blended": 0.6045}, "confidence": 0.4966, "repairPriority": 0.03782, "routePenalty": 198.8, "reportValue": 0.02219, "evidence": {"osmLampsWorking": 0, "osmLampsBroken": 0, "osmLampsUntagged": 0, "nightBusTrips": 55.8, "wardComplaints2025": 78, "reports": 0}}}, {"type": "Feature", "geometry": {"type": "LineString", "coordinates": [[77.6285506, 12.9393014], [77.6284862, 12.9396319], [77.6284612, 12.9397602], [77.6283899, 12.9401189], [77.62834, 12.9404239]]}, "properties": {"segID": "way8680580/0", "name": "2nd Main Road", "ward": "Ejipura", "roadClass": "residential", "lengthM": 126.9, "darkness": {"alpha": 1.748, "beta": 0.252, "mean": 0.126, "var": 0.03671}, "exposure": {"activity": 0.6982, "structural": 0.4586, "blended": 0.5185}, "confidence": 0.4966, "repairPriority": 0.03244, "routePenalty": 261.4, "reportValue": 0.01903, "evidence": {"osmLampsWorking": 0, "osmLampsBroken": 0, "osmLampsUntagged": 0, "nightBusTrips": 56.1, "wardComplaints2025": 78, "reports": 0}}}, {"type": "Feature", "geometry": {"type": "LineString", "coordinates": [[77.6232731, 12.9334559], [77.622865, 12.9335338], [77.622713, 12.9335405], [77.6225714, 12.9335466], [77.6221964, 12.9335621], [77.6215186, 12.9335812]]}, "properties": {"segID": "way23542229/0", "name": "1st A Cross Road", "ward": "Koramangala", "roadClass": "tertiary", "lengthM": 191.1, "darkness": {"alpha": 1.748, "beta": 0.252, "mean": 0.126, "var": 0.03671}, "exposure": {"activity": 1.0, "structural": 0.6229, "blended": 0.7172}, "confidence": 0.4966, "repairPriority": 0.04488, "routePenalty": 363.2, "reportValue": 0.02633, "evidence": {"osmLampsWorking": 0, "osmLampsBroken": 0, "osmLampsUntagged": 0, "nightBusTrips": 92.5, "wardComplaints2025": 136, "reports": 0}}}, {"type": "Feature", "geometry": {"type": "LineString", "coordinates": [[77.6215186, 12.9335812], [77.6202235, 12.9336416], [77.6196166, 12.9336872]]}, "properties": {"segID": "way23542229/1", "name": "1st A Cross Road", "ward": "Koramangala", "roadClass": "tertiary", "lengthM": 206.5, "darkness": {"alpha": 1.748, "beta": 0.252, "mean": 0.126, "var": 0.03671}, "exposure": {"activity": 0.9192, "structural": 0.5486, "blended": 0.6412}, "confidence": 0.4966, "repairPriority": 0.04012, "routePenalty": 402.6, "reportValue": 0.02354, "evidence": {"osmLampsWorking": 0, "osmLampsBroken": 0, "osmLampsUntagged": 0, "nightBusTrips": 106.7, "wardComplaints2025": 136, "reports": 0}}}, {"type": "Feature", "geometry": {"type": "LineString", "coordinates": [[77.6196166, 12.9336872], [77.6194237, 12.9337], [77.619147, 12.9337035], [77.6187713, 12.9336457], [77.6185935, 12.9336043], [77.6182528, 12.9335359], [77.6181632, 12.9335424]]}, "properties": {"segID": "way23542229/2", "name": "1st A Cross Road", "ward": "Koramangala", "roadClass": "tertiary", "lengthM": 159.4, "darkness": {"alpha": 1.748, "beta": 0.252, "mean": 0.126, "var": 0.03671}, "exposure": {"activity": 0.5563, "structural": 0.7015, "blended": 0.6652}, "confidence": 0.4966, "repairPriority": 0.04162, "routePenalty": 308.1, "reportValue": 0.02442, "evidence": {"osmLampsWorking": 0, "osmLampsBroken": 0, "osmLampsUntagged": 0, "nightBusTrips": 111.4, "wardComplaints2025": 136, "reports": 0}}}, {"type": "Feature", "geometry": {"type": "LineString", "coordinates": [[77.6181632, 12.9335424], [77.617297, 12.9338377], [77.6168659, 12.9340096], [77.6166244, 12.9341284]]}, "properties": {"segID": "way23542229/3", "name": "1st A Cross Road", "ward": "Koramangala", "roadClass": "tertiary", "lengthM": 179.2, "darkness": {"alpha": 1.748, "beta": 0.252, "mean": 0.126, "var": 0.03671}, "exposure": {"activity": 0.0937, "structural": 0.6836, "blended": 0.5361}, "confidence": 0.4966, "repairPriority": 0.03354, "routePenalty": 365.8, "reportValue": 0.01968, "evidence": {"osmLampsWorking": 0, "osmLampsBroken": 0, "osmLampsUntagged": 0, "nightBusTrips": 116.0, "wardComplaints2025": 136, "reports": 0}}}, {"type": "Feature", "geometry": {"type": "LineString", "coordinates": [[77.6166244, 12.9341284], [77.6162724, 12.9344379], [77.615808, 12.9351313], [77.6157604, 12.9352042]]}, "properties": {"segID": "way23542229/4", "name": "1st A Cross Road", "ward": "Koramangala", "roadClass": "tertiary", "lengthM": 153.1, "darkness": {"alpha": 1.748, "beta": 0.252, "mean": 0.126, "var": 0.03671}, "exposure": {"activity": 0.0249, "structural": 0.6537, "blended": 0.4965}, "confidence": 0.4966, "repairPriority": 0.03107, "routePenalty": 319.3, "reportValue": 0.01823, "evidence": {"osmLampsWorking": 0, "osmLampsBroken": 0, "osmLampsUntagged": 0, "nightBusTrips": 104.0, "wardComplaints2025": 136, "reports": 0}}}, {"type": "Feature", "geometry": {"type": "LineString", "coordinates": [[77.6157604, 12.9352042], [77.6156865, 12.9353174], [77.6155457, 12.935517], [77.6153649, 12.935775], [77.6153565, 12.935787], [77.6153192, 12.9358402]]}, "properties": {"segID": "way23542229/5", "name": "1st A Cross Road", "ward": "Koramangala", "roadClass": "tertiary", "lengthM": 85.4, "darkness": {"alpha": 1.748, "beta": 0.252, "mean": 0.126, "var": 0.03671}, "exposure": {"activity": 0.0249, "structural": 0.5725, "blended": 0.4356}, "confidence": 0.4966, "repairPriority": 0.02726, "routePenalty": 185.3, "reportValue": 0.01599, "evidence": {"osmLampsWorking": 0, "osmLampsBroken": 0, "osmLampsUntagged": 0, "nightBusTrips": 88.6, "wardComplaints2025": 136, "reports": 0}}}, {"type": "Feature", "geometry": {"type": "LineString", "coordinates": [[77.6186529, 12.9377707], [77.6186891, 12.9377464], [77.6188933, 12.937619], [77.619167, 12.9374499], [77.6195633, 12.9372169], [77.6198832, 12.9370162]]}, "properties": {"segID": "way23542231/0", "name": "5th Cross Road", "ward": "Koramangala", "roadClass": "tertiary", "lengthM": 157.5, "darkness": {"alpha": 1.748, "beta": 0.252, "mean": 0.126, "var": 0.03671}, "exposure": {"activity": 0.6793, "structural": 0.4224, "blended": 0.4866}, "confidence": 0.4966, "repairPriority": 0.03045, "routePenalty": 330.4, "reportValue": 0.01786, "evidence": {"osmLampsWorking": 0, "osmLampsBroken": 0, "osmLampsUntagged": 0, "nightBusTrips": 57.5, "wardComplaints2025": 136, "reports": 0}}}, {"type": "Feature", "geometry": {"type": "LineString", "coordinates": [[77.6198832, 12.9370162], [77.620119, 12.9368678], [77.6203267, 12.9367451], [77.620623, 12.9365638], [77.6209764, 12.9363405], [77.6214105, 12.9360656]]}, "properties": {"segID": "way23542231/1", "name": "5th Cross Road", "ward": "Koramangala", "roadClass": "tertiary", "lengthM": 196.4, "darkness": {"alpha": 1.748, "beta": 0.252, "mean": 0.126, "var": 0.03671}, "exposure": {"activity": 0.9794, "structural": 0.6177, "blended": 0.7081}, "confidence": 0.4966, "repairPriority": 0.04431, "routePenalty": 374.3, "reportValue": 0.02599, "evidence": {"osmLampsWorking": 0, "osmLampsBroken": 0, "osmLampsUntagged": 0, "nightBusTrips": 68.0, "wardComplaints2025": 136, "reports": 0}}}, {"type": "Feature", "geometry": {"type": "LineString", "coordinates": [[77.6214105, 12.9360656], [77.6215914, 12.9359579], [77.6219474, 12.9357389], [77.6233085, 12.9348834]]}, "properties": {"segID": "way23542231/2", "name": "5th Cross Road", "ward": "Koramangala", "roadClass": "tertiary", "lengthM": 244.1, "darkness": {"alpha": 1.748, "beta": 0.252, "mean": 0.126, "var": 0.03671}, "exposure": {"activity": 0.9742, "structural": 0.4789, "blended": 0.6028}, "confidence": 0.4966, "repairPriority": 0.03772, "routePenalty": 483.2, "reportValue": 0.02213, "evidence": {"osmLampsWorking": 0, "osmLampsBroken": 0, "osmLampsUntagged": 0, "nightBusTrips": 65.9, "wardComplaints2025": 136, "reports": 0}}}, {"type": "Feature", "geometry": {"type": "LineString", "coordinates": [[77.6233085, 12.9348834], [77.6237113, 12.9346402], [77.6237192, 12.9346355], [77.623801, 12.9345854]]}, "properties": {"segID": "way23542231/3", "name": "5th Cross Road", "ward": "Koramangala", "roadClass": "tertiary", "lengthM": 62.8, "darkness": {"alpha": 1.748, "beta": 0.252, "mean": 0.126, "var": 0.03671}, "exposure": {"activity": 0.988, "structural": 0.5387, "blended": 0.651}, "confidence": 0.4966, "repairPriority": 0.04073, "routePenalty": 122.0, "reportValue": 0.0239, "evidence": {"osmLampsWorking": 0, "osmLampsBroken": 0, "osmLampsUntagged": 0, "nightBusTrips": 79.9, "wardComplaints2025": 136, "reports": 0}}}, {"type": "Feature", "geometry": {"type": "LineString", "coordinates": [[77.6251492, 12.9257], [77.624579, 12.9259489], [77.6240841, 12.9261499], [77.6239618, 12.9262016], [77.6237777, 12.9262794]]}, "properties": {"segID": "way24231604/0", "name": "Sarjapura Road", "ward": "Koramangala", "roadClass": "primary", "lengthM": 162.0, "darkness": {"alpha": 1.748, "beta": 0.252, "mean": 0.126, "var": 0.03671}, "exposure": {"activity": 0.368, "structural": 0.7687, "blended": 0.6685}, "confidence": 0.4966, "repairPriority": 0.04183, "routePenalty": 312.8, "reportValue": 0.02454, "evidence": {"osmLampsWorking": 0, "osmLampsBroken": 0, "osmLampsUntagged": 0, "nightBusTrips": 185.8, "wardComplaints2025": 136, "reports": 0}}}, {"type": "Feature", "geometry": {"type": "LineString", "coordinates": [[77.6237777, 12.9262794], [77.6227449, 12.9267157], [77.6226928, 12.9267373], [77.6222171, 12.9269392]]}, "properties": {"segID": "way24231604/1", "name": "Sarjapura Road", "ward": "Koramangala", "roadClass": "primary", "lengthM": 184.4, "darkness": {"alpha": 1.748, "beta": 0.252, "mean": 0.126, "var": 0.03671}, "exposure": {"activity": 0.3955, "structural": 0.7315, "blended": 0.6475}, "confidence": 0.4966, "repairPriority": 0.04052, "routePenalty": 358.7, "reportValue": 0.02377, "evidence": {"osmLampsWorking": 0, "osmLampsBroken": 0, "osmLampsUntagged": 0, "nightBusTrips": 200.7, "wardComplaints2025": 136, "reports": 0}}}, {"type": "Feature", "geometry": {"type": "LineString", "coordinates": [[77.6222171, 12.9269392], [77.6211127, 12.9274069], [77.6210876, 12.9274187], [77.6209908, 12.9274643]]}, "properties": {"segID": "way24231604/2", "name": "Sarjapura Road", "ward": "Koramangala", "roadClass": "primary", "lengthM": 145.2, "darkness": {"alpha": 1.748, "beta": 0.252, "mean": 0.126, "var": 0.03671}, "exposure": {"activity": 0.233, "structural": 0.6741, "blended": 0.5638}, "confidence": 0.4966, "repairPriority": 0.03528, "routePenalty": 292.4, "reportValue": 0.0207, "evidence": {"osmLampsWorking": 0, "osmLampsBroken": 0, "osmLampsUntagged": 0, "nightBusTrips": 236.2, "wardComplaints2025": 136, "reports": 0}}}, {"type": "Feature", "geometry": {"type": "LineString", "coordinates": [[77.6269369, 12.9373325], [77.6269885, 12.9373785], [77.627084, 12.9374592]]}, "properties": {"segID": "way24238080/0", "name": "Inner Ring Road", "ward": "Ejipura", "roadClass": "primary", "lengthM": 21.3, "darkness": {"alpha": 1.748, "beta": 0.252, "mean": 0.126, "var": 0.03671}, "exposure": {"activity": 0.9905, "structural": 0.7436, "blended": 0.8053}, "confidence": 0.4966, "repairPriority": 0.05039, "routePenalty": 39.5, "reportValue": 0.02956, "evidence": {"osmLampsWorking": 0, "osmLampsBroken": 0, "osmLampsUntagged": 0, "nightBusTrips": 80.7, "wardComplaints2025": 78, "reports": 0}}}, {"type": "Feature", "geometry": {"type": "LineString", "coordinates": [[77.6286946, 12.9261579], [77.6281978, 12.926351], [77.6277708, 12.9265195], [77.6270445, 12.9268059]]}, "properties": {"segID": "way24299075/0", "name": "3rd Cross Road", "ward": "Koramangala", "roadClass": "residential", "lengthM": 192.8, "darkness": {"alpha": 1.748, "beta": 0.252, "mean": 0.126, "var": 0.03671}, "exposure": {"activity": 0.1917, "structural": 0.6538, "blended": 0.5383}, "confidence": 0.4966, "repairPriority": 0.03368, "routePenalty": 393.1, "reportValue": 0.01976, "evidence": {"osmLampsWorking": 0, "osmLampsBroken": 0, "osmLampsUntagged": 0, "nightBusTrips": 139.7, "wardComplaints2025": 136, "reports": 0}}}, {"type": "Feature", "geometry": {"type": "LineString", "coordinates": [[77.6270445, 12.9268059], [77.6264198, 12.9270524], [77.6256948, 12.9273383]]}, "properties": {"segID": "way24299075/1", "name": "3rd Cross Road", "ward": "Koramangala", "roadClass": "residential", "lengthM": 157.8, "darkness": {"alpha": 1.748, "beta": 0.252, "mean": 0.126, "var": 0.03671}, "exposure": {"activity": 0.239, "structural": 0.638, "blended": 0.5383}, "confidence": 0.4966, "repairPriority": 0.03368, "routePenalty": 321.7, "reportValue": 0.01976, "evidence": {"osmLampsWorking": 0, "osmLampsBroken": 0, "osmLampsUntagged": 0, "nightBusTrips": 148.7, "wardComplaints2025": 136, "reports": 0}}}, {"type": "Feature", "geometry": {"type": "LineString", "coordinates": [[77.6256948, 12.9273383], [77.6239069, 12.9280436]]}, "properties": {"segID": "way24299075/2", "name": "3rd Cross Road", "ward": "Koramangala", "roadClass": "residential", "lengthM": 209.0, "darkness": {"alpha": 1.748, "beta": 0.252, "mean": 0.126, "var": 0.03671}, "exposure": {"activity": 0.3057, "structural": 0.5596, "blended": 0.4961}, "confidence": 0.4966, "repairPriority": 0.03104, "routePenalty": 436.0, "reportValue": 0.01821, "evidence": {"osmLampsWorking": 0, "osmLampsBroken": 0, "osmLampsUntagged": 0, "nightBusTrips": 159.4, "wardComplaints2025": 136, "reports": 0}}}, {"type": "Feature", "geometry": {"type": "LineString", "coordinates": [[77.6264198, 12.9270524], [77.6264958, 12.9272621], [77.6265846, 12.927508], [77.6266026, 12.9275576], [77.626691, 12.9278005], [77.6268603, 12.9282655], [77.6270468, 12.9287781]]}, "properties": {"segID": "way24299077/0", "name": "12th Main Road", "ward": "Koramangala", "roadClass": "residential", "lengthM": 203.6, "darkness": {"alpha": 1.748, "beta": 0.252, "mean": 0.126, "var": 0.03671}, "exposure": {"activity": 0.2132, "structural": 0.6795, "blended": 0.563}, "confidence": 0.4966, "repairPriority": 0.03523, "routePenalty": 410.2, "reportValue": 0.02067, "evidence": {"osmLampsWorking": 0, "osmLampsBroken": 0, "osmLampsUntagged": 0, "nightBusTrips": 139.3, "wardComplaints2025": 136, "reports": 0}}}, {"type": "Feature", "geometry": {"type": "LineString", "coordinates": [[77.6270468, 12.9287781], [77.6271463, 12.9290638], [77.6272854, 12.9294491], [77.6276105, 12.9303496]]}, "properties": {"segID": "way24299077/1", "name": "12th Main Road", "ward": "Koramangala", "roadClass": "residential", "lengthM": 185.1, "darkness": {"alpha": 1.748, "beta": 0.252, "mean": 0.126, "var": 0.03671}, "exposure": {"activity": 0.4308, "structural": 0.6382, "blended": 0.5863}, "confidence": 0.4966, "repairPriority": 0.03669, "routePenalty": 369.0, "reportValue": 0.02152, "evidence": {"osmLampsWorking": 0, "osmLampsBroken": 0, "osmLampsUntagged": 0, "nightBusTrips": 99.8, "wardComplaints2025": 136, "reports": 0}}}, {"type": "Feature", "geometry": {"type": "LineString", "coordinates": [[77.6335759, 12.9255601], [77.6336299, 12.9255682], [77.6339586, 12.9256177], [77.6346227, 12.9257381], [77.6350961, 12.925823]]}, "properties": {"segID": "way24299078/0", "name": "2nd Cross Road", "ward": "Koramangala", "roadClass": "residential", "lengthM": 167.3, "darkness": {"alpha": 1.748, "beta": 0.252, "mean": 0.126, "var": 0.03671}, "exposure": {"activity": 0.7721, "structural": 0.6803, "blended": 0.7033}, "confidence": 0.4966, "repairPriority": 0.04401, "routePenalty": 319.3, "reportValue": 0.02582, "evidence": {"osmLampsWorking": 0, "osmLampsBroken": 0, "osmLampsUntagged": 0, "nightBusTrips": 77.0, "wardComplaints2025": 136, "reports": 0}}}, {"type": "Feature", "geometry": {"type": "LineString", "coordinates": [[77.6350961, 12.925823], [77.6360183, 12.9259886], [77.6366314, 12.926076]]}, "properties": {"segID": "way24299078/1", "name": "2nd Cross Road", "ward": "Koramangala", "roadClass": "residential", "lengthM": 168.8, "darkness": {"alpha": 1.748, "beta": 0.252, "mean": 0.126, "var": 0.03671}, "exposure": {"activity": 0.5486, "structural": 0.536, "blended": 0.5392}, "confidence": 0.4966, "repairPriority": 0.03374, "routePenalty": 344.0, "reportValue": 0.01979, "evidence": {"osmLampsWorking": 0, "osmLampsBroken": 0, "osmLampsUntagged": 0, "nightBusTrips": 78.2, "wardComplaints2025": 136, "reports": 0}}}, {"type": "Feature", "geometry": {"type": "LineString", "coordinates": [[77.6366314, 12.926076], [77.6370147, 12.9260188], [77.6374913, 12.9258691]]}, "properties": {"segID": "way24299078/2", "name": "2nd Cross Road", "ward": "Koramangala", "roadClass": "residential", "lengthM": 96.3, "darkness": {"alpha": 1.748, "beta": 0.252, "mean": 0.126, "var": 0.03671}, "exposure": {"activity": 0.5112, "structural": 0.4887, "blended": 0.4943}, "confidence": 0.4966, "repairPriority": 0.03093, "routePenalty": 201.1, "reportValue": 0.01815, "evidence": {"osmLampsWorking": 0, "osmLampsBroken": 0, "osmLampsUntagged": 0, "nightBusTrips": 69.2, "wardComplaints2025": 136, "reports": 0}}}, {"type": "Feature", "geometry": {"type": "LineString", "coordinates": [[77.6346741, 12.9292838], [77.6348893, 12.9291803], [77.6350689, 12.929079], [77.6357761, 12.9287393], [77.6359185, 12.928671]]}, "properties": {"segID": "way24299079/0", "name": "1st Main Road", "ward": "Koramangala", "roadClass": "tertiary", "lengthM": 151.1, "darkness": {"alpha": 1.748, "beta": 0.252, "mean": 0.126, "var": 0.03671}, "exposure": {"activity": 0.6346, "structural": 0.6377, "blended": 0.6369}, "confidence": 0.4966, "repairPriority": 0.03985, "routePenalty": 295.1, "reportValue": 0.02338, "evidence": {"osmLampsWorking": 0, "osmLampsBroken": 0, "osmLampsUntagged": 0, "nightBusTrips": 45.3, "wardComplaints2025": 136, "reports": 0}}}, {"type": "Feature", "geometry": {"type": "LineString", "coordinates": [[77.6359185, 12.928671], [77.6361497, 12.9285599], [77.6362345, 12.9285207], [77.6364905, 12.9284025], [77.636544, 12.9283778], [77.6368509, 12.9282348], [77.6368799, 12.9282199], [77.6369087, 12.9281977], [77.6369485, 12.9281564], [77.6375047, 12.9275787]]}, "properties": {"segID": "way24299079/1", "name": "1st Main Road", "ward": "Koramangala", "roadClass": "tertiary", "lengthM": 214.0, "darkness": {"alpha": 1.748, "beta": 0.252, "mean": 0.126, "var": 0.03671}, "exposure": {"activity": 0.4299, "structural": 0.621, "blended": 0.5732}, "confidence": 0.4966, "repairPriority": 0.03587, "routePenalty": 429.1, "reportValue": 0.02104, "evidence": {"osmLampsWorking": 0, "osmLampsBroken": 0, "osmLampsUntagged": 0, "nightBusTrips": 37.1, "wardComplaints2025": 136, "reports": 0}}}, {"type": "Feature", "geometry": {"type": "LineString", "coordinates": [[77.6375047, 12.9275787], [77.6376182, 12.9274716], [77.6377093, 12.9273744], [77.6377456, 12.9273141], [77.637755, 12.9272905], [77.6377576, 12.9272644], [77.6377362, 12.9271507], [77.6375739, 12.9262879]]}, "properties": {"segID": "way24299079/2", "name": "1st Main Road", "ward": "Koramangala", "roadClass": "tertiary", "lengthM": 155.7, "darkness": {"alpha": 1.748, "beta": 0.252, "mean": 0.126, "var": 0.03671}, "exposure": {"activity": 0.497, "structural": 0.6638, "blended": 0.6221}, "confidence": 0.4966, "repairPriority": 0.03893, "routePenalty": 305.8, "reportValue": 0.02284, "evidence": {"osmLampsWorking": 0, "osmLampsBroken": 0, "osmLampsUntagged": 0, "nightBusTrips": 54.5, "wardComplaints2025": 136, "reports": 0}}}, {"type": "Feature", "geometry": {"type": "LineString", "coordinates": [[77.6375739, 12.9262879], [77.6374913, 12.9258691], [77.6374045, 12.9252567], [77.6373952, 12.925166]]}, "properties": {"segID": "way24299079/3", "name": "1st Main Road", "ward": "Koramangala", "roadClass": "tertiary", "lengthM": 126.3, "darkness": {"alpha": 1.748, "beta": 0.252, "mean": 0.126, "var": 0.03671}, "exposure": {"activity": 0.5262, "structural": 0.7415, "blended": 0.6877}, "confidence": 0.4966, "repairPriority": 0.04303, "routePenalty": 242.3, "reportValue": 0.02525, "evidence": {"osmLampsWorking": 0, "osmLampsBroken": 0, "osmLampsUntagged": 0, "nightBusTrips": 78.0, "wardComplaints2025": 136, "reports": 0}}}, {"type": "Feature", "geometry": {"type": "LineString", "coordinates": [[77.644793, 12.9156481], [77.6448749, 12.9156429], [77.6454055, 12.9156546], [77.6471824, 12.9157227]]}, "properties": {"segID": "way24307941/0", "name": "13th Cross Road", "ward": "HSR Layout", "roadClass": "tertiary", "lengthM": 259.1, "darkness": {"alpha": 1.748, "beta": 0.252, "mean": 0.126, "var": 0.03671}, "exposure": {"activity": 0.5873, "structural": 0.295, "blended": 0.3681}, "confidence": 0.4966, "repairPriority": 0.02303, "routePenalty": 594.8, "reportValue": 0.01351, "evidence": {"osmLampsWorking": 0, "osmLampsBroken": 0, "osmLampsUntagged": 0, "nightBusTrips": 85.6, "wardComplaints2025": 252, "reports": 0}}}, {"type": "Feature", "geometry": {"type": "LineString", "coordinates": [[77.6471824, 12.9157227], [77.6472247, 12.9157239], [77.6475994, 12.9157342], [77.6485399, 12.9157601], [77.6489989, 12.9157728]]}, "properties": {"segID": "way24307941/1", "name": "13th Cross Road", "ward": "HSR Layout", "roadClass": "tertiary", "lengthM": 197.0, "darkness": {"alpha": 1.748, "beta": 0.252, "mean": 0.126, "var": 0.03671}, "exposure": {"activity": 0.6376, "structural": 0.2295, "blended": 0.3315}, "confidence": 0.4966, "repairPriority": 0.02074, "routePenalty": 469.8, "reportValue": 0.01217, "evidence": {"osmLampsWorking": 0, "osmLampsBroken": 0, "osmLampsUntagged": 0, "nightBusTrips": 63.7, "wardComplaints2025": 252, "reports": 0}}}, {"type": "Feature", "geometry": {"type": "LineString", "coordinates": [[77.6489989, 12.9157728], [77.6496077, 12.9157895], [77.6512522, 12.9158348]]}, "properties": {"segID": "way24307941/2", "name": "13th Cross Road", "ward": "HSR Layout", "roadClass": "tertiary", "lengthM": 244.3, "darkness": {"alpha": 1.748, "beta": 0.252, "mean": 0.126, "var": 0.03671}, "exposure": {"activity": 0.8573, "structural": 0.1856, "blended": 0.3535}, "confidence": 0.4966, "repairPriority": 0.02212, "routePenalty": 569.0, "reportValue": 0.01298, "evidence": {"osmLampsWorking": 0, "osmLampsBroken": 0, "osmLampsUntagged": 0, "nightBusTrips": 49.7, "wardComplaints2025": 252, "reports": 0}}}, {"type": "Feature", "geometry": {"type": "LineString", "coordinates": [[77.6512522, 12.9158348], [77.6515676, 12.9158447], [77.6516653, 12.9158486], [77.6517079, 12.9158503]]}, "properties": {"segID": "way24307941/3", "name": "13th Cross Road", "ward": "HSR Layout", "roadClass": "tertiary", "lengthM": 49.4, "darkness": {"alpha": 1.748, "beta": 0.252, "mean": 0.126, "var": 0.03671}, "exposure": {"activity": 0.9484, "structural": 0.1451, "blended": 0.3459}, "confidence": 0.4966, "repairPriority": 0.02164, "routePenalty": 116.0, "reportValue": 0.0127, "evidence": {"osmLampsWorking": 0, "osmLampsBroken": 0, "osmLampsUntagged": 0, "nightBusTrips": 28.1, "wardComplaints2025": 252, "reports": 0}}}, {"type": "Feature", "geometry": {"type": "LineString", "coordinates": [[77.6629056, 12.921278], [77.662925, 12.9214166], [77.6629937, 12.921803], [77.6630406, 12.9221699], [77.6630384, 12.9223639], [77.6630432, 12.9225828], [77.6630505, 12.9226436]]}, "properties": {"segID": "way24353936/0", "name": "3rd Main Road", "ward": "HSR Layout", "roadClass": "residential", "lengthM": 153.0, "darkness": {"alpha": 1.748, "beta": 0.252, "mean": 0.126, "var": 0.03671}, "exposure": {"activity": 0.4093, "structural": 0.7945, "blended": 0.6982}, "confidence": 0.4966, "repairPriority": 0.04369, "routePenalty": 292.5, "reportValue": 0.02563, "evidence": {"osmLampsWorking": 0, "osmLampsBroken": 0, "osmLampsUntagged": 0, "nightBusTrips": 212.6, "wardComplaints2025": 252, "reports": 0}}}, {"type": "Feature", "geometry": {"type": "LineString", "coordinates": [[77.6630505, 12.9226436], [77.6630208, 12.9228333], [77.6630294, 12.9229069], [77.6630348, 12.9230571], [77.6630553, 12.9230921]]}, "properties": {"segID": "way24353936/1", "name": "3rd Main Road", "ward": "HSR Layout", "roadClass": "residential", "lengthM": 50.8, "darkness": {"alpha": 1.748, "beta": 0.252, "mean": 0.126, "var": 0.03671}, "exposure": {"activity": 0.3379, "structural": 0.7412, "blended": 0.6404}, "confidence": 0.4966, "repairPriority": 0.04007, "routePenalty": 99.1, "reportValue": 0.02351, "evidence": {"osmLampsWorking": 0, "osmLampsBroken": 0, "osmLampsUntagged": 0, "nightBusTrips": 191.3, "wardComplaints2025": 252, "reports": 0}}}, {"type": "Feature", "geometry": {"type": "LineString", "coordinates": [[77.6277708, 12.9265195], [77.6278762, 12.9272465], [77.6280028, 12.9281115]]}, "properties": {"segID": "way24431059/0", "name": "10th Main Road", "ward": "Koramangala", "roadClass": "residential", "lengthM": 178.8, "darkness": {"alpha": 1.748, "beta": 0.252, "mean": 0.126, "var": 0.03671}, "exposure": {"activity": 0.1754, "structural": 0.6072, "blended": 0.4993}, "confidence": 0.4966, "repairPriority": 0.03124, "routePenalty": 372.3, "reportValue": 0.01833, "evidence": {"osmLampsWorking": 0, "osmLampsBroken": 0, "osmLampsUntagged": 0, "nightBusTrips": 128.1, "wardComplaints2025": 136, "reports": 0}}}, {"type": "Feature", "geometry": {"type": "LineString", "coordinates": [[77.6280028, 12.9281115], [77.6280862, 12.9286816]]}, "properties": {"segID": "way24431059/1", "name": "10th Main Road", "ward": "Koramangala", "roadClass": "residential", "lengthM": 64.0, "darkness": {"alpha": 1.748, "beta": 0.252, "mean": 0.126, "var": 0.03671}, "exposure": {"activity": 0.3732, "structural": 0.4844, "blended": 0.4566}, "confidence": 0.4966, "repairPriority": 0.02857, "routePenalty": 136.8, "reportValue": 0.01676, "evidence": {"osmLampsWorking": 0, "osmLampsBroken": 0, "osmLampsUntagged": 0, "nightBusTrips": 99.5, "wardComplaints2025": 136, "reports": 0}}}, {"type": "Feature", "geometry": {"type": "LineString", "coordinates": [[77.6491762, 12.917292], [77.6487391, 12.9172787], [77.6483956, 12.9172682], [77.6480649, 12.9172582], [77.6477204, 12.9172477]]}, "properties": {"segID": "way24491153/0", "name": "11th Cross Road", "ward": "HSR Layout", "roadClass": "residential", "lengthM": 157.9, "darkness": {"alpha": 1.748, "beta": 0.252, "mean": 0.126, "var": 0.03671}, "exposure": {"activity": 0.6849, "structural": 0.3031, "blended": 0.3985}, "confidence": 0.4966, "repairPriority": 0.02493, "routePenalty": 352.7, "reportValue": 0.01463, "evidence": {"osmLampsWorking": 0, "osmLampsBroken": 0, "osmLampsUntagged": 0, "nightBusTrips": 88.8, "wardComplaints2025": 252, "reports": 0}}}, {"type": "Feature", "geometry": {"type": "LineString", "coordinates": [[77.6477204, 12.9172477], [77.6471266, 12.9172297], [77.6469951, 12.9172257], [77.6466214, 12.9172143], [77.6462782, 12.9172038]]}, "properties": {"segID": "way24491153/1", "name": "11th Cross Road", "ward": "HSR Layout", "roadClass": "residential", "lengthM": 156.4, "darkness": {"alpha": 1.748, "beta": 0.252, "mean": 0.126, "var": 0.03671}, "exposure": {"activity": 0.4609, "structural": 0.3263, "blended": 0.36}, "confidence": 0.4966, "repairPriority": 0.02253, "routePenalty": 361.9, "reportValue": 0.01322, "evidence": {"osmLampsWorking": 0, "osmLampsBroken": 0, "osmLampsUntagged": 0, "nightBusTrips": 100.4, "wardComplaints2025": 252, "reports": 0}}}, {"type": "Feature", "geometry": {"type": "LineString", "coordinates": [[77.6462782, 12.9172038], [77.6459474, 12.9171938], [77.6454776, 12.9171746], [77.6449876, 12.9171771], [77.6449381, 12.9171774], [77.6448585, 12.9171778]]}, "properties": {"segID": "way24491153/2", "name": "11th Cross Road", "ward": "HSR Layout", "roadClass": "residential", "lengthM": 153.9, "darkness": {"alpha": 1.748, "beta": 0.252, "mean": 0.126, "var": 0.03671}, "exposure": {"activity": 0.6595, "structural": 0.3755, "blended": 0.4465}, "confidence": 0.4966, "repairPriority": 0.02794, "routePenalty": 331.4, "reportValue": 0.01639, "evidence": {"osmLampsWorking": 0, "osmLampsBroken": 0, "osmLampsUntagged": 0, "nightBusTrips": 129.7, "wardComplaints2025": 252, "reports": 0}}}, {"type": "Feature", "geometry": {"type": "LineString", "coordinates": [[77.6454813, 12.919575], [77.6454993, 12.9200551], [77.6454991, 12.9203235], [77.6454985, 12.9209144], [77.6455274, 12.9212464]]}, "properties": {"segID": "way24491470/0", "name": "20th Main Road", "ward": "HSR Layout", "roadClass": "residential", "lengthM": 186.0, "darkness": {"alpha": 1.748, "beta": 0.252, "mean": 0.126, "var": 0.03671}, "exposure": {"activity": 0.46, "structural": 0.4023, "blended": 0.4167}, "confidence": 0.4966, "repairPriority": 0.02607, "routePenalty": 409.4, "reportValue": 0.0153, "evidence": {"osmLampsWorking": 0, "osmLampsBroken": 0, "osmLampsUntagged": 0, "nightBusTrips": 150.7, "wardComplaints2025": 252, "reports": 0}}}, {"type": "Feature", "geometry": {"type": "LineString", "coordinates": [[77.6455274, 12.9212464], [77.645565, 12.9218116]]}, "properties": {"segID": "way24491470/1", "name": "20th Main Road", "ward": "HSR Layout", "roadClass": "residential", "lengthM": 63.0, "darkness": {"alpha": 1.748, "beta": 0.252, "mean": 0.126, "var": 0.03671}, "exposure": {"activity": 0.5168, "structural": 0.3886, "blended": 0.4206}, "confidence": 0.4966, "repairPriority": 0.02632, "routePenalty": 138.2, "reportValue": 0.01544, "evidence": {"osmLampsWorking": 0, "osmLampsBroken": 0, "osmLampsUntagged": 0, "nightBusTrips": 137.6, "wardComplaints2025": 252, "reports": 0}}}, {"type": "Feature", "geometry": {"type": "LineString", "coordinates": [[77.6470906, 12.9187741], [77.6473591, 12.9187335], [77.6476972, 12.9186824], [77.648065, 12.9186712], [77.6484021, 12.918621], [77.6487667, 12.9185608]]}, "properties": {"segID": "way24491471/0", "name": "9th Cross Road", "ward": "HSR Layout", "roadClass": "residential", "lengthM": 183.4, "darkness": {"alpha": 1.748, "beta": 0.252, "mean": 0.126, "var": 0.03671}, "exposure": {"activity": 0.644, "structural": 0.3418, "blended": 0.4173}, "confidence": 0.4966, "repairPriority": 0.02611, "routePenalty": 403.5, "reportValue": 0.01532, "evidence": {"osmLampsWorking": 0, "osmLampsBroken": 0, "osmLampsUntagged": 0, "nightBusTrips": 108.0, "wardComplaints2025": 252, "reports": 0}}}, {"type": "Feature", "geometry": {"type": "LineString", "coordinates": [[77.6470883, 12.9184118], [77.6466889, 12.9184356], [77.6463486, 12.9184559], [77.6459905, 12.9184773], [77.6455277, 12.9185048]]}, "properties": {"segID": "way24491475/0", "name": "9th Cross Road", "ward": "HSR Layout", "roadClass": "residential", "lengthM": 169.5, "darkness": {"alpha": 1.748, "beta": 0.252, "mean": 0.126, "var": 0.03671}, "exposure": {"activity": 0.4136, "structural": 0.3631, "blended": 0.3757}, "confidence": 0.4966, "repairPriority": 0.02351, "routePenalty": 386.3, "reportValue": 0.01379, "evidence": {"osmLampsWorking": 0, "osmLampsBroken": 0, "osmLampsUntagged": 0, "nightBusTrips": 123.8, "wardComplaints2025": 252, "reports": 0}}}, {"type": "Feature", "geometry": {"type": "LineString", "coordinates": [[77.6487391, 12.9172787], [77.6487287, 12.9179235], [77.6487667, 12.9185608]]}, "properties": {"segID": "way24491751/0", "name": "23rd Main Road", "ward": "HSR Layout", "roadClass": "residential", "lengthM": 142.7, "darkness": {"alpha": 1.748, "beta": 0.252, "mean": 0.126, "var": 0.03671}, "exposure": {"activity": 0.7042, "structural": 0.315, "blended": 0.4123}, "confidence": 0.4966, "repairPriority": 0.0258, "routePenalty": 315.2, "reportValue": 0.01514, "evidence": {"osmLampsWorking": 0, "osmLampsBroken": 0, "osmLampsUntagged": 0, "nightBusTrips": 94.2, "wardComplaints2025": 252, "reports": 0}}}, {"type": "Feature", "geometry": {"type": "LineString", "coordinates": [[77.6496077, 12.9157895], [77.6496388, 12.9162944], [77.6496775, 12.9166352], [77.6497281, 12.91698], [77.6497519, 12.9172829]]}, "properties": {"segID": "way24491754/0", "name": "25th Main Road", "ward": "HSR Layout", "roadClass": "residential", "lengthM": 166.9, "darkness": {"alpha": 1.748, "beta": 0.252, "mean": 0.126, "var": 0.03671}, "exposure": {"activity": 0.8147, "structural": 0.2553, "blended": 0.3951}, "confidence": 0.4966, "repairPriority": 0.02472, "routePenalty": 373.9, "reportValue": 0.0145, "evidence": {"osmLampsWorking": 0, "osmLampsBroken": 0, "osmLampsUntagged": 0, "nightBusTrips": 72.6, "wardComplaints2025": 252, "reports": 0}}}, {"type": "Feature", "geometry": {"type": "LineString", "coordinates": [[77.6497519, 12.9172829], [77.649789, 12.9183335], [77.6498025, 12.9186547]]}, "properties": {"segID": "way24491754/1", "name": "25th Main Road", "ward": "HSR Layout", "roadClass": "residential", "lengthM": 152.6, "darkness": {"alpha": 1.748, "beta": 0.252, "mean": 0.126, "var": 0.03671}, "exposure": {"activity": 0.785, "structural": 0.3119, "blended": 0.4302}, "confidence": 0.4966, "repairPriority": 0.02692, "routePenalty": 332.4, "reportValue": 0.01579, "evidence": {"osmLampsWorking": 0, "osmLampsBroken": 0, "osmLampsUntagged": 0, "nightBusTrips": 91.9, "wardComplaints2025": 252, "reports": 0}}}, {"type": "Feature", "geometry": {"type": "LineString", "coordinates": [[77.650068, 12.9172867], [77.6500894, 12.9180072]]}, "properties": {"segID": "way24491755/0", "name": "25 A Main", "ward": "HSR Layout", "roadClass": "residential", "lengthM": 80.1, "darkness": {"alpha": 1.748, "beta": 0.252, "mean": 0.126, "var": 0.03671}, "exposure": {"activity": 0.7657, "structural": 0.2955, "blended": 0.4131}, "confidence": 0.4966, "repairPriority": 0.02585, "routePenalty": 176.8, "reportValue": 0.01516, "evidence": {"osmLampsWorking": 0, "osmLampsBroken": 0, "osmLampsUntagged": 0, "nightBusTrips": 85.9, "wardComplaints2025": 252, "reports": 0}}}, {"type": "Feature", "geometry": {"type": "LineString", "coordinates": [[77.6511952, 12.917317], [77.6511804, 12.9180332], [77.6511793, 12.9183584], [77.6511741, 12.9186624], [77.6511675, 12.9190163]]}, "properties": {"segID": "way24491757/0", "name": "26th Main Road", "ward": "HSR Layout", "roadClass": "residential", "lengthM": 189.0, "darkness": {"alpha": 1.748, "beta": 0.252, "mean": 0.126, "var": 0.03671}, "exposure": {"activity": 0.8031, "structural": 0.2355, "blended": 0.3774}, "confidence": 0.4966, "repairPriority": 0.02361, "routePenalty": 430.1, "reportValue": 0.01385, "evidence": {"osmLampsWorking": 0, "osmLampsBroken": 0, "osmLampsUntagged": 0, "nightBusTrips": 65.7, "wardComplaints2025": 252, "reports": 0}}}, {"type": "Feature", "geometry": {"type": "LineString", "coordinates": [[77.6511793, 12.9183584], [77.6504156, 12.9183335], [77.6500867, 12.9183335], [77.649789, 12.9183335]]}, "properties": {"segID": "way24491758/0", "name": "9th A Cross Road", "ward": "HSR Layout", "roadClass": "residential", "lengthM": 150.7, "darkness": {"alpha": 1.748, "beta": 0.252, "mean": 0.126, "var": 0.03671}, "exposure": {"activity": 0.7833, "structural": 0.305, "blended": 0.4246}, "confidence": 0.4966, "repairPriority": 0.02657, "routePenalty": 329.7, "reportValue": 0.01559, "evidence": {"osmLampsWorking": 0, "osmLampsBroken": 0, "osmLampsUntagged": 0, "nightBusTrips": 90.0, "wardComplaints2025": 252, "reports": 0}}}, {"type": "Feature", "geometry": {"type": "LineString", "coordinates": [[77.6511741, 12.9186624], [77.6504328, 12.9186728], [77.6498025, 12.9186547], [77.6492554, 12.9186942]]}, "properties": {"segID": "way24491759/0", "name": "9th Cross Road", "ward": "HSR Layout", "roadClass": "residential", "lengthM": 208.1, "darkness": {"alpha": 1.748, "beta": 0.252, "mean": 0.126, "var": 0.03671}, "exposure": {"activity": 0.8169, "structural": 0.3184, "blended": 0.443}, "confidence": 0.4966, "repairPriority": 0.02772, "routePenalty": 449.2, "reportValue": 0.01626, "evidence": {"osmLampsWorking": 0, "osmLampsBroken": 0, "osmLampsUntagged": 0, "nightBusTrips": 96.0, "wardComplaints2025": 252, "reports": 0}}}, {"type": "Feature", "geometry": {"type": "LineString", "coordinates": [[77.6466606, 12.9233911], [77.6468724, 12.9229309], [77.6469505, 12.9228026], [77.6470421, 12.9226282], [77.6471364, 12.9224589], [77.647268, 12.9214322]]}, "properties": {"segID": "way24492033/0", "name": "22nd Main Road", "ward": "HSR Layout", "roadClass": "residential", "lengthM": 230.9, "darkness": {"alpha": 3.748, "beta": 1.252, "mean": 0.2504, "var": 0.03128}, "exposure": {"activity": 0.5185, "structural": 0.3807, "blended": 0.4151}, "confidence": 0.8904, "repairPriority": 0.09255, "routePenalty": 541.9, "reportValue": 0.01298, "evidence": {"osmLampsWorking": 2, "osmLampsBroken": 1, "osmLampsUntagged": 0, "nightBusTrips": 132.0, "wardComplaints2025": 252, "reports": 0}}}, {"type": "Feature", "geometry": {"type": "LineString", "coordinates": [[77.647268, 12.9214322], [77.647278, 12.9213541], [77.6472934, 12.9212187], [77.6473142, 12.9210364], [77.6474063, 12.9210077], [77.6472629, 12.9199334]]}, "properties": {"segID": "way24492033/1", "name": "22nd Main Road", "ward": "HSR Layout", "roadClass": "residential", "lengthM": 175.2, "darkness": {"alpha": 1.748, "beta": 0.252, "mean": 0.126, "var": 0.03671}, "exposure": {"activity": 0.589, "structural": 0.3772, "blended": 0.4302}, "confidence": 0.4966, "repairPriority": 0.02692, "routePenalty": 381.7, "reportValue": 0.01579, "evidence": {"osmLampsWorking": 0, "osmLampsBroken": 0, "osmLampsUntagged": 0, "nightBusTrips": 130.1, "wardComplaints2025": 252, "reports": 0}}}, {"type": "Feature", "geometry": {"type": "LineString", "coordinates": [[77.6472629, 12.9199334], [77.6471863, 12.9194627], [77.6471103, 12.9189173], [77.6470906, 12.9187741], [77.6470883, 12.9184118]]}, "properties": {"segID": "way24492033/2", "name": "22nd Main Road", "ward": "HSR Layout", "roadClass": "residential", "lengthM": 170.5, "darkness": {"alpha": 1.748, "beta": 0.252, "mean": 0.126, "var": 0.03671}, "exposure": {"activity": 0.448, "structural": 0.358, "blended": 0.3805}, "confidence": 0.4966, "repairPriority": 0.02381, "routePenalty": 386.9, "reportValue": 0.01397, "evidence": {"osmLampsWorking": 0, "osmLampsBroken": 0, "osmLampsUntagged": 0, "nightBusTrips": 119.3, "wardComplaints2025": 252, "reports": 0}}}, {"type": "Feature", "geometry": {"type": "LineString", "coordinates": [[77.6470883, 12.9184118], [77.6471266, 12.9172297], [77.6471683, 12.9167995]]}, "properties": {"segID": "way24492033/3", "name": "22nd Main Road", "ward": "HSR Layout", "roadClass": "residential", "lengthM": 179.6, "darkness": {"alpha": 1.748, "beta": 0.252, "mean": 0.126, "var": 0.03671}, "exposure": {"activity": 0.4755, "structural": 0.3212, "blended": 0.3597}, "confidence": 0.4966, "repairPriority": 0.02251, "routePenalty": 415.7, "reportValue": 0.0132, "evidence": {"osmLampsWorking": 0, "osmLampsBroken": 0, "osmLampsUntagged": 0, "nightBusTrips": 99.2, "wardComplaints2025": 252, "reports": 0}}}, {"type": "Feature", "geometry": {"type": "LineString", "coordinates": [[77.6471683, 12.9167995], [77.6471692, 12.9161439], [77.6471824, 12.9157227], [77.6471871, 12.9152531]]}, "properties": {"segID": "way24492033/4", "name": "22nd Main Road", "ward": "HSR Layout", "roadClass": "residential", "lengthM": 172.0, "darkness": {"alpha": 1.748, "beta": 0.252, "mean": 0.126, "var": 0.03671}, "exposure": {"activity": 0.6251, "structural": 0.2417, "blended": 0.3376}, "confidence": 0.4966, "repairPriority": 0.02112, "routePenalty": 407.4, "reportValue": 0.01239, "evidence": {"osmLampsWorking": 0, "osmLampsBroken": 0, "osmLampsUntagged": 0, "nightBusTrips": 66.9, "wardComplaints2025": 252, "reports": 0}}}, {"type": "Feature", "geometry": {"type": "LineString", "coordinates": [[77.6471871, 12.9152531], [77.6471907, 12.9149374]]}, "properties": {"segID": "way24492033/5", "name": "22nd Main Road", "ward": "HSR Layout", "roadClass": "residential", "lengthM": 35.1, "darkness": {"alpha": 1.748, "beta": 0.252, "mean": 0.126, "var": 0.03671}, "exposure": {"activity": 0.5589, "structural": 0.2238, "blended": 0.3076}, "confidence": 0.4966, "repairPriority": 0.01925, "routePenalty": 86.2, "reportValue": 0.01129, "evidence": {"osmLampsWorking": 0, "osmLampsBroken": 0, "osmLampsUntagged": 0, "nightBusTrips": 61.5, "wardComplaints2025": 252, "reports": 0}}}, {"type": "Feature", "geometry": {"type": "LineString", "coordinates": [[77.6479989, 12.9193924], [77.6479903, 12.91908], [77.6492598, 12.918953]]}, "properties": {"segID": "way24492154/0", "name": "8th Cross Road", "ward": "HSR Layout", "roadClass": "residential", "lengthM": 173.1, "darkness": {"alpha": 1.748, "beta": 0.252, "mean": 0.126, "var": 0.03671}, "exposure": {"activity": 0.6569, "structural": 0.3504, "blended": 0.427}, "confidence": 0.4966, "repairPriority": 0.02672, "routePenalty": 378.0, "reportValue": 0.01568, "evidence": {"osmLampsWorking": 0, "osmLampsBroken": 0, "osmLampsUntagged": 0, "nightBusTrips": 113.2, "wardComplaints2025": 252, "reports": 0}}}, {"type": "Feature", "geometry": {"type": "LineString", "coordinates": [[77.6492598, 12.918953], [77.6511675, 12.9190163]]}, "properties": {"segID": "way24492154/1", "name": "8th Cross Road", "ward": "HSR Layout", "roadClass": "residential", "lengthM": 206.9, "darkness": {"alpha": 1.748, "beta": 0.252, "mean": 0.126, "var": 0.03671}, "exposure": {"activity": 0.8289, "structural": 0.2675, "blended": 0.4078}, "confidence": 0.4966, "repairPriority": 0.02552, "routePenalty": 458.6, "reportValue": 0.01497, "evidence": {"osmLampsWorking": 0, "osmLampsBroken": 0, "osmLampsUntagged": 0, "nightBusTrips": 74.6, "wardComplaints2025": 252, "reports": 0}}}, {"type": "Feature", "geometry": {"type": "LineString", "coordinates": [[77.6511675, 12.9190163], [77.6515749, 12.9190271], [77.6516519, 12.9190278]]}, "properties": {"segID": "way24492154/2", "name": "8th Cross Road", "ward": "HSR Layout", "roadClass": "residential", "lengthM": 52.5, "darkness": {"alpha": 1.748, "beta": 0.252, "mean": 0.126, "var": 0.03671}, "exposure": {"activity": 0.7988, "structural": 0.2623, "blended": 0.3965}, "confidence": 0.4966, "repairPriority": 0.02481, "routePenalty": 117.5, "reportValue": 0.01456, "evidence": {"osmLampsWorking": 0, "osmLampsBroken": 0, "osmLampsUntagged": 0, "nightBusTrips": 73.4, "wardComplaints2025": 252, "reports": 0}}}, {"type": "Feature", "geometry": {"type": "LineString", "coordinates": [[77.6511804, 12.9180332], [77.6500894, 12.9180072]]}, "properties": {"segID": "way24492262/0", "name": "10th Cross Road", "ward": "HSR Layout", "roadClass": "residential", "lengthM": 118.3, "darkness": {"alpha": 1.748, "beta": 0.252, "mean": 0.126, "var": 0.03671}, "exposure": {"activity": 0.7657, "structural": 0.2955, "blended": 0.4131}, "confidence": 0.4966, "repairPriority": 0.02585, "routePenalty": 261.1, "reportValue": 0.01516, "evidence": {"osmLampsWorking": 0, "osmLampsBroken": 0, "osmLampsUntagged": 0, "nightBusTrips": 85.9, "wardComplaints2025": 252, "reports": 0}}}, {"type": "Feature", "geometry": {"type": "LineString", "coordinates": [[77.6616849, 12.9216797], [77.6617795, 12.9220155], [77.661808, 12.9221168], [77.6618185, 12.9222077], [77.661829, 12.9222986]]}, "properties": {"segID": "way24492557/0", "name": "2nd Main Road", "ward": "HSR Layout", "roadClass": "residential", "lengthM": 70.7, "darkness": {"alpha": 4.748, "beta": 2.252, "mean": 0.3217, "var": 0.02728}, "exposure": {"activity": 0.3474, "structural": 0.4377, "blended": 0.4152}, "confidence": 0.9007, "repairPriority": 0.12031, "routePenalty": 171.2, "reportValue": 0.01133, "evidence": {"osmLampsWorking": 3, "osmLampsBroken": 2, "osmLampsUntagged": 0, "nightBusTrips": 190.5, "wardComplaints2025": 252, "reports": 0}}}, {"type": "Feature", "geometry": {"type": "LineString", "coordinates": [[77.6285962, 12.9286343], [77.6281978, 12.926351]]}, "properties": {"segID": "way27445916/0", "name": "9th Main Road", "ward": "Koramangala", "roadClass": "residential", "lengthM": 257.5, "darkness": {"alpha": 1.748, "beta": 0.252, "mean": 0.126, "var": 0.03671}, "exposure": {"activity": 0.184, "structural": 0.5463, "blended": 0.4558}, "confidence": 0.4966, "repairPriority": 0.02852, "routePenalty": 550.9, "reportValue": 0.01673, "evidence": {"osmLampsWorking": 0, "osmLampsBroken": 0, "osmLampsUntagged": 0, "nightBusTrips": 136.2, "wardComplaints2025": 136, "reports": 0}}}, {"type": "Feature", "geometry": {"type": "LineString", "coordinates": [[77.6248423, 12.9306064], [77.6246592, 12.9301442], [77.624524, 12.9297154], [77.6243495, 12.9292697]]}, "properties": {"segID": "way27445936/0", "name": "16th Main Road", "ward": "Koramangala", "roadClass": "residential", "lengthM": 158.0, "darkness": {"alpha": 1.748, "beta": 0.252, "mean": 0.126, "var": 0.03671}, "exposure": {"activity": 0.4261, "structural": 0.7028, "blended": 0.6336}, "confidence": 0.4966, "repairPriority": 0.03965, "routePenalty": 309.0, "reportValue": 0.02326, "evidence": {"osmLampsWorking": 0, "osmLampsBroken": 0, "osmLampsUntagged": 0, "nightBusTrips": 113.7, "wardComplaints2025": 136, "reports": 0}}}, {"type": "Feature", "geometry": {"type": "LineString", "coordinates": [[77.6243495, 12.9292697], [77.6241075, 12.9285949], [77.6239069, 12.9280436], [77.6236662, 12.9273784]]}, "properties": {"segID": "way27445936/1", "name": "16th Main Road", "ward": "Koramangala", "roadClass": "residential", "lengthM": 223.0, "darkness": {"alpha": 1.748, "beta": 0.252, "mean": 0.126, "var": 0.03671}, "exposure": {"activity": 0.3057, "structural": 0.7737, "blended": 0.6567}, "confidence": 0.4966, "repairPriority": 0.04109, "routePenalty": 432.4, "reportValue": 0.02411, "evidence": {"osmLampsWorking": 0, "osmLampsBroken": 0, "osmLampsUntagged": 0, "nightBusTrips": 159.4, "wardComplaints2025": 136, "reports": 0}}}, {"type": "Feature", "geometry": {"type": "LineString", "coordinates": [[77.6236662, 12.9273784], [77.6234079, 12.9266575], [77.6233883, 12.9266027], [77.623379, 12.9265612]]}, "properties": {"segID": "way27445936/2", "name": "16th Main Road", "ward": "Koramangala", "roadClass": "residential", "lengthM": 96.1, "darkness": {"alpha": 1.748, "beta": 0.252, "mean": 0.126, "var": 0.03671}, "exposure": {"activity": 0.3766, "structural": 0.8079, "blended": 0.7001}, "confidence": 0.4966, "repairPriority": 0.04381, "routePenalty": 183.6, "reportValue": 0.0257, "evidence": {"osmLampsWorking": 0, "osmLampsBroken": 0, "osmLampsUntagged": 0, "nightBusTrips": 189.6, "wardComplaints2025": 136, "reports": 0}}}, {"type": "Feature", "geometry": {"type": "LineString", "coordinates": [[77.6225966, 12.9173014], [77.6228281, 12.9173744]]}, "properties": {"segID": "way27555707/0", "name": "Outer Ring Road", "ward": "Jakkasandra", "roadClass": "trunk", "lengthM": 26.4, "darkness": {"alpha": 1.748, "beta": 0.252, "mean": 0.126, "var": 0.03671}, "exposure": {"activity": 0.2648, "structural": 0.5213, "blended": 0.4572}, "confidence": 0.4966, "repairPriority": 0.02861, "routePenalty": 56.4, "reportValue": 0.01678, "evidence": {"osmLampsWorking": 0, "osmLampsBroken": 0, "osmLampsUntagged": 0, "nightBusTrips": 339.3, "wardComplaints2025": 62, "reports": 0}}}, {"type": "Feature", "geometry": {"type": "LineString", "coordinates": [[77.6269037, 12.9364379], [77.6259763, 12.9356757], [77.625671, 12.9354211]]}, "properties": {"segID": "way27674078/0", "name": "16th C Main Road", "ward": "Koramangala", "roadClass": "residential", "lengthM": 175.0, "darkness": {"alpha": 1.748, "beta": 0.252, "mean": 0.126, "var": 0.03671}, "exposure": {"activity": 0.9278, "structural": 0.4074, "blended": 0.5375}, "confidence": 0.4966, "repairPriority": 0.03363, "routePenalty": 357.0, "reportValue": 0.01973, "evidence": {"osmLampsWorking": 0, "osmLampsBroken": 0, "osmLampsUntagged": 0, "nightBusTrips": 73.1, "wardComplaints2025": 136, "reports": 0}}}, {"type": "Feature", "geometry": {"type": "LineString", "coordinates": [[77.625671, 12.9354211], [77.6253582, 12.9351662], [77.6249936, 12.934835]]}, "properties": {"segID": "way27674078/1", "name": "16th C Main Road", "ward": "Koramangala", "roadClass": "residential", "lengthM": 98.2, "darkness": {"alpha": 1.748, "beta": 0.252, "mean": 0.126, "var": 0.03671}, "exposure": {"activity": 0.9226, "structural": 0.4752, "blended": 0.587}, "confidence": 0.4966, "repairPriority": 0.03673, "routePenalty": 195.7, "reportValue": 0.02155, "evidence": {"osmLampsWorking": 0, "osmLampsBroken": 0, "osmLampsUntagged": 0, "nightBusTrips": 76.8, "wardComplaints2025": 136, "reports": 0}}}, {"type": "Feature", "geometry": {"type": "LineString", "coordinates": [[77.6202745, 12.935888], [77.61971, 12.936255], [77.6188787, 12.9367426]]}, "properties": {"segID": "way27772593/0", "name": "4th Cross Road", "ward": "Koramangala", "roadClass": "residential", "lengthM": 178.7, "darkness": {"alpha": 1.748, "beta": 0.252, "mean": 0.126, "var": 0.03671}, "exposure": {"activity": 0.8745, "structural": 0.3964, "blended": 0.5159}, "confidence": 0.4966, "repairPriority": 0.03228, "routePenalty": 368.7, "reportValue": 0.01894, "evidence": {"osmLampsWorking": 0, "osmLampsBroken": 0, "osmLampsUntagged": 0, "nightBusTrips": 72.9, "wardComplaints2025": 136, "reports": 0}}}, {"type": "Feature", "geometry": {"type": "LineString", "coordinates": [[77.6188787, 12.9367426], [77.6184019, 12.9370493], [77.6183692, 12.9370655]]}, "properties": {"segID": "way27772593/1", "name": "4th Cross Road", "ward": "Koramangala", "roadClass": "residential", "lengthM": 65.9, "darkness": {"alpha": 1.748, "beta": 0.252, "mean": 0.126, "var": 0.03671}, "exposure": {"activity": 0.4815, "structural": 0.4974, "blended": 0.4934}, "confidence": 0.4966, "repairPriority": 0.03087, "routePenalty": 137.7, "reportValue": 0.01811, "evidence": {"osmLampsWorking": 0, "osmLampsBroken": 0, "osmLampsUntagged": 0, "nightBusTrips": 66.7, "wardComplaints2025": 136, "reports": 0}}}, {"type": "Feature", "geometry": {"type": "LineString", "coordinates": [[77.6190496, 12.9349478], [77.619174, 12.9353718], [77.6193042, 12.9356461], [77.6194968, 12.9359272], [77.61971, 12.936255]]}, "properties": {"segID": "way27772612/0", "name": "17th E Main Road", "ward": "Koramangala", "roadClass": "residential", "lengthM": 163.4, "darkness": {"alpha": 1.748, "beta": 0.252, "mean": 0.126, "var": 0.03671}, "exposure": {"activity": 0.7635, "structural": 0.5513, "blended": 0.6044}, "confidence": 0.4966, "repairPriority": 0.03782, "routePenalty": 323.2, "reportValue": 0.02219, "evidence": {"osmLampsWorking": 0, "osmLampsBroken": 0, "osmLampsUntagged": 0, "nightBusTrips": 75.8, "wardComplaints2025": 136, "reports": 0}}}, {"type": "Feature", "geometry": {"type": "LineString", "coordinates": [[77.61971, 12.936255], [77.6198948, 12.9365196], [77.6200902, 12.9368231], [77.620119, 12.9368678]]}, "properties": {"segID": "way27772612/1", "name": "17th E Main Road", "ward": "Koramangala", "roadClass": "residential", "lengthM": 81.3, "darkness": {"alpha": 1.748, "beta": 0.252, "mean": 0.126, "var": 0.03671}, "exposure": {"activity": 0.9458, "structural": 0.5849, "blended": 0.6751}, "confidence": 0.4966, "repairPriority": 0.04224, "routePenalty": 156.6, "reportValue": 0.02478, "evidence": {"osmLampsWorking": 0, "osmLampsBroken": 0, "osmLampsUntagged": 0, "nightBusTrips": 68.6, "wardComplaints2025": 136, "reports": 0}}}, {"type": "Feature", "geometry": {"type": "LineString", "coordinates": [[77.6188787, 12.9367426], [77.6193197, 12.9368516], [77.6198948, 12.9365196], [77.6204359, 12.9362043]]}, "properties": {"segID": "way27772642/0", "name": "4th A Cross Road", "ward": "Koramangala", "roadClass": "residential", "lengthM": 190.1, "darkness": {"alpha": 1.748, "beta": 0.252, "mean": 0.126, "var": 0.03671}, "exposure": {"activity": 0.908, "structural": 0.4898, "blended": 0.5943}, "confidence": 0.4966, "repairPriority": 0.03719, "routePenalty": 377.7, "reportValue": 0.02182, "evidence": {"osmLampsWorking": 0, "osmLampsBroken": 0, "osmLampsUntagged": 0, "nightBusTrips": 70.2, "wardComplaints2025": 136, "reports": 0}}}, {"type": "Feature", "geometry": {"type": "LineString", "coordinates": [[77.615861, 12.9360934], [77.6158761, 12.9360584], [77.61607, 12.9357342], [77.6161151, 12.9356442], [77.6161719, 12.9354825], [77.6165185, 12.9348509]]}, "properties": {"segID": "way27772683/0", "name": "2nd Cross Road", "ward": "Koramangala", "roadClass": "residential", "lengthM": 155.7, "darkness": {"alpha": 1.748, "beta": 0.252, "mean": 0.126, "var": 0.03671}, "exposure": {"activity": 0.0559, "structural": 0.5715, "blended": 0.4426}, "confidence": 0.4966, "repairPriority": 0.02769, "routePenalty": 336.2, "reportValue": 0.01625, "evidence": {"osmLampsWorking": 0, "osmLampsBroken": 0, "osmLampsUntagged": 0, "nightBusTrips": 88.4, "wardComplaints2025": 136, "reports": 0}}}, {"type": "Feature", "geometry": {"type": "LineString", "coordinates": [[77.6165185, 12.9348509], [77.6169766, 12.9347036], [77.6174168, 12.934582], [77.6178904, 12.9346321]]}, "properties": {"segID": "way27772683/1", "name": "2nd Cross Road", "ward": "Koramangala", "roadClass": "residential", "lengthM": 153.5, "darkness": {"alpha": 1.748, "beta": 0.252, "mean": 0.126, "var": 0.03671}, "exposure": {"activity": 0.1745, "structural": 0.6409, "blended": 0.5243}, "confidence": 0.4966, "repairPriority": 0.03281, "routePenalty": 315.3, "reportValue": 0.01925, "evidence": {"osmLampsWorking": 0, "osmLampsBroken": 0, "osmLampsUntagged": 0, "nightBusTrips": 102.9, "wardComplaints2025": 136, "reports": 0}}}, {"type": "Feature", "geometry": {"type": "LineString", "coordinates": [[77.6178904, 12.9346321], [77.6181263, 12.9346275], [77.6185891, 12.9346287], [77.6189138, 12.934614], [77.619637, 12.9346158]]}, "properties": {"segID": "way27772683/2", "name": "2nd Cross Road", "ward": "Koramangala", "roadClass": "residential", "lengthM": 189.3, "darkness": {"alpha": 1.748, "beta": 0.252, "mean": 0.126, "var": 0.03671}, "exposure": {"activity": 0.5236, "structural": 0.6569, "blended": 0.6236}, "confidence": 0.4966, "repairPriority": 0.03902, "routePenalty": 371.6, "reportValue": 0.02289, "evidence": {"osmLampsWorking": 0, "osmLampsBroken": 0, "osmLampsUntagged": 0, "nightBusTrips": 94.5, "wardComplaints2025": 136, "reports": 0}}}, {"type": "Feature", "geometry": {"type": "LineString", "coordinates": [[77.619637, 12.9346158], [77.6200525, 12.9346137]]}, "properties": {"segID": "way27772683/3", "name": "2nd Cross Road", "ward": "Koramangala", "roadClass": "residential", "lengthM": 45.0, "darkness": {"alpha": 1.748, "beta": 0.252, "mean": 0.126, "var": 0.03671}, "exposure": {"activity": 0.8758, "structural": 0.6681, "blended": 0.72}, "confidence": 0.4966, "repairPriority": 0.04505, "routePenalty": 85.4, "reportValue": 0.02643, "evidence": {"osmLampsWorking": 0, "osmLampsBroken": 0, "osmLampsUntagged": 0, "nightBusTrips": 91.8, "wardComplaints2025": 136, "reports": 0}}}, {"type": "Feature", "geometry": {"type": "LineString", "coordinates": [[77.61838, 12.9366], [77.6191864, 12.9361142], [77.6194968, 12.9359272], [77.6200945, 12.9355672]]}, "properties": {"segID": "way27772686/0", "name": "3rd Cross Road", "ward": "Koramangala", "roadClass": "residential", "lengthM": 218.4, "darkness": {"alpha": 1.748, "beta": 0.252, "mean": 0.126, "var": 0.03671}, "exposure": {"activity": 0.8237, "structural": 0.4354, "blended": 0.5325}, "confidence": 0.4966, "repairPriority": 0.03332, "routePenalty": 446.6, "reportValue": 0.01955, "evidence": {"osmLampsWorking": 0, "osmLampsBroken": 0, "osmLampsUntagged": 0, "nightBusTrips": 73.7, "wardComplaints2025": 136, "reports": 0}}}, {"type": "Feature", "geometry": {"type": "LineString", "coordinates": [[77.6200945, 12.9355672], [77.6204512, 12.9353523]]}, "properties": {"segID": "way27772686/1", "name": "3rd Cross Road", "ward": "Koramangala", "roadClass": "residential", "lengthM": 45.4, "darkness": {"alpha": 1.748, "beta": 0.252, "mean": 0.126, "var": 0.03671}, "exposure": {"activity": 0.9295, "structural": 0.7042, "blended": 0.7605}, "confidence": 0.4966, "repairPriority": 0.04759, "routePenalty": 85.2, "reportValue": 0.02792, "evidence": {"osmLampsWorking": 0, "osmLampsBroken": 0, "osmLampsUntagged": 0, "nightBusTrips": 84.9, "wardComplaints2025": 136, "reports": 0}}}, {"type": "Feature", "geometry": {"type": "LineString", "coordinates": [[77.6196166, 12.9336872], [77.6196251, 12.9337606], [77.6199383, 12.9344019], [77.6200525, 12.9346137], [77.6201503, 12.9347951], [77.6202902, 12.9350544]]}, "properties": {"segID": "way27773755/0", "name": "17th C Main Road", "ward": "Koramangala", "roadClass": "residential", "lengthM": 169.2, "darkness": {"alpha": 1.748, "beta": 0.252, "mean": 0.126, "var": 0.03671}, "exposure": {"activity": 0.8758, "structural": 0.7047, "blended": 0.7475}, "confidence": 0.4966, "repairPriority": 0.04677, "routePenalty": 318.7, "reportValue": 0.02744, "evidence": {"osmLampsWorking": 0, "osmLampsBroken": 0, "osmLampsUntagged": 0, "nightBusTrips": 91.8, "wardComplaints2025": 136, "reports": 0}}}, {"type": "Feature", "geometry": {"type": "LineString", "coordinates": [[77.6202902, 12.9350544], [77.6204512, 12.9353523], [77.620874, 12.9361425], [77.6209478, 12.9362852]]}, "properties": {"segID": "way27773755/1", "name": "17th C Main Road", "ward": "Koramangala", "roadClass": "residential", "lengthM": 154.3, "darkness": {"alpha": 1.748, "beta": 0.252, "mean": 0.126, "var": 0.03671}, "exposure": {"activity": 0.9751, "structural": 0.595, "blended": 0.69}, "confidence": 0.4966, "repairPriority": 0.04317, "routePenalty": 295.8, "reportValue": 0.02533, "evidence": {"osmLampsWorking": 0, "osmLampsBroken": 0, "osmLampsUntagged": 0, "nightBusTrips": 69.3, "wardComplaints2025": 136, "reports": 0}}}, {"type": "Feature", "geometry": {"type": "LineString", "coordinates": [[77.626942, 12.937197], [77.6266664, 12.9369729], [77.6265291, 12.9368612], [77.6255428, 12.9360846]]}, "properties": {"segID": "way27777244/0", "name": "Mahayogi Vemana Road", "ward": "Koramangala", "roadClass": "primary", "lengthM": 195.7, "darkness": {"alpha": 1.748, "beta": 0.252, "mean": 0.126, "var": 0.03671}, "exposure": {"activity": 0.9673, "structural": 0.4586, "blended": 0.5858}, "confidence": 0.4966, "repairPriority": 0.03665, "routePenalty": 390.2, "reportValue": 0.0215, "evidence": {"osmLampsWorking": 0, "osmLampsBroken": 0, "osmLampsUntagged": 0, "nightBusTrips": 80.7, "wardComplaints2025": 136, "reports": 0}}}, {"type": "Feature", "geometry": {"type": "LineString", "coordinates": [[77.6236662, 12.9273784], [77.6254533, 12.9266427]]}, "properties": {"segID": "way27785711/0", "name": "2nd Cross Road", "ward": "Koramangala", "roadClass": "residential", "lengthM": 210.2, "darkness": {"alpha": 1.748, "beta": 0.252, "mean": 0.126, "var": 0.03671}, "exposure": {"activity": 0.3667, "structural": 0.5745, "blended": 0.5226}, "confidence": 0.4966, "repairPriority": 0.0327, "routePenalty": 432.1, "reportValue": 0.01918, "evidence": {"osmLampsWorking": 0, "osmLampsBroken": 0, "osmLampsUntagged": 0, "nightBusTrips": 176.6, "wardComplaints2025": 136, "reports": 0}}}, {"type": "Feature", "geometry": {"type": "LineString", "coordinates": [[77.6254533, 12.9266427], [77.62681, 12.9260844]]}, "properties": {"segID": "way27785711/1", "name": "2nd Cross Road", "ward": "Koramangala", "roadClass": "residential", "lengthM": 159.6, "darkness": {"alpha": 1.748, "beta": 0.252, "mean": 0.126, "var": 0.03671}, "exposure": {"activity": 0.2816, "structural": 0.5568, "blended": 0.488}, "confidence": 0.4966, "repairPriority": 0.03053, "routePenalty": 334.5, "reportValue": 0.01791, "evidence": {"osmLampsWorking": 0, "osmLampsBroken": 0, "osmLampsUntagged": 0, "nightBusTrips": 161.6, "wardComplaints2025": 136, "reports": 0}}}, {"type": "Feature", "geometry": {"type": "LineString", "coordinates": [[77.62681, 12.9260844], [77.6285713, 12.9253643]]}, "properties": {"segID": "way27785711/2", "name": "2nd Cross Road", "ward": "Koramangala", "roadClass": "residential", "lengthM": 207.0, "darkness": {"alpha": 1.748, "beta": 0.252, "mean": 0.126, "var": 0.03671}, "exposure": {"activity": 0.2476, "structural": 0.5402, "blended": 0.4671}, "confidence": 0.4966, "repairPriority": 0.02923, "routePenalty": 439.6, "reportValue": 0.01715, "evidence": {"osmLampsWorking": 0, "osmLampsBroken": 0, "osmLampsUntagged": 0, "nightBusTrips": 154.9, "wardComplaints2025": 136, "reports": 0}}}, {"type": "Feature", "geometry": {"type": "LineString", "coordinates": [[77.6258862, 12.9278704], [77.6252634, 12.9281225], [77.6246886, 12.9283574], [77.6241075, 12.9285949]]}, "properties": {"segID": "way27785717/0", "name": "5th Cross Road", "ward": "Koramangala", "roadClass": "residential", "lengthM": 208.9, "darkness": {"alpha": 1.748, "beta": 0.252, "mean": 0.126, "var": 0.03671}, "exposure": {"activity": 0.2468, "structural": 0.617, "blended": 0.5245}, "confidence": 0.4966, "repairPriority": 0.03282, "routePenalty": 429.0, "reportValue": 0.01925, "evidence": {"osmLampsWorking": 0, "osmLampsBroken": 0, "osmLampsUntagged": 0, "nightBusTrips": 138.6, "wardComplaints2025": 136, "reports": 0}}}, {"type": "Feature", "geometry": {"type": "LineString", "coordinates": [[77.6241075, 12.9285949], [77.6236481, 12.9287827], [77.623144, 12.9289887], [77.6218475, 12.9295187]]}, "properties": {"segID": "way27785717/1", "name": "5th Cross Road", "ward": "Koramangala", "roadClass": "residential", "lengthM": 265.6, "darkness": {"alpha": 1.748, "beta": 0.252, "mean": 0.126, "var": 0.03671}, "exposure": {"activity": 0.4119, "structural": 0.7188, "blended": 0.6421}, "confidence": 0.4966, "repairPriority": 0.04018, "routePenalty": 517.7, "reportValue": 0.02357, "evidence": {"osmLampsWorking": 0, "osmLampsBroken": 0, "osmLampsUntagged": 0, "nightBusTrips": 162.9, "wardComplaints2025": 136, "reports": 0}}}, {"type": "Feature", "geometry": {"type": "LineString", "coordinates": [[77.6246886, 12.9283574], [77.625021, 12.9292094], [77.6255487, 12.9305619]]}, "properties": {"segID": "way27785730/0", "name": "15th Main Road", "ward": "Koramangala", "roadClass": "residential", "lengthM": 262.3, "darkness": {"alpha": 1.748, "beta": 0.252, "mean": 0.126, "var": 0.03671}, "exposure": {"activity": 0.2734, "structural": 0.5785, "blended": 0.5022}, "confidence": 0.4966, "repairPriority": 0.03142, "routePenalty": 545.3, "reportValue": 0.01844, "evidence": {"osmLampsWorking": 0, "osmLampsBroken": 0, "osmLampsUntagged": 0, "nightBusTrips": 123.7, "wardComplaints2025": 136, "reports": 0}}}, {"type": "Feature", "geometry": {"type": "LineString", "coordinates": [[77.6243495, 12.9292697], [77.6226739, 12.9300109]]}, "properties": {"segID": "way27785733/0", "name": "6th Cross Road", "ward": "Koramangala", "roadClass": "residential", "lengthM": 199.4, "darkness": {"alpha": 1.748, "beta": 0.252, "mean": 0.126, "var": 0.03671}, "exposure": {"activity": 0.7343, "structural": 0.6268, "blended": 0.6537}, "confidence": 0.4966, "repairPriority": 0.0409, "routePenalty": 387.0, "reportValue": 0.024, "evidence": {"osmLampsWorking": 0, "osmLampsBroken": 0, "osmLampsUntagged": 0, "nightBusTrips": 145.7, "wardComplaints2025": 136, "reports": 0}}}, {"type": "Feature", "geometry": {"type": "LineString", "coordinates": [[77.6226739, 12.9300109], [77.6221345, 12.9302411]]}, "properties": {"segID": "way27785733/1", "name": "6th Cross Road", "ward": "Koramangala", "roadClass": "residential", "lengthM": 63.8, "darkness": {"alpha": 1.748, "beta": 0.252, "mean": 0.126, "var": 0.03671}, "exposure": {"activity": 0.7051, "structural": 0.639, "blended": 0.6555}, "confidence": 0.4966, "repairPriority": 0.04102, "routePenalty": 123.7, "reportValue": 0.02406, "evidence": {"osmLampsWorking": 0, "osmLampsBroken": 0, "osmLampsUntagged": 0, "nightBusTrips": 148.0, "wardComplaints2025": 136, "reports": 0}}}, {"type": "Feature", "geometry": {"type": "LineString", "coordinates": [[77.6231979, 12.9312415], [77.6230182, 12.9308195], [77.6228441, 12.9304106], [77.6227949, 12.930295], [77.6226739, 12.9300109]]}, "properties": {"segID": "way27785740/0", "name": "6th A Cross Road", "ward": "Koramangala", "roadClass": "residential", "lengthM": 148.2, "darkness": {"alpha": 1.748, "beta": 0.252, "mean": 0.126, "var": 0.03671}, "exposure": {"activity": 0.8401, "structural": 0.6906, "blended": 0.728}, "confidence": 0.4966, "repairPriority": 0.04555, "routePenalty": 280.7, "reportValue": 0.02672, "evidence": {"osmLampsWorking": 0, "osmLampsBroken": 0, "osmLampsUntagged": 0, "nightBusTrips": 138.7, "wardComplaints2025": 136, "reports": 0}}}, {"type": "Feature", "geometry": {"type": "LineString", "coordinates": [[77.6230182, 12.9308195], [77.6246592, 12.9301442]]}, "properties": {"segID": "way27785741/0", "name": "6th B Cross Road", "ward": "Koramangala", "roadClass": "residential", "lengthM": 193.0, "darkness": {"alpha": 1.748, "beta": 0.252, "mean": 0.126, "var": 0.03671}, "exposure": {"activity": 0.4987, "structural": 0.4765, "blended": 0.4821}, "confidence": 0.4966, "repairPriority": 0.03017, "routePenalty": 406.0, "reportValue": 0.0177, "evidence": {"osmLampsWorking": 0, "osmLampsBroken": 0, "osmLampsUntagged": 0, "nightBusTrips": 109.2, "wardComplaints2025": 136, "reports": 0}}}, {"type": "Feature", "geometry": {"type": "LineString", "coordinates": [[77.6228441, 12.9304106], [77.624524, 12.9297154]]}, "properties": {"segID": "way27785742/0", "name": "6th A Cross Road", "ward": "Koramangala", "roadClass": "residential", "lengthM": 197.8, "darkness": {"alpha": 1.748, "beta": 0.252, "mean": 0.126, "var": 0.03671}, "exposure": {"activity": 0.4261, "structural": 0.4753, "blended": 0.463}, "confidence": 0.4966, "repairPriority": 0.02897, "routePenalty": 421.2, "reportValue": 0.017, "evidence": {"osmLampsWorking": 0, "osmLampsBroken": 0, "osmLampsUntagged": 0, "nightBusTrips": 113.7, "wardComplaints2025": 136, "reports": 0}}}, {"type": "Feature", "geometry": {"type": "LineString", "coordinates": [[77.6261452, 12.9305132], [77.6252634, 12.9281225]]}, "properties": {"segID": "way27785743/0", "name": "14th Main Road", "ward": "Koramangala", "roadClass": "residential", "lengthM": 282.5, "darkness": {"alpha": 1.748, "beta": 0.252, "mean": 0.126, "var": 0.03671}, "exposure": {"activity": 0.2261, "structural": 0.6065, "blended": 0.5114}, "confidence": 0.4966, "repairPriority": 0.032, "routePenalty": 584.3, "reportValue": 0.01877, "evidence": {"osmLampsWorking": 0, "osmLampsBroken": 0, "osmLampsUntagged": 0, "nightBusTrips": 143.9, "wardComplaints2025": 136, "reports": 0}}}, {"type": "Feature", "geometry": {"type": "LineString", "coordinates": [[77.6236481, 12.9287827], [77.6229326, 12.9268492]]}, "properties": {"segID": "way27785748/0", "name": "17th Main Road", "ward": "Koramangala", "roadClass": "residential", "lengthM": 228.6, "darkness": {"alpha": 1.748, "beta": 0.252, "mean": 0.126, "var": 0.03671}, "exposure": {"activity": 0.4058, "structural": 0.5863, "blended": 0.5412}, "confidence": 0.4966, "repairPriority": 0.03386, "routePenalty": 465.4, "reportValue": 0.01987, "evidence": {"osmLampsWorking": 0, "osmLampsBroken": 0, "osmLampsUntagged": 0, "nightBusTrips": 198.2, "wardComplaints2025": 136, "reports": 0}}}, {"type": "Feature", "geometry": {"type": "LineString", "coordinates": [[77.6225672, 12.9275558], [77.6212637, 12.9281284]]}, "properties": {"segID": "way27785750/0", "name": "2nd Cross Road", "ward": "Koramangala", "roadClass": "residential", "lengthM": 155.0, "darkness": {"alpha": 1.748, "beta": 0.252, "mean": 0.126, "var": 0.03671}, "exposure": {"activity": 0.2511, "structural": 0.5819, "blended": 0.4992}, "confidence": 0.4966, "repairPriority": 0.03124, "routePenalty": 322.8, "reportValue": 0.01833, "evidence": {"osmLampsWorking": 0, "osmLampsBroken": 0, "osmLampsUntagged": 0, "nightBusTrips": 213.2, "wardComplaints2025": 136, "reports": 0}}}, {"type": "Feature", "geometry": {"type": "LineString", "coordinates": [[77.6227726, 12.9280664], [77.6214602, 12.9285868]]}, "properties": {"segID": "way27785751/0", "name": "3rd Cross Road", "ward": "Koramangala", "roadClass": "residential", "lengthM": 153.6, "darkness": {"alpha": 1.748, "beta": 0.252, "mean": 0.126, "var": 0.03671}, "exposure": {"activity": 0.2769, "structural": 0.6383, "blended": 0.548}, "confidence": 0.4966, "repairPriority": 0.03429, "routePenalty": 311.7, "reportValue": 0.02012, "evidence": {"osmLampsWorking": 0, "osmLampsBroken": 0, "osmLampsUntagged": 0, "nightBusTrips": 190.9, "wardComplaints2025": 136, "reports": 0}}}, {"type": "Feature", "geometry": {"type": "LineString", "coordinates": [[77.6229401, 12.9284829], [77.621651, 12.9290553]]}, "properties": {"segID": "way27785752/0", "name": "4th Cross Road", "ward": "Koramangala", "roadClass": "residential", "lengthM": 153.5, "darkness": {"alpha": 1.748, "beta": 0.252, "mean": 0.126, "var": 0.03671}, "exposure": {"activity": 0.3319, "structural": 0.5666, "blended": 0.508}, "confidence": 0.4966, "repairPriority": 0.03179, "routePenalty": 318.1, "reportValue": 0.01865, "evidence": {"osmLampsWorking": 0, "osmLampsBroken": 0, "osmLampsUntagged": 0, "nightBusTrips": 179.0, "wardComplaints2025": 136, "reports": 0}}}, {"type": "Feature", "geometry": {"type": "LineString", "coordinates": [[77.6265291, 12.9368612], [77.6269037, 12.9364379], [77.627218, 12.936103], [77.6274347, 12.9358786], [77.627704, 12.9355998]]}, "properties": {"segID": "way27785772/0", "name": "5th Cross Road", "ward": "Koramangala", "roadClass": "residential", "lengthM": 189.5, "darkness": {"alpha": 1.748, "beta": 0.252, "mean": 0.126, "var": 0.03671}, "exposure": {"activity": 0.9205, "structural": 0.4514, "blended": 0.5687}, "confidence": 0.4966, "repairPriority": 0.03558, "routePenalty": 380.8, "reportValue": 0.02088, "evidence": {"osmLampsWorking": 0, "osmLampsBroken": 0, "osmLampsUntagged": 0, "nightBusTrips": 74.2, "wardComplaints2025": 136, "reports": 0}}}, {"type": "Feature", "geometry": {"type": "LineString", "coordinates": [[77.6296147, 12.934432], [77.6295887, 12.9344121], [77.6295609, 12.9343909], [77.6290958, 12.9340363], [77.6288446, 12.933861], [77.6285657, 12.933645], [77.6283279, 12.9334607]]}, "properties": {"segID": "way27785777/0", "name": "12th Main Road", "ward": "Koramangala", "roadClass": "residential", "lengthM": 176.4, "darkness": {"alpha": 1.748, "beta": 0.252, "mean": 0.126, "var": 0.03671}, "exposure": {"activity": 0.9024, "structural": 0.6397, "blended": 0.7054}, "confidence": 0.4966, "repairPriority": 0.04414, "routePenalty": 336.5, "reportValue": 0.0259, "evidence": {"osmLampsWorking": 0, "osmLampsBroken": 0, "osmLampsUntagged": 0, "nightBusTrips": 56.9, "wardComplaints2025": 136, "reports": 0}}}, {"type": "Feature", "geometry": {"type": "LineString", "coordinates": [[77.6283279, 12.9334607], [77.6280313, 12.933231], [77.6279317, 12.9331537], [77.6275691, 12.932879]]}, "properties": {"segID": "way27785777/1", "name": "12th Main Road", "ward": "Koramangala", "roadClass": "residential", "lengthM": 104.6, "darkness": {"alpha": 1.748, "beta": 0.252, "mean": 0.126, "var": 0.03671}, "exposure": {"activity": 0.681, "structural": 0.6664, "blended": 0.67}, "confidence": 0.4966, "repairPriority": 0.04192, "routePenalty": 201.9, "reportValue": 0.0246, "evidence": {"osmLampsWorking": 0, "osmLampsBroken": 0, "osmLampsUntagged": 0, "nightBusTrips": 66.4, "wardComplaints2025": 136, "reports": 0}}}, {"type": "Feature", "geometry": {"type": "LineString", "coordinates": [[77.6260096, 12.9342129], [77.6263648, 12.934548], [77.6266872, 12.9348251], [77.6269449, 12.9350341], [77.627704, 12.9355998]]}, "properties": {"segID": "way27785781/0", "name": "16th Main Road", "ward": "Koramangala", "roadClass": "residential", "lengthM": 240.1, "darkness": {"alpha": 1.748, "beta": 0.252, "mean": 0.126, "var": 0.03671}, "exposure": {"activity": 0.8336, "structural": 0.5642, "blended": 0.6316}, "confidence": 0.4966, "repairPriority": 0.03952, "routePenalty": 469.9, "reportValue": 0.02319, "evidence": {"osmLampsWorking": 0, "osmLampsBroken": 0, "osmLampsUntagged": 0, "nightBusTrips": 71.6, "wardComplaints2025": 136, "reports": 0}}}, {"type": "Feature", "geometry": {"type": "LineString", "coordinates": [[77.627704, 12.9355998], [77.62805, 12.9359216], [77.6280956, 12.9359641]]}, "properties": {"segID": "way27785781/1", "name": "16th Main Road", "ward": "Koramangala", "roadClass": "residential", "lengthM": 58.7, "darkness": {"alpha": 1.748, "beta": 0.252, "mean": 0.126, "var": 0.03671}, "exposure": {"activity": 0.9037, "structural": 0.5981, "blended": 0.6745}, "confidence": 0.4966, "repairPriority": 0.0422, "routePenalty": 113.1, "reportValue": 0.02476, "evidence": {"osmLampsWorking": 0, "osmLampsBroken": 0, "osmLampsUntagged": 0, "nightBusTrips": 68.4, "wardComplaints2025": 136, "reports": 0}}}, {"type": "Feature", "geometry": {"type": "LineString", "coordinates": [[77.6266153, 12.9338436], [77.6270532, 12.9341813], [77.6279905, 12.9348678]]}, "properties": {"segID": "way27785783/0", "name": "15th Main Road", "ward": "Koramangala", "roadClass": "residential", "lengthM": 187.6, "darkness": {"alpha": 1.748, "beta": 0.252, "mean": 0.126, "var": 0.03671}, "exposure": {"activity": 0.7954, "structural": 0.6316, "blended": 0.6726}, "confidence": 0.4966, "repairPriority": 0.04209, "routePenalty": 361.7, "reportValue": 0.02469, "evidence": {"osmLampsWorking": 0, "osmLampsBroken": 0, "osmLampsUntagged": 0, "nightBusTrips": 65.4, "wardComplaints2025": 136, "reports": 0}}}, {"type": "Feature", "geometry": {"type": "LineString", "coordinates": [[77.6279905, 12.9348678], [77.6282361, 12.9350477], [77.6286021, 12.9352847], [77.6286771, 12.9353334], [77.6287135, 12.935357], [77.6287871, 12.9353985]]}, "properties": {"segID": "way27785783/1", "name": "15th Main Road", "ward": "Koramangala", "roadClass": "residential", "lengthM": 104.6, "darkness": {"alpha": 1.748, "beta": 0.252, "mean": 0.126, "var": 0.03671}, "exposure": {"activity": 0.9269, "structural": 0.6349, "blended": 0.7079}, "confidence": 0.4966, "repairPriority": 0.04429, "routePenalty": 199.4, "reportValue": 0.02599, "evidence": {"osmLampsWorking": 0, "osmLampsBroken": 0, "osmLampsUntagged": 0, "nightBusTrips": 65.7, "wardComplaints2025": 136, "reports": 0}}}, {"type": "Feature", "geometry": {"type": "LineString", "coordinates": [[77.6269449, 12.9350341], [77.6266654, 12.9352401], [77.6263947, 12.9354104], [77.6259874, 12.9356667], [77.6259763, 12.9356757], [77.6255428, 12.9360846]]}, "properties": {"segID": "way27785786/0", "name": "4th Cross Road", "ward": "Koramangala", "roadClass": "residential", "lengthM": 192.4, "darkness": {"alpha": 1.748, "beta": 0.252, "mean": 0.126, "var": 0.03671}, "exposure": {"activity": 0.9261, "structural": 0.5598, "blended": 0.6513}, "confidence": 0.4966, "repairPriority": 0.04075, "routePenalty": 373.8, "reportValue": 0.02391, "evidence": {"osmLampsWorking": 0, "osmLampsBroken": 0, "osmLampsUntagged": 0, "nightBusTrips": 73.0, "wardComplaints2025": 136, "reports": 0}}}, {"type": "Feature", "geometry": {"type": "LineString", "coordinates": [[77.625671, 12.9354211], [77.6266872, 12.9348251]]}, "properties": {"segID": "way27785788/0", "name": "3rd Cross Road", "ward": "Koramangala", "roadClass": "residential", "lengthM": 128.5, "darkness": {"alpha": 1.748, "beta": 0.252, "mean": 0.126, "var": 0.03671}, "exposure": {"activity": 0.8336, "structural": 0.4497, "blended": 0.5457}, "confidence": 0.4966, "repairPriority": 0.03415, "routePenalty": 261.0, "reportValue": 0.02003, "evidence": {"osmLampsWorking": 0, "osmLampsBroken": 0, "osmLampsUntagged": 0, "nightBusTrips": 71.6, "wardComplaints2025": 136, "reports": 0}}}, {"type": "Feature", "geometry": {"type": "LineString", "coordinates": [[77.6253582, 12.9351662], [77.6263648, 12.934548]]}, "properties": {"segID": "way27785790/0", "name": "2nd A Cross Road", "ward": "Koramangala", "roadClass": "residential", "lengthM": 128.9, "darkness": {"alpha": 1.748, "beta": 0.252, "mean": 0.126, "var": 0.03671}, "exposure": {"activity": 0.8272, "structural": 0.3954, "blended": 0.5033}, "confidence": 0.4966, "repairPriority": 0.03149, "routePenalty": 267.8, "reportValue": 0.01848, "evidence": {"osmLampsWorking": 0, "osmLampsBroken": 0, "osmLampsUntagged": 0, "nightBusTrips": 70.6, "wardComplaints2025": 136, "reports": 0}}}, {"type": "Feature", "geometry": {"type": "LineString", "coordinates": [[77.6282361, 12.9350477], [77.6290958, 12.9340363]]}, "properties": {"segID": "way27785791/0", "name": "5th Cross Road", "ward": "Koramangala", "roadClass": "residential", "lengthM": 146.0, "darkness": {"alpha": 1.748, "beta": 0.252, "mean": 0.126, "var": 0.03671}, "exposure": {"activity": 0.9024, "structural": 0.3503, "blended": 0.4883}, "confidence": 0.4966, "repairPriority": 0.03055, "routePenalty": 306.0, "reportValue": 0.01793, "evidence": {"osmLampsWorking": 0, "osmLampsBroken": 0, "osmLampsUntagged": 0, "nightBusTrips": 56.9, "wardComplaints2025": 136, "reports": 0}}}, {"type": "Feature", "geometry": {"type": "LineString", "coordinates": [[77.6279905, 12.9348678], [77.628223, 12.9346018], [77.628415, 12.9343774], [77.6286193, 12.9341318], [77.6288446, 12.933861]]}, "properties": {"segID": "way27785792/0", "name": "5th Cross Road", "ward": "Koramangala", "roadClass": "residential", "lengthM": 145.3, "darkness": {"alpha": 1.748, "beta": 0.252, "mean": 0.126, "var": 0.03671}, "exposure": {"activity": 0.8792, "structural": 0.4406, "blended": 0.5502}, "confidence": 0.4966, "repairPriority": 0.03443, "routePenalty": 294.5, "reportValue": 0.0202, "evidence": {"osmLampsWorking": 0, "osmLampsBroken": 0, "osmLampsUntagged": 0, "nightBusTrips": 61.7, "wardComplaints2025": 136, "reports": 0}}}, {"type": "Feature", "geometry": {"type": "LineString", "coordinates": [[77.6270532, 12.9341813], [77.6272783, 12.9339472], [77.6274834, 12.9337214], [77.6276834, 12.93349], [77.6279317, 12.9331537]]}, "properties": {"segID": "way27785794/0", "name": "3rd Cross Road", "ward": "Koramangala", "roadClass": "residential", "lengthM": 148.9, "darkness": {"alpha": 1.748, "beta": 0.252, "mean": 0.126, "var": 0.03671}, "exposure": {"activity": 0.7515, "structural": 0.4246, "blended": 0.5063}, "confidence": 0.4966, "repairPriority": 0.03168, "routePenalty": 308.8, "reportValue": 0.01859, "evidence": {"osmLampsWorking": 0, "osmLampsBroken": 0, "osmLampsUntagged": 0, "nightBusTrips": 61.8, "wardComplaints2025": 136, "reports": 0}}}, {"type": "Feature", "geometry": {"type": "LineString", "coordinates": [[77.6272783, 12.9339472], [77.628223, 12.9346018]]}, "properties": {"segID": "way27785795/0", "name": "15th Main Road", "ward": "Koramangala", "roadClass": "residential", "lengthM": 125.6, "darkness": {"alpha": 1.748, "beta": 0.252, "mean": 0.126, "var": 0.03671}, "exposure": {"activity": 0.877, "structural": 0.3595, "blended": 0.4889}, "confidence": 0.4966, "repairPriority": 0.03059, "routePenalty": 263.1, "reportValue": 0.01795, "evidence": {"osmLampsWorking": 0, "osmLampsBroken": 0, "osmLampsUntagged": 0, "nightBusTrips": 63.6, "wardComplaints2025": 136, "reports": 0}}}, {"type": "Feature", "geometry": {"type": "LineString", "coordinates": [[77.6274834, 12.9337214], [77.628415, 12.9343774]]}, "properties": {"segID": "way27785796/0", "name": "14th Main Road", "ward": "Koramangala", "roadClass": "residential", "lengthM": 124.6, "darkness": {"alpha": 1.748, "beta": 0.252, "mean": 0.126, "var": 0.03671}, "exposure": {"activity": 0.8792, "structural": 0.3552, "blended": 0.4862}, "confidence": 0.4966, "repairPriority": 0.03042, "routePenalty": 261.5, "reportValue": 0.01785, "evidence": {"osmLampsWorking": 0, "osmLampsBroken": 0, "osmLampsUntagged": 0, "nightBusTrips": 61.7, "wardComplaints2025": 136, "reports": 0}}}, {"type": "Feature", "geometry": {"type": "LineString", "coordinates": [[77.6276834, 12.93349], [77.6286193, 12.9341318]]}, "properties": {"segID": "way27785797/0", "name": "13th Main Road", "ward": "Koramangala", "roadClass": "residential", "lengthM": 124.0, "darkness": {"alpha": 1.748, "beta": 0.252, "mean": 0.126, "var": 0.03671}, "exposure": {"activity": 0.8736, "structural": 0.4201, "blended": 0.5335}, "confidence": 0.4966, "repairPriority": 0.03338, "routePenalty": 253.5, "reportValue": 0.01958, "evidence": {"osmLampsWorking": 0, "osmLampsBroken": 0, "osmLampsUntagged": 0, "nightBusTrips": 59.6, "wardComplaints2025": 136, "reports": 0}}}, {"type": "Feature", "geometry": {"type": "LineString", "coordinates": [[77.6280313, 12.933231], [77.6287962, 12.9323767], [77.6294317, 12.9311848]]}, "properties": {"segID": "way27785798/0", "name": "2nd Cross", "ward": "Koramangala", "roadClass": "residential", "lengthM": 275.4, "darkness": {"alpha": 1.748, "beta": 0.252, "mean": 0.126, "var": 0.03671}, "exposure": {"activity": 0.6311, "structural": 0.4592, "blended": 0.5021}, "confidence": 0.4966, "repairPriority": 0.03142, "routePenalty": 572.6, "reportValue": 0.01843, "evidence": {"osmLampsWorking": 0, "osmLampsBroken": 0, "osmLampsUntagged": 0, "nightBusTrips": 60.5, "wardComplaints2025": 136, "reports": 0}}}, {"type": "Feature", "geometry": {"type": "LineString", "coordinates": [[77.6294317, 12.9311848], [77.629466, 12.9311063], [77.6297078, 12.9305529]]}, "properties": {"segID": "way27785798/1", "name": "2nd Cross", "ward": "Koramangala", "roadClass": "residential", "lengthM": 76.4, "darkness": {"alpha": 1.748, "beta": 0.252, "mean": 0.126, "var": 0.03671}, "exposure": {"activity": 0.4918, "structural": 0.5199, "blended": 0.5129}, "confidence": 0.4966, "repairPriority": 0.03209, "routePenalty": 157.9, "reportValue": 0.01883, "evidence": {"osmLampsWorking": 0, "osmLampsBroken": 0, "osmLampsUntagged": 0, "nightBusTrips": 61.4, "wardComplaints2025": 136, "reports": 0}}}, {"type": "Feature", "geometry": {"type": "LineString", "coordinates": [[77.6275279, 12.9309442], [77.6278742, 12.9308869], [77.6281429, 12.9308319], [77.6284042, 12.9307784], [77.6289732, 12.9306743]]}, "properties": {"segID": "way27785799/0", "name": "1st Cross Road", "ward": "Koramangala", "roadClass": "residential", "lengthM": 159.5, "darkness": {"alpha": 1.748, "beta": 0.252, "mean": 0.126, "var": 0.03671}, "exposure": {"activity": 0.3302, "structural": 0.5644, "blended": 0.5058}, "confidence": 0.4966, "repairPriority": 0.03165, "routePenalty": 330.9, "reportValue": 0.01857, "evidence": {"osmLampsWorking": 0, "osmLampsBroken": 0, "osmLampsUntagged": 0, "nightBusTrips": 79.9, "wardComplaints2025": 136, "reports": 0}}}, {"type": "Feature", "geometry": {"type": "LineString", "coordinates": [[77.6289732, 12.9306743], [77.6293853, 12.9306062], [77.6297078, 12.9305529], [77.6306021, 12.9303089]]}, "properties": {"segID": "way27785799/1", "name": "1st Cross Road", "ward": "Koramangala", "roadClass": "residential", "lengthM": 181.4, "darkness": {"alpha": 1.748, "beta": 0.252, "mean": 0.126, "var": 0.03671}, "exposure": {"activity": 0.4721, "structural": 0.5061, "blended": 0.4976}, "confidence": 0.4966, "repairPriority": 0.03114, "routePenalty": 378.1, "reportValue": 0.01827, "evidence": {"osmLampsWorking": 0, "osmLampsBroken": 0, "osmLampsUntagged": 0, "nightBusTrips": 62.2, "wardComplaints2025": 136, "reports": 0}}}, {"type": "Feature", "geometry": {"type": "LineString", "coordinates": [[77.6306021, 12.9303089], [77.631836, 12.9300159], [77.6320264, 12.9300316]]}, "properties": {"segID": "way27785799/2", "name": "1st Cross Road", "ward": "Koramangala", "roadClass": "residential", "lengthM": 158.3, "darkness": {"alpha": 1.748, "beta": 0.252, "mean": 0.126, "var": 0.03671}, "exposure": {"activity": 0.7068, "structural": 0.5301, "blended": 0.5743}, "confidence": 0.4966, "repairPriority": 0.03593, "routePenalty": 317.3, "reportValue": 0.02108, "evidence": {"osmLampsWorking": 0, "osmLampsBroken": 0, "osmLampsUntagged": 0, "nightBusTrips": 58.2, "wardComplaints2025": 136, "reports": 0}}}, {"type": "Feature", "geometry": {"type": "LineString", "coordinates": [[77.6320264, 12.9300316], [77.6326047, 12.9302381], [77.6328276, 12.9303192], [77.6329873, 12.9303769], [77.632997, 12.9303804], [77.6330477, 12.9303988]]}, "properties": {"segID": "way27785799/3", "name": "1st Cross Road", "ward": "Koramangala", "roadClass": "residential", "lengthM": 118.0, "darkness": {"alpha": 1.748, "beta": 0.252, "mean": 0.126, "var": 0.03671}, "exposure": {"activity": 0.8633, "structural": 0.4991, "blended": 0.5901}, "confidence": 0.4966, "repairPriority": 0.03692, "routePenalty": 234.8, "reportValue": 0.02166, "evidence": {"osmLampsWorking": 0, "osmLampsBroken": 0, "osmLampsUntagged": 0, "nightBusTrips": 52.4, "wardComplaints2025": 136, "reports": 0}}}, {"type": "Feature", "geometry": {"type": "LineString", "coordinates": [[77.6309441, 12.9330766], [77.6309246, 12.933057], [77.6306092, 12.932741], [77.6304043, 12.9324299], [77.6301236, 12.9320044], [77.6299184, 12.9316932]]}, "properties": {"segID": "way27785830/0", "name": "10th Main Road", "ward": "Koramangala", "roadClass": "residential", "lengthM": 190.5, "darkness": {"alpha": 1.748, "beta": 0.252, "mean": 0.126, "var": 0.03671}, "exposure": {"activity": 0.8349, "structural": 0.3859, "blended": 0.4982}, "confidence": 0.4966, "repairPriority": 0.03117, "routePenalty": 396.9, "reportValue": 0.01829, "evidence": {"osmLampsWorking": 0, "osmLampsBroken": 0, "osmLampsUntagged": 0, "nightBusTrips": 45.6, "wardComplaints2025": 136, "reports": 0}}}, {"type": "Feature", "geometry": {"type": "LineString", "coordinates": [[77.6299184, 12.9316932], [77.6297181, 12.931484], [77.6294317, 12.9311848]]}, "properties": {"segID": "way27785830/1", "name": "10th Main Road", "ward": "Koramangala", "roadClass": "residential", "lengthM": 77.3, "darkness": {"alpha": 1.748, "beta": 0.252, "mean": 0.126, "var": 0.03671}, "exposure": {"activity": 0.6045, "structural": 0.4177, "blended": 0.4644}, "confidence": 0.4966, "repairPriority": 0.02906, "routePenalty": 164.4, "reportValue": 0.01705, "evidence": {"osmLampsWorking": 0, "osmLampsBroken": 0, "osmLampsUntagged": 0, "nightBusTrips": 59.4, "wardComplaints2025": 136, "reports": 0}}}, {"type": "Feature", "geometry": {"type": "LineString", "coordinates": [[77.6317481, 12.9321027], [77.6315327, 12.931773], [77.6311519, 12.9311601], [77.6308145, 12.9306608]]}, "properties": {"segID": "way27785841/0", "name": "8th A Main Road", "ward": "Koramangala", "roadClass": "residential", "lengthM": 189.6, "darkness": {"alpha": 1.748, "beta": 0.252, "mean": 0.126, "var": 0.03671}, "exposure": {"activity": 0.7472, "structural": 0.5684, "blended": 0.6131}, "confidence": 0.4966, "repairPriority": 0.03836, "routePenalty": 373.7, "reportValue": 0.02251, "evidence": {"osmLampsWorking": 0, "osmLampsBroken": 0, "osmLampsUntagged": 0, "nightBusTrips": 56.2, "wardComplaints2025": 136, "reports": 0}}}, {"type": "Feature", "geometry": {"type": "LineString", "coordinates": [[77.6308145, 12.9306608], [77.6306021, 12.9303089], [77.6303545, 12.9298036], [77.6303354, 12.9297646]]}, "properties": {"segID": "way27785841/1", "name": "8th A Main Road", "ward": "Koramangala", "roadClass": "residential", "lengthM": 112.5, "darkness": {"alpha": 1.748, "beta": 0.252, "mean": 0.126, "var": 0.03671}, "exposure": {"activity": 0.5727, "structural": 0.6267, "blended": 0.6132}, "confidence": 0.4966, "repairPriority": 0.03837, "routePenalty": 221.8, "reportValue": 0.02251, "evidence": {"osmLampsWorking": 0, "osmLampsBroken": 0, "osmLampsUntagged": 0, "nightBusTrips": 63.6, "wardComplaints2025": 136, "reports": 0}}}, {"type": "Feature", "geometry": {"type": "LineString", "coordinates": [[77.634222, 12.9294741], [77.6342251, 12.9294404], [77.6342683, 12.9289647], [77.6344737, 12.9270823]]}, "properties": {"segID": "way27789866/0", "name": "5th Main Road", "ward": "Koramangala", "roadClass": "residential", "lengthM": 267.4, "darkness": {"alpha": 1.748, "beta": 0.252, "mean": 0.126, "var": 0.03671}, "exposure": {"activity": 0.5967, "structural": 0.6229, "blended": 0.6163}, "confidence": 0.4966, "repairPriority": 0.03856, "routePenalty": 526.4, "reportValue": 0.02262, "evidence": {"osmLampsWorking": 0, "osmLampsBroken": 0, "osmLampsUntagged": 0, "nightBusTrips": 50.1, "wardComplaints2025": 136, "reports": 0}}}, {"type": "Feature", "geometry": {"type": "LineString", "coordinates": [[77.6344737, 12.9270823], [77.6346227, 12.9257381]]}, "properties": {"segID": "way27789866/1", "name": "5th Main Road", "ward": "Koramangala", "roadClass": "residential", "lengthM": 150.3, "darkness": {"alpha": 1.748, "beta": 0.252, "mean": 0.126, "var": 0.03671}, "exposure": {"activity": 0.6655, "structural": 0.4237, "blended": 0.4842}, "confidence": 0.4966, "repairPriority": 0.0303, "routePenalty": 315.8, "reportValue": 0.01777, "evidence": {"osmLampsWorking": 0, "osmLampsBroken": 0, "osmLampsUntagged": 0, "nightBusTrips": 80.2, "wardComplaints2025": 136, "reports": 0}}}, {"type": "Feature", "geometry": {"type": "LineString", "coordinates": [[77.6342683, 12.9289647], [77.634727, 12.9287564], [77.6359893, 12.9281464]]}, "properties": {"segID": "way27789870/0", "name": "2nd Main Road", "ward": "Koramangala", "roadClass": "residential", "lengthM": 207.5, "darkness": {"alpha": 1.748, "beta": 0.252, "mean": 0.126, "var": 0.03671}, "exposure": {"activity": 0.6217, "structural": 0.5145, "blended": 0.5413}, "confidence": 0.4966, "repairPriority": 0.03387, "routePenalty": 422.4, "reportValue": 0.01987, "evidence": {"osmLampsWorking": 0, "osmLampsBroken": 0, "osmLampsUntagged": 0, "nightBusTrips": 48.2, "wardComplaints2025": 136, "reports": 0}}}, {"type": "Feature", "geometry": {"type": "LineString", "coordinates": [[77.6359893, 12.9281464], [77.6364984, 12.9279004], [77.6371851, 12.9271977]]}, "properties": {"segID": "way27789870/1", "name": "2nd Main Road", "ward": "Koramangala", "roadClass": "residential", "lengthM": 169.5, "darkness": {"alpha": 1.748, "beta": 0.252, "mean": 0.126, "var": 0.03671}, "exposure": {"activity": 0.4652, "structural": 0.4782, "blended": 0.475}, "confidence": 0.4966, "repairPriority": 0.02972, "routePenalty": 358.1, "reportValue": 0.01744, "evidence": {"osmLampsWorking": 0, "osmLampsBroken": 0, "osmLampsUntagged": 0, "nightBusTrips": 47.4, "wardComplaints2025": 136, "reports": 0}}}, {"type": "Feature", "geometry": {"type": "LineString", "coordinates": [[77.6371851, 12.9271977], [77.637179, 12.9271555], [77.6370147, 12.9260188], [77.6369921, 12.9255356]]}, "properties": {"segID": "way27789870/2", "name": "2nd Main Road", "ward": "Koramangala", "roadClass": "residential", "lengthM": 186.2, "darkness": {"alpha": 1.748, "beta": 0.252, "mean": 0.126, "var": 0.03671}, "exposure": {"activity": 0.5112, "structural": 0.512, "blended": 0.5118}, "confidence": 0.4966, "repairPriority": 0.03202, "routePenalty": 385.0, "reportValue": 0.01879, "evidence": {"osmLampsWorking": 0, "osmLampsBroken": 0, "osmLampsUntagged": 0, "nightBusTrips": 69.2, "wardComplaints2025": 136, "reports": 0}}}, {"type": "Feature", "geometry": {"type": "LineString", "coordinates": [[77.634727, 12.9287564], [77.6348055, 12.9281605], [77.634911, 12.9271812]]}, "properties": {"segID": "way27790751/0", "name": "4th Main Road", "ward": "Koramangala", "roadClass": "residential", "lengthM": 176.3, "darkness": {"alpha": 1.748, "beta": 0.252, "mean": 0.126, "var": 0.03671}, "exposure": {"activity": 0.5374, "structural": 0.4906, "blended": 0.5023}, "confidence": 0.4966, "repairPriority": 0.03143, "routePenalty": 366.5, "reportValue": 0.01844, "evidence": {"osmLampsWorking": 0, "osmLampsBroken": 0, "osmLampsUntagged": 0, "nightBusTrips": 52.5, "wardComplaints2025": 136, "reports": 0}}}, {"type": "Feature", "geometry": {"type": "LineString", "coordinates": [[77.634911, 12.9271812], [77.6349894, 12.9266812], [77.6350437, 12.9262445], [77.6350961, 12.925823]]}, "properties": {"segID": "way27790751/1", "name": "4th Main Road", "ward": "Koramangala", "roadClass": "residential", "lengthM": 152.4, "darkness": {"alpha": 1.748, "beta": 0.252, "mean": 0.126, "var": 0.03671}, "exposure": {"activity": 0.5653, "structural": 0.5355, "blended": 0.543}, "confidence": 0.4966, "repairPriority": 0.03398, "routePenalty": 310.0, "reportValue": 0.01993, "evidence": {"osmLampsWorking": 0, "osmLampsBroken": 0, "osmLampsUntagged": 0, "nightBusTrips": 78.7, "wardComplaints2025": 136, "reports": 0}}}, {"type": "Feature", "geometry": {"type": "LineString", "coordinates": [[77.6348055, 12.9281605], [77.6357739, 12.9277095], [77.6364321, 12.9273976]]}, "properties": {"segID": "way27790761/0", "name": "3rd Main Road", "ward": "Koramangala", "roadClass": "residential", "lengthM": 195.6, "darkness": {"alpha": 1.748, "beta": 0.252, "mean": 0.126, "var": 0.03671}, "exposure": {"activity": 0.4703, "structural": 0.4776, "blended": 0.4758}, "confidence": 0.4966, "repairPriority": 0.02977, "routePenalty": 413.1, "reportValue": 0.01747, "evidence": {"osmLampsWorking": 0, "osmLampsBroken": 0, "osmLampsUntagged": 0, "nightBusTrips": 52.3, "wardComplaints2025": 136, "reports": 0}}}, {"type": "Feature", "geometry": {"type": "LineString", "coordinates": [[77.6364321, 12.9273976], [77.636538, 12.9272988], [77.6367044, 12.9270879], [77.6367396, 12.927012], [77.6366823, 12.9265579], [77.6366314, 12.926076]]}, "properties": {"segID": "way27790761/1", "name": "3rd Main Road", "ward": "Koramangala", "roadClass": "residential", "lengthM": 159.5, "darkness": {"alpha": 1.748, "beta": 0.252, "mean": 0.126, "var": 0.03671}, "exposure": {"activity": 0.4553, "structural": 0.4977, "blended": 0.4871}, "confidence": 0.4966, "repairPriority": 0.03048, "routePenalty": 334.5, "reportValue": 0.01788, "evidence": {"osmLampsWorking": 0, "osmLampsBroken": 0, "osmLampsUntagged": 0, "nightBusTrips": 58.9, "wardComplaints2025": 136, "reports": 0}}}, {"type": "Feature", "geometry": {"type": "LineString", "coordinates": [[77.6366314, 12.926076], [77.6365642, 12.925456]]}, "properties": {"segID": "way27790761/2", "name": "3rd Main Road", "ward": "Koramangala", "roadClass": "residential", "lengthM": 69.3, "darkness": {"alpha": 1.748, "beta": 0.252, "mean": 0.126, "var": 0.03671}, "exposure": {"activity": 0.5503, "structural": 0.5792, "blended": 0.572}, "confidence": 0.4966, "repairPriority": 0.03579, "routePenalty": 139.0, "reportValue": 0.021, "evidence": {"osmLampsWorking": 0, "osmLampsBroken": 0, "osmLampsUntagged": 0, "nightBusTrips": 72.9, "wardComplaints2025": 136, "reports": 0}}}, {"type": "Feature", "geometry": {"type": "LineString", "coordinates": [[77.6366823, 12.9265579], [77.6350437, 12.9262445]]}, "properties": {"segID": "way27790764/0", "name": "3rd Cross Road", "ward": "Koramangala", "roadClass": "residential", "lengthM": 181.0, "darkness": {"alpha": 1.748, "beta": 0.252, "mean": 0.126, "var": 0.03671}, "exposure": {"activity": 0.5653, "structural": 0.4003, "blended": 0.4416}, "confidence": 0.4966, "repairPriority": 0.02763, "routePenalty": 391.0, "reportValue": 0.01621, "evidence": {"osmLampsWorking": 0, "osmLampsBroken": 0, "osmLampsUntagged": 0, "nightBusTrips": 78.7, "wardComplaints2025": 136, "reports": 0}}}, {"type": "Feature", "geometry": {"type": "LineString", "coordinates": [[77.6335345, 12.9298044], [77.6335258, 12.9297562], [77.6337785, 12.9273381]]}, "properties": {"segID": "way27790781/0", "name": "6th Main Road", "ward": "Koramangala", "roadClass": "residential", "lengthM": 275.7, "darkness": {"alpha": 1.748, "beta": 0.252, "mean": 0.126, "var": 0.03671}, "exposure": {"activity": 0.7188, "structural": 0.3541, "blended": 0.4453}, "confidence": 0.4966, "repairPriority": 0.02786, "routePenalty": 594.1, "reportValue": 0.01635, "evidence": {"osmLampsWorking": 0, "osmLampsBroken": 0, "osmLampsUntagged": 0, "nightBusTrips": 48.1, "wardComplaints2025": 136, "reports": 0}}}, {"type": "Feature", "geometry": {"type": "LineString", "coordinates": [[77.6337785, 12.9273381], [77.6338199, 12.9269428], [77.6339586, 12.9256177]]}, "properties": {"segID": "way27790781/1", "name": "6th Main Road", "ward": "Koramangala", "roadClass": "residential", "lengthM": 192.3, "darkness": {"alpha": 1.748, "beta": 0.252, "mean": 0.126, "var": 0.03671}, "exposure": {"activity": 0.626, "structural": 0.6377, "blended": 0.6347}, "confidence": 0.4966, "repairPriority": 0.03971, "routePenalty": 375.9, "reportValue": 0.0233, "evidence": {"osmLampsWorking": 0, "osmLampsBroken": 0, "osmLampsUntagged": 0, "nightBusTrips": 65.2, "wardComplaints2025": 136, "reports": 0}}}, {"type": "Feature", "geometry": {"type": "LineString", "coordinates": [[77.6338199, 12.9269428], [77.6344737, 12.9270823], [77.634911, 12.9271812], [77.6364321, 12.9273976]]}, "properties": {"segID": "way27790791/0", "name": "5th Cross Road", "ward": "Koramangala", "roadClass": "residential", "lengthM": 287.8, "darkness": {"alpha": 1.748, "beta": 0.252, "mean": 0.126, "var": 0.03671}, "exposure": {"activity": 0.4841, "structural": 0.6144, "blended": 0.5819}, "confidence": 0.4966, "repairPriority": 0.03641, "routePenalty": 574.8, "reportValue": 0.02136, "evidence": {"osmLampsWorking": 0, "osmLampsBroken": 0, "osmLampsUntagged": 0, "nightBusTrips": 64.2, "wardComplaints2025": 136, "reports": 0}}}, {"type": "Feature", "geometry": {"type": "LineString", "coordinates": [[77.6349894, 12.9266812], [77.6367396, 12.927012]]}, "properties": {"segID": "way27790799/0", "name": "4th Cross Road", "ward": "Koramangala", "roadClass": "residential", "lengthM": 193.2, "darkness": {"alpha": 1.748, "beta": 0.252, "mean": 0.126, "var": 0.03671}, "exposure": {"activity": 0.4553, "structural": 0.3424, "blended": 0.3706}, "confidence": 0.4966, "repairPriority": 0.02319, "routePenalty": 442.4, "reportValue": 0.0136, "evidence": {"osmLampsWorking": 0, "osmLampsBroken": 0, "osmLampsUntagged": 0, "nightBusTrips": 58.9, "wardComplaints2025": 136, "reports": 0}}}, {"type": "Feature", "geometry": {"type": "LineString", "coordinates": [[77.6367396, 12.927012], [77.637179, 12.9271555]]}, "properties": {"segID": "way27790799/1", "name": "4th Cross Road", "ward": "Koramangala", "roadClass": "residential", "lengthM": 50.2, "darkness": {"alpha": 1.748, "beta": 0.252, "mean": 0.126, "var": 0.03671}, "exposure": {"activity": 0.4944, "structural": 0.4, "blended": 0.4236}, "confidence": 0.4966, "repairPriority": 0.02651, "routePenalty": 109.9, "reportValue": 0.01555, "evidence": {"osmLampsWorking": 0, "osmLampsBroken": 0, "osmLampsUntagged": 0, "nightBusTrips": 57.7, "wardComplaints2025": 136, "reports": 0}}}, {"type": "Feature", "geometry": {"type": "LineString", "coordinates": [[77.6335422, 12.9298567], [77.6335526, 12.9298896], [77.6336189, 12.9300751], [77.6337988, 12.9305505], [77.6338673, 12.9306308]]}, "properties": {"segID": "way27790968/0", "name": "7th A Main Road", "ward": "Koramangala", "roadClass": "residential", "lengthM": 93.6, "darkness": {"alpha": 1.748, "beta": 0.252, "mean": 0.126, "var": 0.03671}, "exposure": {"activity": 0.7782, "structural": 0.369, "blended": 0.4713}, "confidence": 0.4966, "repairPriority": 0.02949, "routePenalty": 198.2, "reportValue": 0.0173, "evidence": {"osmLampsWorking": 0, "osmLampsBroken": 0, "osmLampsUntagged": 0, "nightBusTrips": 46.2, "wardComplaints2025": 136, "reports": 0}}}, {"type": "Feature", "geometry": {"type": "LineString", "coordinates": [[77.6291916, 12.9295642], [77.6295658, 12.9294894], [77.6308262, 12.9291929]]}, "properties": {"segID": "way27931318/0", "name": "5th Cross Road", "ward": "Koramangala", "roadClass": "residential", "lengthM": 181.9, "darkness": {"alpha": 1.748, "beta": 0.252, "mean": 0.126, "var": 0.03671}, "exposure": {"activity": 0.442, "structural": 0.5785, "blended": 0.5444}, "confidence": 0.4966, "repairPriority": 0.03406, "routePenalty": 369.8, "reportValue": 0.01998, "evidence": {"osmLampsWorking": 0, "osmLampsBroken": 0, "osmLampsUntagged": 0, "nightBusTrips": 66.8, "wardComplaints2025": 136, "reports": 0}}}, {"type": "Feature", "geometry": {"type": "LineString", "coordinates": [[77.6308262, 12.9291929], [77.6312233, 12.9291048]]}, "properties": {"segID": "way27931318/1", "name": "5th Cross Road", "ward": "Koramangala", "roadClass": "residential", "lengthM": 44.1, "darkness": {"alpha": 1.748, "beta": 0.252, "mean": 0.126, "var": 0.03671}, "exposure": {"activity": 0.5774, "structural": 0.4495, "blended": 0.4815}, "confidence": 0.4966, "repairPriority": 0.03013, "routePenalty": 92.8, "reportValue": 0.01768, "evidence": {"osmLampsWorking": 0, "osmLampsBroken": 0, "osmLampsUntagged": 0, "nightBusTrips": 66.1, "wardComplaints2025": 136, "reports": 0}}}, {"type": "Feature", "geometry": {"type": "LineString", "coordinates": [[77.6290132, 12.9283011], [77.6294763, 12.9281964], [77.6296105, 12.9281661], [77.630286, 12.9280133], [77.6305021, 12.9279644]]}, "properties": {"segID": "way27931322/0", "name": "1st Cross Road", "ward": "Koramangala", "roadClass": "residential", "lengthM": 165.6, "darkness": {"alpha": 1.748, "beta": 0.252, "mean": 0.126, "var": 0.03671}, "exposure": {"activity": 0.2605, "structural": 0.5156, "blended": 0.4518}, "confidence": 0.4966, "repairPriority": 0.02827, "routePenalty": 355.2, "reportValue": 0.01659, "evidence": {"osmLampsWorking": 0, "osmLampsBroken": 0, "osmLampsUntagged": 0, "nightBusTrips": 76.3, "wardComplaints2025": 136, "reports": 0}}}, {"type": "Feature", "geometry": {"type": "LineString", "coordinates": [[77.6305021, 12.9279644], [77.630863, 12.92789], [77.6309061, 12.9278811]]}, "properties": {"segID": "way27931322/1", "name": "1st Cross Road", "ward": "Koramangala", "roadClass": "residential", "lengthM": 44.8, "darkness": {"alpha": 1.748, "beta": 0.252, "mean": 0.126, "var": 0.03671}, "exposure": {"activity": 0.3018, "structural": 0.4567, "blended": 0.418}, "confidence": 0.4966, "repairPriority": 0.02615, "routePenalty": 98.5, "reportValue": 0.01534, "evidence": {"osmLampsWorking": 0, "osmLampsBroken": 0, "osmLampsUntagged": 0, "nightBusTrips": 75.5, "wardComplaints2025": 136, "reports": 0}}}, {"type": "Feature", "geometry": {"type": "LineString", "coordinates": [[77.6309061, 12.9278811], [77.6310484, 12.9284302], [77.6312233, 12.9291048], [77.6313321, 12.9295139]]}, "properties": {"segID": "way27931337/0", "name": "8A Main Road", "ward": "Koramangala", "roadClass": "residential", "lengthM": 187.3, "darkness": {"alpha": 1.748, "beta": 0.252, "mean": 0.126, "var": 0.03671}, "exposure": {"activity": 0.5774, "structural": 0.3861, "blended": 0.4339}, "confidence": 0.4966, "repairPriority": 0.02715, "routePenalty": 406.9, "reportValue": 0.01593, "evidence": {"osmLampsWorking": 0, "osmLampsBroken": 0, "osmLampsUntagged": 0, "nightBusTrips": 66.1, "wardComplaints2025": 136, "reports": 0}}}, {"type": "Feature", "geometry": {"type": "LineString", "coordinates": [[77.627736, 12.932688], [77.6277108, 12.9323124], [77.6276883, 12.9320916], [77.6275608, 12.9311794]]}, "properties": {"segID": "way27931503/0", "name": "12th Main Road", "ward": "Koramangala", "roadClass": "residential", "lengthM": 168.9, "darkness": {"alpha": 1.748, "beta": 0.252, "mean": 0.126, "var": 0.03671}, "exposure": {"activity": 0.423, "structural": 0.654, "blended": 0.5963}, "confidence": 0.4966, "repairPriority": 0.03731, "routePenalty": 335.3, "reportValue": 0.02189, "evidence": {"osmLampsWorking": 0, "osmLampsBroken": 0, "osmLampsUntagged": 0, "nightBusTrips": 68.3, "wardComplaints2025": 136, "reports": 0}}}, {"type": "Feature", "geometry": {"type": "LineString", "coordinates": [[77.6275608, 12.9311794], [77.6275279, 12.9309442], [77.6274511, 12.9303724]]}, "properties": {"segID": "way27931503/1", "name": "12th Main Road", "ward": "Koramangala", "roadClass": "residential", "lengthM": 90.5, "darkness": {"alpha": 1.748, "beta": 0.252, "mean": 0.126, "var": 0.03671}, "exposure": {"activity": 0.2786, "structural": 0.6991, "blended": 0.5939}, "confidence": 0.4966, "repairPriority": 0.03716, "routePenalty": 179.8, "reportValue": 0.0218, "evidence": {"osmLampsWorking": 0, "osmLampsBroken": 0, "osmLampsUntagged": 0, "nightBusTrips": 82.7, "wardComplaints2025": 136, "reports": 0}}}, {"type": "Feature", "geometry": {"type": "LineString", "coordinates": [[77.6284042, 12.9307784], [77.6282265, 12.9312104], [77.6281342, 12.9314348], [77.62797, 12.9316786], [77.6276883, 12.9320916]]}, "properties": {"segID": "way27931530/0", "name": "1st A Cross Road", "ward": "Koramangala", "roadClass": "residential", "lengthM": 166.2, "darkness": {"alpha": 1.748, "beta": 0.252, "mean": 0.126, "var": 0.03671}, "exposure": {"activity": 0.362, "structural": 0.5367, "blended": 0.493}, "confidence": 0.4966, "repairPriority": 0.03085, "routePenalty": 347.4, "reportValue": 0.0181, "evidence": {"osmLampsWorking": 0, "osmLampsBroken": 0, "osmLampsUntagged": 0, "nightBusTrips": 76.6, "wardComplaints2025": 136, "reports": 0}}}, {"type": "Feature", "geometry": {"type": "LineString", "coordinates": [[77.6276883, 12.9320916], [77.6275449, 12.9322515], [77.6266862, 12.9332092]]}, "properties": {"segID": "way27931530/1", "name": "1st A Cross Road", "ward": "Koramangala", "roadClass": "residential", "lengthM": 165.0, "darkness": {"alpha": 1.748, "beta": 0.252, "mean": 0.126, "var": 0.03671}, "exposure": {"activity": 0.4617, "structural": 0.5086, "blended": 0.4969}, "confidence": 0.4966, "repairPriority": 0.03109, "routePenalty": 344.1, "reportValue": 0.01824, "evidence": {"osmLampsWorking": 0, "osmLampsBroken": 0, "osmLampsUntagged": 0, "nightBusTrips": 68.7, "wardComplaints2025": 136, "reports": 0}}}, {"type": "Feature", "geometry": {"type": "LineString", "coordinates": [[77.6266862, 12.9332092], [77.6264286, 12.9334435]]}, "properties": {"segID": "way27931530/2", "name": "1st A Cross Road", "ward": "Koramangala", "roadClass": "residential", "lengthM": 38.2, "darkness": {"alpha": 1.748, "beta": 0.252, "mean": 0.126, "var": 0.03671}, "exposure": {"activity": 0.712, "structural": 0.4298, "blended": 0.5003}, "confidence": 0.4966, "repairPriority": 0.0313, "routePenalty": 79.5, "reportValue": 0.01837, "evidence": {"osmLampsWorking": 0, "osmLampsBroken": 0, "osmLampsUntagged": 0, "nightBusTrips": 74.7, "wardComplaints2025": 136, "reports": 0}}}, {"type": "Feature", "geometry": {"type": "LineString", "coordinates": [[77.6368946, 12.915677], [77.6368786, 12.9151811], [77.6368532, 12.9144336], [77.6368417, 12.9140958]]}, "properties": {"segID": "way27934487/0", "name": "12th Main Road", "ward": "HSR Layout", "roadClass": "residential", "lengthM": 175.9, "darkness": {"alpha": 1.748, "beta": 0.252, "mean": 0.126, "var": 0.03671}, "exposure": {"activity": 0.4566, "structural": 0.4054, "blended": 0.4182}, "confidence": 0.4966, "repairPriority": 0.02617, "routePenalty": 386.7, "reportValue": 0.01535, "evidence": {"osmLampsWorking": 0, "osmLampsBroken": 0, "osmLampsUntagged": 0, "nightBusTrips": 155.0, "wardComplaints2025": 252, "reports": 0}}}, {"type": "Feature", "geometry": {"type": "LineString", "coordinates": [[77.6368417, 12.9140958], [77.6368393, 12.9140238], [77.6368306, 12.9137675], [77.6368187, 12.9134165], [77.6368069, 12.9130689], [77.636805, 12.9130141], [77.6367854, 12.9124364]]}, "properties": {"segID": "way27934487/1", "name": "12th Main Road", "ward": "HSR Layout", "roadClass": "residential", "lengthM": 184.6, "darkness": {"alpha": 1.748, "beta": 0.252, "mean": 0.126, "var": 0.03671}, "exposure": {"activity": 0.2167, "structural": 0.4003, "blended": 0.3544}, "confidence": 0.4966, "repairPriority": 0.02218, "routePenalty": 429.5, "reportValue": 0.01301, "evidence": {"osmLampsWorking": 0, "osmLampsBroken": 0, "osmLampsUntagged": 0, "nightBusTrips": 148.3, "wardComplaints2025": 252, "reports": 0}}}, {"type": "Feature", "geometry": {"type": "LineString", "coordinates": [[77.636324, 12.915224], [77.6362682, 12.9140691], [77.6361941, 12.9125383]]}, "properties": {"segID": "way27934493/0", "name": "11th Main Road", "ward": "HSR Layout", "roadClass": "residential", "lengthM": 299.0, "darkness": {"alpha": 1.748, "beta": 0.252, "mean": 0.126, "var": 0.03671}, "exposure": {"activity": 0.4187, "structural": 0.4044, "blended": 0.408}, "confidence": 0.4966, "repairPriority": 0.02553, "routePenalty": 662.6, "reportValue": 0.01498, "evidence": {"osmLampsWorking": 0, "osmLampsBroken": 0, "osmLampsUntagged": 0, "nightBusTrips": 154.5, "wardComplaints2025": 252, "reports": 0}}}, {"type": "Feature", "geometry": {"type": "LineString", "coordinates": [[77.6361941, 12.9125383], [77.63619, 12.9124502], [77.636186, 12.91237]]}, "properties": {"segID": "way27934493/1", "name": "11th Main Road", "ward": "HSR Layout", "roadClass": "residential", "lengthM": 18.7, "darkness": {"alpha": 1.748, "beta": 0.252, "mean": 0.126, "var": 0.03671}, "exposure": {"activity": 0.1144, "structural": 0.3948, "blended": 0.3247}, "confidence": 0.4966, "repairPriority": 0.02032, "routePenalty": 45.0, "reportValue": 0.01192, "evidence": {"osmLampsWorking": 0, "osmLampsBroken": 0, "osmLampsUntagged": 0, "nightBusTrips": 143.4, "wardComplaints2025": 252, "reports": 0}}}, {"type": "Feature", "geometry": {"type": "LineString", "coordinates": [[77.6358679, 12.915268], [77.6358145, 12.9140872], [77.6357816, 12.9124596]]}, "properties": {"segID": "way27934512/0", "name": "10th Main Road", "ward": "HSR Layout", "roadClass": "residential", "lengthM": 312.4, "darkness": {"alpha": 1.748, "beta": 0.252, "mean": 0.126, "var": 0.03671}, "exposure": {"activity": 0.4772, "structural": 0.4085, "blended": 0.4257}, "confidence": 0.4966, "repairPriority": 0.02664, "routePenalty": 682.8, "reportValue": 0.01563, "evidence": {"osmLampsWorking": 0, "osmLampsBroken": 0, "osmLampsUntagged": 0, "nightBusTrips": 158.5, "wardComplaints2025": 252, "reports": 0}}}, {"type": "Feature", "geometry": {"type": "LineString", "coordinates": [[77.6334544, 12.9160375], [77.6334475, 12.9154757], [77.6334539, 12.9145553]]}, "properties": {"segID": "way27934525/0", "name": "7th Main Road", "ward": "HSR Layout", "roadClass": "residential", "lengthM": 164.8, "darkness": {"alpha": 1.748, "beta": 0.252, "mean": 0.126, "var": 0.03671}, "exposure": {"activity": 0.7614, "structural": 0.4273, "blended": 0.5108}, "confidence": 0.4966, "repairPriority": 0.03196, "routePenalty": 340.9, "reportValue": 0.01875, "evidence": {"osmLampsWorking": 0, "osmLampsBroken": 0, "osmLampsUntagged": 0, "nightBusTrips": 179.8, "wardComplaints2025": 252, "reports": 0}}}, {"type": "Feature", "geometry": {"type": "LineString", "coordinates": [[77.6334539, 12.9145553], [77.6334406, 12.9140756], [77.6334526, 12.91349]]}, "properties": {"segID": "way27934525/1", "name": "7th Main Road", "ward": "HSR Layout", "roadClass": "residential", "lengthM": 118.5, "darkness": {"alpha": 1.748, "beta": 0.252, "mean": 0.126, "var": 0.03671}, "exposure": {"activity": 0.4695, "structural": 0.4164, "blended": 0.4297}, "confidence": 0.4966, "repairPriority": 0.02689, "routePenalty": 258.2, "reportValue": 0.01577, "evidence": {"osmLampsWorking": 0, "osmLampsBroken": 0, "osmLampsUntagged": 0, "nightBusTrips": 164.5, "wardComplaints2025": 252, "reports": 0}}}, {"type": "Feature", "geometry": {"type": "LineString", "coordinates": [[77.6242671, 12.9171824], [77.6246847, 12.9165221], [77.6248265, 12.9162982], [77.6248442, 12.9162702], [77.6249126, 12.9161622], [77.6256911, 12.914985]]}, "properties": {"segID": "way27934861/0", "name": "1st Main Road", "ward": "HSR Layout", "roadClass": "residential", "lengthM": 289.0, "darkness": {"alpha": 1.748, "beta": 0.252, "mean": 0.126, "var": 0.03671}, "exposure": {"activity": 0.1599, "structural": 0.5014, "blended": 0.416}, "confidence": 0.4966, "repairPriority": 0.02603, "routePenalty": 636.4, "reportValue": 0.01527, "evidence": {"osmLampsWorking": 0, "osmLampsBroken": 0, "osmLampsUntagged": 0, "nightBusTrips": 272.6, "wardComplaints2025": 252, "reports": 0}}}, {"type": "Feature", "geometry": {"type": "LineString", "coordinates": [[77.6256911, 12.914985], [77.6257221, 12.9149381], [77.6258106, 12.9148042], [77.6262246, 12.9141783], [77.6263477, 12.9140012]]}, "properties": {"segID": "way27934861/1", "name": "1st Main Road", "ward": "HSR Layout", "roadClass": "residential", "lengthM": 130.5, "darkness": {"alpha": 1.748, "beta": 0.252, "mean": 0.126, "var": 0.03671}, "exposure": {"activity": 0.1049, "structural": 0.4821, "blended": 0.3878}, "confidence": 0.4966, "repairPriority": 0.02427, "routePenalty": 294.2, "reportValue": 0.01424, "evidence": {"osmLampsWorking": 0, "osmLampsBroken": 0, "osmLampsUntagged": 0, "nightBusTrips": 240.9, "wardComplaints2025": 252, "reports": 0}}}, {"type": "Feature", "geometry": {"type": "LineString", "coordinates": [[77.6249126, 12.9161622], [77.625469, 12.9165111]]}, "properties": {"segID": "way27934930/0", "name": "14th B Cross Road", "ward": "HSR Layout", "roadClass": "residential", "lengthM": 71.7, "darkness": {"alpha": 1.748, "beta": 0.252, "mean": 0.126, "var": 0.03671}, "exposure": {"activity": 0.1702, "structural": 0.4966, "blended": 0.415}, "confidence": 0.4966, "repairPriority": 0.02597, "routePenalty": 158.0, "reportValue": 0.01523, "evidence": {"osmLampsWorking": 0, "osmLampsBroken": 0, "osmLampsUntagged": 0, "nightBusTrips": 266.0, "wardComplaints2025": 252, "reports": 0}}}, {"type": "Feature", "geometry": {"type": "LineString", "coordinates": [[77.6261679, 12.9170632], [77.6263805, 12.9165947], [77.6267886, 12.9159809], [77.627176, 12.9153907]]}, "properties": {"segID": "way27934960/0", "name": "1st C Main Road", "ward": "HSR Layout", "roadClass": "residential", "lengthM": 216.2, "darkness": {"alpha": 1.748, "beta": 0.252, "mean": 0.126, "var": 0.03671}, "exposure": {"activity": 0.3027, "structural": 0.4914, "blended": 0.4442}, "confidence": 0.4966, "repairPriority": 0.02779, "routePenalty": 466.2, "reportValue": 0.01631, "evidence": {"osmLampsWorking": 0, "osmLampsBroken": 0, "osmLampsUntagged": 0, "nightBusTrips": 253.7, "wardComplaints2025": 252, "reports": 0}}}, {"type": "Feature", "geometry": {"type": "LineString", "coordinates": [[77.627176, 12.9153907], [77.6279939, 12.9141935]]}, "properties": {"segID": "way27934960/1", "name": "1st C Main Road", "ward": "HSR Layout", "roadClass": "residential", "lengthM": 159.9, "darkness": {"alpha": 1.748, "beta": 0.252, "mean": 0.126, "var": 0.03671}, "exposure": {"activity": 0.1359, "structural": 0.4807, "blended": 0.3945}, "confidence": 0.4966, "repairPriority": 0.02468, "routePenalty": 358.4, "reportValue": 0.01448, "evidence": {"osmLampsWorking": 0, "osmLampsBroken": 0, "osmLampsUntagged": 0, "nightBusTrips": 239.9, "wardComplaints2025": 252, "reports": 0}}}, {"type": "Feature", "geometry": {"type": "LineString", "coordinates": [[77.6264616, 12.9169816], [77.6268151, 12.91645], [77.6270328, 12.9161225], [77.627281, 12.9157491]]}, "properties": {"segID": "way27934968/0", "name": "1st D Main Road", "ward": "HSR Layout", "roadClass": "residential", "lengthM": 163.3, "darkness": {"alpha": 1.748, "beta": 0.252, "mean": 0.126, "var": 0.03671}, "exposure": {"activity": 0.356, "structural": 0.4911, "blended": 0.4573}, "confidence": 0.4966, "repairPriority": 0.02861, "routePenalty": 349.0, "reportValue": 0.01679, "evidence": {"osmLampsWorking": 0, "osmLampsBroken": 0, "osmLampsUntagged": 0, "nightBusTrips": 253.6, "wardComplaints2025": 252, "reports": 0}}}, {"type": "Feature", "geometry": {"type": "LineString", "coordinates": [[77.627281, 12.9157491], [77.6274158, 12.9155462], [77.6275826, 12.9152955], [77.6277999, 12.9149703], [77.6280676, 12.9145698]]}, "properties": {"segID": "way27934968/1", "name": "1st D Main Road", "ward": "HSR Layout", "roadClass": "residential", "lengthM": 156.4, "darkness": {"alpha": 1.748, "beta": 0.252, "mean": 0.126, "var": 0.03671}, "exposure": {"activity": 0.2868, "structural": 0.4902, "blended": 0.4393}, "confidence": 0.4966, "repairPriority": 0.02749, "routePenalty": 338.5, "reportValue": 0.01613, "evidence": {"osmLampsWorking": 0, "osmLampsBroken": 0, "osmLampsUntagged": 0, "nightBusTrips": 251.3, "wardComplaints2025": 252, "reports": 0}}}, {"type": "Feature", "geometry": {"type": "LineString", "coordinates": [[77.6252775, 12.9167763], [77.6258808, 12.9166892], [77.6263805, 12.9165947]]}, "properties": {"segID": "way27934983/0", "name": "14th B Cross Road", "ward": "HSR Layout", "roadClass": "residential", "lengthM": 121.3, "darkness": {"alpha": 1.748, "beta": 0.252, "mean": 0.126, "var": 0.03671}, "exposure": {"activity": 0.1806, "structural": 0.4955, "blended": 0.4168}, "confidence": 0.4966, "repairPriority": 0.02608, "routePenalty": 266.9, "reportValue": 0.0153, "evidence": {"osmLampsWorking": 0, "osmLampsBroken": 0, "osmLampsUntagged": 0, "nightBusTrips": 260.6, "wardComplaints2025": 252, "reports": 0}}}, {"type": "Feature", "geometry": {"type": "LineString", "coordinates": [[77.6258808, 12.9166892], [77.6268673, 12.9151999]]}, "properties": {"segID": "way27934989/0", "name": "1st B Main Road", "ward": "HSR Layout", "roadClass": "residential", "lengthM": 197.1, "darkness": {"alpha": 1.748, "beta": 0.252, "mean": 0.126, "var": 0.03671}, "exposure": {"activity": 0.1986, "structural": 0.4814, "blended": 0.4107}, "confidence": 0.4966, "repairPriority": 0.0257, "routePenalty": 435.9, "reportValue": 0.01508, "evidence": {"osmLampsWorking": 0, "osmLampsBroken": 0, "osmLampsUntagged": 0, "nightBusTrips": 240.7, "wardComplaints2025": 252, "reports": 0}}}, {"type": "Feature", "geometry": {"type": "LineString", "coordinates": [[77.6268151, 12.91645], [77.6272497, 12.9167596]]}, "properties": {"segID": "way27935014/0", "name": "14th A Cross Road", "ward": "HSR Layout", "roadClass": "residential", "lengthM": 58.3, "darkness": {"alpha": 1.748, "beta": 0.252, "mean": 0.126, "var": 0.03671}, "exposure": {"activity": 0.3495, "structural": 0.4978, "blended": 0.4607}, "confidence": 0.4966, "repairPriority": 0.02883, "routePenalty": 124.3, "reportValue": 0.01691, "evidence": {"osmLampsWorking": 0, "osmLampsBroken": 0, "osmLampsUntagged": 0, "nightBusTrips": 267.2, "wardComplaints2025": 252, "reports": 0}}}, {"type": "Feature", "geometry": {"type": "LineString", "coordinates": [[77.627281, 12.9157491], [77.6279425, 12.9161524], [77.6282458, 12.9161026]]}, "properties": {"segID": "way27935033/0", "name": "14th B Cross Road", "ward": "HSR Layout", "roadClass": "residential", "lengthM": 117.9, "darkness": {"alpha": 1.748, "beta": 0.252, "mean": 0.126, "var": 0.03671}, "exposure": {"activity": 0.4162, "structural": 0.4997, "blended": 0.4788}, "confidence": 0.4966, "repairPriority": 0.02996, "routePenalty": 248.5, "reportValue": 0.01758, "evidence": {"osmLampsWorking": 0, "osmLampsBroken": 0, "osmLampsUntagged": 0, "nightBusTrips": 269.9, "wardComplaints2025": 252, "reports": 0}}}, {"type": "Feature", "geometry": {"type": "LineString", "coordinates": [[77.6288648, 12.9163831], [77.6287838, 12.9155081], [77.628659, 12.9141184]]}, "properties": {"segID": "way27935040/0", "name": "2 A Main Road", "ward": "HSR Layout", "roadClass": "residential", "lengthM": 252.8, "darkness": {"alpha": 1.748, "beta": 0.252, "mean": 0.126, "var": 0.03671}, "exposure": {"activity": 0.4316, "structural": 0.4883, "blended": 0.4741}, "confidence": 0.4966, "repairPriority": 0.02967, "routePenalty": 534.5, "reportValue": 0.0174, "evidence": {"osmLampsWorking": 0, "osmLampsBroken": 0, "osmLampsUntagged": 0, "nightBusTrips": 250.1, "wardComplaints2025": 252, "reports": 0}}}, {"type": "Feature", "geometry": {"type": "LineString", "coordinates": [[77.632965, 12.9160778], [77.6329882, 12.9145629]]}, "properties": {"segID": "way27935091/0", "name": "6th Main Road", "ward": "HSR Layout", "roadClass": "residential", "lengthM": 168.5, "darkness": {"alpha": 1.748, "beta": 0.252, "mean": 0.126, "var": 0.03671}, "exposure": {"activity": 0.6294, "structural": 0.4206, "blended": 0.4728}, "confidence": 0.4966, "repairPriority": 0.02958, "routePenalty": 356.5, "reportValue": 0.01736, "evidence": {"osmLampsWorking": 0, "osmLampsBroken": 0, "osmLampsUntagged": 0, "nightBusTrips": 171.2, "wardComplaints2025": 252, "reports": 0}}}, {"type": "Feature", "geometry": {"type": "LineString", "coordinates": [[77.6329882, 12.9145629], [77.6330063, 12.91349]]}, "properties": {"segID": "way27935091/1", "name": "6th Main Road", "ward": "HSR Layout", "roadClass": "residential", "lengthM": 119.3, "darkness": {"alpha": 1.748, "beta": 0.252, "mean": 0.126, "var": 0.03671}, "exposure": {"activity": 0.3216, "structural": 0.4154, "blended": 0.3919}, "confidence": 0.4966, "repairPriority": 0.02452, "routePenalty": 268.0, "reportValue": 0.01439, "evidence": {"osmLampsWorking": 0, "osmLampsBroken": 0, "osmLampsUntagged": 0, "nightBusTrips": 163.4, "wardComplaints2025": 252, "reports": 0}}}, {"type": "Feature", "geometry": {"type": "LineString", "coordinates": [[77.6443389, 12.9187354], [77.644315, 12.9182936], [77.6442672, 12.917202]]}, "properties": {"segID": "way27935360/0", "name": "18th Main Road", "ward": "HSR Layout", "roadClass": "residential", "lengthM": 170.7, "darkness": {"alpha": 1.748, "beta": 0.252, "mean": 0.126, "var": 0.03671}, "exposure": {"activity": 0.5847, "structural": 0.4102, "blended": 0.4538}, "confidence": 0.4966, "repairPriority": 0.02839, "routePenalty": 365.7, "reportValue": 0.01666, "evidence": {"osmLampsWorking": 0, "osmLampsBroken": 0, "osmLampsUntagged": 0, "nightBusTrips": 160.1, "wardComplaints2025": 252, "reports": 0}}}, {"type": "Feature", "geometry": {"type": "LineString", "coordinates": [[77.6438266, 12.9183023], [77.6437822, 12.9172112]]}, "properties": {"segID": "way27935361/0", "name": "17th C Main Road", "ward": "HSR Layout", "roadClass": "residential", "lengthM": 121.4, "darkness": {"alpha": 1.748, "beta": 0.252, "mean": 0.126, "var": 0.03671}, "exposure": {"activity": 0.4643, "structural": 0.3882, "blended": 0.4072}, "confidence": 0.4966, "repairPriority": 0.02548, "routePenalty": 269.2, "reportValue": 0.01495, "evidence": {"osmLampsWorking": 0, "osmLampsBroken": 0, "osmLampsUntagged": 0, "nightBusTrips": 137.1, "wardComplaints2025": 252, "reports": 0}}}, {"type": "Feature", "geometry": {"type": "LineString", "coordinates": [[77.6434806, 12.9183447], [77.6434286, 12.9172298]]}, "properties": {"segID": "way27935375/0", "name": "17th B Main Road", "ward": "HSR Layout", "roadClass": "residential", "lengthM": 124.1, "darkness": {"alpha": 1.748, "beta": 0.252, "mean": 0.126, "var": 0.03671}, "exposure": {"activity": 0.3775, "structural": 0.3862, "blended": 0.384}, "confidence": 0.4966, "repairPriority": 0.02403, "routePenalty": 280.7, "reportValue": 0.0141, "evidence": {"osmLampsWorking": 0, "osmLampsBroken": 0, "osmLampsUntagged": 0, "nightBusTrips": 136.5, "wardComplaints2025": 252, "reports": 0}}}, {"type": "Feature", "geometry": {"type": "LineString", "coordinates": [[77.6422507, 12.9154271], [77.6422253, 12.9149274], [77.6422016, 12.9144788], [77.6421684, 12.914058]]}, "properties": {"segID": "way27935383/0", "name": "17 Main Road", "ward": "HSR Layout", "roadClass": "residential", "lengthM": 152.5, "darkness": {"alpha": 1.748, "beta": 0.252, "mean": 0.126, "var": 0.03671}, "exposure": {"activity": 0.0954, "structural": 0.328, "blended": 0.2699}, "confidence": 0.4966, "repairPriority": 0.01689, "routePenalty": 395.0, "reportValue": 0.00991, "evidence": {"osmLampsWorking": 0, "osmLampsBroken": 0, "osmLampsUntagged": 0, "nightBusTrips": 101.1, "wardComplaints2025": 252, "reports": 0}}}, {"type": "Feature", "geometry": {"type": "LineString", "coordinates": [[77.6416485, 12.9155649], [77.6416458, 12.9155169], [77.6416186, 12.9150203], [77.6415711, 12.9141589]]}, "properties": {"segID": "way27935419/0", "name": "16th Main Road", "ward": "HSR Layout", "roadClass": "residential", "lengthM": 156.6, "darkness": {"alpha": 1.748, "beta": 0.252, "mean": 0.126, "var": 0.03671}, "exposure": {"activity": 0.0924, "structural": 0.344, "blended": 0.2811}, "confidence": 0.4966, "repairPriority": 0.01759, "routePenalty": 398.7, "reportValue": 0.01032, "evidence": {"osmLampsWorking": 0, "osmLampsBroken": 0, "osmLampsUntagged": 0, "nightBusTrips": 109.4, "wardComplaints2025": 252, "reports": 0}}}, {"type": "Feature", "geometry": {"type": "LineString", "coordinates": [[77.6415711, 12.9141589], [77.6415678, 12.9140993], [77.641564, 12.9140295], [77.6414959, 12.9127933]]}, "properties": {"segID": "way27935419/1", "name": "16th Main Road", "ward": "HSR Layout", "roadClass": "residential", "lengthM": 152.1, "darkness": {"alpha": 1.748, "beta": 0.252, "mean": 0.126, "var": 0.03671}, "exposure": {"activity": 0.0679, "structural": 0.3277, "blended": 0.2627}, "confidence": 0.4966, "repairPriority": 0.01644, "routePenalty": 398.6, "reportValue": 0.00964, "evidence": {"osmLampsWorking": 0, "osmLampsBroken": 0, "osmLampsUntagged": 0, "nightBusTrips": 100.5, "wardComplaints2025": 252, "reports": 0}}}, {"type": "Feature", "geometry": {"type": "LineString", "coordinates": [[77.6485399, 12.9157601], [77.6485419, 12.9152819], [77.648528, 12.914041]]}, "properties": {"segID": "way27935463/0", "name": "23rd Main Road", "ward": "HSR Layout", "roadClass": "residential", "lengthM": 191.2, "darkness": {"alpha": 1.748, "beta": 0.252, "mean": 0.126, "var": 0.03671}, "exposure": {"activity": 0.779, "structural": 0.2035, "blended": 0.3474}, "confidence": 0.4966, "repairPriority": 0.02174, "routePenalty": 448.1, "reportValue": 0.01275, "evidence": {"osmLampsWorking": 0, "osmLampsBroken": 0, "osmLampsUntagged": 0, "nightBusTrips": 55.3, "wardComplaints2025": 252, "reports": 0}}}, {"type": "Feature", "geometry": {"type": "LineString", "coordinates": [[77.648528, 12.914041], [77.6485088, 12.912457]]}, "properties": {"segID": "way27935463/1", "name": "23rd Main Road", "ward": "HSR Layout", "roadClass": "residential", "lengthM": 176.1, "darkness": {"alpha": 1.748, "beta": 0.252, "mean": 0.126, "var": 0.03671}, "exposure": {"activity": 0.1393, "structural": 0.1729, "blended": 0.1645}, "confidence": 0.4966, "repairPriority": 0.01029, "routePenalty": 580.3, "reportValue": 0.00604, "evidence": {"osmLampsWorking": 0, "osmLampsBroken": 0, "osmLampsUntagged": 0, "nightBusTrips": 45.0, "wardComplaints2025": 252, "reports": 0}}}, {"type": "Feature", "geometry": {"type": "LineString", "coordinates": [[77.651268, 12.9153889], [77.6509018, 12.9153813], [77.6494788, 12.915352]]}, "properties": {"segID": "way27935472/0", "name": "14th Cross Road", "ward": "HSR Layout", "roadClass": "residential", "lengthM": 194.0, "darkness": {"alpha": 1.748, "beta": 0.252, "mean": 0.126, "var": 0.03671}, "exposure": {"activity": 0.8848, "structural": 0.1598, "blended": 0.3411}, "confidence": 0.4966, "repairPriority": 0.02134, "routePenalty": 457.8, "reportValue": 0.01252, "evidence": {"osmLampsWorking": 0, "osmLampsBroken": 0, "osmLampsUntagged": 0, "nightBusTrips": 38.2, "wardComplaints2025": 252, "reports": 0}}}, {"type": "Feature", "geometry": {"type": "LineString", "coordinates": [[77.6494788, 12.915352], [77.6490002, 12.9153421]]}, "properties": {"segID": "way27935472/1", "name": "14th Cross Road", "ward": "HSR Layout", "roadClass": "residential", "lengthM": 51.9, "darkness": {"alpha": 1.748, "beta": 0.252, "mean": 0.126, "var": 0.03671}, "exposure": {"activity": 0.8555, "structural": 0.198, "blended": 0.3624}, "confidence": 0.4966, "repairPriority": 0.02268, "routePenalty": 119.8, "reportValue": 0.0133, "evidence": {"osmLampsWorking": 0, "osmLampsBroken": 0, "osmLampsUntagged": 0, "nightBusTrips": 53.1, "wardComplaints2025": 252, "reports": 0}}}, {"type": "Feature", "geometry": {"type": "LineString", "coordinates": [[77.6494779, 12.9150289], [77.6497434, 12.9150321], [77.6502663, 12.9150383], [77.6507643, 12.9150443], [77.6509192, 12.9150461]]}, "properties": {"segID": "way27935553/0", "name": "14A Cross Road", "ward": "HSR Layout", "roadClass": "residential", "lengthM": 156.2, "darkness": {"alpha": 1.748, "beta": 0.252, "mean": 0.126, "var": 0.03671}, "exposure": {"activity": 0.7979, "structural": 0.1757, "blended": 0.3312}, "confidence": 0.4966, "repairPriority": 0.02072, "routePenalty": 372.7, "reportValue": 0.01216, "evidence": {"osmLampsWorking": 0, "osmLampsBroken": 0, "osmLampsUntagged": 0, "nightBusTrips": 45.9, "wardComplaints2025": 252, "reports": 0}}}, {"type": "Feature", "geometry": {"type": "LineString", "coordinates": [[77.6512214, 12.9170172], [77.6497281, 12.91698]]}, "properties": {"segID": "way27935592/0", "name": "11A Cross Road", "ward": "HSR Layout", "roadClass": "residential", "lengthM": 161.9, "darkness": {"alpha": 1.748, "beta": 0.252, "mean": 0.126, "var": 0.03671}, "exposure": {"activity": 0.7893, "structural": 0.2747, "blended": 0.4034}, "confidence": 0.4966, "repairPriority": 0.02524, "routePenalty": 360.1, "reportValue": 0.01481, "evidence": {"osmLampsWorking": 0, "osmLampsBroken": 0, "osmLampsUntagged": 0, "nightBusTrips": 77.2, "wardComplaints2025": 252, "reports": 0}}}, {"type": "Feature", "geometry": {"type": "LineString", "coordinates": [[77.6512305, 12.9166643], [77.6496775, 12.9166352]]}, "properties": {"segID": "way27935615/0", "name": "11B Cross", "ward": "HSR Layout", "roadClass": "residential", "lengthM": 168.3, "darkness": {"alpha": 1.748, "beta": 0.252, "mean": 0.126, "var": 0.03671}, "exposure": {"activity": 0.8147, "structural": 0.2553, "blended": 0.3951}, "confidence": 0.4966, "repairPriority": 0.02472, "routePenalty": 377.0, "reportValue": 0.0145, "evidence": {"osmLampsWorking": 0, "osmLampsBroken": 0, "osmLampsUntagged": 0, "nightBusTrips": 72.6, "wardComplaints2025": 252, "reports": 0}}}, {"type": "Feature", "geometry": {"type": "LineString", "coordinates": [[77.6398013, 12.9156224], [77.6397921, 12.9151232], [77.6397919, 12.9145207], [77.6397964, 12.9144482], [77.6398016, 12.9143911], [77.6398176, 12.9139455]]}, "properties": {"segID": "way27935788/0", "name": "15th Main Road", "ward": "HSR Layout", "roadClass": "residential", "lengthM": 186.5, "darkness": {"alpha": 1.748, "beta": 0.252, "mean": 0.126, "var": 0.03671}, "exposure": {"activity": 0.0972, "structural": 0.3518, "blended": 0.2881}, "confidence": 0.4966, "repairPriority": 0.01803, "routePenalty": 470.1, "reportValue": 0.01058, "evidence": {"osmLampsWorking": 0, "osmLampsBroken": 0, "osmLampsUntagged": 0, "nightBusTrips": 114.1, "wardComplaints2025": 252, "reports": 0}}}, {"type": "Feature", "geometry": {"type": "LineString", "coordinates": [[77.6398176, 12.9139455], [77.6398454, 12.9136012], [77.639868, 12.9132987], [77.6399111, 12.9128272], [77.6399369, 12.9123528]]}, "properties": {"segID": "way27935788/1", "name": "15th Main Road", "ward": "HSR Layout", "roadClass": "residential", "lengthM": 177.6, "darkness": {"alpha": 1.748, "beta": 0.252, "mean": 0.126, "var": 0.03671}, "exposure": {"activity": 0.0671, "structural": 0.3397, "blended": 0.2716}, "confidence": 0.4966, "repairPriority": 0.01699, "routePenalty": 458.8, "reportValue": 0.00997, "evidence": {"osmLampsWorking": 0, "osmLampsBroken": 0, "osmLampsUntagged": 0, "nightBusTrips": 106.7, "wardComplaints2025": 252, "reports": 0}}}, {"type": "Feature", "geometry": {"type": "LineString", "coordinates": [[77.6382242, 12.9151224], [77.6382762, 12.9151208], [77.6383089, 12.9151207], [77.6386778, 12.9151191], [77.6387312, 12.915119], [77.6391162, 12.9151213], [77.6397921, 12.9151232]]}, "properties": {"segID": "way27935810/0", "name": "14th Cross Road", "ward": "HSR Layout", "roadClass": "residential", "lengthM": 169.9, "darkness": {"alpha": 1.748, "beta": 0.252, "mean": 0.126, "var": 0.03671}, "exposure": {"activity": 0.2803, "structural": 0.3638, "blended": 0.3429}, "confidence": 0.4966, "repairPriority": 0.02146, "routePenalty": 400.1, "reportValue": 0.01259, "evidence": {"osmLampsWorking": 0, "osmLampsBroken": 0, "osmLampsUntagged": 0, "nightBusTrips": 124.3, "wardComplaints2025": 252, "reports": 0}}}, {"type": "Feature", "geometry": {"type": "LineString", "coordinates": [[77.6397921, 12.9151232], [77.6402219, 12.9151039], [77.6406735, 12.9150723], [77.6411852, 12.9150429]]}, "properties": {"segID": "way27935810/1", "name": "14th Cross Road", "ward": "HSR Layout", "roadClass": "residential", "lengthM": 151.3, "darkness": {"alpha": 1.748, "beta": 0.252, "mean": 0.126, "var": 0.03671}, "exposure": {"activity": 0.0791, "structural": 0.3494, "blended": 0.2818}, "confidence": 0.4966, "repairPriority": 0.01763, "routePenalty": 384.8, "reportValue": 0.01034, "evidence": {"osmLampsWorking": 0, "osmLampsBroken": 0, "osmLampsUntagged": 0, "nightBusTrips": 112.3, "wardComplaints2025": 252, "reports": 0}}}, {"type": "Feature", "geometry": {"type": "LineString", "coordinates": [[77.6411852, 12.9150429], [77.6416186, 12.9150203]]}, "properties": {"segID": "way27935810/2", "name": "14th Cross Road", "ward": "HSR Layout", "roadClass": "residential", "lengthM": 47.0, "darkness": {"alpha": 1.748, "beta": 0.252, "mean": 0.126, "var": 0.03671}, "exposure": {"activity": 0.0924, "structural": 0.344, "blended": 0.2811}, "confidence": 0.4966, "repairPriority": 0.01759, "routePenalty": 119.7, "reportValue": 0.01032, "evidence": {"osmLampsWorking": 0, "osmLampsBroken": 0, "osmLampsUntagged": 0, "nightBusTrips": 109.4, "wardComplaints2025": 252, "reports": 0}}}, {"type": "Feature", "geometry": {"type": "LineString", "coordinates": [[77.6411852, 12.9150429], [77.6411602, 12.9142646], [77.6411588, 12.914192], [77.6411593, 12.9141235], [77.6410907, 12.913578]]}, "properties": {"segID": "way27935818/0", "name": "15C Main", "ward": "HSR Layout", "roadClass": "residential", "lengthM": 163.4, "darkness": {"alpha": 1.748, "beta": 0.252, "mean": 0.126, "var": 0.03671}, "exposure": {"activity": 0.0705, "structural": 0.3325, "blended": 0.267}, "confidence": 0.4966, "repairPriority": 0.01671, "routePenalty": 425.2, "reportValue": 0.0098, "evidence": {"osmLampsWorking": 0, "osmLampsBroken": 0, "osmLampsUntagged": 0, "nightBusTrips": 103.2, "wardComplaints2025": 252, "reports": 0}}}, {"type": "Feature", "geometry": {"type": "LineString", "coordinates": [[77.6410907, 12.913578], [77.6410648, 12.9132173], [77.64104, 12.9128034]]}, "properties": {"segID": "way27935818/1", "name": "15C Main", "ward": "HSR Layout", "roadClass": "residential", "lengthM": 86.3, "darkness": {"alpha": 1.748, "beta": 0.252, "mean": 0.126, "var": 0.03671}, "exposure": {"activity": 0.0628, "structural": 0.3191, "blended": 0.255}, "confidence": 0.4966, "repairPriority": 0.01596, "routePenalty": 229.1, "reportValue": 0.00936, "evidence": {"osmLampsWorking": 0, "osmLampsBroken": 0, "osmLampsUntagged": 0, "nightBusTrips": 96.4, "wardComplaints2025": 252, "reports": 0}}}, {"type": "Feature", "geometry": {"type": "LineString", "coordinates": [[77.6402219, 12.9151039], [77.6402272, 12.9144552], [77.6402275, 12.9143821], [77.6402272, 12.914335], [77.6402435, 12.9136042]]}, "properties": {"segID": "way27935825/0", "name": "15A Main", "ward": "HSR Layout", "roadClass": "residential", "lengthM": 166.8, "darkness": {"alpha": 1.748, "beta": 0.252, "mean": 0.126, "var": 0.03671}, "exposure": {"activity": 0.0748, "structural": 0.3476, "blended": 0.2794}, "confidence": 0.4966, "repairPriority": 0.01748, "routePenalty": 425.8, "reportValue": 0.01026, "evidence": {"osmLampsWorking": 0, "osmLampsBroken": 0, "osmLampsUntagged": 0, "nightBusTrips": 110.9, "wardComplaints2025": 252, "reports": 0}}}, {"type": "Feature", "geometry": {"type": "LineString", "coordinates": [[77.6406735, 12.9150723], [77.640654, 12.914368], [77.6406511, 12.914302]]}, "properties": {"segID": "way27935826/0", "name": "15B Main", "ward": "HSR Layout", "roadClass": "residential", "lengthM": 85.7, "darkness": {"alpha": 1.748, "beta": 0.252, "mean": 0.126, "var": 0.03671}, "exposure": {"activity": 0.0688, "structural": 0.3401, "blended": 0.2722}, "confidence": 0.4966, "repairPriority": 0.01703, "routePenalty": 221.2, "reportValue": 0.00999, "evidence": {"osmLampsWorking": 0, "osmLampsBroken": 0, "osmLampsUntagged": 0, "nightBusTrips": 106.9, "wardComplaints2025": 252, "reports": 0}}}, {"type": "Feature", "geometry": {"type": "LineString", "coordinates": [[77.6300884, 12.9157588], [77.6305684, 12.9157238], [77.6311407, 12.9156821], [77.6317055, 12.9156409]]}, "properties": {"segID": "way27936034/0", "name": "14th Cross Road", "ward": "HSR Layout", "roadClass": "residential", "lengthM": 175.8, "darkness": {"alpha": 1.748, "beta": 0.252, "mean": 0.126, "var": 0.03671}, "exposure": {"activity": 0.7644, "structural": 0.4501, "blended": 0.5287}, "confidence": 0.4966, "repairPriority": 0.03308, "routePenalty": 360.2, "reportValue": 0.01941, "evidence": {"osmLampsWorking": 0, "osmLampsBroken": 0, "osmLampsUntagged": 0, "nightBusTrips": 205.8, "wardComplaints2025": 252, "reports": 0}}}, {"type": "Feature", "geometry": {"type": "LineString", "coordinates": [[77.6317055, 12.9156409], [77.6322431, 12.9156017], [77.6323104, 12.9155968]]}, "properties": {"segID": "way27936034/1", "name": "14th Cross Road", "ward": "HSR Layout", "roadClass": "residential", "lengthM": 65.7, "darkness": {"alpha": 1.748, "beta": 0.252, "mean": 0.126, "var": 0.03671}, "exposure": {"activity": 0.8616, "structural": 0.4257, "blended": 0.5347}, "confidence": 0.4966, "repairPriority": 0.03346, "routePenalty": 134.2, "reportValue": 0.01963, "evidence": {"osmLampsWorking": 0, "osmLampsBroken": 0, "osmLampsUntagged": 0, "nightBusTrips": 178.7, "wardComplaints2025": 252, "reports": 0}}}, {"type": "Feature", "geometry": {"type": "LineString", "coordinates": [[77.6298823, 12.91531], [77.6298166, 12.9145645], [77.6297834, 12.9140598], [77.6297789, 12.9139913]]}, "properties": {"segID": "way27936036/0", "name": "3rd Main Road", "ward": "HSR Layout", "roadClass": "residential", "lengthM": 147.1, "darkness": {"alpha": 1.748, "beta": 0.252, "mean": 0.126, "var": 0.03671}, "exposure": {"activity": 0.2382, "structural": 0.4422, "blended": 0.3912}, "confidence": 0.4966, "repairPriority": 0.02448, "routePenalty": 330.6, "reportValue": 0.01436, "evidence": {"osmLampsWorking": 0, "osmLampsBroken": 0, "osmLampsUntagged": 0, "nightBusTrips": 197.3, "wardComplaints2025": 252, "reports": 0}}}, {"type": "Feature", "geometry": {"type": "LineString", "coordinates": [[77.6293488, 12.9154062], [77.6292227, 12.9140902], [77.6292168, 12.914029]]}, "properties": {"segID": "way27936039/0", "name": "2nd B Main Road", "ward": "HSR Layout", "roadClass": "residential", "lengthM": 153.8, "darkness": {"alpha": 1.748, "beta": 0.252, "mean": 0.126, "var": 0.03671}, "exposure": {"activity": 0.1926, "structural": 0.4649, "blended": 0.3968}, "confidence": 0.4966, "repairPriority": 0.02483, "routePenalty": 344.0, "reportValue": 0.01457, "evidence": {"osmLampsWorking": 0, "osmLampsBroken": 0, "osmLampsUntagged": 0, "nightBusTrips": 219.7, "wardComplaints2025": 252, "reports": 0}}}, {"type": "Feature", "geometry": {"type": "LineString", "coordinates": [[77.6317055, 12.9156409], [77.6317311, 12.9144086], [77.6317317, 12.9138992]]}, "properties": {"segID": "way27936042/0", "name": "4th Main Road", "ward": "HSR Layout", "roadClass": "residential", "lengthM": 193.7, "darkness": {"alpha": 1.748, "beta": 0.252, "mean": 0.126, "var": 0.03671}, "exposure": {"activity": 0.5813, "structural": 0.4264, "blended": 0.4651}, "confidence": 0.4966, "repairPriority": 0.0291, "routePenalty": 411.9, "reportValue": 0.01707, "evidence": {"osmLampsWorking": 0, "osmLampsBroken": 0, "osmLampsUntagged": 0, "nightBusTrips": 179.1, "wardComplaints2025": 252, "reports": 0}}}, {"type": "Feature", "geometry": {"type": "LineString", "coordinates": [[77.6305684, 12.9157238], [77.6305748, 12.9152407], [77.6305851, 12.9145019]]}, "properties": {"segID": "way27936060/0", "name": "3 A Main Road", "ward": "HSR Layout", "roadClass": "residential", "lengthM": 135.9, "darkness": {"alpha": 1.748, "beta": 0.252, "mean": 0.126, "var": 0.03671}, "exposure": {"activity": 0.6199, "structural": 0.4532, "blended": 0.4949}, "confidence": 0.4966, "repairPriority": 0.03097, "routePenalty": 283.7, "reportValue": 0.01817, "evidence": {"osmLampsWorking": 0, "osmLampsBroken": 0, "osmLampsUntagged": 0, "nightBusTrips": 209.9, "wardComplaints2025": 252, "reports": 0}}}, {"type": "Feature", "geometry": {"type": "LineString", "coordinates": [[77.6485419, 12.9152819], [77.6482011, 12.9152829], [77.6478801, 12.9152828], [77.6471871, 12.9152531], [77.6458437, 12.9151785]]}, "properties": {"segID": "way27936083/0", "name": "14th Cross Road", "ward": "HSR Layout", "roadClass": "residential", "lengthM": 292.7, "darkness": {"alpha": 1.748, "beta": 0.252, "mean": 0.126, "var": 0.03671}, "exposure": {"activity": 0.6552, "structural": 0.2166, "blended": 0.3262}, "confidence": 0.4966, "repairPriority": 0.02041, "routePenalty": 702.3, "reportValue": 0.01197, "evidence": {"osmLampsWorking": 0, "osmLampsBroken": 0, "osmLampsUntagged": 0, "nightBusTrips": 59.2, "wardComplaints2025": 252, "reports": 0}}}, {"type": "Feature", "geometry": {"type": "LineString", "coordinates": [[77.6458437, 12.9151785], [77.6453743, 12.9151627]]}, "properties": {"segID": "way27936083/1", "name": "14th Cross Road", "ward": "HSR Layout", "roadClass": "residential", "lengthM": 50.9, "darkness": {"alpha": 1.748, "beta": 0.252, "mean": 0.126, "var": 0.03671}, "exposure": {"activity": 0.5292, "structural": 0.2835, "blended": 0.3449}, "confidence": 0.4966, "repairPriority": 0.02158, "routePenalty": 119.6, "reportValue": 0.01266, "evidence": {"osmLampsWorking": 0, "osmLampsBroken": 0, "osmLampsUntagged": 0, "nightBusTrips": 80.3, "wardComplaints2025": 252, "reports": 0}}}, {"type": "Feature", "geometry": {"type": "LineString", "coordinates": [[77.6482011, 12.9152829], [77.6481722, 12.9140488], [77.6481347, 12.9124501]]}, "properties": {"segID": "way27936087/0", "name": "22C Main Road", "ward": "HSR Layout", "roadClass": "residential", "lengthM": 315.1, "darkness": {"alpha": 1.748, "beta": 0.252, "mean": 0.126, "var": 0.03671}, "exposure": {"activity": 0.4454, "structural": 0.1905, "blended": 0.2542}, "confidence": 0.4966, "repairPriority": 0.01591, "routePenalty": 837.6, "reportValue": 0.00933, "evidence": {"osmLampsWorking": 0, "osmLampsBroken": 0, "osmLampsUntagged": 0, "nightBusTrips": 51.9, "wardComplaints2025": 252, "reports": 0}}}, {"type": "Feature", "geometry": {"type": "LineString", "coordinates": [[77.6478801, 12.9152828], [77.6478711, 12.9149622], [77.6478457, 12.914056], [77.647834, 12.9136395]]}, "properties": {"segID": "way27936093/0", "name": "22nd B Main Road", "ward": "HSR Layout", "roadClass": "residential", "lengthM": 182.8, "darkness": {"alpha": 1.748, "beta": 0.252, "mean": 0.126, "var": 0.03671}, "exposure": {"activity": 0.4084, "structural": 0.1984, "blended": 0.2509}, "confidence": 0.4966, "repairPriority": 0.0157, "routePenalty": 488.7, "reportValue": 0.00921, "evidence": {"osmLampsWorking": 0, "osmLampsBroken": 0, "osmLampsUntagged": 0, "nightBusTrips": 53.2, "wardComplaints2025": 252, "reports": 0}}}, {"type": "Feature", "geometry": {"type": "LineString", "coordinates": [[77.647834, 12.9136395], [77.6478218, 12.9132052], [77.647813, 12.9128908], [77.6478003, 12.912437]]}, "properties": {"segID": "way27936093/1", "name": "22nd B Main Road", "ward": "HSR Layout", "roadClass": "residential", "lengthM": 133.8, "darkness": {"alpha": 1.748, "beta": 0.252, "mean": 0.126, "var": 0.03671}, "exposure": {"activity": 0.1668, "structural": 0.1829, "blended": 0.1789}, "confidence": 0.4966, "repairPriority": 0.01119, "routePenalty": 421.5, "reportValue": 0.00657, "evidence": {"osmLampsWorking": 0, "osmLampsBroken": 0, "osmLampsUntagged": 0, "nightBusTrips": 48.2, "wardComplaints2025": 252, "reports": 0}}}, {"type": "Feature", "geometry": {"type": "LineString", "coordinates": [[77.6476972, 12.9186824], [77.6477023, 12.9179605], [77.6477204, 12.9172477]]}, "properties": {"segID": "way27936147/0", "name": "22nd A Main Road", "ward": "HSR Layout", "roadClass": "residential", "lengthM": 159.6, "darkness": {"alpha": 1.748, "beta": 0.252, "mean": 0.126, "var": 0.03671}, "exposure": {"activity": 0.5615, "structural": 0.3301, "blended": 0.3879}, "confidence": 0.4966, "repairPriority": 0.02427, "routePenalty": 359.8, "reportValue": 0.01424, "evidence": {"osmLampsWorking": 0, "osmLampsBroken": 0, "osmLampsUntagged": 0, "nightBusTrips": 102.6, "wardComplaints2025": 252, "reports": 0}}}, {"type": "Feature", "geometry": {"type": "LineString", "coordinates": [[77.648065, 12.9186712], [77.6480649, 12.9172582]]}, "properties": {"segID": "way27936150/0", "name": "22nd B Main Road", "ward": "HSR Layout", "roadClass": "residential", "lengthM": 157.1, "darkness": {"alpha": 1.748, "beta": 0.252, "mean": 0.126, "var": 0.03671}, "exposure": {"activity": 0.6328, "structural": 0.3091, "blended": 0.39}, "confidence": 0.4966, "repairPriority": 0.0244, "routePenalty": 353.5, "reportValue": 0.01432, "evidence": {"osmLampsWorking": 0, "osmLampsBroken": 0, "osmLampsUntagged": 0, "nightBusTrips": 91.4, "wardComplaints2025": 252, "reports": 0}}}, {"type": "Feature", "geometry": {"type": "LineString", "coordinates": [[77.6484021, 12.918621], [77.6483956, 12.9172682]]}, "properties": {"segID": "way27936153/0", "name": "22C Main Road", "ward": "HSR Layout", "roadClass": "residential", "lengthM": 150.4, "darkness": {"alpha": 1.748, "beta": 0.252, "mean": 0.126, "var": 0.03671}, "exposure": {"activity": 0.6849, "structural": 0.3031, "blended": 0.3985}, "confidence": 0.4966, "repairPriority": 0.02493, "routePenalty": 335.9, "reportValue": 0.01463, "evidence": {"osmLampsWorking": 0, "osmLampsBroken": 0, "osmLampsUntagged": 0, "nightBusTrips": 88.8, "wardComplaints2025": 252, "reports": 0}}}, {"type": "Feature", "geometry": {"type": "LineString", "coordinates": [[77.6471692, 12.9161439], [77.6469646, 12.916138], [77.6465884, 12.916127], [77.6462463, 12.916117], [77.6458973, 12.9161068], [77.6454245, 12.9160931]]}, "properties": {"segID": "way27936246/0", "name": "12 Cross Road", "ward": "HSR Layout", "roadClass": "residential", "lengthM": 189.2, "darkness": {"alpha": 1.748, "beta": 0.252, "mean": 0.126, "var": 0.03671}, "exposure": {"activity": 0.5537, "structural": 0.2799, "blended": 0.3483}, "confidence": 0.4966, "repairPriority": 0.02179, "routePenalty": 443.0, "reportValue": 0.01279, "evidence": {"osmLampsWorking": 0, "osmLampsBroken": 0, "osmLampsUntagged": 0, "nightBusTrips": 79.5, "wardComplaints2025": 252, "reports": 0}}}, {"type": "Feature", "geometry": {"type": "LineString", "coordinates": [[77.6459905, 12.9184773], [77.6459474, 12.9171938], [77.6458973, 12.9161068]]}, "properties": {"segID": "way27936250/0", "name": "21st Main Road", "ward": "HSR Layout", "roadClass": "residential", "lengthM": 263.8, "darkness": {"alpha": 1.748, "beta": 0.252, "mean": 0.126, "var": 0.03671}, "exposure": {"activity": 0.5383, "structural": 0.3559, "blended": 0.4015}, "confidence": 0.4966, "repairPriority": 0.02512, "routePenalty": 587.8, "reportValue": 0.01474, "evidence": {"osmLampsWorking": 0, "osmLampsBroken": 0, "osmLampsUntagged": 0, "nightBusTrips": 117.2, "wardComplaints2025": 252, "reports": 0}}}, {"type": "Feature", "geometry": {"type": "LineString", "coordinates": [[77.6463486, 12.9184559], [77.6462782, 12.9172038], [77.6462463, 12.916117]]}, "properties": {"segID": "way27936252/0", "name": "21A Main", "ward": "HSR Layout", "roadClass": "residential", "lengthM": 260.3, "darkness": {"alpha": 1.748, "beta": 0.252, "mean": 0.126, "var": 0.03671}, "exposure": {"activity": 0.4893, "structural": 0.3421, "blended": 0.3789}, "confidence": 0.4966, "repairPriority": 0.02371, "routePenalty": 591.5, "reportValue": 0.01391, "evidence": {"osmLampsWorking": 0, "osmLampsBroken": 0, "osmLampsUntagged": 0, "nightBusTrips": 108.1, "wardComplaints2025": 252, "reports": 0}}}, {"type": "Feature", "geometry": {"type": "LineString", "coordinates": [[77.6466889, 12.9184356], [77.6466214, 12.9172143], [77.6465884, 12.916127]]}, "properties": {"segID": "way27936254/0", "name": "21B Main", "ward": "HSR Layout", "roadClass": "residential", "lengthM": 257.0, "darkness": {"alpha": 1.748, "beta": 0.252, "mean": 0.126, "var": 0.03671}, "exposure": {"activity": 0.4592, "structural": 0.3346, "blended": 0.3657}, "confidence": 0.4966, "repairPriority": 0.02288, "routePenalty": 591.3, "reportValue": 0.01342, "evidence": {"osmLampsWorking": 0, "osmLampsBroken": 0, "osmLampsUntagged": 0, "nightBusTrips": 104.1, "wardComplaints2025": 252, "reports": 0}}}, {"type": "Feature", "geometry": {"type": "LineString", "coordinates": [[77.6469951, 12.9172257], [77.6469646, 12.916138]]}, "properties": {"segID": "way27936257/0", "name": "21C Main", "ward": "HSR Layout", "roadClass": "residential", "lengthM": 121.0, "darkness": {"alpha": 1.748, "beta": 0.252, "mean": 0.126, "var": 0.03671}, "exposure": {"activity": 0.583, "structural": 0.2572, "blended": 0.3386}, "confidence": 0.4966, "repairPriority": 0.02119, "routePenalty": 286.3, "reportValue": 0.01243, "evidence": {"osmLampsWorking": 0, "osmLampsBroken": 0, "osmLampsUntagged": 0, "nightBusTrips": 72.7, "wardComplaints2025": 252, "reports": 0}}}, {"type": "Feature", "geometry": {"type": "LineString", "coordinates": [[77.6491376, 12.9167876], [77.6475598, 12.9168012]]}, "properties": {"segID": "way27936265/0", "name": "11A Cross Road", "ward": "HSR Layout", "roadClass": "residential", "lengthM": 171.0, "darkness": {"alpha": 1.748, "beta": 0.252, "mean": 0.126, "var": 0.03671}, "exposure": {"activity": 0.5735, "structural": 0.3081, "blended": 0.3744}, "confidence": 0.4966, "repairPriority": 0.02343, "routePenalty": 390.2, "reportValue": 0.01374, "evidence": {"osmLampsWorking": 0, "osmLampsBroken": 0, "osmLampsUntagged": 0, "nightBusTrips": 91.2, "wardComplaints2025": 252, "reports": 0}}}, {"type": "Feature", "geometry": {"type": "LineString", "coordinates": [[77.6475598, 12.9168012], [77.6471683, 12.9167995]]}, "properties": {"segID": "way27936265/1", "name": "11A Cross Road", "ward": "HSR Layout", "roadClass": "residential", "lengthM": 42.4, "darkness": {"alpha": 1.748, "beta": 0.252, "mean": 0.126, "var": 0.03671}, "exposure": {"activity": 0.5219, "structural": 0.316, "blended": 0.3675}, "confidence": 0.4966, "repairPriority": 0.023, "routePenalty": 97.4, "reportValue": 0.01349, "evidence": {"osmLampsWorking": 0, "osmLampsBroken": 0, "osmLampsUntagged": 0, "nightBusTrips": 94.5, "wardComplaints2025": 252, "reports": 0}}}, {"type": "Feature", "geometry": {"type": "LineString", "coordinates": [[77.6475598, 12.9168012], [77.6475994, 12.9157342]]}, "properties": {"segID": "way27936267/0", "name": "22nd A Main Road", "ward": "HSR Layout", "roadClass": "residential", "lengthM": 118.7, "darkness": {"alpha": 1.748, "beta": 0.252, "mean": 0.126, "var": 0.03671}, "exposure": {"activity": 0.6376, "structural": 0.2295, "blended": 0.3315}, "confidence": 0.4966, "repairPriority": 0.02074, "routePenalty": 283.1, "reportValue": 0.01217, "evidence": {"osmLampsWorking": 0, "osmLampsBroken": 0, "osmLampsUntagged": 0, "nightBusTrips": 63.7, "wardComplaints2025": 252, "reports": 0}}}, {"type": "Feature", "geometry": {"type": "LineString", "coordinates": [[77.6515237, 12.9226787], [77.6514366, 12.9226732], [77.6512209, 12.92261], [77.6511794, 12.922595], [77.6508982, 12.9224777], [77.6505891, 12.922423]]}, "properties": {"segID": "way27936291/0", "name": "1st Cross Road", "ward": "HSR Layout", "roadClass": "residential", "lengthM": 105.9, "darkness": {"alpha": 2.548, "beta": 0.252, "mean": 0.09, "var": 0.02155}, "exposure": {"activity": 0.8426, "structural": 0.3903, "blended": 0.5034}, "confidence": 0.9226, "repairPriority": 0.0418, "routePenalty": 201.4, "reportValue": 0.01085, "evidence": {"osmLampsWorking": 0, "osmLampsBroken": 0, "osmLampsUntagged": 2, "nightBusTrips": 139.3, "wardComplaints2025": 252, "reports": 0}}}, {"type": "Feature", "geometry": {"type": "LineString", "coordinates": [[77.6515866, 12.9210288], [77.6515108, 12.9210356], [77.6514826, 12.9210369], [77.6512497, 12.9210477], [77.6509332, 12.921058], [77.6506474, 12.9210743], [77.6499369, 12.9211525]]}, "properties": {"segID": "way27936332/0", "name": "6th Cross Road", "ward": "HSR Layout", "roadClass": "residential", "lengthM": 179.4, "darkness": {"alpha": 1.748, "beta": 0.252, "mean": 0.126, "var": 0.03671}, "exposure": {"activity": 0.8899, "structural": 0.337, "blended": 0.4752}, "confidence": 0.4966, "repairPriority": 0.02973, "routePenalty": 379.0, "reportValue": 0.01744, "evidence": {"osmLampsWorking": 0, "osmLampsBroken": 0, "osmLampsUntagged": 0, "nightBusTrips": 105.1, "wardComplaints2025": 252, "reports": 0}}}, {"type": "Feature", "geometry": {"type": "LineString", "coordinates": [[77.6499369, 12.9211525], [77.6495347, 12.9212279]]}, "properties": {"segID": "way27936332/1", "name": "6th Cross Road", "ward": "HSR Layout", "roadClass": "residential", "lengthM": 44.4, "darkness": {"alpha": 2.548, "beta": 0.252, "mean": 0.09, "var": 0.02155}, "exposure": {"activity": 0.9776, "structural": 0.381, "blended": 0.5302}, "confidence": 0.9226, "repairPriority": 0.04402, "routePenalty": 83.1, "reportValue": 0.01143, "evidence": {"osmLampsWorking": 0, "osmLampsBroken": 0, "osmLampsUntagged": 2, "nightBusTrips": 132.5, "wardComplaints2025": 252, "reports": 0}}}, {"type": "Feature", "geometry": {"type": "LineString", "coordinates": [[77.6508982, 12.9224777], [77.6509332, 12.921058]]}, "properties": {"segID": "way27936338/0", "name": "25th Main Road", "ward": "HSR Layout", "roadClass": "residential", "lengthM": 157.9, "darkness": {"alpha": 1.748, "beta": 0.252, "mean": 0.126, "var": 0.03671}, "exposure": {"activity": 0.9011, "structural": 0.3562, "blended": 0.4925}, "confidence": 0.4966, "repairPriority": 0.03082, "routePenalty": 330.1, "reportValue": 0.01808, "evidence": {"osmLampsWorking": 0, "osmLampsBroken": 0, "osmLampsUntagged": 0, "nightBusTrips": 117.5, "wardComplaints2025": 252, "reports": 0}}}, {"type": "Feature", "geometry": {"type": "LineString", "coordinates": [[77.6512209, 12.92261], [77.6512358, 12.9215492], [77.6512423, 12.9213162], [77.6512497, 12.9210477]]}, "properties": {"segID": "way27936351/0", "name": "26th Main Road", "ward": "HSR Layout", "roadClass": "residential", "lengthM": 173.8, "darkness": {"alpha": 2.148, "beta": 0.252, "mean": 0.105, "var": 0.02764}, "exposure": {"activity": 0.8951, "structural": 0.3459, "blended": 0.4832}, "confidence": 0.899, "repairPriority": 0.04561, "routePenalty": 347.3, "reportValue": 0.01336, "evidence": {"osmLampsWorking": 0, "osmLampsBroken": 0, "osmLampsUntagged": 1, "nightBusTrips": 110.0, "wardComplaints2025": 252, "reports": 0}}}, {"type": "Feature", "geometry": {"type": "LineString", "coordinates": [[77.6516083, 12.9205873], [77.6515117, 12.9205915], [77.6511071, 12.9206146], [77.651045, 12.9206181], [77.6503205, 12.9206588], [77.6498674, 12.9206796]]}, "properties": {"segID": "way27936356/0", "name": "4th Cross Road", "ward": "HSR Layout", "roadClass": "residential", "lengthM": 189.0, "darkness": {"alpha": 1.748, "beta": 0.252, "mean": 0.126, "var": 0.03671}, "exposure": {"activity": 0.8856, "structural": 0.3222, "blended": 0.463}, "confidence": 0.4966, "repairPriority": 0.02897, "routePenalty": 402.4, "reportValue": 0.017, "evidence": {"osmLampsWorking": 0, "osmLampsBroken": 0, "osmLampsUntagged": 0, "nightBusTrips": 99.3, "wardComplaints2025": 252, "reports": 0}}}, {"type": "Feature", "geometry": {"type": "LineString", "coordinates": [[77.6498674, 12.9206796], [77.6493922, 12.9207019]]}, "properties": {"segID": "way27936356/1", "name": "4th Cross Road", "ward": "HSR Layout", "roadClass": "residential", "lengthM": 51.6, "darkness": {"alpha": 1.748, "beta": 0.252, "mean": 0.126, "var": 0.03671}, "exposure": {"activity": 0.9467, "structural": 0.3641, "blended": 0.5098}, "confidence": 0.4966, "repairPriority": 0.0319, "routePenalty": 106.8, "reportValue": 0.01871, "evidence": {"osmLampsWorking": 0, "osmLampsBroken": 0, "osmLampsUntagged": 0, "nightBusTrips": 124.3, "wardComplaints2025": 252, "reports": 0}}}, {"type": "Feature", "geometry": {"type": "LineString", "coordinates": [[77.6522078, 12.9180676], [77.652559, 12.918077], [77.6529097, 12.9180864], [77.6532074, 12.9180944], [77.6539688, 12.9181148]]}, "properties": {"segID": "way27936377/0", "name": "10th Cross Road", "ward": "HSR Layout", "roadClass": "residential", "lengthM": 190.9, "darkness": {"alpha": 1.748, "beta": 0.252, "mean": 0.126, "var": 0.03671}, "exposure": {"activity": 0.6015, "structural": 0.1917, "blended": 0.2941}, "confidence": 0.4966, "repairPriority": 0.0184, "routePenalty": 477.1, "reportValue": 0.0108, "evidence": {"osmLampsWorking": 0, "osmLampsBroken": 0, "osmLampsUntagged": 0, "nightBusTrips": 52.2, "wardComplaints2025": 252, "reports": 0}}}, {"type": "Feature", "geometry": {"type": "LineString", "coordinates": [[77.6539688, 12.9181148], [77.6541989, 12.9181209]]}, "properties": {"segID": "way27936377/1", "name": "10th Cross Road", "ward": "HSR Layout", "roadClass": "residential", "lengthM": 24.9, "darkness": {"alpha": 1.748, "beta": 0.252, "mean": 0.126, "var": 0.03671}, "exposure": {"activity": 0.2494, "structural": 0.2193, "blended": 0.2268}, "confidence": 0.4966, "repairPriority": 0.01419, "routePenalty": 69.7, "reportValue": 0.00833, "evidence": {"osmLampsWorking": 0, "osmLampsBroken": 0, "osmLampsUntagged": 0, "nightBusTrips": 60.0, "wardComplaints2025": 252, "reports": 0}}}, {"type": "Feature", "geometry": {"type": "LineString", "coordinates": [[77.6515786, 12.921204], [77.6516637, 12.9211931], [77.6517892, 12.9211762], [77.6527749, 12.921068], [77.6530287, 12.9210419]]}, "properties": {"segID": "way27936380/0", "name": "3rd Cross Road", "ward": "Agaram", "roadClass": "residential", "lengthM": 158.2, "darkness": {"alpha": 0.356, "beta": 1.644, "mean": 0.8221, "var": 0.04874}, "exposure": {"activity": 0.828, "structural": 0.3328, "blended": 0.4566}, "confidence": 0.0924, "repairPriority": 0.03468, "routePenalty": 518.7, "reportValue": 0.02225, "evidence": {"osmLampsWorking": 0, "osmLampsBroken": 0, "osmLampsUntagged": 0, "nightBusTrips": 103.2, "wardComplaints2025": 71, "reports": 0}}}, {"type": "Feature", "geometry": {"type": "LineString", "coordinates": [[77.6530287, 12.9210419], [77.6536827, 12.9209507]]}, "properties": {"segID": "way27936380/1", "name": "3rd Cross Road", "ward": "Agaram", "roadClass": "residential", "lengthM": 71.6, "darkness": {"alpha": 0.356, "beta": 1.644, "mean": 0.8221, "var": 0.04874}, "exposure": {"activity": 0.288, "structural": 0.2534, "blended": 0.2621}, "confidence": 0.0924, "repairPriority": 0.01991, "routePenalty": 269.5, "reportValue": 0.01277, "evidence": {"osmLampsWorking": 0, "osmLampsBroken": 0, "osmLampsUntagged": 0, "nightBusTrips": 72.0, "wardComplaints2025": 71, "reports": 0}}}, {"type": "Feature", "geometry": {"type": "LineString", "coordinates": [[77.65213, 12.9203948], [77.6521664, 12.9204061], [77.6536753, 12.9204614]]}, "properties": {"segID": "way27936386/0", "name": "5th Cross Road", "ward": "HSR Layout", "roadClass": "residential", "lengthM": 167.8, "darkness": {"alpha": 1.748, "beta": 0.252, "mean": 0.126, "var": 0.03671}, "exposure": {"activity": 0.7334, "structural": 0.3022, "blended": 0.41}, "confidence": 0.4966, "repairPriority": 0.02565, "routePenalty": 371.3, "reportValue": 0.01505, "evidence": {"osmLampsWorking": 0, "osmLampsBroken": 0, "osmLampsUntagged": 0, "nightBusTrips": 88.6, "wardComplaints2025": 252, "reports": 0}}}, {"type": "Feature", "geometry": {"type": "LineString", "coordinates": [[77.6536753, 12.9204614], [77.6540953, 12.9204768], [77.6541477, 12.9204685]]}, "properties": {"segID": "way27936386/1", "name": "5th Cross Road", "ward": "HSR Layout", "roadClass": "residential", "lengthM": 51.3, "darkness": {"alpha": 1.748, "beta": 0.252, "mean": 0.126, "var": 0.03671}, "exposure": {"activity": 0.1849, "structural": 0.2603, "blended": 0.2414}, "confidence": 0.4966, "repairPriority": 0.0151, "routePenalty": 139.6, "reportValue": 0.00886, "evidence": {"osmLampsWorking": 0, "osmLampsBroken": 0, "osmLampsUntagged": 0, "nightBusTrips": 73.1, "wardComplaints2025": 252, "reports": 0}}}, {"type": "Feature", "geometry": {"type": "LineString", "coordinates": [[77.652143, 12.9200566], [77.6541302, 12.9201565]]}, "properties": {"segID": "way27936390/0", "name": "6th Cross Road", "ward": "HSR Layout", "roadClass": "residential", "lengthM": 215.7, "darkness": {"alpha": 1.748, "beta": 0.252, "mean": 0.126, "var": 0.03671}, "exposure": {"activity": 0.1728, "structural": 0.2472, "blended": 0.2286}, "confidence": 0.4966, "repairPriority": 0.0143, "routePenalty": 601.7, "reportValue": 0.00839, "evidence": {"osmLampsWorking": 0, "osmLampsBroken": 0, "osmLampsUntagged": 0, "nightBusTrips": 69.7, "wardComplaints2025": 252, "reports": 0}}}, {"type": "Feature", "geometry": {"type": "LineString", "coordinates": [[77.6536753, 12.9204614], [77.6536805, 12.9206764], [77.653689, 12.9209347], [77.6536827, 12.9209507]]}, "properties": {"segID": "way27936452/0", "name": "29th Main Road", "ward": "Agaram", "roadClass": "residential", "lengthM": 54.6, "darkness": {"alpha": 0.356, "beta": 1.644, "mean": 0.8221, "var": 0.04874}, "exposure": {"activity": 0.2829, "structural": 0.2527, "blended": 0.2603}, "confidence": 0.0924, "repairPriority": 0.01977, "routePenalty": 205.9, "reportValue": 0.01269, "evidence": {"osmLampsWorking": 0, "osmLampsBroken": 0, "osmLampsUntagged": 0, "nightBusTrips": 71.7, "wardComplaints2025": 71, "reports": 0}}}, {"type": "Feature", "geometry": {"type": "LineString", "coordinates": [[77.6541989, 12.9181209], [77.6541451, 12.917803], [77.6539477, 12.9167243]]}, "properties": {"segID": "way27936470/0", "name": "31st Main Road", "ward": "HSR Layout", "roadClass": "residential", "lengthM": 157.7, "darkness": {"alpha": 1.748, "beta": 0.252, "mean": 0.126, "var": 0.03671}, "exposure": {"activity": 0.2906, "structural": 0.187, "blended": 0.2129}, "confidence": 0.4966, "repairPriority": 0.01332, "routePenalty": 455.0, "reportValue": 0.00782, "evidence": {"osmLampsWorking": 0, "osmLampsBroken": 0, "osmLampsUntagged": 0, "nightBusTrips": 50.2, "wardComplaints2025": 252, "reports": 0}}}, {"type": "Feature", "geometry": {"type": "LineString", "coordinates": [[77.6539477, 12.9167243], [77.6538718, 12.9163846], [77.654164, 12.916297], [77.6541888, 12.9162808], [77.6541991, 12.9162532], [77.6541207, 12.9159245], [77.653633, 12.9137111]]}, "properties": {"segID": "way27936470/1", "name": "31st Main Road", "ward": "HSR Layout", "roadClass": "residential", "lengthM": 367.5, "darkness": {"alpha": 1.748, "beta": 0.252, "mean": 0.126, "var": 0.03671}, "exposure": {"activity": 0.3439, "structural": 0.1509, "blended": 0.1992}, "confidence": 0.4966, "repairPriority": 0.01246, "routePenalty": 1095.6, "reportValue": 0.00731, "evidence": {"osmLampsWorking": 0, "osmLampsBroken": 0, "osmLampsUntagged": 0, "nightBusTrips": 31.3, "wardComplaints2025": 252, "reports": 0}}}, {"type": "Feature", "geometry": {"type": "LineString", "coordinates": [[77.653633, 12.9137111], [77.6535912, 12.9130754], [77.653556, 12.9125775], [77.6535447, 12.9124014], [77.6535025, 12.9115393]]}, "properties": {"segID": "way27936470/2", "name": "31st Main Road", "ward": "HSR Layout", "roadClass": "residential", "lengthM": 241.9, "darkness": {"alpha": 1.748, "beta": 0.252, "mean": 0.126, "var": 0.03671}, "exposure": {"activity": 0.1109, "structural": 0.1368, "blended": 0.1303}, "confidence": 0.4966, "repairPriority": 0.00815, "routePenalty": 911.4, "reportValue": 0.00478, "evidence": {"osmLampsWorking": 0, "osmLampsBroken": 0, "osmLampsUntagged": 0, "nightBusTrips": 21.4, "wardComplaints2025": 252, "reports": 0}}}, {"type": "Feature", "geometry": {"type": "LineString", "coordinates": [[77.6535025, 12.9115393], [77.6535022, 12.9114687], [77.65356, 12.9113936], [77.6534179, 12.9101284]]}, "properties": {"segID": "way27936470/3", "name": "31st Main Road", "ward": "HSR Layout", "roadClass": "residential", "lengthM": 159.8, "darkness": {"alpha": 1.748, "beta": 0.252, "mean": 0.126, "var": 0.03671}, "exposure": {"activity": 0.0567, "structural": 0.1337, "blended": 0.1145}, "confidence": 0.4966, "repairPriority": 0.00716, "routePenalty": 652.0, "reportValue": 0.0042, "evidence": {"osmLampsWorking": 0, "osmLampsBroken": 0, "osmLampsUntagged": 0, "nightBusTrips": 19.6, "wardComplaints2025": 252, "reports": 0}}}, {"type": "Feature", "geometry": {"type": "LineString", "coordinates": [[77.6534179, 12.9101284], [77.653355, 12.9096178], [77.6533081, 12.9091464], [77.6532697, 12.9088204], [77.6532283, 12.9084112]]}, "properties": {"segID": "way27936470/4", "name": "31st Main Road", "ward": "HSR Layout", "roadClass": "residential", "lengthM": 192.1, "darkness": {"alpha": 1.748, "beta": 0.252, "mean": 0.126, "var": 0.03671}, "exposure": {"activity": 0.0249, "structural": 0.133, "blended": 0.106}, "confidence": 0.4966, "repairPriority": 0.00663, "routePenalty": 823.4, "reportValue": 0.00389, "evidence": {"osmLampsWorking": 0, "osmLampsBroken": 0, "osmLampsUntagged": 0, "nightBusTrips": 18.6, "wardComplaints2025": 252, "reports": 0}}}, {"type": "Feature", "geometry": {"type": "LineString", "coordinates": [[77.6532283, 12.9084112], [77.6532019, 12.9081089], [77.6531789, 12.9078455], [77.6531428, 12.9075264], [77.6530798, 12.9070952]]}, "properties": {"segID": "way27936470/5", "name": "31st Main Road", "ward": "HSR Layout", "roadClass": "residential", "lengthM": 147.3, "darkness": {"alpha": 1.748, "beta": 0.252, "mean": 0.126, "var": 0.03671}, "exposure": {"activity": 0.0249, "structural": 0.1323, "blended": 0.1055}, "confidence": 0.4966, "repairPriority": 0.0066, "routePenalty": 633.3, "reportValue": 0.00387, "evidence": {"osmLampsWorking": 0, "osmLampsBroken": 0, "osmLampsUntagged": 0, "nightBusTrips": 17.7, "wardComplaints2025": 252, "reports": 0}}}, {"type": "Feature", "geometry": {"type": "LineString", "coordinates": [[77.6544202, 12.919313], [77.6540495, 12.9193102], [77.6525276, 12.9192476]]}, "properties": {"segID": "way27936478/0", "name": "8th Cross Road", "ward": "HSR Layout", "roadClass": "residential", "lengthM": 205.3, "darkness": {"alpha": 1.748, "beta": 0.252, "mean": 0.126, "var": 0.03671}, "exposure": {"activity": 0.2236, "structural": 0.2283, "blended": 0.2271}, "confidence": 0.4966, "repairPriority": 0.01421, "routePenalty": 574.4, "reportValue": 0.00834, "evidence": {"osmLampsWorking": 0, "osmLampsBroken": 0, "osmLampsUntagged": 0, "nightBusTrips": 63.5, "wardComplaints2025": 252, "reports": 0}}}, {"type": "Feature", "geometry": {"type": "LineString", "coordinates": [[77.6525276, 12.9192476], [77.652168, 12.9192358]]}, "properties": {"segID": "way27936478/1", "name": "8th Cross Road", "ward": "HSR Layout", "roadClass": "residential", "lengthM": 39.0, "darkness": {"alpha": 1.748, "beta": 0.252, "mean": 0.126, "var": 0.03671}, "exposure": {"activity": 0.7016, "structural": 0.2582, "blended": 0.3691}, "confidence": 0.4966, "repairPriority": 0.0231, "routePenalty": 89.4, "reportValue": 0.01355, "evidence": {"osmLampsWorking": 0, "osmLampsBroken": 0, "osmLampsUntagged": 0, "nightBusTrips": 72.9, "wardComplaints2025": 252, "reports": 0}}}, {"type": "Feature", "geometry": {"type": "LineString", "coordinates": [[77.6525276, 12.9192476], [77.6525328, 12.9189236], [77.652559, 12.918077], [77.6525642, 12.9177523]]}, "properties": {"segID": "way27936484/0", "name": "29th Main Road", "ward": "HSR Layout", "roadClass": "residential", "lengthM": 166.3, "darkness": {"alpha": 1.748, "beta": 0.252, "mean": 0.126, "var": 0.03671}, "exposure": {"activity": 0.6672, "structural": 0.209, "blended": 0.3236}, "confidence": 0.4966, "repairPriority": 0.02025, "routePenalty": 400.3, "reportValue": 0.01188, "evidence": {"osmLampsWorking": 0, "osmLampsBroken": 0, "osmLampsUntagged": 0, "nightBusTrips": 56.7, "wardComplaints2025": 252, "reports": 0}}}, {"type": "Feature", "geometry": {"type": "LineString", "coordinates": [[77.6525642, 12.9177523], [77.6525729, 12.9174171], [77.6525854, 12.9166967]]}, "properties": {"segID": "way27936484/1", "name": "29th Main Road", "ward": "HSR Layout", "roadClass": "residential", "lengthM": 117.4, "darkness": {"alpha": 1.748, "beta": 0.252, "mean": 0.126, "var": 0.03671}, "exposure": {"activity": 0.7248, "structural": 0.1874, "blended": 0.3217}, "confidence": 0.4966, "repairPriority": 0.02013, "routePenalty": 283.2, "reportValue": 0.01181, "evidence": {"osmLampsWorking": 0, "osmLampsBroken": 0, "osmLampsUntagged": 0, "nightBusTrips": 50.2, "wardComplaints2025": 252, "reports": 0}}}, {"type": "Feature", "geometry": {"type": "LineString", "coordinates": [[77.6522458, 12.9166864], [77.6525854, 12.9166967], [77.6536077, 12.9167364], [77.6539477, 12.9167243]]}, "properties": {"segID": "way27936486/0", "name": "11th A Cross Road", "ward": "HSR Layout", "roadClass": "residential", "lengthM": 184.6, "darkness": {"alpha": 1.748, "beta": 0.252, "mean": 0.126, "var": 0.03671}, "exposure": {"activity": 0.5039, "structural": 0.1588, "blended": 0.2451}, "confidence": 0.4966, "repairPriority": 0.01534, "routePenalty": 498.7, "reportValue": 0.009, "evidence": {"osmLampsWorking": 0, "osmLampsBroken": 0, "osmLampsUntagged": 0, "nightBusTrips": 37.8, "wardComplaints2025": 252, "reports": 0}}}, {"type": "Feature", "geometry": {"type": "LineString", "coordinates": [[77.6525642, 12.9177523], [77.6538121, 12.9177923], [77.6541451, 12.917803]]}, "properties": {"segID": "way27936489/0", "name": "10th A Cross Road", "ward": "HSR Layout", "roadClass": "residential", "lengthM": 171.4, "darkness": {"alpha": 1.748, "beta": 0.252, "mean": 0.126, "var": 0.03671}, "exposure": {"activity": 0.3508, "structural": 0.1863, "blended": 0.2275}, "confidence": 0.4966, "repairPriority": 0.01424, "routePenalty": 479.2, "reportValue": 0.00835, "evidence": {"osmLampsWorking": 0, "osmLampsBroken": 0, "osmLampsUntagged": 0, "nightBusTrips": 50.1, "wardComplaints2025": 252, "reports": 0}}}, {"type": "Feature", "geometry": {"type": "LineString", "coordinates": [[77.6525729, 12.9174171], [77.6537337, 12.9174263]]}, "properties": {"segID": "way27936492/0", "name": "11th Cross Road", "ward": "HSR Layout", "roadClass": "residential", "lengthM": 125.8, "darkness": {"alpha": 1.748, "beta": 0.252, "mean": 0.126, "var": 0.03671}, "exposure": {"activity": 0.3968, "structural": 0.1655, "blended": 0.2233}, "confidence": 0.4966, "repairPriority": 0.01397, "routePenalty": 354.8, "reportValue": 0.0082, "evidence": {"osmLampsWorking": 0, "osmLampsBroken": 0, "osmLampsUntagged": 0, "nightBusTrips": 41.1, "wardComplaints2025": 252, "reports": 0}}}, {"type": "Feature", "geometry": {"type": "LineString", "coordinates": [[77.6525328, 12.9189236], [77.6528951, 12.9189294], [77.6531925, 12.9189388], [77.6540386, 12.9189591]]}, "properties": {"segID": "way27936495/0", "name": "9th Cross Road", "ward": "HSR Layout", "roadClass": "residential", "lengthM": 163.2, "darkness": {"alpha": 1.748, "beta": 0.252, "mean": 0.126, "var": 0.03671}, "exposure": {"activity": 0.4437, "structural": 0.2097, "blended": 0.2682}, "confidence": 0.4966, "repairPriority": 0.01678, "routePenalty": 423.8, "reportValue": 0.00985, "evidence": {"osmLampsWorking": 0, "osmLampsBroken": 0, "osmLampsUntagged": 0, "nightBusTrips": 56.9, "wardComplaints2025": 252, "reports": 0}}}, {"type": "Feature", "geometry": {"type": "LineString", "coordinates": [[77.6528951, 12.9189294], [77.6529097, 12.9180864]]}, "properties": {"segID": "way27936499/0", "name": "29th A Main", "ward": "HSR Layout", "roadClass": "residential", "lengthM": 93.8, "darkness": {"alpha": 1.748, "beta": 0.252, "mean": 0.126, "var": 0.03671}, "exposure": {"activity": 0.6015, "structural": 0.1917, "blended": 0.2941}, "confidence": 0.4966, "repairPriority": 0.0184, "routePenalty": 234.4, "reportValue": 0.0108, "evidence": {"osmLampsWorking": 0, "osmLampsBroken": 0, "osmLampsUntagged": 0, "nightBusTrips": 52.2, "wardComplaints2025": 252, "reports": 0}}}, {"type": "Feature", "geometry": {"type": "LineString", "coordinates": [[77.6531925, 12.9189388], [77.6532074, 12.9180944]]}, "properties": {"segID": "way27936501/0", "name": "29th B Main Road", "ward": "HSR Layout", "roadClass": "residential", "lengthM": 93.9, "darkness": {"alpha": 1.748, "beta": 0.252, "mean": 0.126, "var": 0.03671}, "exposure": {"activity": 0.5004, "structural": 0.1843, "blended": 0.2633}, "confidence": 0.4966, "repairPriority": 0.01648, "routePenalty": 245.8, "reportValue": 0.00967, "evidence": {"osmLampsWorking": 0, "osmLampsBroken": 0, "osmLampsUntagged": 0, "nightBusTrips": 48.8, "wardComplaints2025": 252, "reports": 0}}}, {"type": "Feature", "geometry": {"type": "LineString", "coordinates": [[77.620235, 12.9169618], [77.6203959, 12.9181687]]}, "properties": {"segID": "way27994428/0", "name": "36th Main Road", "ward": "Madivala", "roadClass": "residential", "lengthM": 135.3, "darkness": {"alpha": 1.748, "beta": 0.252, "mean": 0.126, "var": 0.03671}, "exposure": {"activity": 0.1333, "structural": 0.5069, "blended": 0.4135}, "confidence": 0.4966, "repairPriority": 0.02587, "routePenalty": 298.5, "reportValue": 0.01518, "evidence": {"osmLampsWorking": 0, "osmLampsBroken": 0, "osmLampsUntagged": 0, "nightBusTrips": 283.8, "wardComplaints2025": 180, "reports": 0}}}, {"type": "Feature", "geometry": {"type": "LineString", "coordinates": [[77.6265362, 12.9253402], [77.62681, 12.9260844], [77.6270445, 12.9268059]]}, "properties": {"segID": "way28125747/0", "name": "11th Main Road", "ward": "Koramangala", "roadClass": "residential", "lengthM": 172.1, "darkness": {"alpha": 1.748, "beta": 0.252, "mean": 0.126, "var": 0.03671}, "exposure": {"activity": 0.2816, "structural": 0.6017, "blended": 0.5217}, "confidence": 0.4966, "repairPriority": 0.03264, "routePenalty": 353.9, "reportValue": 0.01915, "evidence": {"osmLampsWorking": 0, "osmLampsBroken": 0, "osmLampsUntagged": 0, "nightBusTrips": 161.6, "wardComplaints2025": 136, "reports": 0}}}, {"type": "Feature", "geometry": {"type": "LineString", "coordinates": [[77.624661, 12.9306711], [77.6249075, 12.9314062], [77.6249223, 12.9314508], [77.6250332, 12.9317842]]}, "properties": {"segID": "way28125791/0", "name": "16th Main Road", "ward": "Koramangala", "roadClass": "residential", "lengthM": 130.2, "darkness": {"alpha": 1.748, "beta": 0.252, "mean": 0.126, "var": 0.03671}, "exposure": {"activity": 0.6354, "structural": 0.65, "blended": 0.6464}, "confidence": 0.4966, "repairPriority": 0.04045, "routePenalty": 253.4, "reportValue": 0.02373, "evidence": {"osmLampsWorking": 0, "osmLampsBroken": 0, "osmLampsUntagged": 0, "nightBusTrips": 95.1, "wardComplaints2025": 136, "reports": 0}}}, {"type": "Feature", "geometry": {"type": "LineString", "coordinates": [[77.6258773, 12.9342986], [77.6257011, 12.9338545], [77.6254669, 12.933232], [77.6253934, 12.9329706]]}, "properties": {"segID": "way28125800/0", "name": "16th B Road, 4th Block", "ward": "Koramangala", "roadClass": "residential", "lengthM": 156.8, "darkness": {"alpha": 1.748, "beta": 0.252, "mean": 0.126, "var": 0.03671}, "exposure": {"activity": 0.7541, "structural": 0.59, "blended": 0.631}, "confidence": 0.4966, "repairPriority": 0.03948, "routePenalty": 306.9, "reportValue": 0.02316, "evidence": {"osmLampsWorking": 0, "osmLampsBroken": 0, "osmLampsUntagged": 0, "nightBusTrips": 79.0, "wardComplaints2025": 136, "reports": 0}}}, {"type": "Feature", "geometry": {"type": "LineString", "coordinates": [[77.6253934, 12.9329706], [77.6253623, 12.9328452], [77.6253364, 12.9327371], [77.6253008, 12.9325881], [77.6252983, 12.9325827], [77.6252938, 12.9325782]]}, "properties": {"segID": "way28125800/1", "name": "16th B Road, 4th Block", "ward": "Koramangala", "roadClass": "residential", "lengthM": 45.1, "darkness": {"alpha": 1.748, "beta": 0.252, "mean": 0.126, "var": 0.03671}, "exposure": {"activity": 0.6896, "structural": 0.5546, "blended": 0.5883}, "confidence": 0.4966, "repairPriority": 0.03681, "routePenalty": 89.8, "reportValue": 0.0216, "evidence": {"osmLampsWorking": 0, "osmLampsBroken": 0, "osmLampsUntagged": 0, "nightBusTrips": 80.5, "wardComplaints2025": 136, "reports": 0}}}, {"type": "Feature", "geometry": {"type": "LineString", "coordinates": [[77.6246163, 12.934525], [77.6242361, 12.9337765], [77.6241689, 12.9336495], [77.6239843, 12.9331876]]}, "properties": {"segID": "way28125814/0", "name": "6th B Main Road", "ward": "Koramangala", "roadClass": "residential", "lengthM": 163.9, "darkness": {"alpha": 1.748, "beta": 0.252, "mean": 0.126, "var": 0.03671}, "exposure": {"activity": 0.9553, "structural": 0.6107, "blended": 0.6968}, "confidence": 0.4966, "repairPriority": 0.0436, "routePenalty": 313.5, "reportValue": 0.02558, "evidence": {"osmLampsWorking": 0, "osmLampsBroken": 0, "osmLampsUntagged": 0, "nightBusTrips": 81.2, "wardComplaints2025": 136, "reports": 0}}}, {"type": "Feature", "geometry": {"type": "LineString", "coordinates": [[77.6239843, 12.9331876], [77.6236833, 12.9324584]]}, "properties": {"segID": "way28125814/1", "name": "6th B Main Road", "ward": "Koramangala", "roadClass": "residential", "lengthM": 87.4, "darkness": {"alpha": 1.748, "beta": 0.252, "mean": 0.126, "var": 0.03671}, "exposure": {"activity": 0.9286, "structural": 0.6277, "blended": 0.7029}, "confidence": 0.4966, "repairPriority": 0.04398, "routePenalty": 166.8, "reportValue": 0.0258, "evidence": {"osmLampsWorking": 0, "osmLampsBroken": 0, "osmLampsUntagged": 0, "nightBusTrips": 93.3, "wardComplaints2025": 136, "reports": 0}}}, {"type": "Feature", "geometry": {"type": "LineString", "coordinates": [[77.6257011, 12.9338545], [77.6253565, 12.9340535], [77.625166, 12.9341724], [77.6249106, 12.9343476], [77.6246163, 12.934525]]}, "properties": {"segID": "way28125816/0", "name": "16th B Main Road", "ward": "Koramangala", "roadClass": "residential", "lengthM": 139.3, "darkness": {"alpha": 1.748, "beta": 0.252, "mean": 0.126, "var": 0.03671}, "exposure": {"activity": 0.8839, "structural": 0.4837, "blended": 0.5838}, "confidence": 0.4966, "repairPriority": 0.03653, "routePenalty": 278.0, "reportValue": 0.02143, "evidence": {"osmLampsWorking": 0, "osmLampsBroken": 0, "osmLampsUntagged": 0, "nightBusTrips": 71.7, "wardComplaints2025": 136, "reports": 0}}}, {"type": "Feature", "geometry": {"type": "LineString", "coordinates": [[77.6250332, 12.9317842], [77.6245652, 12.932009], [77.6240837, 12.9322543], [77.6236833, 12.9324584]]}, "properties": {"segID": "way28125818/0", "name": "7th C Cross Road", "ward": "Koramangala", "roadClass": "residential", "lengthM": 164.4, "darkness": {"alpha": 1.748, "beta": 0.252, "mean": 0.126, "var": 0.03671}, "exposure": {"activity": 0.8702, "structural": 0.594, "blended": 0.663}, "confidence": 0.4966, "repairPriority": 0.04148, "routePenalty": 318.0, "reportValue": 0.02434, "evidence": {"osmLampsWorking": 0, "osmLampsBroken": 0, "osmLampsUntagged": 0, "nightBusTrips": 86.3, "wardComplaints2025": 136, "reports": 0}}}, {"type": "Feature", "geometry": {"type": "LineString", "coordinates": [[77.6236833, 12.9324584], [77.6235641, 12.9325082], [77.6235463, 12.9325211], [77.6231011, 12.9327112]]}, "properties": {"segID": "way28125818/1", "name": "7th C Cross Road", "ward": "Koramangala", "roadClass": "residential", "lengthM": 69.1, "darkness": {"alpha": 1.748, "beta": 0.252, "mean": 0.126, "var": 0.03671}, "exposure": {"activity": 0.9424, "structural": 0.5916, "blended": 0.6793}, "confidence": 0.4966, "repairPriority": 0.0425, "routePenalty": 132.9, "reportValue": 0.02494, "evidence": {"osmLampsWorking": 0, "osmLampsBroken": 0, "osmLampsUntagged": 0, "nightBusTrips": 94.1, "wardComplaints2025": 136, "reports": 0}}}, {"type": "Feature", "geometry": {"type": "LineString", "coordinates": [[77.622713, 12.9335405], [77.6227148, 12.9335922], [77.6229504, 12.9341019], [77.6231189, 12.9344668], [77.6232117, 12.9346725], [77.6232839, 12.9348498]]}, "properties": {"segID": "way28125822/0", "name": "17th A Main Road", "ward": "Koramangala", "roadClass": "residential", "lengthM": 158.6, "darkness": {"alpha": 1.748, "beta": 0.252, "mean": 0.126, "var": 0.03671}, "exposure": {"activity": 0.997, "structural": 0.4874, "blended": 0.6148}, "confidence": 0.4966, "repairPriority": 0.03847, "routePenalty": 312.4, "reportValue": 0.02257, "evidence": {"osmLampsWorking": 0, "osmLampsBroken": 0, "osmLampsUntagged": 0, "nightBusTrips": 82.3, "wardComplaints2025": 136, "reports": 0}}}, {"type": "Feature", "geometry": {"type": "LineString", "coordinates": [[77.6199383, 12.9344019], [77.6205436, 12.9343212], [77.6210027, 12.9342792], [77.6215997, 12.9342769]]}, "properties": {"segID": "way28126081/0", "name": "2nd Cross Road", "ward": "Koramangala", "roadClass": "residential", "lengthM": 180.9, "darkness": {"alpha": 1.748, "beta": 0.252, "mean": 0.126, "var": 0.03671}, "exposure": {"activity": 0.9596, "structural": 0.5426, "blended": 0.6468}, "confidence": 0.4966, "repairPriority": 0.04047, "routePenalty": 352.0, "reportValue": 0.02374, "evidence": {"osmLampsWorking": 0, "osmLampsBroken": 0, "osmLampsUntagged": 0, "nightBusTrips": 89.5, "wardComplaints2025": 136, "reports": 0}}}, {"type": "Feature", "geometry": {"type": "LineString", "coordinates": [[77.6215997, 12.9342769], [77.62264, 12.934273]]}, "properties": {"segID": "way28126081/1", "name": "2nd Cross Road", "ward": "Koramangala", "roadClass": "residential", "lengthM": 112.7, "darkness": {"alpha": 1.748, "beta": 0.252, "mean": 0.126, "var": 0.03671}, "exposure": {"activity": 0.9987, "structural": 0.458, "blended": 0.5931}, "confidence": 0.4966, "repairPriority": 0.03711, "routePenalty": 224.0, "reportValue": 0.02177, "evidence": {"osmLampsWorking": 0, "osmLampsBroken": 0, "osmLampsUntagged": 0, "nightBusTrips": 81.1, "wardComplaints2025": 136, "reports": 0}}}, {"type": "Feature", "geometry": {"type": "LineString", "coordinates": [[77.6212025, 12.9356429], [77.621003, 12.9352426], [77.6205436, 12.9343212]]}, "properties": {"segID": "way28126084/0", "name": "17th B Main Road", "ward": "Koramangala", "roadClass": "residential", "lengthM": 163.4, "darkness": {"alpha": 1.748, "beta": 0.252, "mean": 0.126, "var": 0.03671}, "exposure": {"activity": 0.9561, "structural": 0.5806, "blended": 0.6745}, "confidence": 0.4966, "repairPriority": 0.0422, "routePenalty": 314.8, "reportValue": 0.02476, "evidence": {"osmLampsWorking": 0, "osmLampsBroken": 0, "osmLampsUntagged": 0, "nightBusTrips": 83.9, "wardComplaints2025": 136, "reports": 0}}}, {"type": "Feature", "geometry": {"type": "LineString", "coordinates": [[77.621003, 12.9352426], [77.6223554, 12.9344416]]}, "properties": {"segID": "way28126090/0", "name": "3rd Cross Road", "ward": "Koramangala", "roadClass": "residential", "lengthM": 171.5, "darkness": {"alpha": 1.748, "beta": 0.252, "mean": 0.126, "var": 0.03671}, "exposure": {"activity": 0.9948, "structural": 0.4676, "blended": 0.5994}, "confidence": 0.4966, "repairPriority": 0.03751, "routePenalty": 340.0, "reportValue": 0.022, "evidence": {"osmLampsWorking": 0, "osmLampsBroken": 0, "osmLampsUntagged": 0, "nightBusTrips": 79.3, "wardComplaints2025": 136, "reports": 0}}}, {"type": "Feature", "geometry": {"type": "LineString", "coordinates": [[77.6223554, 12.9344416], [77.62264, 12.934273], [77.6229504, 12.9341019]]}, "properties": {"segID": "way28126090/1", "name": "3rd Cross Road", "ward": "Koramangala", "roadClass": "residential", "lengthM": 74.7, "darkness": {"alpha": 1.748, "beta": 0.252, "mean": 0.126, "var": 0.03671}, "exposure": {"activity": 0.9987, "structural": 0.459, "blended": 0.5939}, "confidence": 0.4966, "repairPriority": 0.03716, "routePenalty": 148.4, "reportValue": 0.0218, "evidence": {"osmLampsWorking": 0, "osmLampsBroken": 0, "osmLampsUntagged": 0, "nightBusTrips": 81.1, "wardComplaints2025": 136, "reports": 0}}}, {"type": "Feature", "geometry": {"type": "LineString", "coordinates": [[77.6212025, 12.9356429], [77.622862, 12.9346245]]}, "properties": {"segID": "way28126098/0", "name": "4th Cross Road", "ward": "Koramangala", "roadClass": "residential", "lengthM": 212.5, "darkness": {"alpha": 1.748, "beta": 0.252, "mean": 0.126, "var": 0.03671}, "exposure": {"activity": 0.9957, "structural": 0.5271, "blended": 0.6442}, "confidence": 0.4966, "repairPriority": 0.04031, "routePenalty": 413.9, "reportValue": 0.02365, "evidence": {"osmLampsWorking": 0, "osmLampsBroken": 0, "osmLampsUntagged": 0, "nightBusTrips": 80.9, "wardComplaints2025": 136, "reports": 0}}}, {"type": "Feature", "geometry": {"type": "LineString", "coordinates": [[77.622862, 12.9346245], [77.6231189, 12.9344668]]}, "properties": {"segID": "way28126098/1", "name": "4th Cross Road", "ward": "Koramangala", "roadClass": "residential", "lengthM": 32.9, "darkness": {"alpha": 1.748, "beta": 0.252, "mean": 0.126, "var": 0.03671}, "exposure": {"activity": 0.997, "structural": 0.5209, "blended": 0.6399}, "confidence": 0.4966, "repairPriority": 0.04004, "routePenalty": 64.2, "reportValue": 0.02349, "evidence": {"osmLampsWorking": 0, "osmLampsBroken": 0, "osmLampsUntagged": 0, "nightBusTrips": 82.3, "wardComplaints2025": 136, "reports": 0}}}, {"type": "Feature", "geometry": {"type": "LineString", "coordinates": [[77.6200945, 12.9355672], [77.6202745, 12.935888], [77.6204359, 12.9362043], [77.620591, 12.9365022], [77.620623, 12.9365638]]}, "properties": {"segID": "way28126223/0", "name": "17th D Main Road", "ward": "Koramangala", "roadClass": "residential", "lengthM": 124.8, "darkness": {"alpha": 1.748, "beta": 0.252, "mean": 0.126, "var": 0.03671}, "exposure": {"activity": 0.957, "structural": 0.6623, "blended": 0.7359}, "confidence": 0.4966, "repairPriority": 0.04605, "routePenalty": 235.8, "reportValue": 0.02701, "evidence": {"osmLampsWorking": 0, "osmLampsBroken": 0, "osmLampsUntagged": 0, "nightBusTrips": 70.5, "wardComplaints2025": 136, "reports": 0}}}, {"type": "Feature", "geometry": {"type": "LineString", "coordinates": [[77.6263947, 12.9354104], [77.627218, 12.936103]]}, "properties": {"segID": "way28186678/0", "name": "16th B Main Road", "ward": "Koramangala", "roadClass": "residential", "lengthM": 117.9, "darkness": {"alpha": 1.748, "beta": 0.252, "mean": 0.126, "var": 0.03671}, "exposure": {"activity": 0.9205, "structural": 0.3988, "blended": 0.5292}, "confidence": 0.4966, "repairPriority": 0.03311, "routePenalty": 241.5, "reportValue": 0.01943, "evidence": {"osmLampsWorking": 0, "osmLampsBroken": 0, "osmLampsUntagged": 0, "nightBusTrips": 74.2, "wardComplaints2025": 136, "reports": 0}}}, {"type": "Feature", "geometry": {"type": "LineString", "coordinates": [[77.6266654, 12.9352401], [77.6274347, 12.9358786]]}, "properties": {"segID": "way28186680/0", "name": "16th A Main Road", "ward": "Koramangala", "roadClass": "residential", "lengthM": 109.5, "darkness": {"alpha": 1.748, "beta": 0.252, "mean": 0.126, "var": 0.03671}, "exposure": {"activity": 0.9003, "structural": 0.386, "blended": 0.5146}, "confidence": 0.4966, "repairPriority": 0.0322, "routePenalty": 226.1, "reportValue": 0.01889, "evidence": {"osmLampsWorking": 0, "osmLampsBroken": 0, "osmLampsUntagged": 0, "nightBusTrips": 72.3, "wardComplaints2025": 136, "reports": 0}}}, {"type": "Feature", "geometry": {"type": "LineString", "coordinates": [[77.6240716, 12.9349653], [77.6240195, 12.9350028], [77.6236984, 12.9352343], [77.6231521, 12.9355576], [77.622914, 12.9356987], [77.62259, 12.9359004]]}, "properties": {"segID": "way28186701/0", "name": "7th Cross Road", "ward": "Koramangala", "roadClass": "residential", "lengthM": 191.4, "darkness": {"alpha": 1.748, "beta": 0.252, "mean": 0.126, "var": 0.03671}, "exposure": {"activity": 0.9579, "structural": 0.4647, "blended": 0.588}, "confidence": 0.4966, "repairPriority": 0.03679, "routePenalty": 381.3, "reportValue": 0.02159, "evidence": {"osmLampsWorking": 0, "osmLampsBroken": 0, "osmLampsUntagged": 0, "nightBusTrips": 71.0, "wardComplaints2025": 136, "reports": 0}}}, {"type": "Feature", "geometry": {"type": "LineString", "coordinates": [[77.62259, 12.9359004], [77.6222825, 12.9360917], [77.6222582, 12.9361069]]}, "properties": {"segID": "way28186701/1", "name": "7th Cross Road", "ward": "Koramangala", "roadClass": "residential", "lengthM": 42.7, "darkness": {"alpha": 1.748, "beta": 0.252, "mean": 0.126, "var": 0.03671}, "exposure": {"activity": 0.9604, "structural": 0.4518, "blended": 0.5789}, "confidence": 0.4966, "repairPriority": 0.03622, "routePenalty": 85.4, "reportValue": 0.02125, "evidence": {"osmLampsWorking": 0, "osmLampsBroken": 0, "osmLampsUntagged": 0, "nightBusTrips": 63.9, "wardComplaints2025": 136, "reports": 0}}}, {"type": "Feature", "geometry": {"type": "LineString", "coordinates": [[77.6254105, 12.9361127], [77.6251252, 12.9364402], [77.6249039, 12.9367136], [77.6245262, 12.9371854]]}, "properties": {"segID": "way28186705/0", "name": "6th Cross Road", "ward": "Koramangala", "roadClass": "tertiary", "lengthM": 153.0, "darkness": {"alpha": 1.748, "beta": 0.252, "mean": 0.126, "var": 0.03671}, "exposure": {"activity": 0.9914, "structural": 0.5947, "blended": 0.6939}, "confidence": 0.4966, "repairPriority": 0.04342, "routePenalty": 292.9, "reportValue": 0.02547, "evidence": {"osmLampsWorking": 0, "osmLampsBroken": 0, "osmLampsUntagged": 0, "nightBusTrips": 69.2, "wardComplaints2025": 136, "reports": 0}}}, {"type": "Feature", "geometry": {"type": "LineString", "coordinates": [[77.6245262, 12.9371854], [77.6243653, 12.9373679], [77.6241826, 12.937575], [77.6241215, 12.9376443], [77.6238238, 12.9379837], [77.6235961, 12.9382468]]}, "properties": {"segID": "way28186705/1", "name": "6th Cross Road", "ward": "Koramangala", "roadClass": "tertiary", "lengthM": 155.2, "darkness": {"alpha": 1.748, "beta": 0.252, "mean": 0.126, "var": 0.03671}, "exposure": {"activity": 0.951, "structural": 0.5699, "blended": 0.6652}, "confidence": 0.4966, "repairPriority": 0.04162, "routePenalty": 300.0, "reportValue": 0.02442, "evidence": {"osmLampsWorking": 0, "osmLampsBroken": 0, "osmLampsUntagged": 0, "nightBusTrips": 65.6, "wardComplaints2025": 136, "reports": 0}}}, {"type": "Feature", "geometry": {"type": "LineString", "coordinates": [[77.6235961, 12.9382468], [77.6235423, 12.9383089], [77.6225806, 12.9393759]]}, "properties": {"segID": "way28186705/2", "name": "6th Cross Road", "ward": "Koramangala", "roadClass": "tertiary", "lengthM": 167.0, "darkness": {"alpha": 1.748, "beta": 0.252, "mean": 0.126, "var": 0.03671}, "exposure": {"activity": 0.8005, "structural": 0.5228, "blended": 0.5922}, "confidence": 0.4966, "repairPriority": 0.03705, "routePenalty": 332.1, "reportValue": 0.02174, "evidence": {"osmLampsWorking": 0, "osmLampsBroken": 0, "osmLampsUntagged": 0, "nightBusTrips": 63.4, "wardComplaints2025": 136, "reports": 0}}}, {"type": "Feature", "geometry": {"type": "LineString", "coordinates": [[77.6225806, 12.9393759], [77.6225691, 12.9393902], [77.62229, 12.9397032]]}, "properties": {"segID": "way28186705/3", "name": "6th Cross Road", "ward": "Koramangala", "roadClass": "tertiary", "lengthM": 48.1, "darkness": {"alpha": 1.748, "beta": 0.252, "mean": 0.126, "var": 0.03671}, "exposure": {"activity": 0.4179, "structural": 0.4862, "blended": 0.4691}, "confidence": 0.4966, "repairPriority": 0.02935, "routePenalty": 102.0, "reportValue": 0.01722, "evidence": {"osmLampsWorking": 0, "osmLampsBroken": 0, "osmLampsUntagged": 0, "nightBusTrips": 57.0, "wardComplaints2025": 136, "reports": 0}}}, {"type": "Feature", "geometry": {"type": "LineString", "coordinates": [[77.6238238, 12.9379837], [77.6234995, 12.9375973], [77.6229311, 12.9369318]]}, "properties": {"segID": "way28186779/0", "name": "17th E Main Road", "ward": "Koramangala", "roadClass": "residential", "lengthM": 151.8, "darkness": {"alpha": 1.748, "beta": 0.252, "mean": 0.126, "var": 0.03671}, "exposure": {"activity": 0.8865, "structural": 0.5374, "blended": 0.6247}, "confidence": 0.4966, "repairPriority": 0.03909, "routePenalty": 297.9, "reportValue": 0.02293, "evidence": {"osmLampsWorking": 0, "osmLampsBroken": 0, "osmLampsUntagged": 0, "nightBusTrips": 61.8, "wardComplaints2025": 136, "reports": 0}}}, {"type": "Feature", "geometry": {"type": "LineString", "coordinates": [[77.6229311, 12.9369318], [77.6222582, 12.9361069], [77.6219913, 12.9357937]]}, "properties": {"segID": "way28186779/1", "name": "17th E Main Road", "ward": "Koramangala", "roadClass": "residential", "lengthM": 162.5, "darkness": {"alpha": 1.748, "beta": 0.252, "mean": 0.126, "var": 0.03671}, "exposure": {"activity": 0.9613, "structural": 0.4475, "blended": 0.5759}, "confidence": 0.4966, "repairPriority": 0.03603, "routePenalty": 325.4, "reportValue": 0.02114, "evidence": {"osmLampsWorking": 0, "osmLampsBroken": 0, "osmLampsUntagged": 0, "nightBusTrips": 63.8, "wardComplaints2025": 136, "reports": 0}}}, {"type": "Feature", "geometry": {"type": "LineString", "coordinates": [[77.6241534, 12.9412556], [77.624091, 12.941206], [77.6240555, 12.9411741], [77.6238996, 12.9410339], [77.623776, 12.9409227], [77.6228174, 12.940177]]}, "properties": {"segID": "way28186784/0", "name": "18th Main Road", "ward": "Koramangala", "roadClass": "tertiary", "lengthM": 188.1, "darkness": {"alpha": 1.748, "beta": 0.252, "mean": 0.126, "var": 0.03671}, "exposure": {"activity": 0.3242, "structural": 0.6918, "blended": 0.5999}, "confidence": 0.4966, "repairPriority": 0.03754, "routePenalty": 372.8, "reportValue": 0.02202, "evidence": {"osmLampsWorking": 0, "osmLampsBroken": 0, "osmLampsUntagged": 0, "nightBusTrips": 69.0, "wardComplaints2025": 136, "reports": 0}}}, {"type": "Feature", "geometry": {"type": "LineString", "coordinates": [[77.6228174, 12.940177], [77.62229, 12.9397032], [77.6218499, 12.9392817], [77.6216991, 12.9391113]]}, "properties": {"segID": "way28186784/1", "name": "18th Main Road", "ward": "Koramangala", "roadClass": "tertiary", "lengthM": 169.6, "darkness": {"alpha": 1.748, "beta": 0.252, "mean": 0.126, "var": 0.03671}, "exposure": {"activity": 0.3839, "structural": 0.6414, "blended": 0.5771}, "confidence": 0.4966, "repairPriority": 0.03611, "routePenalty": 339.5, "reportValue": 0.02119, "evidence": {"osmLampsWorking": 0, "osmLampsBroken": 0, "osmLampsUntagged": 0, "nightBusTrips": 52.7, "wardComplaints2025": 136, "reports": 0}}}, {"type": "Feature", "geometry": {"type": "LineString", "coordinates": [[77.6216991, 12.9391113], [77.621448, 12.9388276], [77.6211409, 12.9382569], [77.6208988, 12.937807]]}, "properties": {"segID": "way28186784/2", "name": "18th Main Road", "ward": "Koramangala", "roadClass": "tertiary", "lengthM": 169.8, "darkness": {"alpha": 1.748, "beta": 0.252, "mean": 0.126, "var": 0.03671}, "exposure": {"activity": 0.6707, "structural": 0.6487, "blended": 0.6542}, "confidence": 0.4966, "repairPriority": 0.04093, "routePenalty": 329.5, "reportValue": 0.02402, "evidence": {"osmLampsWorking": 0, "osmLampsBroken": 0, "osmLampsUntagged": 0, "nightBusTrips": 56.0, "wardComplaints2025": 136, "reports": 0}}}, {"type": "Feature", "geometry": {"type": "LineString", "coordinates": [[77.6208988, 12.937807], [77.6208372, 12.9376921], [77.6207191, 12.9374776], [77.6205901, 12.9372336], [77.6205383, 12.9371374], [77.6204572, 12.9369871], [77.6203662, 12.9368192], [77.6203267, 12.9367451]]}, "properties": {"segID": "way28186784/3", "name": "18th Main Road", "ward": "Koramangala", "roadClass": "tertiary", "lengthM": 133.4, "darkness": {"alpha": 1.748, "beta": 0.252, "mean": 0.126, "var": 0.03671}, "exposure": {"activity": 0.9415, "structural": 0.6581, "blended": 0.729}, "confidence": 0.4966, "repairPriority": 0.04561, "routePenalty": 252.6, "reportValue": 0.02676, "evidence": {"osmLampsWorking": 0, "osmLampsBroken": 0, "osmLampsUntagged": 0, "nightBusTrips": 61.1, "wardComplaints2025": 136, "reports": 0}}}, {"type": "Feature", "geometry": {"type": "LineString", "coordinates": [[77.6251252, 12.9364402], [77.6252925, 12.9365729], [77.6254756, 12.9367372], [77.6259883, 12.9371595], [77.6262661, 12.9373971]]}, "properties": {"segID": "way28186788/0", "name": "17th A Main Road", "ward": "Koramangala", "roadClass": "residential", "lengthM": 163.2, "darkness": {"alpha": 1.748, "beta": 0.252, "mean": 0.126, "var": 0.03671}, "exposure": {"activity": 0.9828, "structural": 0.658, "blended": 0.7392}, "confidence": 0.4966, "repairPriority": 0.04625, "routePenalty": 308.1, "reportValue": 0.02714, "evidence": {"osmLampsWorking": 0, "osmLampsBroken": 0, "osmLampsUntagged": 0, "nightBusTrips": 74.6, "wardComplaints2025": 136, "reports": 0}}}, {"type": "Feature", "geometry": {"type": "LineString", "coordinates": [[77.6262661, 12.9373971], [77.6265352, 12.9376296], [77.6265696, 12.9376582]]}, "properties": {"segID": "way28186788/1", "name": "17th A Main Road", "ward": "Koramangala", "roadClass": "residential", "lengthM": 43.9, "darkness": {"alpha": 1.748, "beta": 0.252, "mean": 0.126, "var": 0.03671}, "exposure": {"activity": 0.9931, "structural": 0.6767, "blended": 0.7558}, "confidence": 0.4966, "repairPriority": 0.04729, "routePenalty": 82.5, "reportValue": 0.02775, "evidence": {"osmLampsWorking": 0, "osmLampsBroken": 0, "osmLampsUntagged": 0, "nightBusTrips": 79.8, "wardComplaints2025": 136, "reports": 0}}}, {"type": "Feature", "geometry": {"type": "LineString", "coordinates": [[77.6231521, 12.9355576], [77.6236317, 12.9361258], [77.623963, 12.9365182], [77.6241236, 12.9367085]]}, "properties": {"segID": "way28186789/0", "name": "17th B Main Road", "ward": "Koramangala", "roadClass": "residential", "lengthM": 165.7, "darkness": {"alpha": 1.748, "beta": 0.252, "mean": 0.126, "var": 0.03671}, "exposure": {"activity": 0.9536, "structural": 0.4851, "blended": 0.6022}, "confidence": 0.4966, "repairPriority": 0.03768, "routePenalty": 328.1, "reportValue": 0.02211, "evidence": {"osmLampsWorking": 0, "osmLampsBroken": 0, "osmLampsUntagged": 0, "nightBusTrips": 62.9, "wardComplaints2025": 136, "reports": 0}}}, {"type": "Feature", "geometry": {"type": "LineString", "coordinates": [[77.6241236, 12.9367085], [77.6245262, 12.9371854]]}, "properties": {"segID": "way28186789/1", "name": "17th B Main Road", "ward": "Koramangala", "roadClass": "residential", "lengthM": 68.7, "darkness": {"alpha": 1.748, "beta": 0.252, "mean": 0.126, "var": 0.03671}, "exposure": {"activity": 0.994, "structural": 0.5132, "blended": 0.6334}, "confidence": 0.4966, "repairPriority": 0.03963, "routePenalty": 134.3, "reportValue": 0.02325, "evidence": {"osmLampsWorking": 0, "osmLampsBroken": 0, "osmLampsUntagged": 0, "nightBusTrips": 66.6, "wardComplaints2025": 136, "reports": 0}}}, {"type": "Feature", "geometry": {"type": "LineString", "coordinates": [[77.62259, 12.9359004], [77.6232676, 12.9367112], [77.6240937, 12.9376139]]}, "properties": {"segID": "way28186791/0", "name": "17 D Main Road", "ward": "Koramangala", "roadClass": "residential", "lengthM": 250.8, "darkness": {"alpha": 1.748, "beta": 0.252, "mean": 0.126, "var": 0.03671}, "exposure": {"activity": 0.9123, "structural": 0.385, "blended": 0.5169}, "confidence": 0.4966, "repairPriority": 0.03234, "routePenalty": 517.1, "reportValue": 0.01898, "evidence": {"osmLampsWorking": 0, "osmLampsBroken": 0, "osmLampsUntagged": 0, "nightBusTrips": 66.6, "wardComplaints2025": 136, "reports": 0}}}, {"type": "Feature", "geometry": {"type": "LineString", "coordinates": [[77.6232676, 12.9367112], [77.6229799, 12.9368998], [77.6229311, 12.9369318]]}, "properties": {"segID": "way28186793/0", "name": "6th Cross Road", "ward": "Koramangala", "roadClass": "residential", "lengthM": 43.9, "darkness": {"alpha": 1.748, "beta": 0.252, "mean": 0.126, "var": 0.03671}, "exposure": {"activity": 0.8994, "structural": 0.4361, "blended": 0.5519}, "confidence": 0.4966, "repairPriority": 0.03453, "routePenalty": 88.9, "reportValue": 0.02026, "evidence": {"osmLampsWorking": 0, "osmLampsBroken": 0, "osmLampsUntagged": 0, "nightBusTrips": 64.9, "wardComplaints2025": 136, "reports": 0}}}, {"type": "Feature", "geometry": {"type": "LineString", "coordinates": [[77.6234995, 12.9375973], [77.6234638, 12.9376296], [77.6230362, 12.9380727], [77.6229195, 12.9381968], [77.6222253, 12.9389476]]}, "properties": {"segID": "way28186795/0", "name": "5th Cross Road", "ward": "Koramangala", "roadClass": "residential", "lengthM": 204.0, "darkness": {"alpha": 1.748, "beta": 0.252, "mean": 0.126, "var": 0.03671}, "exposure": {"activity": 0.773, "structural": 0.4531, "blended": 0.5331}, "confidence": 0.4966, "repairPriority": 0.03336, "routePenalty": 417.1, "reportValue": 0.01957, "evidence": {"osmLampsWorking": 0, "osmLampsBroken": 0, "osmLampsUntagged": 0, "nightBusTrips": 59.8, "wardComplaints2025": 136, "reports": 0}}}, {"type": "Feature", "geometry": {"type": "LineString", "coordinates": [[77.6222253, 12.9389476], [77.6218499, 12.9392817]]}, "properties": {"segID": "way28186795/1", "name": "5th Cross Road", "ward": "Koramangala", "roadClass": "residential", "lengthM": 55.1, "darkness": {"alpha": 1.748, "beta": 0.252, "mean": 0.126, "var": 0.03671}, "exposure": {"activity": 0.3839, "structural": 0.5264, "blended": 0.4908}, "confidence": 0.4966, "repairPriority": 0.03071, "routePenalty": 115.3, "reportValue": 0.01802, "evidence": {"osmLampsWorking": 0, "osmLampsBroken": 0, "osmLampsUntagged": 0, "nightBusTrips": 52.7, "wardComplaints2025": 136, "reports": 0}}}, {"type": "Feature", "geometry": {"type": "LineString", "coordinates": [[77.6205901, 12.9372336], [77.6211654, 12.9369132]]}, "properties": {"segID": "way28186796/0", "name": "1st Cross Road", "ward": "Koramangala", "roadClass": "residential", "lengthM": 71.8, "darkness": {"alpha": 1.748, "beta": 0.252, "mean": 0.126, "var": 0.03671}, "exposure": {"activity": 0.9493, "structural": 0.411, "blended": 0.5456}, "confidence": 0.4966, "repairPriority": 0.03414, "routePenalty": 145.9, "reportValue": 0.02003, "evidence": {"osmLampsWorking": 0, "osmLampsBroken": 0, "osmLampsUntagged": 0, "nightBusTrips": 65.9, "wardComplaints2025": 136, "reports": 0}}}, {"type": "Feature", "geometry": {"type": "LineString", "coordinates": [[77.6211654, 12.9369132], [77.6214973, 12.9375442], [77.6216072, 12.9377225], [77.6217396, 12.9379766], [77.6222253, 12.9389476]]}, "properties": {"segID": "way28186797/0", "name": "17th H Main Road", "ward": "Koramangala", "roadClass": "residential", "lengthM": 253.8, "darkness": {"alpha": 1.748, "beta": 0.252, "mean": 0.126, "var": 0.03671}, "exposure": {"activity": 0.8048, "structural": 0.4733, "blended": 0.5561}, "confidence": 0.4966, "repairPriority": 0.0348, "routePenalty": 513.0, "reportValue": 0.02041, "evidence": {"osmLampsWorking": 0, "osmLampsBroken": 0, "osmLampsUntagged": 0, "nightBusTrips": 50.3, "wardComplaints2025": 136, "reports": 0}}}, {"type": "Feature", "geometry": {"type": "LineString", "coordinates": [[77.619167, 12.9374499], [77.6191976, 12.9375038], [77.6193848, 12.9378339], [77.61957, 12.9381699], [77.6197579, 12.9384889], [77.6201177, 12.9391204]]}, "properties": {"segID": "way28186802/0", "name": "19th Main Road", "ward": "Koramangala", "roadClass": "residential", "lengthM": 212.4, "darkness": {"alpha": 1.748, "beta": 0.252, "mean": 0.126, "var": 0.03671}, "exposure": {"activity": 0.6088, "structural": 0.4882, "blended": 0.5184}, "confidence": 0.4966, "repairPriority": 0.03244, "routePenalty": 437.6, "reportValue": 0.01903, "evidence": {"osmLampsWorking": 0, "osmLampsBroken": 0, "osmLampsUntagged": 0, "nightBusTrips": 52.7, "wardComplaints2025": 136, "reports": 0}}}, {"type": "Feature", "geometry": {"type": "LineString", "coordinates": [[77.6201177, 12.9391204], [77.6204267, 12.9396055], [77.6207688, 12.9400233], [77.6215393, 12.9407696]]}, "properties": {"segID": "way28186802/1", "name": "19th Main Road", "ward": "Koramangala", "roadClass": "residential", "lengthM": 240.6, "darkness": {"alpha": 1.748, "beta": 0.252, "mean": 0.126, "var": 0.03671}, "exposure": {"activity": 0.166, "structural": 0.3856, "blended": 0.3307}, "confidence": 0.4966, "repairPriority": 0.02069, "routePenalty": 574.3, "reportValue": 0.01214, "evidence": {"osmLampsWorking": 0, "osmLampsBroken": 0, "osmLampsUntagged": 0, "nightBusTrips": 52.8, "wardComplaints2025": 136, "reports": 0}}}, {"type": "Feature", "geometry": {"type": "LineString", "coordinates": [[77.6215393, 12.9407696], [77.6217967, 12.9410189], [77.6218654, 12.9410855], [77.6228386, 12.9418575]]}, "properties": {"segID": "way28186802/2", "name": "19th Main Road", "ward": "Koramangala", "roadClass": "residential", "lengthM": 185.8, "darkness": {"alpha": 1.748, "beta": 0.252, "mean": 0.126, "var": 0.03671}, "exposure": {"activity": 0.0834, "structural": 0.4055, "blended": 0.325}, "confidence": 0.4966, "repairPriority": 0.02034, "routePenalty": 446.5, "reportValue": 0.01193, "evidence": {"osmLampsWorking": 0, "osmLampsBroken": 0, "osmLampsUntagged": 0, "nightBusTrips": 56.9, "wardComplaints2025": 136, "reports": 0}}}, {"type": "Feature", "geometry": {"type": "LineString", "coordinates": [[77.6235423, 12.9383089], [77.6238341, 12.9385432], [77.6240804, 12.9387453], [77.6251154, 12.9395944]]}, "properties": {"segID": "way28186805/0", "name": "17th F Main Road", "ward": "Koramangala", "roadClass": "residential", "lengthM": 222.5, "darkness": {"alpha": 1.748, "beta": 0.252, "mean": 0.126, "var": 0.03671}, "exposure": {"activity": 0.7997, "structural": 0.5046, "blended": 0.5783}, "confidence": 0.4966, "repairPriority": 0.03619, "routePenalty": 445.1, "reportValue": 0.02123, "evidence": {"osmLampsWorking": 0, "osmLampsBroken": 0, "osmLampsUntagged": 0, "nightBusTrips": 65.9, "wardComplaints2025": 136, "reports": 0}}}, {"type": "Feature", "geometry": {"type": "LineString", "coordinates": [[77.6251154, 12.9395944], [77.6253216, 12.9398042], [77.6253404, 12.9398239], [77.6253654, 12.9398501]]}, "properties": {"segID": "way28186805/1", "name": "17th F Main Road", "ward": "Koramangala", "roadClass": "residential", "lengthM": 39.3, "darkness": {"alpha": 1.748, "beta": 0.252, "mean": 0.126, "var": 0.03671}, "exposure": {"activity": 0.8684, "structural": 0.5297, "blended": 0.6144}, "confidence": 0.4966, "repairPriority": 0.03844, "routePenalty": 77.4, "reportValue": 0.02255, "evidence": {"osmLampsWorking": 0, "osmLampsBroken": 0, "osmLampsUntagged": 0, "nightBusTrips": 73.8, "wardComplaints2025": 136, "reports": 0}}}, {"type": "Feature", "geometry": {"type": "LineString", "coordinates": [[77.6238341, 12.9385432], [77.6236225, 12.9387785], [77.6234421, 12.9389913], [77.6232332, 12.9392302], [77.622999, 12.9394716], [77.6228577, 12.9396212]]}, "properties": {"segID": "way28186808/0", "name": "6th C Cross Road", "ward": "Koramangala", "roadClass": "residential", "lengthM": 159.9, "darkness": {"alpha": 1.748, "beta": 0.252, "mean": 0.126, "var": 0.03671}, "exposure": {"activity": 0.5942, "structural": 0.5345, "blended": 0.5494}, "confidence": 0.4966, "repairPriority": 0.03438, "routePenalty": 324.2, "reportValue": 0.02017, "evidence": {"osmLampsWorking": 0, "osmLampsBroken": 0, "osmLampsUntagged": 0, "nightBusTrips": 61.2, "wardComplaints2025": 136, "reports": 0}}}, {"type": "Feature", "geometry": {"type": "LineString", "coordinates": [[77.6205383, 12.9371374], [77.6204834, 12.9371706], [77.6200318, 12.9374433], [77.6193848, 12.9378339]]}, "properties": {"segID": "way28186810/0", "name": "1st Cross Road", "ward": "Koramangala", "roadClass": "residential", "lengthM": 147.1, "darkness": {"alpha": 1.748, "beta": 0.252, "mean": 0.126, "var": 0.03671}, "exposure": {"activity": 0.865, "structural": 0.3935, "blended": 0.5113}, "confidence": 0.4966, "repairPriority": 0.03199, "routePenalty": 304.2, "reportValue": 0.01877, "evidence": {"osmLampsWorking": 0, "osmLampsBroken": 0, "osmLampsUntagged": 0, "nightBusTrips": 60.4, "wardComplaints2025": 136, "reports": 0}}}, {"type": "Feature", "geometry": {"type": "LineString", "coordinates": [[77.6207191, 12.9374776], [77.6202845, 12.9377344], [77.61957, 12.9381699]]}, "properties": {"segID": "way28186814/0", "name": "2nd Cross Road", "ward": "Koramangala", "roadClass": "residential", "lengthM": 146.4, "darkness": {"alpha": 1.748, "beta": 0.252, "mean": 0.126, "var": 0.03671}, "exposure": {"activity": 0.8177, "structural": 0.3463, "blended": 0.4642}, "confidence": 0.4966, "repairPriority": 0.02905, "routePenalty": 311.5, "reportValue": 0.01704, "evidence": {"osmLampsWorking": 0, "osmLampsBroken": 0, "osmLampsUntagged": 0, "nightBusTrips": 54.5, "wardComplaints2025": 136, "reports": 0}}}, {"type": "Feature", "geometry": {"type": "LineString", "coordinates": [[77.6208988, 12.937807], [77.6204433, 12.9380792], [77.6201246, 12.9382697], [77.6197579, 12.9384889]]}, "properties": {"segID": "way28186815/0", "name": "3rd Cross Road", "ward": "Koramangala", "roadClass": "residential", "lengthM": 145.0, "darkness": {"alpha": 1.748, "beta": 0.252, "mean": 0.126, "var": 0.03671}, "exposure": {"activity": 0.6363, "structural": 0.5197, "blended": 0.5488}, "confidence": 0.4966, "repairPriority": 0.03434, "routePenalty": 294.1, "reportValue": 0.02015, "evidence": {"osmLampsWorking": 0, "osmLampsBroken": 0, "osmLampsUntagged": 0, "nightBusTrips": 55.0, "wardComplaints2025": 136, "reports": 0}}}, {"type": "Feature", "geometry": {"type": "LineString", "coordinates": [[77.621448, 12.9388276], [77.6210868, 12.9391027], [77.6207541, 12.9393562], [77.6204267, 12.9396055]]}, "properties": {"segID": "way28186818/0", "name": "4th Cross Road", "ward": "Koramangala", "roadClass": "residential", "lengthM": 140.5, "darkness": {"alpha": 1.748, "beta": 0.252, "mean": 0.126, "var": 0.03671}, "exposure": {"activity": 0.3263, "structural": 0.4996, "blended": 0.4563}, "confidence": 0.4966, "repairPriority": 0.02855, "routePenalty": 300.5, "reportValue": 0.01675, "evidence": {"osmLampsWorking": 0, "osmLampsBroken": 0, "osmLampsUntagged": 0, "nightBusTrips": 52.7, "wardComplaints2025": 136, "reports": 0}}}, {"type": "Feature", "geometry": {"type": "LineString", "coordinates": [[77.6201246, 12.9382697], [77.6207541, 12.9393562]]}, "properties": {"segID": "way28186819/0", "name": "18 B Main Road", "ward": "Koramangala", "roadClass": "residential", "lengthM": 138.7, "darkness": {"alpha": 1.748, "beta": 0.252, "mean": 0.126, "var": 0.03671}, "exposure": {"activity": 0.3263, "structural": 0.3249, "blended": 0.3253}, "confidence": 0.4966, "repairPriority": 0.02035, "routePenalty": 333.2, "reportValue": 0.01194, "evidence": {"osmLampsWorking": 0, "osmLampsBroken": 0, "osmLampsUntagged": 0, "nightBusTrips": 52.7, "wardComplaints2025": 136, "reports": 0}}}, {"type": "Feature", "geometry": {"type": "LineString", "coordinates": [[77.6204433, 12.9380792], [77.6210868, 12.9391027]]}, "properties": {"segID": "way28186821/0", "name": "18 A Main Road", "ward": "Koramangala", "roadClass": "residential", "lengthM": 133.5, "darkness": {"alpha": 1.748, "beta": 0.252, "mean": 0.126, "var": 0.03671}, "exposure": {"activity": 0.3998, "structural": 0.5446, "blended": 0.5084}, "confidence": 0.4966, "repairPriority": 0.03181, "routePenalty": 276.6, "reportValue": 0.01866, "evidence": {"osmLampsWorking": 0, "osmLampsBroken": 0, "osmLampsUntagged": 0, "nightBusTrips": 53.2, "wardComplaints2025": 136, "reports": 0}}}, {"type": "Feature", "geometry": {"type": "LineString", "coordinates": [[77.6216991, 12.9391113], [77.6213505, 12.939443], [77.6210181, 12.9397294], [77.6207688, 12.9400233], [77.6205151, 12.940256]]}, "properties": {"segID": "way28186823/0", "name": "5th Cross Road", "ward": "Koramangala", "roadClass": "residential", "lengthM": 181.0, "darkness": {"alpha": 1.748, "beta": 0.252, "mean": 0.126, "var": 0.03671}, "exposure": {"activity": 0.2399, "structural": 0.5025, "blended": 0.4368}, "confidence": 0.4966, "repairPriority": 0.02733, "routePenalty": 392.4, "reportValue": 0.01603, "evidence": {"osmLampsWorking": 0, "osmLampsBroken": 0, "osmLampsUntagged": 0, "nightBusTrips": 53.3, "wardComplaints2025": 136, "reports": 0}}}, {"type": "Feature", "geometry": {"type": "LineString", "coordinates": [[77.6205151, 12.940256], [77.6203772, 12.9403921], [77.6203294, 12.9404384], [77.6202872, 12.9404677]]}, "properties": {"segID": "way28186823/1", "name": "5th Cross Road", "ward": "Koramangala", "roadClass": "residential", "lengthM": 34.2, "darkness": {"alpha": 1.748, "beta": 0.252, "mean": 0.126, "var": 0.03671}, "exposure": {"activity": 0.104, "structural": 0.3666, "blended": 0.301}, "confidence": 0.4966, "repairPriority": 0.01883, "routePenalty": 84.7, "reportValue": 0.01105, "evidence": {"osmLampsWorking": 0, "osmLampsBroken": 0, "osmLampsUntagged": 0, "nightBusTrips": 44.4, "wardComplaints2025": 136, "reports": 0}}}, {"type": "Feature", "geometry": {"type": "LineString", "coordinates": [[77.6210181, 12.9397294], [77.6221629, 12.9408041]]}, "properties": {"segID": "way28186831/0", "name": "18D Main Road", "ward": "Koramangala", "roadClass": "residential", "lengthM": 172.3, "darkness": {"alpha": 1.748, "beta": 0.252, "mean": 0.126, "var": 0.03671}, "exposure": {"activity": 0.1247, "structural": 0.4589, "blended": 0.3753}, "confidence": 0.4966, "repairPriority": 0.02348, "routePenalty": 392.8, "reportValue": 0.01378, "evidence": {"osmLampsWorking": 0, "osmLampsBroken": 0, "osmLampsUntagged": 0, "nightBusTrips": 57.7, "wardComplaints2025": 136, "reports": 0}}}, {"type": "Feature", "geometry": {"type": "LineString", "coordinates": [[77.6213505, 12.939443], [77.6224529, 12.9405263]]}, "properties": {"segID": "way28186834/0", "name": "18A Main Road", "ward": "Koramangala", "roadClass": "residential", "lengthM": 169.7, "darkness": {"alpha": 1.748, "beta": 0.252, "mean": 0.126, "var": 0.03671}, "exposure": {"activity": 0.1857, "structural": 0.3761, "blended": 0.3285}, "confidence": 0.4966, "repairPriority": 0.02055, "routePenalty": 406.1, "reportValue": 0.01206, "evidence": {"osmLampsWorking": 0, "osmLampsBroken": 0, "osmLampsUntagged": 0, "nightBusTrips": 58.8, "wardComplaints2025": 136, "reports": 0}}}, {"type": "Feature", "geometry": {"type": "LineString", "coordinates": [[77.6251154, 12.9395944], [77.6248832, 12.9398248], [77.6246832, 12.9400232], [77.6244408, 12.9402638], [77.6242461, 12.940457], [77.6240784, 12.9406204]]}, "properties": {"segID": "way28186839/0", "name": "6th D Cross Road", "ward": "Koramangala", "roadClass": "residential", "lengthM": 160.1, "darkness": {"alpha": 1.748, "beta": 0.252, "mean": 0.126, "var": 0.03671}, "exposure": {"activity": 0.6462, "structural": 0.5623, "blended": 0.5833}, "confidence": 0.4966, "repairPriority": 0.0365, "routePenalty": 319.6, "reportValue": 0.02141, "evidence": {"osmLampsWorking": 0, "osmLampsBroken": 0, "osmLampsUntagged": 0, "nightBusTrips": 72.7, "wardComplaints2025": 136, "reports": 0}}}, {"type": "Feature", "geometry": {"type": "LineString", "coordinates": [[77.6228577, 12.9396212], [77.6240784, 12.9406204]]}, "properties": {"segID": "way28186841/0", "name": "17th G Main Road", "ward": "Koramangala", "roadClass": "residential", "lengthM": 172.8, "darkness": {"alpha": 1.748, "beta": 0.252, "mean": 0.126, "var": 0.03671}, "exposure": {"activity": 0.4583, "structural": 0.5403, "blended": 0.5198}, "confidence": 0.4966, "repairPriority": 0.03252, "routePenalty": 355.7, "reportValue": 0.01908, "evidence": {"osmLampsWorking": 0, "osmLampsBroken": 0, "osmLampsUntagged": 0, "nightBusTrips": 70.8, "wardComplaints2025": 136, "reports": 0}}}, {"type": "Feature", "geometry": {"type": "LineString", "coordinates": [[77.6240784, 12.9406204], [77.6243652, 12.9408716], [77.624399, 12.9409012], [77.624452, 12.9409526]]}, "properties": {"segID": "way28186841/1", "name": "17th G Main Road", "ward": "Koramangala", "roadClass": "residential", "lengthM": 54.8, "darkness": {"alpha": 1.748, "beta": 0.252, "mean": 0.126, "var": 0.03671}, "exposure": {"activity": 0.4385, "structural": 0.6765, "blended": 0.617}, "confidence": 0.4966, "repairPriority": 0.03861, "routePenalty": 107.9, "reportValue": 0.02265, "evidence": {"osmLampsWorking": 0, "osmLampsBroken": 0, "osmLampsUntagged": 0, "nightBusTrips": 73.2, "wardComplaints2025": 136, "reports": 0}}}, {"type": "Feature", "geometry": {"type": "LineString", "coordinates": [[77.6232332, 12.9392302], [77.6244408, 12.9402638]]}, "properties": {"segID": "way28186847/0", "name": "17th F3 Main Road", "ward": "Koramangala", "roadClass": "residential", "lengthM": 174.2, "darkness": {"alpha": 1.748, "beta": 0.252, "mean": 0.126, "var": 0.03671}, "exposure": {"activity": 0.6462, "structural": 0.5912, "blended": 0.605}, "confidence": 0.4966, "repairPriority": 0.03786, "routePenalty": 344.5, "reportValue": 0.02221, "evidence": {"osmLampsWorking": 0, "osmLampsBroken": 0, "osmLampsUntagged": 0, "nightBusTrips": 72.7, "wardComplaints2025": 136, "reports": 0}}}, {"type": "Feature", "geometry": {"type": "LineString", "coordinates": [[77.6234421, 12.9389913], [77.6246832, 12.9400232]]}, "properties": {"segID": "way28186863/0", "name": "17th F2 Main Road", "ward": "Koramangala", "roadClass": "residential", "lengthM": 176.8, "darkness": {"alpha": 1.748, "beta": 0.252, "mean": 0.126, "var": 0.03671}, "exposure": {"activity": 0.7489, "structural": 0.3925, "blended": 0.4816}, "confidence": 0.4966, "repairPriority": 0.03013, "routePenalty": 372.0, "reportValue": 0.01768, "evidence": {"osmLampsWorking": 0, "osmLampsBroken": 0, "osmLampsUntagged": 0, "nightBusTrips": 73.5, "wardComplaints2025": 136, "reports": 0}}}, {"type": "Feature", "geometry": {"type": "LineString", "coordinates": [[77.6236225, 12.9387785], [77.6248832, 12.9398248]]}, "properties": {"segID": "way28186869/0", "name": "17th F1 Main Road", "ward": "Koramangala", "roadClass": "residential", "lengthM": 179.4, "darkness": {"alpha": 1.748, "beta": 0.252, "mean": 0.126, "var": 0.03671}, "exposure": {"activity": 0.8212, "structural": 0.3927, "blended": 0.4998}, "confidence": 0.4966, "repairPriority": 0.03127, "routePenalty": 373.5, "reportValue": 0.01835, "evidence": {"osmLampsWorking": 0, "osmLampsBroken": 0, "osmLampsUntagged": 0, "nightBusTrips": 72.8, "wardComplaints2025": 136, "reports": 0}}}, {"type": "Feature", "geometry": {"type": "LineString", "coordinates": [[77.6230678, 12.9313022], [77.6231711, 12.9315723], [77.6232567, 12.9317961], [77.6233639, 12.9320762], [77.6235463, 12.9325211]]}, "properties": {"segID": "way28186938/0", "name": "16th B Main Road", "ward": "Koramangala", "roadClass": "residential", "lengthM": 145.1, "darkness": {"alpha": 1.748, "beta": 0.252, "mean": 0.126, "var": 0.03671}, "exposure": {"activity": 0.9321, "structural": 0.5541, "blended": 0.6486}, "confidence": 0.4966, "repairPriority": 0.04058, "routePenalty": 282.1, "reportValue": 0.02381, "evidence": {"osmLampsWorking": 0, "osmLampsBroken": 0, "osmLampsUntagged": 0, "nightBusTrips": 115.3, "wardComplaints2025": 136, "reports": 0}}}, {"type": "Feature", "geometry": {"type": "LineString", "coordinates": [[77.6232567, 12.9317961], [77.6243622, 12.9312722], [77.6241866, 12.9308518]]}, "properties": {"segID": "way28186940/0", "name": "7th A Cross Road", "ward": "Koramangala", "roadClass": "residential", "lengthM": 183.7, "darkness": {"alpha": 1.748, "beta": 0.252, "mean": 0.126, "var": 0.03671}, "exposure": {"activity": 0.7463, "structural": 0.5395, "blended": 0.5912}, "confidence": 0.4966, "repairPriority": 0.03699, "routePenalty": 365.4, "reportValue": 0.0217, "evidence": {"osmLampsWorking": 0, "osmLampsBroken": 0, "osmLampsUntagged": 0, "nightBusTrips": 99.3, "wardComplaints2025": 136, "reports": 0}}}, {"type": "Feature", "geometry": {"type": "LineString", "coordinates": [[77.6233639, 12.9320762], [77.6244978, 12.931584], [77.6249075, 12.9314062]]}, "properties": {"segID": "way28186944/0", "name": "7th B Cross Road", "ward": "Koramangala", "roadClass": "residential", "lengthM": 183.1, "darkness": {"alpha": 1.748, "beta": 0.252, "mean": 0.126, "var": 0.03671}, "exposure": {"activity": 0.7481, "structural": 0.5353, "blended": 0.5885}, "confidence": 0.4966, "repairPriority": 0.03682, "routePenalty": 364.7, "reportValue": 0.0216, "evidence": {"osmLampsWorking": 0, "osmLampsBroken": 0, "osmLampsUntagged": 0, "nightBusTrips": 95.5, "wardComplaints2025": 136, "reports": 0}}}, {"type": "Feature", "geometry": {"type": "LineString", "coordinates": [[77.6517382, 12.9163447], [77.6518125, 12.9163473], [77.6518317, 12.916348], [77.652254, 12.9163563], [77.6538718, 12.9163846]]}, "properties": {"segID": "way28262849/0", "name": "12th Cross Road", "ward": "HSR Layout", "roadClass": "residential", "lengthM": 231.3, "darkness": {"alpha": 1.748, "beta": 0.252, "mean": 0.126, "var": 0.03671}, "exposure": {"activity": 0.9106, "structural": 0.1616, "blended": 0.3488}, "confidence": 0.4966, "repairPriority": 0.02182, "routePenalty": 541.3, "reportValue": 0.0128, "evidence": {"osmLampsWorking": 0, "osmLampsBroken": 0, "osmLampsUntagged": 0, "nightBusTrips": 39.4, "wardComplaints2025": 252, "reports": 0}}}, {"type": "Feature", "geometry": {"type": "LineString", "coordinates": [[77.6455406, 12.9189657], [77.6455277, 12.9185048], [77.6454776, 12.9171746]]}, "properties": {"segID": "way28262948/0", "name": "20th Main Road", "ward": "HSR Layout", "roadClass": "residential", "lengthM": 199.3, "darkness": {"alpha": 1.748, "beta": 0.252, "mean": 0.126, "var": 0.03671}, "exposure": {"activity": 0.515, "structural": 0.3937, "blended": 0.4241}, "confidence": 0.4966, "repairPriority": 0.02654, "routePenalty": 436.1, "reportValue": 0.01557, "evidence": {"osmLampsWorking": 0, "osmLampsBroken": 0, "osmLampsUntagged": 0, "nightBusTrips": 142.5, "wardComplaints2025": 252, "reports": 0}}}, {"type": "Feature", "geometry": {"type": "LineString", "coordinates": [[77.6454776, 12.9171746], [77.6454245, 12.9160931], [77.6454055, 12.9156546]]}, "properties": {"segID": "way28262948/1", "name": "20th Main Road", "ward": "HSR Layout", "roadClass": "residential", "lengthM": 169.2, "darkness": {"alpha": 1.748, "beta": 0.252, "mean": 0.126, "var": 0.03671}, "exposure": {"activity": 0.6131, "structural": 0.3101, "blended": 0.3859}, "confidence": 0.4966, "repairPriority": 0.02415, "routePenalty": 382.1, "reportValue": 0.01417, "evidence": {"osmLampsWorking": 0, "osmLampsBroken": 0, "osmLampsUntagged": 0, "nightBusTrips": 91.6, "wardComplaints2025": 252, "reports": 0}}}, {"type": "Feature", "geometry": {"type": "LineString", "coordinates": [[77.6454055, 12.9156546], [77.6453743, 12.9151627], [77.6453293, 12.9136866]]}, "properties": {"segID": "way28262948/2", "name": "20th Main Road", "ward": "HSR Layout", "roadClass": "residential", "lengthM": 219.0, "darkness": {"alpha": 1.748, "beta": 0.252, "mean": 0.126, "var": 0.03671}, "exposure": {"activity": 0.5292, "structural": 0.2835, "blended": 0.3449}, "confidence": 0.4966, "repairPriority": 0.02158, "routePenalty": 514.6, "reportValue": 0.01266, "evidence": {"osmLampsWorking": 0, "osmLampsBroken": 0, "osmLampsUntagged": 0, "nightBusTrips": 80.3, "wardComplaints2025": 252, "reports": 0}}}, {"type": "Feature", "geometry": {"type": "LineString", "coordinates": [[77.6339612, 12.9238162], [77.6339147, 12.9235243], [77.6338806, 12.9232712], [77.6338415, 12.9230257], [77.6338114, 12.9228332], [77.633791, 12.9226717], [77.6337428, 12.9223991]]}, "properties": {"segID": "way31281091/0", "name": "Venkatapura Main Road", "ward": "Jakkasandra", "roadClass": "residential", "lengthM": 159.4, "darkness": {"alpha": 1.748, "beta": 0.252, "mean": 0.126, "var": 0.03671}, "exposure": {"activity": 0.5838, "structural": 0.7044, "blended": 0.6742}, "confidence": 0.4966, "repairPriority": 0.04219, "routePenalty": 307.2, "reportValue": 0.02475, "evidence": {"osmLampsWorking": 0, "osmLampsBroken": 0, "osmLampsUntagged": 0, "nightBusTrips": 106.4, "wardComplaints2025": 62, "reports": 0}}}, {"type": "Feature", "geometry": {"type": "LineString", "coordinates": [[77.6337428, 12.9223991], [77.6336752, 12.9221355], [77.6335859, 12.9219184], [77.6333549, 12.921394], [77.6331824, 12.920937]]}, "properties": {"segID": "way31281091/1", "name": "Venkatapura Main Road", "ward": "Jakkasandra", "roadClass": "residential", "lengthM": 173.8, "darkness": {"alpha": 1.748, "beta": 0.252, "mean": 0.126, "var": 0.03671}, "exposure": {"activity": 0.6393, "structural": 0.671, "blended": 0.6631}, "confidence": 0.4966, "repairPriority": 0.04149, "routePenalty": 336.2, "reportValue": 0.02434, "evidence": {"osmLampsWorking": 0, "osmLampsBroken": 0, "osmLampsUntagged": 0, "nightBusTrips": 110.5, "wardComplaints2025": 62, "reports": 0}}}, {"type": "Feature", "geometry": {"type": "LineString", "coordinates": [[77.6331824, 12.920937], [77.6331028, 12.9209087], [77.6329846, 12.9205831], [77.6328288, 12.919867], [77.6327352, 12.9194366]]}, "properties": {"segID": "way31281091/2", "name": "Venkatapura Main Road", "ward": "Jakkasandra", "roadClass": "residential", "lengthM": 177.9, "darkness": {"alpha": 1.748, "beta": 0.252, "mean": 0.126, "var": 0.03671}, "exposure": {"activity": 0.5073, "structural": 0.7168, "blended": 0.6644}, "confidence": 0.4966, "repairPriority": 0.04157, "routePenalty": 344.0, "reportValue": 0.02439, "evidence": {"osmLampsWorking": 0, "osmLampsBroken": 0, "osmLampsUntagged": 0, "nightBusTrips": 128.6, "wardComplaints2025": 62, "reports": 0}}}, {"type": "Feature", "geometry": {"type": "LineString", "coordinates": [[77.6327352, 12.9194366], [77.6326857, 12.9191417], [77.6326667, 12.9189871]]}, "properties": {"segID": "way31281091/3", "name": "Venkatapura Main Road", "ward": "Jakkasandra", "roadClass": "residential", "lengthM": 50.5, "darkness": {"alpha": 1.748, "beta": 0.252, "mean": 0.126, "var": 0.03671}, "exposure": {"activity": 0.6066, "structural": 0.6903, "blended": 0.6694}, "confidence": 0.4966, "repairPriority": 0.04189, "routePenalty": 97.5, "reportValue": 0.02457, "evidence": {"osmLampsWorking": 0, "osmLampsBroken": 0, "osmLampsUntagged": 0, "nightBusTrips": 161.6, "wardComplaints2025": 62, "reports": 0}}}, {"type": "Feature", "geometry": {"type": "LineString", "coordinates": [[77.6674201, 12.9230664], [77.6673822, 12.9233019], [77.6673004, 12.9235985], [77.6671748, 12.9239123], [77.6671267, 12.9240326], [77.6670649, 12.9241872], [77.6670446, 12.924457]]}, "properties": {"segID": "way31338795/0", "name": "7th Main Road", "ward": "HSR Layout", "roadClass": "residential", "lengthM": 161.0, "darkness": {"alpha": 1.748, "beta": 0.252, "mean": 0.126, "var": 0.03671}, "exposure": {"activity": 0.417, "structural": 0.4804, "blended": 0.4646}, "confidence": 0.4966, "repairPriority": 0.02907, "routePenalty": 342.4, "reportValue": 0.01706, "evidence": {"osmLampsWorking": 0, "osmLampsBroken": 0, "osmLampsUntagged": 0, "nightBusTrips": 239.1, "wardComplaints2025": 252, "reports": 0}}}, {"type": "Feature", "geometry": {"type": "LineString", "coordinates": [[77.6670446, 12.924457], [77.6670422, 12.9244875], [77.66703, 12.9246239], [77.6670223, 12.9247103], [77.6670161, 12.9247861], [77.6669926, 12.9249859], [77.6669847, 12.9251449]]}, "properties": {"segID": "way31338795/1", "name": "7th Main Road", "ward": "HSR Layout", "roadClass": "residential", "lengthM": 76.8, "darkness": {"alpha": 2.148, "beta": 0.252, "mean": 0.105, "var": 0.02764}, "exposure": {"activity": 0.3405, "structural": 0.4529, "blended": 0.4248}, "confidence": 0.899, "repairPriority": 0.0401, "routePenalty": 160.0, "reportValue": 0.01174, "evidence": {"osmLampsWorking": 0, "osmLampsBroken": 0, "osmLampsUntagged": 1, "nightBusTrips": 208.5, "wardComplaints2025": 252, "reports": 0}}}, {"type": "Feature", "geometry": {"type": "LineString", "coordinates": [[77.622914, 12.9356987], [77.6243458, 12.9373454]]}, "properties": {"segID": "way32290989/0", "name": "17th C Main Road", "ward": "Koramangala", "roadClass": "residential", "lengthM": 240.0, "darkness": {"alpha": 1.748, "beta": 0.252, "mean": 0.126, "var": 0.03671}, "exposure": {"activity": 0.9888, "structural": 0.3974, "blended": 0.5453}, "confidence": 0.4966, "repairPriority": 0.03412, "routePenalty": 487.6, "reportValue": 0.02002, "evidence": {"osmLampsWorking": 0, "osmLampsBroken": 0, "osmLampsUntagged": 0, "nightBusTrips": 65.8, "wardComplaints2025": 136, "reports": 0}}}, {"type": "Feature", "geometry": {"type": "LineString", "coordinates": [[77.6241826, 12.937575], [77.6245649, 12.9379093], [77.6249177, 12.9382178], [77.6250695, 12.9383451], [77.625346, 12.9385771]]}, "properties": {"segID": "way32291050/0", "name": "17th D Main Road", "ward": "Koramangala", "roadClass": "residential", "lengthM": 168.3, "darkness": {"alpha": 1.748, "beta": 0.252, "mean": 0.126, "var": 0.03671}, "exposure": {"activity": 0.9132, "structural": 0.6494, "blended": 0.7153}, "confidence": 0.4966, "repairPriority": 0.04476, "routePenalty": 320.0, "reportValue": 0.02626, "evidence": {"osmLampsWorking": 0, "osmLampsBroken": 0, "osmLampsUntagged": 0, "nightBusTrips": 73.2, "wardComplaints2025": 136, "reports": 0}}}, {"type": "Feature", "geometry": {"type": "LineString", "coordinates": [[77.625346, 12.9385771], [77.6257572, 12.9389215], [77.6257855, 12.9389451]]}, "properties": {"segID": "way32291050/1", "name": "17th D Main Road", "ward": "Koramangala", "roadClass": "residential", "lengthM": 62.8, "darkness": {"alpha": 1.748, "beta": 0.252, "mean": 0.126, "var": 0.03671}, "exposure": {"activity": 0.9166, "structural": 0.6647, "blended": 0.7276}, "confidence": 0.4966, "repairPriority": 0.04553, "routePenalty": 119.0, "reportValue": 0.02671, "evidence": {"osmLampsWorking": 0, "osmLampsBroken": 0, "osmLampsUntagged": 0, "nightBusTrips": 73.3, "wardComplaints2025": 136, "reports": 0}}}, {"type": "Feature", "geometry": {"type": "LineString", "coordinates": [[77.6245649, 12.9379093], [77.6247999, 12.9376068], [77.6250277, 12.9373022], [77.6252191, 12.9370676], [77.6254756, 12.9367372]]}, "properties": {"segID": "way32291053/0", "name": "6th E Cross Road", "ward": "Koramangala", "roadClass": "residential", "lengthM": 163.5, "darkness": {"alpha": 1.748, "beta": 0.252, "mean": 0.126, "var": 0.03671}, "exposure": {"activity": 0.9819, "structural": 0.4746, "blended": 0.6015}, "confidence": 0.4966, "repairPriority": 0.03764, "routePenalty": 323.8, "reportValue": 0.02208, "evidence": {"osmLampsWorking": 0, "osmLampsBroken": 0, "osmLampsUntagged": 0, "nightBusTrips": 72.2, "wardComplaints2025": 136, "reports": 0}}}, {"type": "Feature", "geometry": {"type": "LineString", "coordinates": [[77.6250695, 12.9383451], [77.6253307, 12.9379988], [77.6255393, 12.9377224], [77.6257151, 12.9374894], [77.6259883, 12.9371595]]}, "properties": {"segID": "way32291057/0", "name": "6th Cross Road", "ward": "Koramangala", "roadClass": "residential", "lengthM": 165.2, "darkness": {"alpha": 1.748, "beta": 0.252, "mean": 0.126, "var": 0.03671}, "exposure": {"activity": 0.9626, "structural": 0.5475, "blended": 0.6513}, "confidence": 0.4966, "repairPriority": 0.04075, "routePenalty": 320.9, "reportValue": 0.02391, "evidence": {"osmLampsWorking": 0, "osmLampsBroken": 0, "osmLampsUntagged": 0, "nightBusTrips": 76.2, "wardComplaints2025": 136, "reports": 0}}}, {"type": "Feature", "geometry": {"type": "LineString", "coordinates": [[77.625346, 12.9385771], [77.6262661, 12.9373971]]}, "properties": {"segID": "way32291059/0", "name": "6th G Cross Road", "ward": "Koramangala", "roadClass": "residential", "lengthM": 164.8, "darkness": {"alpha": 1.748, "beta": 0.252, "mean": 0.126, "var": 0.03671}, "exposure": {"activity": 0.9854, "structural": 0.4081, "blended": 0.5524}, "confidence": 0.4966, "repairPriority": 0.03456, "routePenalty": 333.7, "reportValue": 0.02028, "evidence": {"osmLampsWorking": 0, "osmLampsBroken": 0, "osmLampsUntagged": 0, "nightBusTrips": 80.3, "wardComplaints2025": 136, "reports": 0}}}, {"type": "Feature", "geometry": {"type": "LineString", "coordinates": [[77.6252191, 12.9370676], [77.6257151, 12.9374894]]}, "properties": {"segID": "way32291065/0", "name": "17th A1 Main Road", "ward": "Koramangala", "roadClass": "residential", "lengthM": 71.3, "darkness": {"alpha": 1.748, "beta": 0.252, "mean": 0.126, "var": 0.03671}, "exposure": {"activity": 0.9733, "structural": 0.5214, "blended": 0.6344}, "confidence": 0.4966, "repairPriority": 0.0397, "routePenalty": 139.4, "reportValue": 0.02329, "evidence": {"osmLampsWorking": 0, "osmLampsBroken": 0, "osmLampsUntagged": 0, "nightBusTrips": 76.6, "wardComplaints2025": 136, "reports": 0}}}, {"type": "Feature", "geometry": {"type": "LineString", "coordinates": [[77.6250277, 12.9373022], [77.6255393, 12.9377224]]}, "properties": {"segID": "way32291066/0", "name": "17th A2 Main Road", "ward": "Koramangala", "roadClass": "residential", "lengthM": 72.5, "darkness": {"alpha": 1.748, "beta": 0.252, "mean": 0.126, "var": 0.03671}, "exposure": {"activity": 0.9626, "structural": 0.4005, "blended": 0.541}, "confidence": 0.4966, "repairPriority": 0.03385, "routePenalty": 147.6, "reportValue": 0.01986, "evidence": {"osmLampsWorking": 0, "osmLampsBroken": 0, "osmLampsUntagged": 0, "nightBusTrips": 76.2, "wardComplaints2025": 136, "reports": 0}}}, {"type": "Feature", "geometry": {"type": "LineString", "coordinates": [[77.6247999, 12.9376068], [77.6253307, 12.9379988]]}, "properties": {"segID": "way32291067/0", "name": "17th A3 Main Road", "ward": "Koramangala", "roadClass": "residential", "lengthM": 72.2, "darkness": {"alpha": 1.748, "beta": 0.252, "mean": 0.126, "var": 0.03671}, "exposure": {"activity": 0.9501, "structural": 0.4184, "blended": 0.5513}, "confidence": 0.4966, "repairPriority": 0.0345, "routePenalty": 146.3, "reportValue": 0.02024, "evidence": {"osmLampsWorking": 0, "osmLampsBroken": 0, "osmLampsUntagged": 0, "nightBusTrips": 75.2, "wardComplaints2025": 136, "reports": 0}}}, {"type": "Feature", "geometry": {"type": "LineString", "coordinates": [[77.6202045, 12.9331357], [77.6215218, 12.9331292], [77.6225624, 12.9331704]]}, "properties": {"segID": "way32314846/0", "name": "1st Cross Road", "ward": "Koramangala", "roadClass": "residential", "lengthM": 255.6, "darkness": {"alpha": 1.748, "beta": 0.252, "mean": 0.126, "var": 0.03671}, "exposure": {"activity": 0.9897, "structural": 0.3167, "blended": 0.4849}, "confidence": 0.4966, "repairPriority": 0.03034, "routePenalty": 536.8, "reportValue": 0.0178, "evidence": {"osmLampsWorking": 0, "osmLampsBroken": 0, "osmLampsUntagged": 0, "nightBusTrips": 95.1, "wardComplaints2025": 136, "reports": 0}}}, {"type": "Feature", "geometry": {"type": "LineString", "coordinates": [[77.6287203, 12.9184189], [77.6290197, 12.918333], [77.6296047, 12.9181654], [77.6299388, 12.9180685], [77.6302628, 12.9179763]]}, "properties": {"segID": "way35605777/0", "name": "4th Avenue", "ward": "Jakkasandra", "roadClass": "residential", "lengthM": 174.3, "darkness": {"alpha": 1.748, "beta": 0.252, "mean": 0.126, "var": 0.03671}, "exposure": {"activity": 0.6096, "structural": 0.8038, "blended": 0.7552}, "confidence": 0.4966, "repairPriority": 0.04725, "routePenalty": 327.6, "reportValue": 0.02772, "evidence": {"osmLampsWorking": 0, "osmLampsBroken": 0, "osmLampsUntagged": 0, "nightBusTrips": 231.2, "wardComplaints2025": 62, "reports": 0}}}, {"type": "Feature", "geometry": {"type": "LineString", "coordinates": [[77.6302628, 12.9179763], [77.6305396, 12.9178969], [77.6318626, 12.9175173]]}, "properties": {"segID": "way35605777/1", "name": "4th Avenue", "ward": "Jakkasandra", "roadClass": "residential", "lengthM": 180.7, "darkness": {"alpha": 1.748, "beta": 0.252, "mean": 0.126, "var": 0.03671}, "exposure": {"activity": 0.7876, "structural": 0.834, "blended": 0.8224}, "confidence": 0.4966, "repairPriority": 0.05146, "routePenalty": 333.8, "reportValue": 0.03019, "evidence": {"osmLampsWorking": 0, "osmLampsBroken": 0, "osmLampsUntagged": 0, "nightBusTrips": 227.4, "wardComplaints2025": 62, "reports": 0}}}, {"type": "Feature", "geometry": {"type": "LineString", "coordinates": [[77.6318626, 12.9175173], [77.6322559, 12.9174044], [77.6323043, 12.9173905], [77.6327893, 12.9172513], [77.6331964, 12.9171345]]}, "properties": {"segID": "way35605777/2", "name": "4th Avenue", "ward": "Jakkasandra", "roadClass": "residential", "lengthM": 150.7, "darkness": {"alpha": 1.748, "beta": 0.252, "mean": 0.126, "var": 0.03671}, "exposure": {"activity": 0.8298, "structural": 0.6041, "blended": 0.6605}, "confidence": 0.4966, "repairPriority": 0.04133, "routePenalty": 291.8, "reportValue": 0.02425, "evidence": {"osmLampsWorking": 0, "osmLampsBroken": 0, "osmLampsUntagged": 0, "nightBusTrips": 187.4, "wardComplaints2025": 62, "reports": 0}}}, {"type": "Feature", "geometry": {"type": "LineString", "coordinates": [[77.6331964, 12.9171345], [77.6337861, 12.9169653]]}, "properties": {"segID": "way35605777/3", "name": "4th Avenue", "ward": "Jakkasandra", "roadClass": "residential", "lengthM": 66.6, "darkness": {"alpha": 1.748, "beta": 0.252, "mean": 0.126, "var": 0.03671}, "exposure": {"activity": 0.7704, "structural": 0.6113, "blended": 0.6511}, "confidence": 0.4966, "repairPriority": 0.04074, "routePenalty": 129.4, "reportValue": 0.0239, "evidence": {"osmLampsWorking": 0, "osmLampsBroken": 0, "osmLampsUntagged": 0, "nightBusTrips": 192.6, "wardComplaints2025": 62, "reports": 0}}}, {"type": "Feature", "geometry": {"type": "LineString", "coordinates": [[77.6695417, 12.9230009], [77.6695517, 12.9231641], [77.6695624, 12.9233008], [77.6695836, 12.9235662], [77.6696293, 12.9246161]]}, "properties": {"segID": "way36961957/0", "name": "Palm Avenue", "ward": "Bellanduru", "roadClass": "tertiary", "lengthM": 179.9, "darkness": {"alpha": 0.973, "beta": 3.027, "mean": 0.7566, "var": 0.03683}, "exposure": {"activity": 0.5684, "structural": 0.5141, "blended": 0.5277}, "confidence": 0.1126, "repairPriority": 0.04496, "routePenalty": 539.2, "reportValue": 0.01944, "evidence": {"osmLampsWorking": 0, "osmLampsBroken": 2, "osmLampsUntagged": 0, "nightBusTrips": 312.4, "wardComplaints2025": 250, "reports": 0}}}, {"type": "Feature", "geometry": {"type": "LineString", "coordinates": [[77.6696293, 12.9246161], [77.6696451, 12.9249926], [77.6696505, 12.9250462], [77.6696612, 12.9250945], [77.669684, 12.9251794]]}, "properties": {"segID": "way36961957/1", "name": "Palm Avenue", "ward": "Bellanduru", "roadClass": "tertiary", "lengthM": 63.1, "darkness": {"alpha": 0.973, "beta": 1.027, "mean": 0.5133, "var": 0.08327}, "exposure": {"activity": 0.7102, "structural": 0.4825, "blended": 0.5394}, "confidence": 0.0133, "repairPriority": 0.00368, "routePenalty": 188.7, "reportValue": 0.04492, "evidence": {"osmLampsWorking": 0, "osmLampsBroken": 0, "osmLampsUntagged": 0, "nightBusTrips": 241.9, "wardComplaints2025": 250, "reports": 0}}}, {"type": "Feature", "geometry": {"type": "LineString", "coordinates": [[77.6697364, 12.9272535], [77.670293, 12.927261], [77.6708035, 12.9272736], [77.6714705, 12.9273163]]}, "properties": {"segID": "way36962042/0", "name": "Cherry Lane", "ward": "Bellanduru", "roadClass": "residential", "lengthM": 188.1, "darkness": {"alpha": 0.681, "beta": 1.319, "mean": 0.6593, "var": 0.07488}, "exposure": {"activity": 0.6905, "structural": 0.3954, "blended": 0.4692}, "confidence": 0.052, "repairPriority": 0.01609, "routePenalty": 606.8, "reportValue": 0.03513, "evidence": {"osmLampsWorking": 0, "osmLampsBroken": 0, "osmLampsUntagged": 0, "nightBusTrips": 143.7, "wardComplaints2025": 250, "reports": 0}}}, {"type": "Feature", "geometry": {"type": "LineString", "coordinates": [[77.6714705, 12.9273163], [77.6716057, 12.9273282], [77.67204, 12.9273497], [77.6726028, 12.9272895], [77.6727071, 12.9272659], [77.6729947, 12.9272143]]}, "properties": {"segID": "way36962042/1", "name": "Cherry Lane", "ward": "Bellanduru", "roadClass": "residential", "lengthM": 166.5, "darkness": {"alpha": 0.681, "beta": 1.319, "mean": 0.6593, "var": 0.07488}, "exposure": {"activity": 0.1909, "structural": 0.4071, "blended": 0.3531}, "confidence": 0.052, "repairPriority": 0.01211, "routePenalty": 572.0, "reportValue": 0.02644, "evidence": {"osmLampsWorking": 0, "osmLampsBroken": 0, "osmLampsUntagged": 0, "nightBusTrips": 156.5, "wardComplaints2025": 250, "reports": 0}}}, {"type": "Feature", "geometry": {"type": "LineString", "coordinates": [[77.6729947, 12.9272143], [77.6731322, 12.9271909]]}, "properties": {"segID": "way36962042/2", "name": "Cherry Lane", "ward": "Bellanduru", "roadClass": "residential", "lengthM": 15.1, "darkness": {"alpha": 0.681, "beta": 1.319, "mean": 0.6593, "var": 0.07488}, "exposure": {"activity": 0.1221, "structural": 0.4092, "blended": 0.3374}, "confidence": 0.052, "repairPriority": 0.01157, "routePenalty": 52.5, "reportValue": 0.02526, "evidence": {"osmLampsWorking": 0, "osmLampsBroken": 0, "osmLampsUntagged": 0, "nightBusTrips": 158.8, "wardComplaints2025": 250, "reports": 0}}}, {"type": "Feature", "geometry": {"type": "LineString", "coordinates": [[77.6326047, 12.9302381], [77.632458, 12.9305785], [77.6322296, 12.9311596], [77.6321518, 12.9312798], [77.6320707, 12.9313707], [77.6318095, 12.9315638]]}, "properties": {"segID": "way37450483/0", "name": "5th Cross Road", "ward": "Koramangala", "roadClass": "residential", "lengthM": 175.0, "darkness": {"alpha": 1.748, "beta": 0.252, "mean": 0.126, "var": 0.03671}, "exposure": {"activity": 0.8693, "structural": 0.4554, "blended": 0.5589}, "confidence": 0.4966, "repairPriority": 0.03497, "routePenalty": 353.2, "reportValue": 0.02052, "evidence": {"osmLampsWorking": 0, "osmLampsBroken": 0, "osmLampsUntagged": 0, "nightBusTrips": 50.6, "wardComplaints2025": 136, "reports": 0}}}, {"type": "Feature", "geometry": {"type": "LineString", "coordinates": [[77.6318095, 12.9315638], [77.6315327, 12.931773], [77.6312745, 12.9320437], [77.6310346, 12.9322951], [77.6308393, 12.9324998], [77.6306092, 12.932741]]}, "properties": {"segID": "way37450483/1", "name": "5th Cross Road", "ward": "Koramangala", "roadClass": "residential", "lengthM": 184.9, "darkness": {"alpha": 1.748, "beta": 0.252, "mean": 0.126, "var": 0.03671}, "exposure": {"activity": 0.8641, "structural": 0.4052, "blended": 0.5199}, "confidence": 0.4966, "repairPriority": 0.03253, "routePenalty": 380.6, "reportValue": 0.01909, "evidence": {"osmLampsWorking": 0, "osmLampsBroken": 0, "osmLampsUntagged": 0, "nightBusTrips": 45.8, "wardComplaints2025": 136, "reports": 0}}}, {"type": "Feature", "geometry": {"type": "LineString", "coordinates": [[77.6306092, 12.932741], [77.6297802, 12.9334978], [77.6296283, 12.9336239], [77.6295824, 12.933655]]}, "properties": {"segID": "way37450483/2", "name": "5th Cross Road", "ward": "Koramangala", "roadClass": "residential", "lengthM": 150.8, "darkness": {"alpha": 1.748, "beta": 0.252, "mean": 0.126, "var": 0.03671}, "exposure": {"activity": 0.914, "structural": 0.4236, "blended": 0.5462}, "confidence": 0.4966, "repairPriority": 0.03418, "routePenalty": 306.3, "reportValue": 0.02005, "evidence": {"osmLampsWorking": 0, "osmLampsBroken": 0, "osmLampsUntagged": 0, "nightBusTrips": 52.9, "wardComplaints2025": 136, "reports": 0}}}, {"type": "Feature", "geometry": {"type": "LineString", "coordinates": [[77.6295824, 12.933655], [77.6293304, 12.9338402], [77.6290958, 12.9340363]]}, "properties": {"segID": "way37450483/3", "name": "5th Cross Road", "ward": "Koramangala", "roadClass": "residential", "lengthM": 67.7, "darkness": {"alpha": 1.748, "beta": 0.252, "mean": 0.126, "var": 0.03671}, "exposure": {"activity": 0.9089, "structural": 0.4954, "blended": 0.5988}, "confidence": 0.4966, "repairPriority": 0.03747, "routePenalty": 134.2, "reportValue": 0.02198, "evidence": {"osmLampsWorking": 0, "osmLampsBroken": 0, "osmLampsUntagged": 0, "nightBusTrips": 48.9, "wardComplaints2025": 136, "reports": 0}}}, {"type": "Feature", "geometry": {"type": "LineString", "coordinates": [[77.6341032, 12.9341184], [77.6343045, 12.9343933], [77.6344863, 12.9346027], [77.6346441, 12.9346942], [77.6348009, 12.934743], [77.634948, 12.9347887], [77.6350615, 12.9348224], [77.6350889, 12.9348305], [77.6352226, 12.9348607]]}, "properties": {"segID": "way37786354/0", "name": "8th Cross Road", "ward": "Agaram", "roadClass": "residential", "lengthM": 153.4, "darkness": {"alpha": 0.356, "beta": 1.644, "mean": 0.8221, "var": 0.04874}, "exposure": {"activity": 0.2029, "structural": 0.3861, "blended": 0.3403}, "confidence": 0.0924, "repairPriority": 0.02585, "routePenalty": 537.2, "reportValue": 0.01659, "evidence": {"osmLampsWorking": 0, "osmLampsBroken": 0, "osmLampsUntagged": 0, "nightBusTrips": 16.9, "wardComplaints2025": 71, "reports": 0}}}, {"type": "Feature", "geometry": {"type": "LineString", "coordinates": [[77.6349749, 12.9356104], [77.6349381, 12.9355988], [77.63459, 12.9354886], [77.634189, 12.935377], [77.6341711, 12.9353778], [77.6341585, 12.9353829], [77.6341412, 12.9354371], [77.6341374, 12.9354497], [77.6341304, 12.9354526], [77.6337722, 12.9354498], [77.6332137, 12.9355367]]}, "properties": {"segID": "way37786355/0", "name": "9th Main Road", "ward": "Ejipura", "roadClass": "residential", "lengthM": 201.2, "darkness": {"alpha": 1.748, "beta": 0.252, "mean": 0.126, "var": 0.03671}, "exposure": {"activity": 0.3113, "structural": 0.4115, "blended": 0.3865}, "confidence": 0.4966, "repairPriority": 0.02418, "routePenalty": 454.1, "reportValue": 0.01419, "evidence": {"osmLampsWorking": 0, "osmLampsBroken": 0, "osmLampsUntagged": 0, "nightBusTrips": 22.3, "wardComplaints2025": 78, "reports": 0}}}, {"type": "Feature", "geometry": {"type": "LineString", "coordinates": [[77.6341032, 12.9341184], [77.6336626, 12.9345347], [77.6334314, 12.9347532], [77.6331645, 12.9350054], [77.6331429, 12.9350638], [77.6331463, 12.9351222]]}, "properties": {"segID": "way37786359/0", "name": "7th Main Road", "ward": "Ejipura", "roadClass": "residential", "lengthM": 155.1, "darkness": {"alpha": 1.748, "beta": 0.252, "mean": 0.126, "var": 0.03671}, "exposure": {"activity": 0.6303, "structural": 0.4416, "blended": 0.4888}, "confidence": 0.4966, "repairPriority": 0.03058, "routePenalty": 325.0, "reportValue": 0.01794, "evidence": {"osmLampsWorking": 0, "osmLampsBroken": 0, "osmLampsUntagged": 0, "nightBusTrips": 25.4, "wardComplaints2025": 78, "reports": 0}}}, {"type": "Feature", "geometry": {"type": "LineString", "coordinates": [[77.632458, 12.9305785], [77.6320526, 12.9304564], [77.6319212, 12.9304302], [77.6318283, 12.9304257], [77.6315333, 12.9304601], [77.631149, 12.930556], [77.6308145, 12.9306608]]}, "properties": {"segID": "way37786361/0", "name": "3rd Cross Road", "ward": "Koramangala", "roadClass": "residential", "lengthM": 183.9, "darkness": {"alpha": 1.748, "beta": 0.252, "mean": 0.126, "var": 0.03671}, "exposure": {"activity": 0.7575, "structural": 0.4671, "blended": 0.5397}, "confidence": 0.4966, "repairPriority": 0.03377, "routePenalty": 374.7, "reportValue": 0.01981, "evidence": {"osmLampsWorking": 0, "osmLampsBroken": 0, "osmLampsUntagged": 0, "nightBusTrips": 56.4, "wardComplaints2025": 136, "reports": 0}}}, {"type": "Feature", "geometry": {"type": "LineString", "coordinates": [[77.6308145, 12.9306608], [77.6304357, 12.9308108], [77.6301351, 12.9309597], [77.6299029, 12.9311787], [77.6297181, 12.931484]]}, "properties": {"segID": "way37786361/1", "name": "3rd Cross Road", "ward": "Koramangala", "roadClass": "residential", "lengthM": 155.3, "darkness": {"alpha": 1.748, "beta": 0.252, "mean": 0.126, "var": 0.03671}, "exposure": {"activity": 0.5881, "structural": 0.4566, "blended": 0.4895}, "confidence": 0.4966, "repairPriority": 0.03063, "routePenalty": 325.2, "reportValue": 0.01797, "evidence": {"osmLampsWorking": 0, "osmLampsBroken": 0, "osmLampsUntagged": 0, "nightBusTrips": 60.0, "wardComplaints2025": 136, "reports": 0}}}, {"type": "Feature", "geometry": {"type": "LineString", "coordinates": [[77.6297181, 12.931484], [77.6294681, 12.9320036], [77.6291955, 12.9325124], [77.6290686, 12.932653], [77.6283279, 12.9334607]]}, "properties": {"segID": "way37786361/2", "name": "3rd Cross Road", "ward": "Koramangala", "roadClass": "residential", "lengthM": 268.9, "darkness": {"alpha": 1.748, "beta": 0.252, "mean": 0.126, "var": 0.03671}, "exposure": {"activity": 0.7137, "structural": 0.4239, "blended": 0.4963}, "confidence": 0.4966, "repairPriority": 0.03105, "routePenalty": 560.9, "reportValue": 0.01822, "evidence": {"osmLampsWorking": 0, "osmLampsBroken": 0, "osmLampsUntagged": 0, "nightBusTrips": 58.4, "wardComplaints2025": 136, "reports": 0}}}, {"type": "Feature", "geometry": {"type": "LineString", "coordinates": [[77.6285657, 12.933645], [77.6288317, 12.9333571], [77.6290487, 12.9331351], [77.6292599, 12.9328796], [77.6299184, 12.9316932]]}, "properties": {"segID": "way37786362/0", "name": "4th Cross Road", "ward": "Koramangala", "roadClass": "residential", "lengthM": 263.6, "darkness": {"alpha": 1.748, "beta": 0.252, "mean": 0.126, "var": 0.03671}, "exposure": {"activity": 0.8134, "structural": 0.4251, "blended": 0.5222}, "confidence": 0.4966, "repairPriority": 0.03267, "routePenalty": 542.0, "reportValue": 0.01917, "evidence": {"osmLampsWorking": 0, "osmLampsBroken": 0, "osmLampsUntagged": 0, "nightBusTrips": 59.7, "wardComplaints2025": 136, "reports": 0}}}, {"type": "Feature", "geometry": {"type": "LineString", "coordinates": [[77.6287962, 12.9323767], [77.6290686, 12.932653], [77.6292599, 12.9328796], [77.6294746, 12.9331163], [77.6295726, 12.9332438], [77.6297802, 12.9334978]]}, "properties": {"segID": "way37786363/0", "name": "11th Main Road", "ward": "Koramangala", "roadClass": "residential", "lengthM": 164.2, "darkness": {"alpha": 1.748, "beta": 0.252, "mean": 0.126, "var": 0.03671}, "exposure": {"activity": 0.8607, "structural": 0.504, "blended": 0.5932}, "confidence": 0.4966, "repairPriority": 0.03712, "routePenalty": 326.4, "reportValue": 0.02178, "evidence": {"osmLampsWorking": 0, "osmLampsBroken": 0, "osmLampsUntagged": 0, "nightBusTrips": 51.1, "wardComplaints2025": 136, "reports": 0}}}, {"type": "Feature", "geometry": {"type": "LineString", "coordinates": [[77.6297802, 12.9334978], [77.6301247, 12.9338729], [77.630151, 12.9339015]]}, "properties": {"segID": "way37786363/1", "name": "11th Main Road", "ward": "Koramangala", "roadClass": "residential", "lengthM": 60.2, "darkness": {"alpha": 1.748, "beta": 0.252, "mean": 0.126, "var": 0.03671}, "exposure": {"activity": 0.9527, "structural": 0.5099, "blended": 0.6206}, "confidence": 0.4966, "repairPriority": 0.03883, "routePenalty": 118.3, "reportValue": 0.02278, "evidence": {"osmLampsWorking": 0, "osmLampsBroken": 0, "osmLampsUntagged": 0, "nightBusTrips": 44.2, "wardComplaints2025": 136, "reports": 0}}}, {"type": "Feature", "geometry": {"type": "LineString", "coordinates": [[77.6311519, 12.9311601], [77.630779, 12.9313378], [77.6304978, 12.9315085], [77.6302753, 12.931729], [77.6301236, 12.9320044]]}, "properties": {"segID": "way37786364/0", "name": "4th A Cross Road", "ward": "Koramangala", "roadClass": "residential", "lengthM": 150.0, "darkness": {"alpha": 1.748, "beta": 0.252, "mean": 0.126, "var": 0.03671}, "exposure": {"activity": 0.6995, "structural": 0.4908, "blended": 0.543}, "confidence": 0.4966, "repairPriority": 0.03398, "routePenalty": 305.1, "reportValue": 0.01993, "evidence": {"osmLampsWorking": 0, "osmLampsBroken": 0, "osmLampsUntagged": 0, "nightBusTrips": 56.3, "wardComplaints2025": 136, "reports": 0}}}, {"type": "Feature", "geometry": {"type": "LineString", "coordinates": [[77.6301236, 12.9320044], [77.6298807, 12.9324317], [77.6297867, 12.9326276], [77.6294746, 12.9331163]]}, "properties": {"segID": "way37786364/1", "name": "4th A Cross Road", "ward": "Koramangala", "roadClass": "residential", "lengthM": 142.4, "darkness": {"alpha": 1.748, "beta": 0.252, "mean": 0.126, "var": 0.03671}, "exposure": {"activity": 0.816, "structural": 0.471, "blended": 0.5573}, "confidence": 0.4966, "repairPriority": 0.03487, "routePenalty": 287.7, "reportValue": 0.02046, "evidence": {"osmLampsWorking": 0, "osmLampsBroken": 0, "osmLampsUntagged": 0, "nightBusTrips": 49.4, "wardComplaints2025": 136, "reports": 0}}}, {"type": "Feature", "geometry": {"type": "LineString", "coordinates": [[77.6295726, 12.9332438], [77.6300271, 12.9328242], [77.6301725, 12.9326572], [77.6304043, 12.9324299]]}, "properties": {"segID": "way37786365/0", "name": "4th B Cross Road", "ward": "Koramangala", "roadClass": "residential", "lengthM": 127.8, "darkness": {"alpha": 1.748, "beta": 0.252, "mean": 0.126, "var": 0.03671}, "exposure": {"activity": 0.8504, "structural": 0.351, "blended": 0.4758}, "confidence": 0.4966, "repairPriority": 0.02977, "routePenalty": 269.9, "reportValue": 0.01747, "evidence": {"osmLampsWorking": 0, "osmLampsBroken": 0, "osmLampsUntagged": 0, "nightBusTrips": 47.9, "wardComplaints2025": 136, "reports": 0}}}, {"type": "Feature", "geometry": {"type": "LineString", "coordinates": [[77.6308393, 12.9324998], [77.6302753, 12.931729], [77.6299029, 12.9311787]]}, "properties": {"segID": "way37786366/0", "name": "9th A Main", "ward": "Koramangala", "roadClass": "residential", "lengthM": 178.6, "darkness": {"alpha": 1.748, "beta": 0.252, "mean": 0.126, "var": 0.03671}, "exposure": {"activity": 0.7059, "structural": 0.3506, "blended": 0.4395}, "confidence": 0.4966, "repairPriority": 0.0275, "routePenalty": 386.4, "reportValue": 0.01613, "evidence": {"osmLampsWorking": 0, "osmLampsBroken": 0, "osmLampsUntagged": 0, "nightBusTrips": 57.9, "wardComplaints2025": 136, "reports": 0}}}, {"type": "Feature", "geometry": {"type": "LineString", "coordinates": [[77.6301351, 12.9309597], [77.6304978, 12.9315085], [77.6310346, 12.9322951]]}, "properties": {"segID": "way37786367/0", "name": "9th Main Road", "ward": "Koramangala", "roadClass": "residential", "lengthM": 177.6, "darkness": {"alpha": 1.748, "beta": 0.252, "mean": 0.126, "var": 0.03671}, "exposure": {"activity": 0.6995, "structural": 0.3448, "blended": 0.4335}, "confidence": 0.4966, "repairPriority": 0.02712, "routePenalty": 385.9, "reportValue": 0.01591, "evidence": {"osmLampsWorking": 0, "osmLampsBroken": 0, "osmLampsUntagged": 0, "nightBusTrips": 56.3, "wardComplaints2025": 136, "reports": 0}}}, {"type": "Feature", "geometry": {"type": "LineString", "coordinates": [[77.6312745, 12.9320437], [77.630779, 12.9313378], [77.6304357, 12.9308108]]}, "properties": {"segID": "way37786368/0", "name": "8th B Main Road", "ward": "Koramangala", "roadClass": "residential", "lengthM": 164.5, "darkness": {"alpha": 1.748, "beta": 0.252, "mean": 0.126, "var": 0.03671}, "exposure": {"activity": 0.7163, "structural": 0.3453, "blended": 0.438}, "confidence": 0.4966, "repairPriority": 0.02741, "routePenalty": 356.3, "reportValue": 0.01608, "evidence": {"osmLampsWorking": 0, "osmLampsBroken": 0, "osmLampsUntagged": 0, "nightBusTrips": 56.3, "wardComplaints2025": 136, "reports": 0}}}, {"type": "Feature", "geometry": {"type": "LineString", "coordinates": [[77.6320707, 12.9313707], [77.6315333, 12.9304601]]}, "properties": {"segID": "way37786370/0", "name": "7th A Main Road", "ward": "Koramangala", "roadClass": "residential", "lengthM": 116.8, "darkness": {"alpha": 1.748, "beta": 0.252, "mean": 0.126, "var": 0.03671}, "exposure": {"activity": 0.7231, "structural": 0.4155, "blended": 0.4924}, "confidence": 0.4966, "repairPriority": 0.03081, "routePenalty": 244.2, "reportValue": 0.01808, "evidence": {"osmLampsWorking": 0, "osmLampsBroken": 0, "osmLampsUntagged": 0, "nightBusTrips": 58.1, "wardComplaints2025": 136, "reports": 0}}}, {"type": "Feature", "geometry": {"type": "LineString", "coordinates": [[77.6226225, 12.9314922], [77.6230678, 12.9313022], [77.6231979, 12.9312415], [77.6241866, 12.9308518]]}, "properties": {"segID": "way38042287/0", "name": "7th Cross Road", "ward": "Koramangala", "roadClass": "tertiary", "lengthM": 183.9, "darkness": {"alpha": 1.748, "beta": 0.252, "mean": 0.126, "var": 0.03671}, "exposure": {"activity": 0.9063, "structural": 0.6683, "blended": 0.7278}, "confidence": 0.4966, "repairPriority": 0.04554, "routePenalty": 348.4, "reportValue": 0.02672, "evidence": {"osmLampsWorking": 0, "osmLampsBroken": 0, "osmLampsUntagged": 0, "nightBusTrips": 123.2, "wardComplaints2025": 136, "reports": 0}}}, {"type": "Feature", "geometry": {"type": "LineString", "coordinates": [[77.6241866, 12.9308518], [77.624661, 12.9306711], [77.6248423, 12.9306064], [77.6255487, 12.9305619]]}, "properties": {"segID": "way38042287/1", "name": "7th Cross Road", "ward": "Koramangala", "roadClass": "tertiary", "lengthM": 152.8, "darkness": {"alpha": 1.748, "beta": 0.252, "mean": 0.126, "var": 0.03671}, "exposure": {"activity": 0.5546, "structural": 0.7236, "blended": 0.6814}, "confidence": 0.4966, "repairPriority": 0.04264, "routePenalty": 293.7, "reportValue": 0.02501, "evidence": {"osmLampsWorking": 0, "osmLampsBroken": 0, "osmLampsUntagged": 0, "nightBusTrips": 103.0, "wardComplaints2025": 136, "reports": 0}}}, {"type": "Feature", "geometry": {"type": "LineString", "coordinates": [[77.6255487, 12.9305619], [77.6261452, 12.9305132], [77.6268215, 12.9304478], [77.6274511, 12.9303724]]}, "properties": {"segID": "way38042287/2", "name": "7th Cross Road", "ward": "Koramangala", "roadClass": "tertiary", "lengthM": 207.3, "darkness": {"alpha": 1.748, "beta": 0.252, "mean": 0.126, "var": 0.03671}, "exposure": {"activity": 0.2936, "structural": 0.7226, "blended": 0.6154}, "confidence": 0.4966, "repairPriority": 0.03851, "routePenalty": 408.3, "reportValue": 0.02259, "evidence": {"osmLampsWorking": 0, "osmLampsBroken": 0, "osmLampsUntagged": 0, "nightBusTrips": 90.0, "wardComplaints2025": 136, "reports": 0}}}, {"type": "Feature", "geometry": {"type": "LineString", "coordinates": [[77.6274511, 12.9303724], [77.6276105, 12.9303496], [77.6292344, 12.93001]]}, "properties": {"segID": "way38042287/3", "name": "7th Cross Road", "ward": "Koramangala", "roadClass": "tertiary", "lengthM": 197.5, "darkness": {"alpha": 1.748, "beta": 0.252, "mean": 0.126, "var": 0.03671}, "exposure": {"activity": 0.3121, "structural": 0.6746, "blended": 0.584}, "confidence": 0.4966, "repairPriority": 0.03654, "routePenalty": 394.1, "reportValue": 0.02144, "evidence": {"osmLampsWorking": 0, "osmLampsBroken": 0, "osmLampsUntagged": 0, "nightBusTrips": 85.0, "wardComplaints2025": 136, "reports": 0}}}, {"type": "Feature", "geometry": {"type": "LineString", "coordinates": [[77.6304893, 12.9188923], [77.6304033, 12.9185621], [77.630339, 12.9182824], [77.6302628, 12.9179763], [77.6301069, 12.9173417]]}, "properties": {"segID": "way38098067/0", "name": "3rd Main Road", "ward": "Jakkasandra", "roadClass": "residential", "lengthM": 177.3, "darkness": {"alpha": 1.748, "beta": 0.252, "mean": 0.126, "var": 0.03671}, "exposure": {"activity": 0.727, "structural": 0.6672, "blended": 0.6822}, "confidence": 0.4966, "repairPriority": 0.04269, "routePenalty": 340.7, "reportValue": 0.02504, "evidence": {"osmLampsWorking": 0, "osmLampsBroken": 0, "osmLampsUntagged": 0, "nightBusTrips": 222.6, "wardComplaints2025": 62, "reports": 0}}}, {"type": "Feature", "geometry": {"type": "LineString", "coordinates": [[77.6301069, 12.9173417], [77.6300028, 12.9169035]]}, "properties": {"segID": "way38098067/1", "name": "3rd Main Road", "ward": "Jakkasandra", "roadClass": "residential", "lengthM": 50.0, "darkness": {"alpha": 1.748, "beta": 2.252, "mean": 0.563, "var": 0.04921}, "exposure": {"activity": 0.7825, "structural": 0.6292, "blended": 0.6675}, "confidence": 0.0817, "repairPriority": 0.0307, "routePenalty": 134.3, "reportValue": 0.03285, "evidence": {"osmLampsWorking": 0, "osmLampsBroken": 2, "osmLampsUntagged": 0, "nightBusTrips": 255.9, "wardComplaints2025": 62, "reports": 0}}}, {"type": "Feature", "geometry": {"type": "LineString", "coordinates": [[77.6289456, 12.9193413], [77.6287203, 12.9184189], [77.6286045, 12.9179443]]}, "properties": {"segID": "way38098070/0", "name": "1st Main Road", "ward": "Jakkasandra", "roadClass": "residential", "lengthM": 159.7, "darkness": {"alpha": 1.748, "beta": 0.252, "mean": 0.126, "var": 0.03671}, "exposure": {"activity": 0.3749, "structural": 0.7137, "blended": 0.629}, "confidence": 0.4966, "repairPriority": 0.03936, "routePenalty": 312.8, "reportValue": 0.02309, "evidence": {"osmLampsWorking": 0, "osmLampsBroken": 0, "osmLampsUntagged": 0, "nightBusTrips": 249.2, "wardComplaints2025": 62, "reports": 0}}}, {"type": "Feature", "geometry": {"type": "LineString", "coordinates": [[77.6286045, 12.9179443], [77.6284837, 12.9174494], [77.6283833, 12.9170474]]}, "properties": {"segID": "way38098070/1", "name": "1st Main Road", "ward": "Jakkasandra", "roadClass": "residential", "lengthM": 102.6, "darkness": {"alpha": 2.748, "beta": 1.252, "mean": 0.313, "var": 0.04301}, "exposure": {"activity": 0.4901, "structural": 0.7588, "blended": 0.6916}, "confidence": 0.104, "repairPriority": 0.02251, "routePenalty": 230.5, "reportValue": 0.02975, "evidence": {"osmLampsWorking": 1, "osmLampsBroken": 1, "osmLampsUntagged": 0, "nightBusTrips": 273.8, "wardComplaints2025": 62, "reports": 0}}}, {"type": "Feature", "geometry": {"type": "LineString", "coordinates": [[77.621852, 12.9181642], [77.6214627, 12.9186379], [77.6212654, 12.9189476], [77.6211143, 12.9191421], [77.621036, 12.9192065], [77.6209656, 12.9192645]]}, "properties": {"segID": "way40696199/0", "name": "5th Cross Road", "ward": "Madivala", "roadClass": "residential", "lengthM": 156.2, "darkness": {"alpha": 1.748, "beta": 0.252, "mean": 0.126, "var": 0.03671}, "exposure": {"activity": 0.307, "structural": 0.5113, "blended": 0.4603}, "confidence": 0.4966, "repairPriority": 0.0288, "routePenalty": 333.2, "reportValue": 0.0169, "evidence": {"osmLampsWorking": 0, "osmLampsBroken": 0, "osmLampsUntagged": 0, "nightBusTrips": 302.7, "wardComplaints2025": 180, "reports": 0}}}, {"type": "Feature", "geometry": {"type": "LineString", "coordinates": [[77.6209656, 12.9192645], [77.6209168, 12.9193047], [77.6205651, 12.9195403], [77.6199096, 12.9199523], [77.6192652, 12.9203434]]}, "properties": {"segID": "way40696199/1", "name": "5th Cross Road", "ward": "Madivala", "roadClass": "residential", "lengthM": 220.0, "darkness": {"alpha": 1.748, "beta": 0.252, "mean": 0.126, "var": 0.03671}, "exposure": {"activity": 0.3758, "structural": 0.511, "blended": 0.4772}, "confidence": 0.4966, "repairPriority": 0.02986, "routePenalty": 464.2, "reportValue": 0.01752, "evidence": {"osmLampsWorking": 0, "osmLampsBroken": 0, "osmLampsUntagged": 0, "nightBusTrips": 302.0, "wardComplaints2025": 180, "reports": 0}}}, {"type": "Feature", "geometry": {"type": "LineString", "coordinates": [[77.6192652, 12.9203434], [77.6189895, 12.9205157], [77.6186461, 12.92071], [77.618202, 12.9209358]]}, "properties": {"segID": "way40696199/2", "name": "5th Cross Road", "ward": "Madivala", "roadClass": "residential", "lengthM": 132.8, "darkness": {"alpha": 1.748, "beta": 0.252, "mean": 0.126, "var": 0.03671}, "exposure": {"activity": 0.3431, "structural": 0.4656, "blended": 0.435}, "confidence": 0.4966, "repairPriority": 0.02722, "routePenalty": 288.3, "reportValue": 0.01597, "evidence": {"osmLampsWorking": 0, "osmLampsBroken": 0, "osmLampsUntagged": 0, "nightBusTrips": 220.6, "wardComplaints2025": 180, "reports": 0}}}, {"type": "Feature", "geometry": {"type": "LineString", "coordinates": [[77.6219355, 12.9186638], [77.6219816, 12.918593], [77.6223393, 12.9180437], [77.6228925, 12.9171404]]}, "properties": {"segID": "way40696221/0", "name": "Silk Board Flyover", "ward": "Jakkasandra", "roadClass": "trunk", "lengthM": 198.6, "darkness": {"alpha": 1.748, "beta": 0.252, "mean": 0.126, "var": 0.03671}, "exposure": {"activity": 0.2253, "structural": 0.7967, "blended": 0.6539}, "confidence": 0.4966, "repairPriority": 0.04092, "routePenalty": 385.4, "reportValue": 0.024, "evidence": {"osmLampsWorking": 0, "osmLampsBroken": 0, "osmLampsUntagged": 0, "nightBusTrips": 349.4, "wardComplaints2025": 62, "reports": 0}}}, {"type": "Feature", "geometry": {"type": "LineString", "coordinates": [[77.6228925, 12.9171404], [77.6240446, 12.9151188]]}, "properties": {"segID": "way40696221/1", "name": "Silk Board Flyover", "ward": "HSR Layout", "roadClass": "trunk", "lengthM": 257.1, "darkness": {"alpha": 1.748, "beta": 0.252, "mean": 0.126, "var": 0.03671}, "exposure": {"activity": 0.0843, "structural": 0.7066, "blended": 0.551}, "confidence": 0.4966, "repairPriority": 0.03448, "routePenalty": 520.9, "reportValue": 0.02023, "evidence": {"osmLampsWorking": 0, "osmLampsBroken": 0, "osmLampsUntagged": 0, "nightBusTrips": 257.8, "wardComplaints2025": 252, "reports": 0}}}, {"type": "Feature", "geometry": {"type": "LineString", "coordinates": [[77.6239418, 12.9150658], [77.6233472, 12.9161431], [77.6227896, 12.9171082]]}, "properties": {"segID": "way40696222/0", "name": "Silk Board Flyover", "ward": "Bommanahalli", "roadClass": "trunk", "lengthM": 259.2, "darkness": {"alpha": 1.748, "beta": 0.252, "mean": 0.126, "var": 0.03671}, "exposure": {"activity": 0.1384, "structural": 0.5117, "blended": 0.4184}, "confidence": 0.4966, "repairPriority": 0.02618, "routePenalty": 569.7, "reportValue": 0.01536, "evidence": {"osmLampsWorking": 0, "osmLampsBroken": 0, "osmLampsUntagged": 0, "nightBusTrips": 303.2, "wardComplaints2025": 254, "reports": 0}}}, {"type": "Feature", "geometry": {"type": "LineString", "coordinates": [[77.6227896, 12.9171082], [77.6227353, 12.9171967], [77.6224757, 12.91762], [77.6218568, 12.918616]]}, "properties": {"segID": "way40696222/1", "name": "Silk Board Flyover", "ward": "Madivala", "roadClass": "trunk", "lengthM": 195.8, "darkness": {"alpha": 1.748, "beta": 0.252, "mean": 0.126, "var": 0.03671}, "exposure": {"activity": 0.2158, "structural": 0.5217, "blended": 0.4452}, "confidence": 0.4966, "repairPriority": 0.02786, "routePenalty": 422.0, "reportValue": 0.01634, "evidence": {"osmLampsWorking": 0, "osmLampsBroken": 0, "osmLampsUntagged": 0, "nightBusTrips": 341.3, "wardComplaints2025": 180, "reports": 0}}}, {"type": "Feature", "geometry": {"type": "LineString", "coordinates": [[77.6208647, 12.9202307], [77.6209061, 12.9201591], [77.6209846, 12.9200598], [77.6213541, 12.9195205], [77.6214053, 12.9194475]]}, "properties": {"segID": "way40696223/0", "name": "Hosur Road", "ward": "Jakkasandra", "roadClass": "trunk", "lengthM": 105.0, "darkness": {"alpha": 1.748, "beta": 0.252, "mean": 0.126, "var": 0.03671}, "exposure": {"activity": 0.4996, "structural": 0.8545, "blended": 0.7658}, "confidence": 0.4966, "repairPriority": 0.04792, "routePenalty": 196.8, "reportValue": 0.02811, "evidence": {"osmLampsWorking": 0, "osmLampsBroken": 0, "osmLampsUntagged": 0, "nightBusTrips": 301.2, "wardComplaints2025": 62, "reports": 0}}}, {"type": "Feature", "geometry": {"type": "LineString", "coordinates": [[77.6678176, 12.9288125], [77.6681466, 12.9288282], [77.6682773, 12.9288234], [77.6689085, 12.9288383], [77.669054, 12.9288443], [77.6692268, 12.9288515]]}, "properties": {"segID": "way46267218/0", "name": "Margosa Avenue", "ward": "HSR Layout", "roadClass": "residential", "lengthM": 152.8, "darkness": {"alpha": 1.748, "beta": 0.252, "mean": 0.126, "var": 0.03671}, "exposure": {"activity": 0.5365, "structural": 0.3194, "blended": 0.3737}, "confidence": 0.4966, "repairPriority": 0.02338, "routePenalty": 348.9, "reportValue": 0.01372, "evidence": {"osmLampsWorking": 0, "osmLampsBroken": 0, "osmLampsUntagged": 0, "nightBusTrips": 97.2, "wardComplaints2025": 252, "reports": 0}}}, {"type": "Feature", "geometry": {"type": "LineString", "coordinates": [[77.6692268, 12.9288515], [77.669305, 12.9288477], [77.6693771, 12.9288442], [77.6694326, 12.9288466], [77.6694648, 12.928848], [77.6698394, 12.9288787], [77.6702665, 12.9289012], [77.6705341, 12.9288995], [77.6706669, 12.928889]]}, "properties": {"segID": "way46267218/1", "name": "Margosa Avenue", "ward": "Bellanduru", "roadClass": "residential", "lengthM": 156.4, "darkness": {"alpha": 0.681, "beta": 1.319, "mean": 0.6593, "var": 0.07488}, "exposure": {"activity": 0.5572, "structural": 0.3236, "blended": 0.382}, "confidence": 0.052, "repairPriority": 0.0131, "routePenalty": 527.3, "reportValue": 0.0286, "evidence": {"osmLampsWorking": 0, "osmLampsBroken": 0, "osmLampsUntagged": 0, "nightBusTrips": 99.7, "wardComplaints2025": 250, "reports": 0}}}, {"type": "Feature", "geometry": {"type": "LineString", "coordinates": [[77.6706669, 12.928889], [77.6709828, 12.9288552], [77.6712496, 12.9288347], [77.6719851, 12.9288194], [77.6720049, 12.9287981], [77.6720168, 12.928788], [77.6720287, 12.928771]]}, "properties": {"segID": "way46267218/2", "name": "Margosa Avenue", "ward": "Bellanduru", "roadClass": "residential", "lengthM": 150.4, "darkness": {"alpha": 0.681, "beta": 1.319, "mean": 0.6593, "var": 0.07488}, "exposure": {"activity": 0.1737, "structural": 0.3215, "blended": 0.2845}, "confidence": 0.052, "repairPriority": 0.00975, "routePenalty": 547.3, "reportValue": 0.0213, "evidence": {"osmLampsWorking": 0, "osmLampsBroken": 0, "osmLampsUntagged": 0, "nightBusTrips": 99.2, "wardComplaints2025": 250, "reports": 0}}}, {"type": "Feature", "geometry": {"type": "LineString", "coordinates": [[77.6720287, 12.928771], [77.6720311, 12.9287599], [77.6719267, 12.9282549], [77.6718126, 12.9278526], [77.6716057, 12.9273282]]}, "properties": {"segID": "way46267218/3", "name": "Margosa Avenue", "ward": "Bellanduru", "roadClass": "residential", "lengthM": 167.4, "darkness": {"alpha": 0.681, "beta": 1.319, "mean": 0.6593, "var": 0.07488}, "exposure": {"activity": 0.2571, "structural": 0.3535, "blended": 0.3294}, "confidence": 0.052, "repairPriority": 0.01129, "routePenalty": 585.2, "reportValue": 0.02467, "evidence": {"osmLampsWorking": 0, "osmLampsBroken": 0, "osmLampsUntagged": 0, "nightBusTrips": 115.5, "wardComplaints2025": 250, "reports": 0}}}, {"type": "Feature", "geometry": {"type": "LineString", "coordinates": [[77.6710594, 12.9260732], [77.6704746, 12.9262443], [77.6703635, 12.9262124], [77.6702856, 12.9262215], [77.6697898, 12.9262063], [77.6697577, 12.9262056]]}, "properties": {"segID": "way46267220/0", "name": "1st A Cross Road", "ward": "Bellanduru", "roadClass": "residential", "lengthM": 144.5, "darkness": {"alpha": 0.681, "beta": 1.319, "mean": 0.6593, "var": 0.07488}, "exposure": {"activity": 0.8366, "structural": 0.4302, "blended": 0.5318}, "confidence": 0.052, "repairPriority": 0.01823, "routePenalty": 455.3, "reportValue": 0.03982, "evidence": {"osmLampsWorking": 0, "osmLampsBroken": 0, "osmLampsUntagged": 0, "nightBusTrips": 184.4, "wardComplaints2025": 250, "reports": 0}}}, {"type": "Feature", "geometry": {"type": "LineString", "coordinates": [[77.622744, 12.937427], [77.6217396, 12.9379766], [77.6212621, 12.9381933]]}, "properties": {"segID": "way52011737/0", "name": "3rd Cross Road", "ward": "Koramangala", "roadClass": "residential", "lengthM": 181.9, "darkness": {"alpha": 1.748, "beta": 0.252, "mean": 0.126, "var": 0.03671}, "exposure": {"activity": 0.7403, "structural": 0.3548, "blended": 0.4512}, "confidence": 0.4966, "repairPriority": 0.02823, "routePenalty": 390.4, "reportValue": 0.01656, "evidence": {"osmLampsWorking": 0, "osmLampsBroken": 0, "osmLampsUntagged": 0, "nightBusTrips": 52.5, "wardComplaints2025": 136, "reports": 0}}}, {"type": "Feature", "geometry": {"type": "LineString", "coordinates": [[77.6193219, 12.9227458], [77.6195651, 12.9228785], [77.6196138, 12.922901], [77.6198128, 12.9229928], [77.6200243, 12.9230905]]}, "properties": {"segID": "way55489682/0", "name": "Vinayaka Temple Street", "ward": "Koramangala", "roadClass": "residential", "lengthM": 85.3, "darkness": {"alpha": 1.748, "beta": 0.252, "mean": 0.126, "var": 0.03671}, "exposure": {"activity": 0.4729, "structural": 0.8275, "blended": 0.7389}, "confidence": 0.4966, "repairPriority": 0.04623, "routePenalty": 161.1, "reportValue": 0.02713, "evidence": {"osmLampsWorking": 0, "osmLampsBroken": 0, "osmLampsUntagged": 0, "nightBusTrips": 240.0, "wardComplaints2025": 136, "reports": 0}}}, {"type": "Feature", "geometry": {"type": "LineString", "coordinates": [[77.6316508, 12.9246883], [77.631677, 12.9252705], [77.6316976, 12.9257288], [77.6316986, 12.9257509], [77.6317161, 12.9261921]]}, "properties": {"segID": "way55491839/0", "name": "7th C Main Road", "ward": "Koramangala", "roadClass": "residential", "lengthM": 167.4, "darkness": {"alpha": 1.748, "beta": 0.252, "mean": 0.126, "var": 0.03671}, "exposure": {"activity": 0.4067, "structural": 0.542, "blended": 0.5082}, "confidence": 0.4966, "repairPriority": 0.0318, "routePenalty": 346.8, "reportValue": 0.01866, "evidence": {"osmLampsWorking": 0, "osmLampsBroken": 0, "osmLampsUntagged": 0, "nightBusTrips": 90.1, "wardComplaints2025": 136, "reports": 0}}}, {"type": "Feature", "geometry": {"type": "LineString", "coordinates": [[77.6497307, 12.9225543], [77.6502755, 12.922476], [77.6502919, 12.9224736], [77.650475, 12.9224442]]}, "properties": {"segID": "way60195082/0", "name": "1st Cross Road", "ward": "HSR Layout", "roadClass": "residential", "lengthM": 81.6, "darkness": {"alpha": 1.748, "beta": 0.252, "mean": 0.126, "var": 0.03671}, "exposure": {"activity": 0.9183, "structural": 0.4082, "blended": 0.5357}, "confidence": 0.4966, "repairPriority": 0.03352, "routePenalty": 166.6, "reportValue": 0.01967, "evidence": {"osmLampsWorking": 0, "osmLampsBroken": 0, "osmLampsUntagged": 0, "nightBusTrips": 158.2, "wardComplaints2025": 252, "reports": 0}}}, {"type": "Feature", "geometry": {"type": "LineString", "coordinates": [[77.6536077, 12.9167364], [77.6537337, 12.9174263], [77.6538121, 12.9177923]]}, "properties": {"segID": "way90843338/0", "name": "30th Main Road", "ward": "HSR Layout", "roadClass": "residential", "lengthM": 119.5, "darkness": {"alpha": 1.748, "beta": 0.252, "mean": 0.126, "var": 0.03671}, "exposure": {"activity": 0.3968, "structural": 0.1655, "blended": 0.2233}, "confidence": 0.4966, "repairPriority": 0.01397, "routePenalty": 337.0, "reportValue": 0.0082, "evidence": {"osmLampsWorking": 0, "osmLampsBroken": 0, "osmLampsUntagged": 0, "nightBusTrips": 41.1, "wardComplaints2025": 252, "reports": 0}}}, {"type": "Feature", "geometry": {"type": "LineString", "coordinates": [[77.651633, 12.9196937], [77.6517266, 12.9196621], [77.6521539, 12.9196705], [77.654116, 12.9197696]]}, "properties": {"segID": "way90843343/0", "name": "7th Cross Road", "ward": "HSR Layout", "roadClass": "residential", "lengthM": 270.0, "darkness": {"alpha": 1.748, "beta": 0.252, "mean": 0.126, "var": 0.03671}, "exposure": {"activity": 0.715, "structural": 0.2794, "blended": 0.3883}, "confidence": 0.4966, "repairPriority": 0.0243, "routePenalty": 608.4, "reportValue": 0.01425, "evidence": {"osmLampsWorking": 0, "osmLampsBroken": 0, "osmLampsUntagged": 0, "nightBusTrips": 79.4, "wardComplaints2025": 252, "reports": 0}}}, {"type": "Feature", "geometry": {"type": "LineString", "coordinates": [[77.654116, 12.9197696], [77.6544595, 12.9197639]]}, "properties": {"segID": "way90843343/1", "name": "7th Cross Road", "ward": "HSR Layout", "roadClass": "residential", "lengthM": 37.2, "darkness": {"alpha": 1.748, "beta": 0.252, "mean": 0.126, "var": 0.03671}, "exposure": {"activity": 0.1427, "structural": 0.2665, "blended": 0.2355}, "confidence": 0.4966, "repairPriority": 0.01474, "routePenalty": 102.3, "reportValue": 0.00865, "evidence": {"osmLampsWorking": 0, "osmLampsBroken": 0, "osmLampsUntagged": 0, "nightBusTrips": 74.3, "wardComplaints2025": 252, "reports": 0}}}, {"type": "Feature", "geometry": {"type": "LineString", "coordinates": [[77.6288623, 12.9241419], [77.6286643, 12.9239992], [77.6285248, 12.9239475], [77.627065, 12.9236267]]}, "properties": {"segID": "way92196679/0", "name": "Madiwala Sarjapura Road", "ward": "Jakkasandra", "roadClass": "primary", "lengthM": 205.0, "darkness": {"alpha": 1.748, "beta": 0.252, "mean": 0.126, "var": 0.03671}, "exposure": {"activity": 0.2081, "structural": 0.8715, "blended": 0.7057}, "confidence": 0.4966, "repairPriority": 0.04416, "routePenalty": 391.0, "reportValue": 0.02591, "evidence": {"osmLampsWorking": 0, "osmLampsBroken": 0, "osmLampsUntagged": 0, "nightBusTrips": 218.7, "wardComplaints2025": 62, "reports": 0}}}, {"type": "Feature", "geometry": {"type": "LineString", "coordinates": [[77.627065, 12.9236267], [77.6266787, 12.9235503], [77.6242948, 12.9230244]]}, "properties": {"segID": "way92196679/1", "name": "Madiwala Sarjapura Road", "ward": "Jakkasandra", "roadClass": "primary", "lengthM": 307.6, "darkness": {"alpha": 1.748, "beta": 0.252, "mean": 0.126, "var": 0.03671}, "exposure": {"activity": 0.276, "structural": 0.8662, "blended": 0.7187}, "confidence": 0.4966, "repairPriority": 0.04497, "routePenalty": 584.3, "reportValue": 0.02638, "evidence": {"osmLampsWorking": 0, "osmLampsBroken": 0, "osmLampsUntagged": 0, "nightBusTrips": 215.3, "wardComplaints2025": 62, "reports": 0}}}, {"type": "Feature", "geometry": {"type": "LineString", "coordinates": [[77.6242948, 12.9230244], [77.6236503, 12.92289], [77.6235996, 12.9228794], [77.6232282, 12.9227511], [77.6231013, 12.922675], [77.6220184, 12.9220258]]}, "properties": {"segID": "way92196679/2", "name": "Madiwala Sarjapura Road", "ward": "Jakkasandra", "roadClass": "primary", "lengthM": 273.7, "darkness": {"alpha": 1.748, "beta": 0.252, "mean": 0.126, "var": 0.03671}, "exposure": {"activity": 0.2416, "structural": 0.8958, "blended": 0.7322}, "confidence": 0.4966, "repairPriority": 0.04581, "routePenalty": 517.8, "reportValue": 0.02688, "evidence": {"osmLampsWorking": 0, "osmLampsBroken": 0, "osmLampsUntagged": 0, "nightBusTrips": 265.0, "wardComplaints2025": 62, "reports": 0}}}, {"type": "Feature", "geometry": {"type": "LineString", "coordinates": [[77.6220184, 12.9220258], [77.6217106, 12.9218412], [77.6210995, 12.9214902], [77.6207556, 12.9212926]]}, "properties": {"segID": "way92196679/3", "name": "Madiwala Sarjapura Road", "ward": "Jakkasandra", "roadClass": "primary", "lengthM": 159.3, "darkness": {"alpha": 1.748, "beta": 0.252, "mean": 0.126, "var": 0.03671}, "exposure": {"activity": 0.6406, "structural": 0.8946, "blended": 0.8311}, "confidence": 0.4966, "repairPriority": 0.052, "routePenalty": 293.6, "reportValue": 0.03051, "evidence": {"osmLampsWorking": 0, "osmLampsBroken": 0, "osmLampsUntagged": 0, "nightBusTrips": 295.1, "wardComplaints2025": 62, "reports": 0}}}, {"type": "Feature", "geometry": {"type": "LineString", "coordinates": [[77.6314311, 12.9353781], [77.6311609, 12.9355431], [77.631112, 12.9355786], [77.6308385, 12.9353543], [77.6305636, 12.9351438], [77.6302023, 12.9348684]]}, "properties": {"segID": "way111786740/0", "name": "1st Cross Road", "ward": "Ejipura", "roadClass": "residential", "lengthM": 167.5, "darkness": {"alpha": 1.748, "beta": 0.252, "mean": 0.126, "var": 0.03671}, "exposure": {"activity": 0.9097, "structural": 0.4555, "blended": 0.5691}, "confidence": 0.4966, "repairPriority": 0.03561, "routePenalty": 336.5, "reportValue": 0.02089, "evidence": {"osmLampsWorking": 0, "osmLampsBroken": 0, "osmLampsUntagged": 0, "nightBusTrips": 44.4, "wardComplaints2025": 78, "reports": 0}}}, {"type": "Feature", "geometry": {"type": "LineString", "coordinates": [[77.6302023, 12.9348684], [77.6300679, 12.9347714]]}, "properties": {"segID": "way111786740/1", "name": "1st Cross Road", "ward": "Ejipura", "roadClass": "residential", "lengthM": 18.1, "darkness": {"alpha": 1.748, "beta": 0.252, "mean": 0.126, "var": 0.03671}, "exposure": {"activity": 0.9665, "structural": 0.6659, "blended": 0.741}, "confidence": 0.4966, "repairPriority": 0.04637, "routePenalty": 34.2, "reportValue": 0.0272, "evidence": {"osmLampsWorking": 0, "osmLampsBroken": 0, "osmLampsUntagged": 0, "nightBusTrips": 51.1, "wardComplaints2025": 78, "reports": 0}}}, {"type": "Feature", "geometry": {"type": "LineString", "coordinates": [[77.6329292, 12.938119], [77.6330994, 12.9377472], [77.6331456, 12.9376662], [77.6331872, 12.9375995], [77.6332347, 12.9375202], [77.6333038, 12.9374218], [77.6334434, 12.9372545], [77.6335297, 12.9371518], [77.6336885, 12.9370063]]}, "properties": {"segID": "way111786744/0", "name": "7th Main Road", "ward": "Agaram", "roadClass": "tertiary", "lengthM": 150.1, "darkness": {"alpha": 0.508, "beta": 1.492, "mean": 0.7459, "var": 0.06318}, "exposure": {"activity": 0.2519, "structural": 0.5455, "blended": 0.4721}, "confidence": 0.0684, "repairPriority": 0.02409, "routePenalty": 489.1, "reportValue": 0.02983, "evidence": {"osmLampsWorking": 0, "osmLampsBroken": 0, "osmLampsUntagged": 0, "nightBusTrips": 30.1, "wardComplaints2025": 71, "reports": 0}}}, {"type": "Feature", "geometry": {"type": "LineString", "coordinates": [[77.6336885, 12.9370063], [77.6341418, 12.936606], [77.6342966, 12.9364726], [77.6345214, 12.9362607], [77.634537, 12.9362284], [77.6345471, 12.9361801], [77.6345451, 12.9361396], [77.6345364, 12.9361219], [77.634513, 12.9360938]]}, "properties": {"segID": "way111786744/1", "name": "7th Main Road", "ward": "Ejipura", "roadClass": "tertiary", "lengthM": 142.7, "darkness": {"alpha": 1.748, "beta": 0.252, "mean": 0.126, "var": 0.03671}, "exposure": {"activity": 0.1488, "structural": 0.5021, "blended": 0.4138}, "confidence": 0.4966, "repairPriority": 0.02589, "routePenalty": 314.8, "reportValue": 0.01519, "evidence": {"osmLampsWorking": 0, "osmLampsBroken": 0, "osmLampsUntagged": 0, "nightBusTrips": 21.6, "wardComplaints2025": 78, "reports": 0}}}, {"type": "Feature", "geometry": {"type": "LineString", "coordinates": [[77.620899, 12.9272267], [77.6204316, 12.925982], [77.6203664, 12.9258085]]}, "properties": {"segID": "way111814614/0", "name": "Mahayogi Vemana Road", "ward": "Koramangala", "roadClass": "primary", "lengthM": 167.9, "darkness": {"alpha": 1.748, "beta": 0.252, "mean": 0.126, "var": 0.03671}, "exposure": {"activity": 0.1058, "structural": 0.4646, "blended": 0.3749}, "confidence": 0.4966, "repairPriority": 0.02346, "routePenalty": 382.9, "reportValue": 0.01376, "evidence": {"osmLampsWorking": 0, "osmLampsBroken": 0, "osmLampsUntagged": 0, "nightBusTrips": 219.7, "wardComplaints2025": 136, "reports": 0}}}, {"type": "Feature", "geometry": {"type": "LineString", "coordinates": [[77.6203664, 12.9258085], [77.6203441, 12.9257492], [77.6201569, 12.9255148], [77.6201379, 12.9254909], [77.6200898, 12.9254422], [77.6200089, 12.9253882], [77.619846, 12.9252826], [77.6185737, 12.9247611]]}, "properties": {"segID": "way111814614/1", "name": "Mahayogi Vemana Road", "ward": "Koramangala", "roadClass": "primary", "lengthM": 232.3, "darkness": {"alpha": 1.748, "beta": 0.252, "mean": 0.126, "var": 0.03671}, "exposure": {"activity": 0.1032, "structural": 0.4639, "blended": 0.3737}, "confidence": 0.4966, "repairPriority": 0.02338, "routePenalty": 530.4, "reportValue": 0.01372, "evidence": {"osmLampsWorking": 0, "osmLampsBroken": 0, "osmLampsUntagged": 0, "nightBusTrips": 219.5, "wardComplaints2025": 136, "reports": 0}}}, {"type": "Feature", "geometry": {"type": "LineString", "coordinates": [[77.6185737, 12.9247611], [77.6183237, 12.9246425], [77.618251, 12.9246054], [77.6180426, 12.9244848]]}, "properties": {"segID": "way111814614/2", "name": "Mahayogi Vemana Road", "ward": "Koramangala", "roadClass": "primary", "lengthM": 65.3, "darkness": {"alpha": 1.748, "beta": 0.252, "mean": 0.126, "var": 0.03671}, "exposure": {"activity": 0.0894, "structural": 0.4663, "blended": 0.3721}, "confidence": 0.4966, "repairPriority": 0.02328, "routePenalty": 149.3, "reportValue": 0.01366, "evidence": {"osmLampsWorking": 0, "osmLampsBroken": 0, "osmLampsUntagged": 0, "nightBusTrips": 220.7, "wardComplaints2025": 136, "reports": 0}}}, {"type": "Feature", "geometry": {"type": "LineString", "coordinates": [[77.622498, 12.9315406], [77.6225692, 12.9317164], [77.6226551, 12.9319288], [77.6232731, 12.9334559]]}, "properties": {"segID": "way111814615/0", "name": "Mahayogi Vemana Road", "ward": "Koramangala", "roadClass": "primary", "lengthM": 228.9, "darkness": {"alpha": 1.748, "beta": 0.252, "mean": 0.126, "var": 0.03671}, "exposure": {"activity": 0.9355, "structural": 0.6726, "blended": 0.7383}, "confidence": 0.4966, "repairPriority": 0.0462, "routePenalty": 432.3, "reportValue": 0.0271, "evidence": {"osmLampsWorking": 0, "osmLampsBroken": 0, "osmLampsUntagged": 0, "nightBusTrips": 110.9, "wardComplaints2025": 136, "reports": 0}}}, {"type": "Feature", "geometry": {"type": "LineString", "coordinates": [[77.6232731, 12.9334559], [77.6237779, 12.9345359], [77.623801, 12.9345854], [77.6240716, 12.9349653]]}, "properties": {"segID": "way111814615/1", "name": "Mahayogi Vemana Road", "ward": "Koramangala", "roadClass": "primary", "lengthM": 189.4, "darkness": {"alpha": 1.748, "beta": 0.252, "mean": 0.126, "var": 0.03671}, "exposure": {"activity": 0.9871, "structural": 0.6574, "blended": 0.7399}, "confidence": 0.4966, "repairPriority": 0.0463, "routePenalty": 357.5, "reportValue": 0.02716, "evidence": {"osmLampsWorking": 0, "osmLampsBroken": 0, "osmLampsUntagged": 0, "nightBusTrips": 79.8, "wardComplaints2025": 136, "reports": 0}}}, {"type": "Feature", "geometry": {"type": "LineString", "coordinates": [[77.6240716, 12.9349653], [77.6243708, 12.9352411]]}, "properties": {"segID": "way111814615/2", "name": "Mahayogi Vemana Road", "ward": "Koramangala", "roadClass": "primary", "lengthM": 44.6, "darkness": {"alpha": 1.748, "beta": 0.252, "mean": 0.126, "var": 0.03671}, "exposure": {"activity": 0.9441, "structural": 0.6488, "blended": 0.7227}, "confidence": 0.4966, "repairPriority": 0.04522, "routePenalty": 84.6, "reportValue": 0.02653, "evidence": {"osmLampsWorking": 0, "osmLampsBroken": 0, "osmLampsUntagged": 0, "nightBusTrips": 74.7, "wardComplaints2025": 136, "reports": 0}}}, {"type": "Feature", "geometry": {"type": "LineString", "coordinates": [[77.6296896, 12.9353344], [77.6290883, 12.9351407], [77.6290489, 12.935128]]}, "properties": {"segID": "way111996868/0", "name": "Green Leaf Layout", "ward": "Ejipura", "roadClass": "residential", "lengthM": 73.1, "darkness": {"alpha": 1.748, "beta": 0.252, "mean": 0.126, "var": 0.03671}, "exposure": {"activity": 0.9518, "structural": 0.4071, "blended": 0.5433}, "confidence": 0.4966, "repairPriority": 0.034, "routePenalty": 148.7, "reportValue": 0.01994, "evidence": {"osmLampsWorking": 0, "osmLampsBroken": 0, "osmLampsUntagged": 0, "nightBusTrips": 62.8, "wardComplaints2025": 78, "reports": 0}}}, {"type": "Feature", "geometry": {"type": "LineString", "coordinates": [[77.6369007, 12.9186139], [77.6366886, 12.9187202], [77.6358604, 12.9191627], [77.6359101, 12.9192693], [77.6357493, 12.9193503]]}, "properties": {"segID": "way112462014/0", "name": "8th C Cross Road", "ward": "Jakkasandra", "roadClass": "residential", "lengthM": 160.8, "darkness": {"alpha": 1.748, "beta": 0.252, "mean": 0.126, "var": 0.03671}, "exposure": {"activity": 0.3345, "structural": 0.8301, "blended": 0.7062}, "confidence": 0.4966, "repairPriority": 0.04419, "routePenalty": 306.6, "reportValue": 0.02592, "evidence": {"osmLampsWorking": 0, "osmLampsBroken": 0, "osmLampsUntagged": 0, "nightBusTrips": 149.2, "wardComplaints2025": 62, "reports": 0}}}, {"type": "Feature", "geometry": {"type": "LineString", "coordinates": [[77.6357493, 12.9193503], [77.6351645, 12.9197103], [77.6348781, 12.9198235], [77.6349157, 12.9199333], [77.6349488, 12.9200367], [77.6350394, 12.9202886]]}, "properties": {"segID": "way112462014/1", "name": "8th C Cross Road", "ward": "Jakkasandra", "roadClass": "residential", "lengthM": 163.1, "darkness": {"alpha": 1.748, "beta": 0.252, "mean": 0.126, "var": 0.03671}, "exposure": {"activity": 0.2855, "structural": 0.8017, "blended": 0.6727}, "confidence": 0.4966, "repairPriority": 0.04209, "routePenalty": 314.5, "reportValue": 0.02469, "evidence": {"osmLampsWorking": 0, "osmLampsBroken": 0, "osmLampsUntagged": 0, "nightBusTrips": 129.9, "wardComplaints2025": 62, "reports": 0}}}, {"type": "Feature", "geometry": {"type": "LineString", "coordinates": [[77.6350394, 12.9202886], [77.635159, 12.9206097]]}, "properties": {"segID": "way112462014/2", "name": "8th C Cross Road", "ward": "Jakkasandra", "roadClass": "residential", "lengthM": 38.0, "darkness": {"alpha": 1.748, "beta": 0.252, "mean": 0.126, "var": 0.03671}, "exposure": {"activity": 0.2631, "structural": 0.7921, "blended": 0.6598}, "confidence": 0.4966, "repairPriority": 0.04128, "routePenalty": 73.6, "reportValue": 0.02422, "evidence": {"osmLampsWorking": 0, "osmLampsBroken": 0, "osmLampsUntagged": 0, "nightBusTrips": 128.4, "wardComplaints2025": 62, "reports": 0}}}, {"type": "Feature", "geometry": {"type": "LineString", "coordinates": [[77.6367015, 12.9252241], [77.6366975, 12.9251339], [77.6366846, 12.924871], [77.6366711, 12.9245171], [77.6366706, 12.9244853], [77.6366629, 12.9240962], [77.6366585, 12.9238864], [77.6366547, 12.9236484]]}, "properties": {"segID": "way112462016/0", "name": "1st Main Road", "ward": "Jakkasandra", "roadClass": "residential", "lengthM": 175.3, "darkness": {"alpha": 1.748, "beta": 0.252, "mean": 0.126, "var": 0.03671}, "exposure": {"activity": 0.3801, "structural": 0.546, "blended": 0.5045}, "confidence": 0.4966, "repairPriority": 0.03157, "routePenalty": 363.9, "reportValue": 0.01852, "evidence": {"osmLampsWorking": 0, "osmLampsBroken": 0, "osmLampsUntagged": 0, "nightBusTrips": 86.7, "wardComplaints2025": 62, "reports": 0}}}, {"type": "Feature", "geometry": {"type": "LineString", "coordinates": [[77.6366547, 12.9236484], [77.6366365, 12.9235071], [77.6365486, 12.922876], [77.636511, 12.9225809], [77.6364925, 12.9224409]]}, "properties": {"segID": "way112462016/1", "name": "1st Main Road", "ward": "Jakkasandra", "roadClass": "residential", "lengthM": 135.4, "darkness": {"alpha": 1.748, "beta": 0.252, "mean": 0.126, "var": 0.03671}, "exposure": {"activity": 0.2012, "structural": 0.5911, "blended": 0.4936}, "confidence": 0.4966, "repairPriority": 0.03089, "routePenalty": 282.9, "reportValue": 0.01812, "evidence": {"osmLampsWorking": 0, "osmLampsBroken": 0, "osmLampsUntagged": 0, "nightBusTrips": 105.3, "wardComplaints2025": 62, "reports": 0}}}, {"type": "Feature", "geometry": {"type": "LineString", "coordinates": [[77.6620457, 12.9264446], [77.6621356, 12.9265198], [77.6622181, 12.9265272], [77.6623618, 12.926549], [77.6625149, 12.9265781], [77.6628308, 12.926638], [77.662978, 12.9266692], [77.6637151, 12.9267791]]}, "properties": {"segID": "way115596431/0", "name": "6th Main Road", "ward": "Agaram", "roadClass": "residential", "lengthM": 186.5, "darkness": {"alpha": 0.756, "beta": 1.644, "mean": 0.6851, "var": 0.06345}, "exposure": {"activity": 0.0696, "structural": 0.2991, "blended": 0.2418}, "confidence": 0.0653, "repairPriority": 0.01082, "routePenalty": 703.3, "reportValue": 0.01534, "evidence": {"osmLampsWorking": 0, "osmLampsBroken": 0, "osmLampsUntagged": 1, "nightBusTrips": 87.6, "wardComplaints2025": 71, "reports": 0}}}, {"type": "Feature", "geometry": {"type": "LineString", "coordinates": [[77.6637151, 12.9267791], [77.6639777, 12.9268189], [77.6650963, 12.9270024]]}, "properties": {"segID": "way115596431/1", "name": "6th Main Road", "ward": "HSR Layout", "roadClass": "residential", "lengthM": 151.7, "darkness": {"alpha": 4.548, "beta": 0.252, "mean": 0.0525, "var": 0.00858}, "exposure": {"activity": 0.086, "structural": 0.3046, "blended": 0.25}, "confidence": 0.9845, "repairPriority": 0.01292, "routePenalty": 355.4, "reportValue": 0.00215, "evidence": {"osmLampsWorking": 0, "osmLampsBroken": 0, "osmLampsUntagged": 7, "nightBusTrips": 89.8, "wardComplaints2025": 252, "reports": 0}}}, {"type": "Feature", "geometry": {"type": "LineString", "coordinates": [[77.6650963, 12.9270024], [77.6652216, 12.9270177], [77.6652842, 12.927028]]}, "properties": {"segID": "way115596431/2", "name": "6th Main Road", "ward": "HSR Layout", "roadClass": "residential", "lengthM": 20.6, "darkness": {"alpha": 3.348, "beta": 0.252, "mean": 0.07, "var": 0.01415}, "exposure": {"activity": 0.0851, "structural": 0.3332, "blended": 0.2712}, "confidence": 0.9527, "repairPriority": 0.01809, "routePenalty": 47.8, "reportValue": 0.00384, "evidence": {"osmLampsWorking": 0, "osmLampsBroken": 0, "osmLampsUntagged": 4, "nightBusTrips": 103.5, "wardComplaints2025": 252, "reports": 0}}}, {"type": "Feature", "geometry": {"type": "LineString", "coordinates": [[77.6348747, 12.9231119], [77.6346659, 12.9231398], [77.6338806, 12.9232712]]}, "properties": {"segID": "way123624212/0", "name": "3rd Cross Road", "ward": "Jakkasandra", "roadClass": "residential", "lengthM": 109.2, "darkness": {"alpha": 1.748, "beta": 0.252, "mean": 0.126, "var": 0.03671}, "exposure": {"activity": 0.4961, "structural": 0.5669, "blended": 0.5492}, "confidence": 0.4966, "repairPriority": 0.03436, "routePenalty": 221.5, "reportValue": 0.02016, "evidence": {"osmLampsWorking": 0, "osmLampsBroken": 0, "osmLampsUntagged": 0, "nightBusTrips": 109.3, "wardComplaints2025": 62, "reports": 0}}}, {"type": "Feature", "geometry": {"type": "LineString", "coordinates": [[77.6381526, 12.9246321], [77.6381133, 12.9245404], [77.6380746, 12.9244196], [77.6380583, 12.9243276], [77.6380294, 12.924166], [77.6380201, 12.9240962], [77.6380022, 12.924016], [77.6379911, 12.9239731], [77.6379777, 12.9239167], [77.6379559, 12.9238593], [77.6379274, 12.9237954], [77.6378918, 12.9237157], [77.6378563, 12.9235961], [77.6378411, 12.9235161], [77.637832, 12.9234034], [77.6378137, 12.9232318]]}, "properties": {"segID": "way123624213/0", "name": "3rd Main Road", "ward": "Jakkasandra", "roadClass": "residential", "lengthM": 160.9, "darkness": {"alpha": 1.748, "beta": 0.252, "mean": 0.126, "var": 0.03671}, "exposure": {"activity": 0.2588, "structural": 0.6884, "blended": 0.581}, "confidence": 0.4966, "repairPriority": 0.03635, "routePenalty": 321.5, "reportValue": 0.02133, "evidence": {"osmLampsWorking": 0, "osmLampsBroken": 0, "osmLampsUntagged": 0, "nightBusTrips": 99.2, "wardComplaints2025": 62, "reports": 0}}}, {"type": "Feature", "geometry": {"type": "LineString", "coordinates": [[77.6378137, 12.9232318], [77.6377912, 12.9229869], [77.6377761, 12.9228567], [77.637771, 12.9228259], [77.6377403, 12.9226623], [77.6377249, 12.9225661], [77.6377209, 12.9225299], [77.6376907, 12.9223391], [77.6376222, 12.9220792], [77.6375462, 12.9218273]]}, "properties": {"segID": "way123624213/1", "name": "3rd Main Road", "ward": "Jakkasandra", "roadClass": "residential", "lengthM": 159.2, "darkness": {"alpha": 1.748, "beta": 0.252, "mean": 0.126, "var": 0.03671}, "exposure": {"activity": 0.141, "structural": 0.6432, "blended": 0.5176}, "confidence": 0.4966, "repairPriority": 0.03239, "routePenalty": 328.1, "reportValue": 0.019, "evidence": {"osmLampsWorking": 0, "osmLampsBroken": 0, "osmLampsUntagged": 0, "nightBusTrips": 100.1, "wardComplaints2025": 62, "reports": 0}}}, {"type": "Feature", "geometry": {"type": "LineString", "coordinates": [[77.6375462, 12.9218273], [77.6374855, 12.9216392], [77.6374545, 12.921543]]}, "properties": {"segID": "way123624213/2", "name": "3rd Main Road", "ward": "Jakkasandra", "roadClass": "residential", "lengthM": 33.1, "darkness": {"alpha": 1.748, "beta": 0.252, "mean": 0.126, "var": 0.03671}, "exposure": {"activity": 0.1831, "structural": 0.5242, "blended": 0.4389}, "confidence": 0.4966, "repairPriority": 0.02746, "routePenalty": 71.7, "reportValue": 0.01611, "evidence": {"osmLampsWorking": 0, "osmLampsBroken": 0, "osmLampsUntagged": 0, "nightBusTrips": 101.8, "wardComplaints2025": 62, "reports": 0}}}, {"type": "Feature", "geometry": {"type": "LineString", "coordinates": [[77.6375826, 12.9161569], [77.6375846, 12.9161891], [77.6376209, 12.916762], [77.6376919, 12.9179962]]}, "properties": {"segID": "way123624215/0", "name": "13th Main Road", "ward": "Jakkasandra", "roadClass": "residential", "lengthM": 204.9, "darkness": {"alpha": 3.748, "beta": 4.252, "mean": 0.5315, "var": 0.02767}, "exposure": {"activity": 0.6827, "structural": 0.6267, "blended": 0.6407}, "confidence": 0.8977, "repairPriority": 0.3057, "routePenalty": 509.4, "reportValue": 0.01773, "evidence": {"osmLampsWorking": 2, "osmLampsBroken": 4, "osmLampsUntagged": 0, "nightBusTrips": 136.2, "wardComplaints2025": 62, "reports": 0}}}, {"type": "Feature", "geometry": {"type": "LineString", "coordinates": [[77.6376919, 12.9179962], [77.6377526, 12.9190506]]}, "properties": {"segID": "way123624215/1", "name": "13th Main Road", "ward": "Jakkasandra", "roadClass": "residential", "lengthM": 117.4, "darkness": {"alpha": 1.748, "beta": 0.252, "mean": 0.126, "var": 0.03671}, "exposure": {"activity": 0.5709, "structural": 0.612, "blended": 0.6017}, "confidence": 0.4966, "repairPriority": 0.03765, "routePenalty": 232.5, "reportValue": 0.02209, "evidence": {"osmLampsWorking": 0, "osmLampsBroken": 0, "osmLampsUntagged": 0, "nightBusTrips": 125.6, "wardComplaints2025": 62, "reports": 0}}}, {"type": "Feature", "geometry": {"type": "LineString", "coordinates": [[77.6373009, 12.9190572], [77.6372293, 12.9180174], [77.6372118, 12.9176462]]}, "properties": {"segID": "way123624219/0", "name": "6th Cross Road", "ward": "Jakkasandra", "roadClass": "residential", "lengthM": 157.2, "darkness": {"alpha": 1.748, "beta": 0.252, "mean": 0.126, "var": 0.03671}, "exposure": {"activity": 0.632, "structural": 0.812, "blended": 0.767}, "confidence": 0.4966, "repairPriority": 0.04799, "routePenalty": 294.5, "reportValue": 0.02816, "evidence": {"osmLampsWorking": 0, "osmLampsBroken": 0, "osmLampsUntagged": 0, "nightBusTrips": 154.6, "wardComplaints2025": 62, "reports": 0}}}, {"type": "Feature", "geometry": {"type": "LineString", "coordinates": [[77.6372118, 12.9176462], [77.6371917, 12.9172538], [77.6371645, 12.9168043]]}, "properties": {"segID": "way123624219/1", "name": "6th Cross Road", "ward": "Jakkasandra", "roadClass": "residential", "lengthM": 93.8, "darkness": {"alpha": 1.748, "beta": 0.252, "mean": 0.126, "var": 0.03671}, "exposure": {"activity": 0.675, "structural": 0.8478, "blended": 0.8046}, "confidence": 0.4966, "repairPriority": 0.05035, "routePenalty": 174.0, "reportValue": 0.02954, "evidence": {"osmLampsWorking": 0, "osmLampsBroken": 0, "osmLampsUntagged": 0, "nightBusTrips": 163.4, "wardComplaints2025": 62, "reports": 0}}}, {"type": "Feature", "geometry": {"type": "LineString", "coordinates": [[77.6379569, 12.9205839], [77.6372511, 12.920848], [77.6372805, 12.9209251], [77.6368421, 12.9210735], [77.6365551, 12.9211757]]}, "properties": {"segID": "way123624220/0", "name": "6th Cross Road", "ward": "Jakkasandra", "roadClass": "residential", "lengthM": 174.5, "darkness": {"alpha": 1.748, "beta": 0.252, "mean": 0.126, "var": 0.03671}, "exposure": {"activity": 0.2408, "structural": 0.6071, "blended": 0.5155}, "confidence": 0.4966, "repairPriority": 0.03226, "routePenalty": 360.1, "reportValue": 0.01892, "evidence": {"osmLampsWorking": 0, "osmLampsBroken": 0, "osmLampsUntagged": 0, "nightBusTrips": 119.2, "wardComplaints2025": 62, "reports": 0}}}, {"type": "Feature", "geometry": {"type": "LineString", "coordinates": [[77.6365551, 12.9211757], [77.6362894, 12.9212801], [77.6360384, 12.921385], [77.6357689, 12.9214915], [77.6352877, 12.9216817], [77.6350052, 12.9217578]]}, "properties": {"segID": "way123624220/1", "name": "6th Cross Road", "ward": "Jakkasandra", "roadClass": "residential", "lengthM": 180.2, "darkness": {"alpha": 1.748, "beta": 0.252, "mean": 0.126, "var": 0.03671}, "exposure": {"activity": 0.227, "structural": 0.6815, "blended": 0.5679}, "confidence": 0.4966, "repairPriority": 0.03553, "routePenalty": 362.2, "reportValue": 0.02085, "evidence": {"osmLampsWorking": 0, "osmLampsBroken": 0, "osmLampsUntagged": 0, "nightBusTrips": 120.4, "wardComplaints2025": 62, "reports": 0}}}, {"type": "Feature", "geometry": {"type": "LineString", "coordinates": [[77.6350052, 12.9217578], [77.6345458, 12.921881], [77.6345176, 12.921876], [77.6343665, 12.9219215], [77.6336752, 12.9221355]]}, "properties": {"segID": "way123624220/2", "name": "6th Cross Road", "ward": "Jakkasandra", "roadClass": "residential", "lengthM": 150.5, "darkness": {"alpha": 1.748, "beta": 0.252, "mean": 0.126, "var": 0.03671}, "exposure": {"activity": 0.5013, "structural": 0.7235, "blended": 0.6679}, "confidence": 0.4966, "repairPriority": 0.04179, "routePenalty": 290.6, "reportValue": 0.02452, "evidence": {"osmLampsWorking": 0, "osmLampsBroken": 0, "osmLampsUntagged": 0, "nightBusTrips": 104.4, "wardComplaints2025": 62, "reports": 0}}}, {"type": "Feature", "geometry": {"type": "LineString", "coordinates": [[77.6371917, 12.9172538], [77.6355972, 12.9175047]]}, "properties": {"segID": "way123624223/0", "name": "6th Cross Road", "ward": "Jakkasandra", "roadClass": "residential", "lengthM": 175.1, "darkness": {"alpha": 1.748, "beta": 0.252, "mean": 0.126, "var": 0.03671}, "exposure": {"activity": 0.6419, "structural": 0.578, "blended": 0.594}, "confidence": 0.4966, "repairPriority": 0.03717, "routePenalty": 347.9, "reportValue": 0.02181, "evidence": {"osmLampsWorking": 0, "osmLampsBroken": 0, "osmLampsUntagged": 0, "nightBusTrips": 184.5, "wardComplaints2025": 62, "reports": 0}}}, {"type": "Feature", "geometry": {"type": "LineString", "coordinates": [[77.6376209, 12.916762], [77.6371645, 12.9168043], [77.6354154, 12.9170613]]}, "properties": {"segID": "way123624224/0", "name": "7th Cross Road", "ward": "Jakkasandra", "roadClass": "residential", "lengthM": 241.4, "darkness": {"alpha": 1.748, "beta": 0.252, "mean": 0.126, "var": 0.03671}, "exposure": {"activity": 0.7077, "structural": 0.8153, "blended": 0.7884}, "confidence": 0.4966, "repairPriority": 0.04933, "routePenalty": 449.7, "reportValue": 0.02894, "evidence": {"osmLampsWorking": 0, "osmLampsBroken": 0, "osmLampsUntagged": 0, "nightBusTrips": 161.2, "wardComplaints2025": 62, "reports": 0}}}, {"type": "Feature", "geometry": {"type": "LineString", "coordinates": [[77.6354154, 12.9170613], [77.6348208, 12.9172231], [77.6338629, 12.9175785]]}, "properties": {"segID": "way123624224/1", "name": "7th Cross Road", "ward": "Jakkasandra", "roadClass": "residential", "lengthM": 178.0, "darkness": {"alpha": 1.748, "beta": 0.252, "mean": 0.126, "var": 0.03671}, "exposure": {"activity": 0.6733, "structural": 0.8664, "blended": 0.8181}, "confidence": 0.4966, "repairPriority": 0.05119, "routePenalty": 329.1, "reportValue": 0.03003, "evidence": {"osmLampsWorking": 0, "osmLampsBroken": 0, "osmLampsUntagged": 0, "nightBusTrips": 189.1, "wardComplaints2025": 62, "reports": 0}}}, {"type": "Feature", "geometry": {"type": "LineString", "coordinates": [[77.6653306, 12.9230168], [77.6653496, 12.9227065], [77.6654204, 12.9220916], [77.6654511, 12.921859], [77.6654784, 12.9216642]]}, "properties": {"segID": "way133420271/0", "name": "6th Main Road", "ward": "HSR Layout", "roadClass": "tertiary", "lengthM": 151.3, "darkness": {"alpha": 1.748, "beta": 0.252, "mean": 0.126, "var": 0.03671}, "exposure": {"activity": 0.8444, "structural": 0.8788, "blended": 0.8702}, "confidence": 0.4966, "repairPriority": 0.05445, "routePenalty": 276.4, "reportValue": 0.03195, "evidence": {"osmLampsWorking": 0, "osmLampsBroken": 0, "osmLampsUntagged": 0, "nightBusTrips": 246.0, "wardComplaints2025": 252, "reports": 0}}}, {"type": "Feature", "geometry": {"type": "LineString", "coordinates": [[77.6654784, 12.9216642], [77.6655403, 12.9212042], [77.6655496, 12.921135], [77.6655558, 12.921086]]}, "properties": {"segID": "way133420271/1", "name": "6th Main Road", "ward": "Bellanduru", "roadClass": "tertiary", "lengthM": 64.8, "darkness": {"alpha": 0.973, "beta": 1.027, "mean": 0.5133, "var": 0.08327}, "exposure": {"activity": 0.7446, "structural": 0.8777, "blended": 0.8445}, "confidence": 0.0133, "repairPriority": 0.00577, "routePenalty": 180.9, "reportValue": 0.07032, "evidence": {"osmLampsWorking": 0, "osmLampsBroken": 0, "osmLampsUntagged": 0, "nightBusTrips": 260.1, "wardComplaints2025": 250, "reports": 0}}}, {"type": "Feature", "geometry": {"type": "LineString", "coordinates": [[77.6335475, 12.9249906], [77.6336364, 12.925004], [77.6341132, 12.9250775], [77.6341626, 12.9250851], [77.6342146, 12.9250931], [77.636509, 12.925447]]}, "properties": {"segID": "way133524199/0", "name": "Sarjapura Road", "ward": "Koramangala", "roadClass": "tertiary", "lengthM": 324.9, "darkness": {"alpha": 1.748, "beta": 0.252, "mean": 0.126, "var": 0.03671}, "exposure": {"activity": 0.7257, "structural": 0.7396, "blended": 0.7362}, "confidence": 0.4966, "repairPriority": 0.04607, "routePenalty": 613.9, "reportValue": 0.02703, "evidence": {"osmLampsWorking": 0, "osmLampsBroken": 0, "osmLampsUntagged": 0, "nightBusTrips": 82.0, "wardComplaints2025": 136, "reports": 0}}}, {"type": "Feature", "geometry": {"type": "LineString", "coordinates": [[77.636509, 12.925447], [77.6365642, 12.925456], [77.6366946, 12.9254656], [77.6368457, 12.9254567], [77.6369855, 12.9254266], [77.6374045, 12.9252567]]}, "properties": {"segID": "way133524199/1", "name": "Sarjapura Road", "ward": "Koramangala", "roadClass": "tertiary", "lengthM": 101.3, "darkness": {"alpha": 1.748, "beta": 0.252, "mean": 0.126, "var": 0.03671}, "exposure": {"activity": 0.5641, "structural": 0.7132, "blended": 0.6759}, "confidence": 0.4966, "repairPriority": 0.04229, "routePenalty": 195.1, "reportValue": 0.02481, "evidence": {"osmLampsWorking": 0, "osmLampsBroken": 0, "osmLampsUntagged": 0, "nightBusTrips": 73.7, "wardComplaints2025": 136, "reports": 0}}}, {"type": "Feature", "geometry": {"type": "LineString", "coordinates": [[77.6389683, 12.9266897], [77.6387762, 12.9268017], [77.6385971, 12.9269243], [77.6383944, 12.9270606]]}, "properties": {"segID": "way133524200/0", "name": "1st C Main Road", "ward": "Koramangala", "roadClass": "residential", "lengthM": 74.7, "darkness": {"alpha": 1.748, "beta": 0.252, "mean": 0.126, "var": 0.03671}, "exposure": {"activity": 0.3353, "structural": 0.4421, "blended": 0.4154}, "confidence": 0.4966, "repairPriority": 0.02599, "routePenalty": 164.6, "reportValue": 0.01525, "evidence": {"osmLampsWorking": 0, "osmLampsBroken": 0, "osmLampsUntagged": 0, "nightBusTrips": 56.5, "wardComplaints2025": 136, "reports": 0}}}, {"type": "Feature", "geometry": {"type": "LineString", "coordinates": [[77.6292569, 12.9192508], [77.6291817, 12.9189362], [77.6290992, 12.9186399], [77.6290197, 12.918333], [77.6289472, 12.9180332], [77.6288776, 12.9177441]]}, "properties": {"segID": "way133647781/0", "name": "2nd Main Road", "ward": "Jakkasandra", "roadClass": "residential", "lengthM": 172.5, "darkness": {"alpha": 1.748, "beta": 0.252, "mean": 0.126, "var": 0.03671}, "exposure": {"activity": 0.4411, "structural": 0.6303, "blended": 0.583}, "confidence": 0.4966, "repairPriority": 0.03648, "routePenalty": 344.4, "reportValue": 0.0214, "evidence": {"osmLampsWorking": 0, "osmLampsBroken": 0, "osmLampsUntagged": 0, "nightBusTrips": 250.5, "wardComplaints2025": 62, "reports": 0}}}, {"type": "Feature", "geometry": {"type": "LineString", "coordinates": [[77.6288776, 12.9177441], [77.6287836, 12.9173568], [77.6287014, 12.9169821]]}, "properties": {"segID": "way133647781/1", "name": "2nd Main Road", "ward": "Jakkasandra", "roadClass": "residential", "lengthM": 86.9, "darkness": {"alpha": 2.748, "beta": 1.252, "mean": 0.313, "var": 0.04301}, "exposure": {"activity": 0.5744, "structural": 0.6437, "blended": 0.6264}, "confidence": 0.104, "repairPriority": 0.02039, "routePenalty": 199.2, "reportValue": 0.02694, "evidence": {"osmLampsWorking": 1, "osmLampsBroken": 1, "osmLampsUntagged": 0, "nightBusTrips": 272.4, "wardComplaints2025": 62, "reports": 0}}}, {"type": "Feature", "geometry": {"type": "LineString", "coordinates": [[77.6291817, 12.9189362], [77.6304033, 12.9185621]]}, "properties": {"segID": "way133719097/0", "name": "2nd Avenue", "ward": "Jakkasandra", "roadClass": "residential", "lengthM": 138.8, "darkness": {"alpha": 1.748, "beta": 0.252, "mean": 0.126, "var": 0.03671}, "exposure": {"activity": 0.6965, "structural": 0.5842, "blended": 0.6123}, "confidence": 0.4966, "repairPriority": 0.03831, "routePenalty": 273.7, "reportValue": 0.02248, "evidence": {"osmLampsWorking": 0, "osmLampsBroken": 0, "osmLampsUntagged": 0, "nightBusTrips": 212.7, "wardComplaints2025": 62, "reports": 0}}}, {"type": "Feature", "geometry": {"type": "LineString", "coordinates": [[77.6290992, 12.9186399], [77.630339, 12.9182824]]}, "properties": {"segID": "way133719098/0", "name": "3rd Avenue", "ward": "Jakkasandra", "roadClass": "residential", "lengthM": 140.1, "darkness": {"alpha": 1.748, "beta": 0.252, "mean": 0.126, "var": 0.03671}, "exposure": {"activity": 0.727, "structural": 0.6198, "blended": 0.6466}, "confidence": 0.4966, "repairPriority": 0.04046, "routePenalty": 272.6, "reportValue": 0.02374, "evidence": {"osmLampsWorking": 0, "osmLampsBroken": 0, "osmLampsUntagged": 0, "nightBusTrips": 222.6, "wardComplaints2025": 62, "reports": 0}}}, {"type": "Feature", "geometry": {"type": "LineString", "coordinates": [[77.6302894, 12.9168895], [77.63038, 12.9172645], [77.6304625, 12.9175904], [77.6305396, 12.9178969], [77.6306175, 12.918202]]}, "properties": {"segID": "way133748880/0", "name": "4th Main Road", "ward": "Jakkasandra", "roadClass": "residential", "lengthM": 150.2, "darkness": {"alpha": 1.748, "beta": 2.252, "mean": 0.563, "var": 0.04921}, "exposure": {"activity": 0.7747, "structural": 0.6134, "blended": 0.6537}, "confidence": 0.0817, "repairPriority": 0.03007, "routePenalty": 405.0, "reportValue": 0.03217, "evidence": {"osmLampsWorking": 0, "osmLampsBroken": 2, "osmLampsUntagged": 0, "nightBusTrips": 230.3, "wardComplaints2025": 62, "reports": 0}}}, {"type": "Feature", "geometry": {"type": "LineString", "coordinates": [[77.6306175, 12.918202], [77.6306868, 12.9184813], [77.6307716, 12.9188102]]}, "properties": {"segID": "way133748880/1", "name": "4th Main Road", "ward": "Jakkasandra", "roadClass": "residential", "lengthM": 69.7, "darkness": {"alpha": 1.748, "beta": 0.252, "mean": 0.126, "var": 0.03671}, "exposure": {"activity": 0.7558, "structural": 0.5869, "blended": 0.6291}, "confidence": 0.4966, "repairPriority": 0.03936, "routePenalty": 136.5, "reportValue": 0.02309, "evidence": {"osmLampsWorking": 0, "osmLampsBroken": 0, "osmLampsUntagged": 0, "nightBusTrips": 210.9, "wardComplaints2025": 62, "reports": 0}}}, {"type": "Feature", "geometry": {"type": "LineString", "coordinates": [[77.6212875, 12.9193784], [77.6210467, 12.9196804]]}, "properties": {"segID": "way133763765/0", "name": "Hosur Road", "ward": "Madivala", "roadClass": "trunk", "lengthM": 42.5, "darkness": {"alpha": 1.748, "beta": 0.252, "mean": 0.126, "var": 0.03671}, "exposure": {"activity": 0.4205, "structural": 0.512, "blended": 0.4891}, "confidence": 0.4966, "repairPriority": 0.0306, "routePenalty": 89.0, "reportValue": 0.01795, "evidence": {"osmLampsWorking": 0, "osmLampsBroken": 0, "osmLampsUntagged": 0, "nightBusTrips": 303.6, "wardComplaints2025": 180, "reports": 0}}}, {"type": "Feature", "geometry": {"type": "LineString", "coordinates": [[77.6179924, 12.9245641], [77.6182077, 12.9246842], [77.6187994, 12.9249368], [77.6196979, 12.9253587]]}, "properties": {"segID": "way133763768/0", "name": "Mahayogi Vemana Road", "ward": "Koramangala", "roadClass": "primary", "lengthM": 205.0, "darkness": {"alpha": 1.748, "beta": 0.252, "mean": 0.126, "var": 0.03671}, "exposure": {"activity": 0.0903, "structural": 0.458, "blended": 0.3661}, "confidence": 0.4966, "repairPriority": 0.02291, "routePenalty": 471.5, "reportValue": 0.01344, "evidence": {"osmLampsWorking": 0, "osmLampsBroken": 0, "osmLampsUntagged": 0, "nightBusTrips": 213.8, "wardComplaints2025": 136, "reports": 0}}}, {"type": "Feature", "geometry": {"type": "LineString", "coordinates": [[77.6196979, 12.9253587], [77.6197775, 12.9253911], [77.6199272, 12.9254987], [77.6199902, 12.9255403], [77.6200295, 12.9255663], [77.6200541, 12.9256006], [77.6201989, 12.9258029], [77.6202175, 12.9258503], [77.6207581, 12.927227]]}, "properties": {"segID": "way133763768/1", "name": "Mahayogi Vemana Road", "ward": "Koramangala", "roadClass": "primary", "lengthM": 244.5, "darkness": {"alpha": 1.748, "beta": 0.252, "mean": 0.126, "var": 0.03671}, "exposure": {"activity": 0.0989, "structural": 0.4601, "blended": 0.3698}, "confidence": 0.4966, "repairPriority": 0.02314, "routePenalty": 560.3, "reportValue": 0.01358, "evidence": {"osmLampsWorking": 0, "osmLampsBroken": 0, "osmLampsUntagged": 0, "nightBusTrips": 216.3, "wardComplaints2025": 136, "reports": 0}}}, {"type": "Feature", "geometry": {"type": "LineString", "coordinates": [[77.6207581, 12.927227], [77.6208361, 12.9274056], [77.6208578, 12.9274554], [77.6208789, 12.9275058]]}, "properties": {"segID": "way133763768/2", "name": "Mahayogi Vemana Road", "ward": "Koramangala", "roadClass": "primary", "lengthM": 33.7, "darkness": {"alpha": 1.748, "beta": 0.252, "mean": 0.126, "var": 0.03671}, "exposure": {"activity": 0.1771, "structural": 0.4776, "blended": 0.4025}, "confidence": 0.4966, "repairPriority": 0.02519, "routePenalty": 75.0, "reportValue": 0.01478, "evidence": {"osmLampsWorking": 0, "osmLampsBroken": 0, "osmLampsUntagged": 0, "nightBusTrips": 233.7, "wardComplaints2025": 136, "reports": 0}}}, {"type": "Feature", "geometry": {"type": "LineString", "coordinates": [[77.6304625, 12.9175904], [77.6317711, 12.9171679]]}, "properties": {"segID": "way133882352/0", "name": "5th Avenue", "ward": "Jakkasandra", "roadClass": "residential", "lengthM": 149.4, "darkness": {"alpha": 1.748, "beta": 0.252, "mean": 0.126, "var": 0.03671}, "exposure": {"activity": 0.8474, "structural": 0.5801, "blended": 0.6469}, "confidence": 0.4966, "repairPriority": 0.04048, "routePenalty": 290.7, "reportValue": 0.02375, "evidence": {"osmLampsWorking": 0, "osmLampsBroken": 0, "osmLampsUntagged": 0, "nightBusTrips": 202.2, "wardComplaints2025": 62, "reports": 0}}}, {"type": "Feature", "geometry": {"type": "LineString", "coordinates": [[77.63038, 12.9172645], [77.6306895, 12.9171736], [77.6309894, 12.9170855], [77.6316951, 12.9168783]]}, "properties": {"segID": "way133882373/0", "name": "6th Avenue", "ward": "Jakkasandra", "roadClass": "residential", "lengthM": 148.9, "darkness": {"alpha": 1.748, "beta": 1.252, "mean": 0.4173, "var": 0.06079}, "exposure": {"activity": 0.8065, "structural": 0.6636, "blended": 0.6994}, "confidence": 0.0757, "repairPriority": 0.02209, "routePenalty": 378.3, "reportValue": 0.04252, "evidence": {"osmLampsWorking": 0, "osmLampsBroken": 1, "osmLampsUntagged": 0, "nightBusTrips": 226.5, "wardComplaints2025": 62, "reports": 0}}}, {"type": "Feature", "geometry": {"type": "LineString", "coordinates": [[77.6171742, 12.9262516], [77.6177471, 12.9261223], [77.6181525, 12.9260153], [77.6191862, 12.9257755]]}, "properties": {"segID": "way133889539/0", "name": "17 A Main Road", "ward": "Koramangala", "roadClass": "residential", "lengthM": 224.4, "darkness": {"alpha": 1.748, "beta": 0.252, "mean": 0.126, "var": 0.03671}, "exposure": {"activity": 0.0576, "structural": 0.4505, "blended": 0.3523}, "confidence": 0.4966, "repairPriority": 0.02204, "routePenalty": 523.3, "reportValue": 0.01293, "evidence": {"osmLampsWorking": 0, "osmLampsBroken": 0, "osmLampsUntagged": 0, "nightBusTrips": 206.0, "wardComplaints2025": 136, "reports": 0}}}, {"type": "Feature", "geometry": {"type": "LineString", "coordinates": [[77.6191862, 12.9257755], [77.6200541, 12.9256006]]}, "properties": {"segID": "way133889539/1", "name": "17 A Main Road", "ward": "Koramangala", "roadClass": "residential", "lengthM": 96.1, "darkness": {"alpha": 1.748, "beta": 0.252, "mean": 0.126, "var": 0.03671}, "exposure": {"activity": 0.0963, "structural": 0.4604, "blended": 0.3694}, "confidence": 0.4966, "repairPriority": 0.02311, "routePenalty": 220.3, "reportValue": 0.01356, "evidence": {"osmLampsWorking": 0, "osmLampsBroken": 0, "osmLampsUntagged": 0, "nightBusTrips": 216.5, "wardComplaints2025": 136, "reports": 0}}}, {"type": "Feature", "geometry": {"type": "LineString", "coordinates": [[77.6270563, 12.9371937], [77.6274193, 12.9367994], [77.6277774, 12.9364143], [77.6281101, 12.936052]]}, "properties": {"segID": "way133903616/0", "name": "80 Feet Road", "ward": "Ejipura", "roadClass": "secondary", "lengthM": 170.8, "darkness": {"alpha": 1.748, "beta": 0.252, "mean": 0.126, "var": 0.03671}, "exposure": {"activity": 0.9381, "structural": 0.4561, "blended": 0.5766}, "confidence": 0.4966, "repairPriority": 0.03608, "routePenalty": 342.0, "reportValue": 0.02117, "evidence": {"osmLampsWorking": 0, "osmLampsBroken": 0, "osmLampsUntagged": 0, "nightBusTrips": 73.2, "wardComplaints2025": 78, "reports": 0}}}, {"type": "Feature", "geometry": {"type": "LineString", "coordinates": [[77.6281101, 12.936052], [77.6282414, 12.9359222], [77.6287119, 12.9354848], [77.6287871, 12.9353985], [77.6290489, 12.935128], [77.6293229, 12.9348493]]}, "properties": {"segID": "way133903616/1", "name": "80 Feet Road", "ward": "Ejipura", "roadClass": "secondary", "lengthM": 187.6, "darkness": {"alpha": 1.748, "beta": 0.252, "mean": 0.126, "var": 0.03671}, "exposure": {"activity": 0.9329, "structural": 0.5895, "blended": 0.6754}, "confidence": 0.4966, "repairPriority": 0.04226, "routePenalty": 361.4, "reportValue": 0.02479, "evidence": {"osmLampsWorking": 0, "osmLampsBroken": 0, "osmLampsUntagged": 0, "nightBusTrips": 65.4, "wardComplaints2025": 78, "reports": 0}}}, {"type": "Feature", "geometry": {"type": "LineString", "coordinates": [[77.6293229, 12.9348493], [77.6293659, 12.9348055], [77.629595, 12.9345563], [77.6296308, 12.9345211], [77.6296526, 12.9344996], [77.6296908, 12.9344595], [77.6297972, 12.934361], [77.6298064, 12.934353], [77.6301918, 12.9339595], [77.6304453, 12.9337142]]}, "properties": {"segID": "way133903616/2", "name": "80 Feet Road", "ward": "Koramangala", "roadClass": "secondary", "lengthM": 175.3, "darkness": {"alpha": 1.748, "beta": 0.252, "mean": 0.126, "var": 0.03671}, "exposure": {"activity": 0.9682, "structural": 0.6454, "blended": 0.7261}, "confidence": 0.4966, "repairPriority": 0.04543, "routePenalty": 332.2, "reportValue": 0.02666, "evidence": {"osmLampsWorking": 0, "osmLampsBroken": 0, "osmLampsUntagged": 0, "nightBusTrips": 52.1, "wardComplaints2025": 136, "reports": 0}}}, {"type": "Feature", "geometry": {"type": "LineString", "coordinates": [[77.6304453, 12.9337142], [77.6310058, 12.9331391], [77.6318568, 12.9323074]]}, "properties": {"segID": "way133903616/3", "name": "80 Feet Road", "ward": "Ejipura", "roadClass": "secondary", "lengthM": 218.8, "darkness": {"alpha": 1.748, "beta": 0.252, "mean": 0.126, "var": 0.03671}, "exposure": {"activity": 0.9054, "structural": 0.6373, "blended": 0.7043}, "confidence": 0.4966, "repairPriority": 0.04407, "routePenalty": 417.5, "reportValue": 0.02585, "evidence": {"osmLampsWorking": 0, "osmLampsBroken": 0, "osmLampsUntagged": 0, "nightBusTrips": 41.1, "wardComplaints2025": 78, "reports": 0}}}, {"type": "Feature", "geometry": {"type": "LineString", "coordinates": [[77.6318568, 12.9323074], [77.632399, 12.9317916], [77.6325129, 12.9316769], [77.6326494, 12.9315064], [77.6327179, 12.9314042], [77.6329681, 12.9308421]]}, "properties": {"segID": "way133903616/4", "name": "80 Feet Road", "ward": "Ejipura", "roadClass": "secondary", "lengthM": 205.6, "darkness": {"alpha": 1.748, "beta": 0.252, "mean": 0.126, "var": 0.03671}, "exposure": {"activity": 0.8942, "structural": 0.6519, "blended": 0.7125}, "confidence": 0.4966, "repairPriority": 0.04458, "routePenalty": 391.3, "reportValue": 0.02616, "evidence": {"osmLampsWorking": 0, "osmLampsBroken": 0, "osmLampsUntagged": 0, "nightBusTrips": 48.0, "wardComplaints2025": 78, "reports": 0}}}, {"type": "Feature", "geometry": {"type": "LineString", "coordinates": [[77.6329681, 12.9308421], [77.6331167, 12.9304172], [77.6331602, 12.9300545]]}, "properties": {"segID": "way133903616/5", "name": "80 Feet Road", "ward": "Ejipura", "roadClass": "secondary", "lengthM": 90.5, "darkness": {"alpha": 1.748, "beta": 0.252, "mean": 0.126, "var": 0.03671}, "exposure": {"activity": 0.871, "structural": 0.6604, "blended": 0.713}, "confidence": 0.4966, "repairPriority": 0.04461, "routePenalty": 172.2, "reportValue": 0.02617, "evidence": {"osmLampsWorking": 0, "osmLampsBroken": 0, "osmLampsUntagged": 0, "nightBusTrips": 51.7, "wardComplaints2025": 78, "reports": 0}}}, {"type": "Feature", "geometry": {"type": "LineString", "coordinates": [[77.6338768, 12.9188732], [77.6339144, 12.9189603], [77.6340175, 12.9192344], [77.634092, 12.9194262], [77.634106, 12.9194591]]}, "properties": {"segID": "way133943278/0", "name": "2nd Main Road", "ward": "Jakkasandra", "roadClass": "residential", "lengthM": 69.7, "darkness": {"alpha": 1.748, "beta": 0.252, "mean": 0.126, "var": 0.03671}, "exposure": {"activity": 0.3912, "structural": 0.5736, "blended": 0.528}, "confidence": 0.4966, "repairPriority": 0.03304, "routePenalty": 142.9, "reportValue": 0.01938, "evidence": {"osmLampsWorking": 0, "osmLampsBroken": 0, "osmLampsUntagged": 0, "nightBusTrips": 141.5, "wardComplaints2025": 62, "reports": 0}}}, {"type": "Feature", "geometry": {"type": "LineString", "coordinates": [[77.6339807, 12.9182748], [77.6351532, 12.9178687]]}, "properties": {"segID": "way133943279/0", "name": "13th C Cross Road", "ward": "Jakkasandra", "roadClass": "residential", "lengthM": 134.9, "darkness": {"alpha": 1.748, "beta": 0.252, "mean": 0.126, "var": 0.03671}, "exposure": {"activity": 0.5632, "structural": 0.588, "blended": 0.5818}, "confidence": 0.4966, "repairPriority": 0.0364, "routePenalty": 269.5, "reportValue": 0.02136, "evidence": {"osmLampsWorking": 0, "osmLampsBroken": 0, "osmLampsUntagged": 0, "nightBusTrips": 179.8, "wardComplaints2025": 62, "reports": 0}}}, {"type": "Feature", "geometry": {"type": "LineString", "coordinates": [[77.6307889, 12.9390131], [77.6306221, 12.9391013], [77.6302899, 12.9393963], [77.6302737, 12.9394765], [77.6301587, 12.9394913], [77.6300862, 12.9395006], [77.6298673, 12.939793], [77.6297974, 12.939856], [77.6297006, 12.9399434]]}, "properties": {"segID": "way134014650/0", "name": "Pipeline Road", "ward": "Ejipura", "roadClass": "residential", "lengthM": 163.7, "darkness": {"alpha": 1.748, "beta": 0.252, "mean": 0.126, "var": 0.03671}, "exposure": {"activity": 0.5391, "structural": 0.5534, "blended": 0.5498}, "confidence": 0.4966, "repairPriority": 0.0344, "routePenalty": 331.9, "reportValue": 0.02018, "evidence": {"osmLampsWorking": 0, "osmLampsBroken": 0, "osmLampsUntagged": 0, "nightBusTrips": 46.2, "wardComplaints2025": 78, "reports": 0}}}, {"type": "Feature", "geometry": {"type": "LineString", "coordinates": [[77.6297006, 12.9399434], [77.6295971, 12.9400854], [77.6295353, 12.9402107], [77.629501, 12.9403168], [77.6293966, 12.9407615], [77.6293045, 12.9409829], [77.6292765, 12.9414085]]}, "properties": {"segID": "way134014650/1", "name": "Pipeline Road", "ward": "Ejipura", "roadClass": "residential", "lengthM": 171.9, "darkness": {"alpha": 1.748, "beta": 0.252, "mean": 0.126, "var": 0.03671}, "exposure": {"activity": 0.4144, "structural": 0.5214, "blended": 0.4947}, "confidence": 0.4966, "repairPriority": 0.03095, "routePenalty": 358.9, "reportValue": 0.01816, "evidence": {"osmLampsWorking": 0, "osmLampsBroken": 0, "osmLampsUntagged": 0, "nightBusTrips": 46.3, "wardComplaints2025": 78, "reports": 0}}}, {"type": "Feature", "geometry": {"type": "LineString", "coordinates": [[77.6292765, 12.9414085], [77.6292844, 12.9415442], [77.6292522, 12.9415794], [77.629229, 12.9416287], [77.6291931, 12.9417477]]}, "properties": {"segID": "way134014650/2", "name": "Pipeline Road", "ward": "Ejipura", "roadClass": "residential", "lengthM": 40.2, "darkness": {"alpha": 1.748, "beta": 0.252, "mean": 0.126, "var": 0.03671}, "exposure": {"activity": 0.1565, "structural": 0.4389, "blended": 0.3683}, "confidence": 0.4966, "repairPriority": 0.02305, "routePenalty": 92.3, "reportValue": 0.01352, "evidence": {"osmLampsWorking": 0, "osmLampsBroken": 0, "osmLampsUntagged": 0, "nightBusTrips": 40.1, "wardComplaints2025": 78, "reports": 0}}}, {"type": "Feature", "geometry": {"type": "LineString", "coordinates": [[77.6397562, 12.9232901], [77.6394341, 12.9226037], [77.6389024, 12.921596]]}, "properties": {"segID": "way147695810/0", "name": "14th Main Road", "ward": "HSR Layout", "roadClass": "secondary", "lengthM": 209.9, "darkness": {"alpha": 2.748, "beta": 4.252, "mean": 0.6074, "var": 0.02981}, "exposure": {"activity": 0.1763, "structural": 0.7866, "blended": 0.634}, "confidence": 0.8938, "repairPriority": 0.34419, "routePenalty": 550.4, "reportValue": 0.0189, "evidence": {"osmLampsWorking": 1, "osmLampsBroken": 4, "osmLampsUntagged": 0, "nightBusTrips": 102.8, "wardComplaints2025": 252, "reports": 0}}}, {"type": "Feature", "geometry": {"type": "LineString", "coordinates": [[77.6389024, 12.921596], [77.6387118, 12.9210023], [77.6385533, 12.920483], [77.6384259, 12.9198327]]}, "properties": {"segID": "way147695810/1", "name": "14th Main Road", "ward": "HSR Layout", "roadClass": "secondary", "lengthM": 203.0, "darkness": {"alpha": 3.748, "beta": 7.252, "mean": 0.6593, "var": 0.01872}, "exposure": {"activity": 0.399, "structural": 0.8091, "blended": 0.7066}, "confidence": 0.9372, "repairPriority": 0.43661, "routePenalty": 520.2, "reportValue": 0.01323, "evidence": {"osmLampsWorking": 2, "osmLampsBroken": 7, "osmLampsUntagged": 0, "nightBusTrips": 115.5, "wardComplaints2025": 252, "reports": 0}}}, {"type": "Feature", "geometry": {"type": "LineString", "coordinates": [[77.6384259, 12.9198327], [77.6383858, 12.9194032], [77.6383333, 12.9179644]]}, "properties": {"segID": "way147695810/2", "name": "14th Main Road", "ward": "HSR Layout", "roadClass": "secondary", "lengthM": 208.0, "darkness": {"alpha": 1.748, "beta": 6.252, "mean": 0.7815, "var": 0.01897}, "exposure": {"activity": 0.5142, "structural": 0.8217, "blended": 0.7448}, "confidence": 0.9347, "repairPriority": 0.54405, "routePenalty": 567.1, "reportValue": 0.01413, "evidence": {"osmLampsWorking": 0, "osmLampsBroken": 6, "osmLampsUntagged": 0, "nightBusTrips": 126.2, "wardComplaints2025": 252, "reports": 0}}}, {"type": "Feature", "geometry": {"type": "LineString", "coordinates": [[77.6383333, 12.9179644], [77.6382608, 12.9161749]]}, "properties": {"segID": "way147695810/3", "name": "14th Main Road", "ward": "HSR Layout", "roadClass": "secondary", "lengthM": 199.1, "darkness": {"alpha": 2.748, "beta": 5.252, "mean": 0.6565, "var": 0.02506}, "exposure": {"activity": 0.5512, "structural": 0.535, "blended": 0.539}, "confidence": 0.9058, "repairPriority": 0.32052, "routePenalty": 545.7, "reportValue": 0.01351, "evidence": {"osmLampsWorking": 1, "osmLampsBroken": 5, "osmLampsUntagged": 0, "nightBusTrips": 129.0, "wardComplaints2025": 252, "reports": 0}}}, {"type": "Feature", "geometry": {"type": "LineString", "coordinates": [[77.6210315, 12.9275608], [77.6211292, 12.9275183], [77.622064, 12.9271202], [77.6223418, 12.9270019]]}, "properties": {"segID": "way150510724/0", "name": "Sarjapura Road", "ward": "Koramangala", "roadClass": "primary", "lengthM": 155.0, "darkness": {"alpha": 1.748, "beta": 0.252, "mean": 0.126, "var": 0.03671}, "exposure": {"activity": 0.4394, "structural": 0.6943, "blended": 0.6306}, "confidence": 0.4966, "repairPriority": 0.03946, "routePenalty": 303.4, "reportValue": 0.02315, "evidence": {"osmLampsWorking": 0, "osmLampsBroken": 0, "osmLampsUntagged": 0, "nightBusTrips": 211.1, "wardComplaints2025": 136, "reports": 0}}}, {"type": "Feature", "geometry": {"type": "LineString", "coordinates": [[77.6223418, 12.9270019], [77.6227986, 12.9268106], [77.623379, 12.9265612], [77.6251691, 12.9258055]]}, "properties": {"segID": "way150510724/1", "name": "Sarjapura Road", "ward": "Koramangala", "roadClass": "primary", "lengthM": 334.0, "darkness": {"alpha": 1.748, "beta": 0.252, "mean": 0.126, "var": 0.03671}, "exposure": {"activity": 0.3706, "structural": 0.7678, "blended": 0.6685}, "confidence": 0.4966, "repairPriority": 0.04183, "routePenalty": 644.9, "reportValue": 0.02454, "evidence": {"osmLampsWorking": 0, "osmLampsBroken": 0, "osmLampsUntagged": 0, "nightBusTrips": 190.0, "wardComplaints2025": 136, "reports": 0}}}, {"type": "Feature", "geometry": {"type": "LineString", "coordinates": [[77.6251691, 12.9258055], [77.6251869, 12.9257981], [77.626535, 12.9252385]]}, "properties": {"segID": "way150510724/2", "name": "Sarjapura Road", "ward": "Koramangala", "roadClass": "primary", "lengthM": 160.9, "darkness": {"alpha": 1.748, "beta": 0.252, "mean": 0.126, "var": 0.03671}, "exposure": {"activity": 0.5804, "structural": 0.8213, "blended": 0.7611}, "confidence": 0.4966, "repairPriority": 0.04762, "routePenalty": 301.9, "reportValue": 0.02794, "evidence": {"osmLampsWorking": 0, "osmLampsBroken": 0, "osmLampsUntagged": 0, "nightBusTrips": 206.6, "wardComplaints2025": 136, "reports": 0}}}, {"type": "Feature", "geometry": {"type": "LineString", "coordinates": [[77.626535, 12.9252385], [77.6270231, 12.9250287], [77.6282817, 12.9244971]]}, "properties": {"segID": "way150510724/3", "name": "Sarjapura Road", "ward": "Koramangala", "roadClass": "primary", "lengthM": 206.5, "darkness": {"alpha": 1.748, "beta": 0.252, "mean": 0.126, "var": 0.03671}, "exposure": {"activity": 0.3517, "structural": 0.7969, "blended": 0.6856}, "confidence": 0.4966, "repairPriority": 0.0429, "routePenalty": 396.4, "reportValue": 0.02517, "evidence": {"osmLampsWorking": 0, "osmLampsBroken": 0, "osmLampsUntagged": 0, "nightBusTrips": 181.3, "wardComplaints2025": 136, "reports": 0}}}, {"type": "Feature", "geometry": {"type": "LineString", "coordinates": [[77.649974, 12.9244696], [77.649937, 12.9245563], [77.6498925, 12.9245823], [77.6498537, 12.924589], [77.6497268, 12.924611], [77.6495523, 12.9246176], [77.6493442, 12.9246511], [77.6492644, 12.9246573], [77.6491711, 12.9246646], [77.6490252, 12.9246613], [77.648397, 12.9246072]]}, "properties": {"segID": "way151676283/0", "name": "Sarjapur Road", "ward": "HSR Layout", "roadClass": "primary", "lengthM": 179.1, "darkness": {"alpha": 13.748, "beta": 4.252, "mean": 0.2362, "var": 0.0095}, "exposure": {"activity": 0.534, "structural": 0.8884, "blended": 0.7998}, "confidence": 0.9802, "repairPriority": 0.18517, "routePenalty": 323.3, "reportValue": 0.0076, "evidence": {"osmLampsWorking": 12, "osmLampsBroken": 4, "osmLampsUntagged": 0, "nightBusTrips": 191.2, "wardComplaints2025": 252, "reports": 0}}}, {"type": "Feature", "geometry": {"type": "LineString", "coordinates": [[77.648397, 12.9246072], [77.6479885, 12.9245819], [77.6476297, 12.9245581], [77.6474318, 12.9245443], [77.6466324, 12.9244807]]}, "properties": {"segID": "way151676283/1", "name": "Sarjapur Road", "ward": "HSR Layout", "roadClass": "primary", "lengthM": 191.8, "darkness": {"alpha": 2.748, "beta": 9.252, "mean": 0.771, "var": 0.01358}, "exposure": {"activity": 0.4222, "structural": 0.8347, "blended": 0.7316}, "confidence": 0.9549, "repairPriority": 0.53862, "routePenalty": 513.0, "reportValue": 0.00994, "evidence": {"osmLampsWorking": 1, "osmLampsBroken": 9, "osmLampsUntagged": 0, "nightBusTrips": 134.9, "wardComplaints2025": 252, "reports": 0}}}, {"type": "Feature", "geometry": {"type": "LineString", "coordinates": [[77.6466324, 12.9244807], [77.6453212, 12.9244444], [77.6451601, 12.924424]]}, "properties": {"segID": "way151676283/2", "name": "Sarjapur Road", "ward": "HSR Layout", "roadClass": "primary", "lengthM": 159.8, "darkness": {"alpha": 1.748, "beta": 3.252, "mean": 0.6504, "var": 0.0379}, "exposure": {"activity": 0.1204, "structural": 0.7899, "blended": 0.6225}, "confidence": 0.1105, "repairPriority": 0.04474, "routePenalty": 441.0, "reportValue": 0.02359, "evidence": {"osmLampsWorking": 0, "osmLampsBroken": 3, "osmLampsUntagged": 0, "nightBusTrips": 106.7, "wardComplaints2025": 252, "reports": 0}}}, {"type": "Feature", "geometry": {"type": "LineString", "coordinates": [[77.6451601, 12.924424], [77.6449262, 12.9243563], [77.6435221, 12.9239186]]}, "properties": {"segID": "way151676283/3", "name": "Sarjapur Road", "ward": "HSR Layout", "roadClass": "primary", "lengthM": 186.2, "darkness": {"alpha": 1.748, "beta": 5.252, "mean": 0.7503, "var": 0.02342}, "exposure": {"activity": 0.1101, "structural": 0.7873, "blended": 0.618}, "confidence": 0.9153, "repairPriority": 0.42441, "routePenalty": 520.9, "reportValue": 0.01447, "evidence": {"osmLampsWorking": 0, "osmLampsBroken": 5, "osmLampsUntagged": 0, "nightBusTrips": 104.5, "wardComplaints2025": 252, "reports": 0}}}, {"type": "Feature", "geometry": {"type": "LineString", "coordinates": [[77.6435221, 12.9239186], [77.6431918, 12.9238283], [77.6431436, 12.9238151], [77.6415461, 12.9233783]]}, "properties": {"segID": "way151676283/4", "name": "Sarjapur Road", "ward": "HSR Layout", "roadClass": "primary", "lengthM": 222.4, "darkness": {"alpha": 1.748, "beta": 4.252, "mean": 0.7087, "var": 0.02949}, "exposure": {"activity": 0.1118, "structural": 0.7844, "blended": 0.6162}, "confidence": 0.8951, "repairPriority": 0.39089, "routePenalty": 619.4, "reportValue": 0.01817, "evidence": {"osmLampsWorking": 0, "osmLampsBroken": 4, "osmLampsUntagged": 0, "nightBusTrips": 103.1, "wardComplaints2025": 252, "reports": 0}}}, {"type": "Feature", "geometry": {"type": "LineString", "coordinates": [[77.6415461, 12.9233783], [77.6414334, 12.9233488], [77.6413506, 12.9233394], [77.6412934, 12.9233383], [77.6412327, 12.9233503], [77.6411747, 12.9233636], [77.6403436, 12.9236908], [77.6403323, 12.9236953], [77.6401349, 12.9237686]]}, "properties": {"segID": "way151676283/5", "name": "Sarjapur Road", "ward": "HSR Layout", "roadClass": "primary", "lengthM": 162.4, "darkness": {"alpha": 2.748, "beta": 4.252, "mean": 0.6074, "var": 0.02981}, "exposure": {"activity": 0.2502, "structural": 0.7708, "blended": 0.6406}, "confidence": 0.8938, "repairPriority": 0.34778, "routePenalty": 425.0, "reportValue": 0.0191, "evidence": {"osmLampsWorking": 1, "osmLampsBroken": 4, "osmLampsUntagged": 0, "nightBusTrips": 95.8, "wardComplaints2025": 252, "reports": 0}}}, {"type": "Feature", "geometry": {"type": "LineString", "coordinates": [[77.6401349, 12.9237686], [77.6399982, 12.9238197], [77.6399269, 12.9238482]]}, "properties": {"segID": "way151676283/6", "name": "Sarjapur Road", "ward": "HSR Layout", "roadClass": "primary", "lengthM": 24.2, "darkness": {"alpha": 2.748, "beta": 1.252, "mean": 0.313, "var": 0.04301}, "exposure": {"activity": 0.4514, "structural": 0.7586, "blended": 0.6818}, "confidence": 0.104, "repairPriority": 0.02219, "routePenalty": 54.5, "reportValue": 0.02932, "evidence": {"osmLampsWorking": 1, "osmLampsBroken": 1, "osmLampsUntagged": 0, "nightBusTrips": 91.8, "wardComplaints2025": 252, "reports": 0}}}, {"type": "Feature", "geometry": {"type": "LineString", "coordinates": [[77.6473465, 12.9240607], [77.6475504, 12.9240961], [77.6477967, 12.9241903], [77.6479308, 12.9242366], [77.6480798, 12.9242749], [77.6485004, 12.9243551], [77.6490529, 12.9244103]]}, "properties": {"segID": "way151676288/0", "name": "Outer Ring Road", "ward": "HSR Layout", "roadClass": "primary", "lengthM": 189.9, "darkness": {"alpha": 10.748, "beta": 11.252, "mean": 0.5115, "var": 0.01086}, "exposure": {"activity": 0.5787, "structural": 0.8437, "blended": 0.7774}, "confidence": 0.9716, "repairPriority": 0.38635, "routePenalty": 425.3, "reportValue": 0.00844, "evidence": {"osmLampsWorking": 9, "osmLampsBroken": 11, "osmLampsUntagged": 0, "nightBusTrips": 144.0, "wardComplaints2025": 252, "reports": 0}}}, {"type": "Feature", "geometry": {"type": "LineString", "coordinates": [[77.6490529, 12.9244103], [77.6497704, 12.924456], [77.649974, 12.9244696]]}, "properties": {"segID": "way151676288/1", "name": "Outer Ring Road", "ward": "HSR Layout", "roadClass": "primary", "lengthM": 100.0, "darkness": {"alpha": 12.748, "beta": 1.252, "mean": 0.0894, "var": 0.00543}, "exposure": {"activity": 0.5976, "structural": 0.8925, "blended": 0.8188}, "confidence": 0.9966, "repairPriority": 0.07295, "routePenalty": 154.3, "reportValue": 0.00445, "evidence": {"osmLampsWorking": 11, "osmLampsBroken": 1, "osmLampsUntagged": 0, "nightBusTrips": 199.9, "wardComplaints2025": 252, "reports": 0}}}, {"type": "Feature", "geometry": {"type": "LineString", "coordinates": [[77.6306209, 12.9369879], [77.6303932, 12.9367657], [77.6301146, 12.9364793], [77.630103, 12.9364568], [77.6301076, 12.9364336], [77.6301114, 12.9364199], [77.6301232, 12.9364043]]}, "properties": {"segID": "way153998651/0", "name": "1st B Main Road", "ward": "Ejipura", "roadClass": "residential", "lengthM": 88.0, "darkness": {"alpha": 1.748, "beta": 0.252, "mean": 0.126, "var": 0.03671}, "exposure": {"activity": 0.822, "structural": 0.2001, "blended": 0.3556}, "confidence": 0.4966, "repairPriority": 0.02225, "routePenalty": 204.5, "reportValue": 0.01305, "evidence": {"osmLampsWorking": 0, "osmLampsBroken": 0, "osmLampsUntagged": 0, "nightBusTrips": 54.0, "wardComplaints2025": 78, "reports": 0}}}, {"type": "Feature", "geometry": {"type": "LineString", "coordinates": [[77.65213, 12.9203948], [77.652143, 12.9200566], [77.6521539, 12.9196705], [77.652168, 12.9192358], [77.6522078, 12.9180676]]}, "properties": {"segID": "way156678397/0", "name": "28th Main Road", "ward": "HSR Layout", "roadClass": "residential", "lengthM": 258.9, "darkness": {"alpha": 1.748, "beta": 0.252, "mean": 0.126, "var": 0.03671}, "exposure": {"activity": 0.715, "structural": 0.2794, "blended": 0.3883}, "confidence": 0.4966, "repairPriority": 0.0243, "routePenalty": 583.4, "reportValue": 0.01425, "evidence": {"osmLampsWorking": 0, "osmLampsBroken": 0, "osmLampsUntagged": 0, "nightBusTrips": 79.4, "wardComplaints2025": 252, "reports": 0}}}, {"type": "Feature", "geometry": {"type": "LineString", "coordinates": [[77.6663502, 12.925726], [77.6663674, 12.925213], [77.6663775, 12.9251995], [77.6664156, 12.9251964], [77.6669823, 12.9251806], [77.6669946, 12.9251808], [77.6672985, 12.925176]]}, "properties": {"segID": "way163074237/0", "name": "Genesis Parking Road", "ward": "HSR Layout", "roadClass": "residential", "lengthM": 158.8, "darkness": {"alpha": 1.748, "beta": 0.252, "mean": 0.126, "var": 0.03671}, "exposure": {"activity": 0.2717, "structural": 0.4281, "blended": 0.389}, "confidence": 0.4966, "repairPriority": 0.02434, "routePenalty": 357.6, "reportValue": 0.01428, "evidence": {"osmLampsWorking": 0, "osmLampsBroken": 0, "osmLampsUntagged": 0, "nightBusTrips": 181.8, "wardComplaints2025": 252, "reports": 0}}}, {"type": "Feature", "geometry": {"type": "LineString", "coordinates": [[77.6672985, 12.925176], [77.6673478, 12.9251822], [77.6673528, 12.9252416], [77.6680633, 12.9252625], [77.6681078, 12.9252675], [77.6681363, 12.9252818], [77.6681413, 12.9253063], [77.6681343, 12.9256679], [77.6681169, 12.9256782], [77.6680519, 12.9256894]]}, "properties": {"segID": "way163074237/1", "name": "Genesis Parking Road", "ward": "HSR Layout", "roadClass": "residential", "lengthM": 149.7, "darkness": {"alpha": 1.748, "beta": 0.252, "mean": 0.126, "var": 0.03671}, "exposure": {"activity": 0.5245, "structural": 0.4518, "blended": 0.47}, "confidence": 0.4966, "repairPriority": 0.02941, "routePenalty": 317.3, "reportValue": 0.01725, "evidence": {"osmLampsWorking": 0, "osmLampsBroken": 0, "osmLampsUntagged": 0, "nightBusTrips": 207.8, "wardComplaints2025": 252, "reports": 0}}}, {"type": "Feature", "geometry": {"type": "LineString", "coordinates": [[77.6215262, 12.9154086], [77.6203131, 12.9155659], [77.6198976, 12.9156621]]}, "properties": {"segID": "way164040895/0", "name": "2nd Cross Road", "ward": "BTM Layout", "roadClass": "residential", "lengthM": 178.9, "darkness": {"alpha": 1.748, "beta": 0.252, "mean": 0.126, "var": 0.03671}, "exposure": {"activity": 0.0585, "structural": 0.4756, "blended": 0.3713}, "confidence": 0.4966, "repairPriority": 0.02323, "routePenalty": 409.4, "reportValue": 0.01363, "evidence": {"osmLampsWorking": 0, "osmLampsBroken": 0, "osmLampsUntagged": 0, "nightBusTrips": 232.3, "wardComplaints2025": 435, "reports": 0}}}, {"type": "Feature", "geometry": {"type": "LineString", "coordinates": [[77.6198976, 12.9156621], [77.619851, 12.9155103], [77.6195851, 12.9155397], [77.6192924, 12.9155989], [77.618903, 12.9156153], [77.6184355, 12.9156459]]}, "properties": {"segID": "way164040895/1", "name": "2nd Cross Road", "ward": "BTM Layout", "roadClass": "residential", "lengthM": 172.0, "darkness": {"alpha": 1.748, "beta": 0.252, "mean": 0.126, "var": 0.03671}, "exposure": {"activity": 0.0249, "structural": 0.4556, "blended": 0.348}, "confidence": 0.4966, "repairPriority": 0.02177, "routePenalty": 402.9, "reportValue": 0.01278, "evidence": {"osmLampsWorking": 0, "osmLampsBroken": 0, "osmLampsUntagged": 0, "nightBusTrips": 212.6, "wardComplaints2025": 435, "reports": 0}}}, {"type": "Feature", "geometry": {"type": "LineString", "coordinates": [[77.6297914, 12.9349406], [77.6294154, 12.9348255], [77.6293659, 12.9348055]]}, "properties": {"segID": "way164570822/0", "name": "1st A Cross", "ward": "Ejipura", "roadClass": "residential", "lengthM": 48.5, "darkness": {"alpha": 1.748, "beta": 0.252, "mean": 0.126, "var": 0.03671}, "exposure": {"activity": 0.9639, "structural": 0.3855, "blended": 0.5301}, "confidence": 0.4966, "repairPriority": 0.03317, "routePenalty": 99.3, "reportValue": 0.01946, "evidence": {"osmLampsWorking": 0, "osmLampsBroken": 0, "osmLampsUntagged": 0, "nightBusTrips": 55.6, "wardComplaints2025": 78, "reports": 0}}}, {"type": "Feature", "geometry": {"type": "LineString", "coordinates": [[77.6293386, 12.9362777], [77.6286018, 12.9360552], [77.6287062, 12.9357355], [77.628756, 12.9355804], [77.6287432, 12.9355098], [77.6287119, 12.9354848]]}, "properties": {"segID": "way164570824/0", "name": "1st Cross, Green Leaf Extension", "ward": "Ejipura", "roadClass": "residential", "lengthM": 151.3, "darkness": {"alpha": 1.748, "beta": 0.252, "mean": 0.126, "var": 0.03671}, "exposure": {"activity": 0.9252, "structural": 0.4406, "blended": 0.5617}, "confidence": 0.4966, "repairPriority": 0.03515, "routePenalty": 305.0, "reportValue": 0.02062, "evidence": {"osmLampsWorking": 0, "osmLampsBroken": 0, "osmLampsUntagged": 0, "nightBusTrips": 63.0, "wardComplaints2025": 78, "reports": 0}}}, {"type": "Feature", "geometry": {"type": "LineString", "coordinates": [[77.6362309, 12.9342539], [77.6359258, 12.9338857], [77.6357601, 12.9336731], [77.6356387, 12.9334914], [77.6356273, 12.9334535], [77.635626, 12.9334221], [77.6356337, 12.9333947], [77.6356534, 12.9333772]]}, "properties": {"segID": "way165510271/0", "name": "Temole Trees Road,Cauvery Colony", "ward": "Agaram", "roadClass": "residential", "lengthM": 120.4, "darkness": {"alpha": 0.356, "beta": 1.644, "mean": 0.8221, "var": 0.04874}, "exposure": {"activity": 0.129, "structural": 0.1292, "blended": 0.1292}, "confidence": 0.0924, "repairPriority": 0.00981, "routePenalty": 593.2, "reportValue": 0.0063, "evidence": {"osmLampsWorking": 0, "osmLampsBroken": 0, "osmLampsUntagged": 0, "nightBusTrips": 12.0, "wardComplaints2025": 71, "reports": 0}}}, {"type": "Feature", "geometry": {"type": "LineString", "coordinates": [[77.6217014, 12.914144], [77.6216672, 12.9146929], [77.6216512, 12.9149492], [77.6216268, 12.9153303], [77.6215836, 12.9153892], [77.6215262, 12.9154086]]}, "properties": {"segID": "way169075391/0", "name": "2nd Cross Road", "ward": "BTM Layout", "roadClass": "residential", "lengthM": 146.8, "darkness": {"alpha": 1.748, "beta": 0.252, "mean": 0.126, "var": 0.03671}, "exposure": {"activity": 0.0653, "structural": 0.4959, "blended": 0.3882}, "confidence": 0.4966, "repairPriority": 0.02429, "routePenalty": 330.8, "reportValue": 0.01425, "evidence": {"osmLampsWorking": 0, "osmLampsBroken": 0, "osmLampsUntagged": 0, "nightBusTrips": 264.1, "wardComplaints2025": 435, "reports": 0}}}, {"type": "Feature", "geometry": {"type": "LineString", "coordinates": [[77.6188855, 12.9234501], [77.6189926, 12.9232773], [77.6193219, 12.9227458], [77.6195407, 12.9224033], [77.6197926, 12.9220184]]}, "properties": {"segID": "way172853382/0", "name": "Hosur Road", "ward": "Koramangala", "roadClass": "primary", "lengthM": 187.1, "darkness": {"alpha": 1.748, "beta": 0.252, "mean": 0.126, "var": 0.03671}, "exposure": {"activity": 0.4523, "structural": 0.8021, "blended": 0.7146}, "confidence": 0.4966, "repairPriority": 0.04471, "routePenalty": 355.8, "reportValue": 0.02623, "evidence": {"osmLampsWorking": 0, "osmLampsBroken": 0, "osmLampsUntagged": 0, "nightBusTrips": 235.4, "wardComplaints2025": 136, "reports": 0}}}, {"type": "Feature", "geometry": {"type": "LineString", "coordinates": [[77.6197926, 12.9220184], [77.6202103, 12.9213448], [77.6202306, 12.9213128], [77.6202544, 12.9212751], [77.6202708, 12.9212494], [77.6202961, 12.9212099]]}, "properties": {"segID": "way172853382/1", "name": "Hosur Road", "ward": "Koramangala", "roadClass": "primary", "lengthM": 105.2, "darkness": {"alpha": 1.748, "beta": 0.252, "mean": 0.126, "var": 0.03671}, "exposure": {"activity": 0.767, "structural": 0.8788, "blended": 0.8508}, "confidence": 0.4966, "repairPriority": 0.05324, "routePenalty": 193.0, "reportValue": 0.03123, "evidence": {"osmLampsWorking": 0, "osmLampsBroken": 0, "osmLampsUntagged": 0, "nightBusTrips": 270.1, "wardComplaints2025": 136, "reports": 0}}}, {"type": "Feature", "geometry": {"type": "LineString", "coordinates": [[77.6346476, 12.9387473], [77.6349106, 12.9388525], [77.6351774, 12.9389824], [77.6353249, 12.9390661], [77.6354529, 12.9391574], [77.6357568, 12.9393947], [77.6360208, 12.9396511]]}, "properties": {"segID": "way208944724/0", "name": "Inner Ring Road", "ward": "Agaram", "roadClass": "primary", "lengthM": 181.4, "darkness": {"alpha": 0.711, "beta": 1.289, "mean": 0.6443, "var": 0.0764}, "exposure": {"activity": 0.0636, "structural": 0.5537, "blended": 0.4312}, "confidence": 0.0383, "repairPriority": 0.01064, "routePenalty": 593.5, "reportValue": 0.03294, "evidence": {"osmLampsWorking": 0, "osmLampsBroken": 0, "osmLampsUntagged": 0, "nightBusTrips": 19.7, "wardComplaints2025": 71, "reports": 0}}}, {"type": "Feature", "geometry": {"type": "LineString", "coordinates": [[77.6360208, 12.9396511], [77.6361014, 12.9397536], [77.6362744, 12.9399797], [77.6364934, 12.9403073], [77.6368526, 12.9408989]]}, "properties": {"segID": "way208944724/1", "name": "Inner Ring Road", "ward": "Agaram", "roadClass": "primary", "lengthM": 165.6, "darkness": {"alpha": 0.711, "beta": 1.289, "mean": 0.6443, "var": 0.0764}, "exposure": {"activity": 0.0516, "structural": 0.5469, "blended": 0.423}, "confidence": 0.0383, "repairPriority": 0.01044, "routePenalty": 544.0, "reportValue": 0.03232, "evidence": {"osmLampsWorking": 0, "osmLampsBroken": 0, "osmLampsUntagged": 0, "nightBusTrips": 14.0, "wardComplaints2025": 71, "reports": 0}}}, {"type": "Feature", "geometry": {"type": "LineString", "coordinates": [[77.6368526, 12.9408989], [77.6378354, 12.9424905]]}, "properties": {"segID": "way208944724/2", "name": "Inner Ring Road", "ward": "Agaram", "roadClass": "primary", "lengthM": 206.6, "darkness": {"alpha": 0.711, "beta": 1.289, "mean": 0.6443, "var": 0.0764}, "exposure": {"activity": 0.0249, "structural": 0.5458, "blended": 0.4156}, "confidence": 0.0383, "repairPriority": 0.01026, "routePenalty": 681.3, "reportValue": 0.03175, "evidence": {"osmLampsWorking": 0, "osmLampsBroken": 0, "osmLampsUntagged": 0, "nightBusTrips": 14.7, "wardComplaints2025": 71, "reports": 0}}}, {"type": "Feature", "geometry": {"type": "LineString", "coordinates": [[77.6378354, 12.9424905], [77.6388024, 12.9440785]]}, "properties": {"segID": "way208944724/3", "name": "Inner Ring Road", "ward": "Agaram", "roadClass": "primary", "lengthM": 205.3, "darkness": {"alpha": 0.711, "beta": 1.289, "mean": 0.6443, "var": 0.0764}, "exposure": {"activity": 0.0249, "structural": 0.5484, "blended": 0.4175}, "confidence": 0.0383, "repairPriority": 0.0103, "routePenalty": 676.4, "reportValue": 0.0319, "evidence": {"osmLampsWorking": 0, "osmLampsBroken": 0, "osmLampsUntagged": 0, "nightBusTrips": 20.6, "wardComplaints2025": 71, "reports": 0}}}, {"type": "Feature", "geometry": {"type": "LineString", "coordinates": [[77.6388024, 12.9440785], [77.6394005, 12.9450353], [77.6399778, 12.9459778]]}, "properties": {"segID": "way208944724/4", "name": "Inner Ring Road", "ward": "Agaram", "roadClass": "primary", "lengthM": 246.6, "darkness": {"alpha": 0.711, "beta": 1.289, "mean": 0.6443, "var": 0.0764}, "exposure": {"activity": 0.0249, "structural": 0.561, "blended": 0.427}, "confidence": 0.0383, "repairPriority": 0.01054, "routePenalty": 808.5, "reportValue": 0.03262, "evidence": {"osmLampsWorking": 0, "osmLampsBroken": 0, "osmLampsUntagged": 0, "nightBusTrips": 29.5, "wardComplaints2025": 71, "reports": 0}}}, {"type": "Feature", "geometry": {"type": "LineString", "coordinates": [[77.6399778, 12.9459778], [77.6399851, 12.9459899], [77.640011, 12.9460321], [77.6400555, 12.9461078], [77.6403286, 12.9465737], [77.6406259, 12.947076], [77.6407094, 12.9472429]]}, "properties": {"segID": "way208944724/5", "name": "Inner Ring Road", "ward": "Agaram", "roadClass": "primary", "lengthM": 161.5, "darkness": {"alpha": 0.711, "beta": 1.289, "mean": 0.6443, "var": 0.0764}, "exposure": {"activity": 0.0249, "structural": 0.5675, "blended": 0.4319}, "confidence": 0.0383, "repairPriority": 0.01066, "routePenalty": 528.2, "reportValue": 0.033, "evidence": {"osmLampsWorking": 0, "osmLampsBroken": 0, "osmLampsUntagged": 0, "nightBusTrips": 37.5, "wardComplaints2025": 71, "reports": 0}}}, {"type": "Feature", "geometry": {"type": "LineString", "coordinates": [[77.6407094, 12.9472429], [77.6407322, 12.9473134], [77.6407665, 12.9474452], [77.6407765, 12.9475526], [77.6407665, 12.947791], [77.6407283, 12.9479742], [77.6406785, 12.9481526], [77.640608, 12.9482834], [77.6405618, 12.9483434], [77.6404694, 12.9484479], [77.6403386, 12.948576]]}, "properties": {"segID": "way208944724/6", "name": "Inner Ring Road", "ward": "Agaram", "roadClass": "primary", "lengthM": 163.4, "darkness": {"alpha": 0.711, "beta": 1.289, "mean": 0.6443, "var": 0.0764}, "exposure": {"activity": 0.0249, "structural": 0.5431, "blended": 0.4135}, "confidence": 0.0383, "repairPriority": 0.0102, "routePenalty": 539.5, "reportValue": 0.03159, "evidence": {"osmLampsWorking": 0, "osmLampsBroken": 0, "osmLampsUntagged": 0, "nightBusTrips": 25.6, "wardComplaints2025": 71, "reports": 0}}}, {"type": "Feature", "geometry": {"type": "LineString", "coordinates": [[77.6403386, 12.948576], [77.640002, 12.9488544], [77.639558, 12.9492636], [77.6394173, 12.9493974], [77.6392966, 12.9495483]]}, "properties": {"segID": "way208944724/7", "name": "Inner Ring Road", "ward": "Agaram", "roadClass": "primary", "lengthM": 156.6, "darkness": {"alpha": 0.711, "beta": 1.289, "mean": 0.6443, "var": 0.0764}, "exposure": {"activity": 0.0249, "structural": 0.5295, "blended": 0.4034}, "confidence": 0.0383, "repairPriority": 0.00995, "routePenalty": 519.8, "reportValue": 0.03082, "evidence": {"osmLampsWorking": 0, "osmLampsBroken": 0, "osmLampsUntagged": 0, "nightBusTrips": 22.7, "wardComplaints2025": 71, "reports": 0}}}, {"type": "Feature", "geometry": {"type": "LineString", "coordinates": [[77.6392966, 12.9495483], [77.6391986, 12.9497451], [77.6391527, 12.9498759], [77.6391189, 12.9500777], [77.6391251, 12.9502703], [77.6391602, 12.950468], [77.63933, 12.950852]]}, "properties": {"segID": "way208944724/8", "name": "Inner Ring Road", "ward": "Agaram", "roadClass": "primary", "lengthM": 152.7, "darkness": {"alpha": 0.711, "beta": 1.289, "mean": 0.6443, "var": 0.0764}, "exposure": {"activity": 0.0249, "structural": 0.5235, "blended": 0.3988}, "confidence": 0.0383, "repairPriority": 0.00984, "routePenalty": 508.2, "reportValue": 0.03047, "evidence": {"osmLampsWorking": 0, "osmLampsBroken": 0, "osmLampsUntagged": 0, "nightBusTrips": 25.1, "wardComplaints2025": 71, "reports": 0}}}, {"type": "Feature", "geometry": {"type": "LineString", "coordinates": [[77.63933, 12.950852], [77.6396446, 12.9514557], [77.6398068, 12.9517297], [77.6401966, 12.9523878]]}, "properties": {"segID": "way208944724/9", "name": "Inner Ring Road", "ward": "Domlur", "roadClass": "primary", "lengthM": 195.0, "darkness": {"alpha": 1.748, "beta": 0.252, "mean": 0.126, "var": 0.03671}, "exposure": {"activity": 0.0249, "structural": 0.5235, "blended": 0.3988}, "confidence": 0.4966, "repairPriority": 0.02495, "routePenalty": 435.4, "reportValue": 0.01464, "evidence": {"osmLampsWorking": 0, "osmLampsBroken": 0, "osmLampsUntagged": 0, "nightBusTrips": 30.6, "wardComplaints2025": 96, "reports": 0}}}, {"type": "Feature", "geometry": {"type": "LineString", "coordinates": [[77.6401966, 12.9523878], [77.6403715, 12.9526756], [77.6405486, 12.9529792], [77.6406247, 12.9531098], [77.640693, 12.9532268], [77.6408344, 12.9534691], [77.6411955, 12.9541534]]}, "properties": {"segID": "way208944724/10", "name": "Inner Ring Road", "ward": "Domlur", "roadClass": "primary", "lengthM": 224.3, "darkness": {"alpha": 1.748, "beta": 0.252, "mean": 0.126, "var": 0.03671}, "exposure": {"activity": 0.0249, "structural": 0.5345, "blended": 0.4071}, "confidence": 0.4966, "repairPriority": 0.02547, "routePenalty": 497.5, "reportValue": 0.01494, "evidence": {"osmLampsWorking": 0, "osmLampsBroken": 0, "osmLampsUntagged": 0, "nightBusTrips": 48.0, "wardComplaints2025": 96, "reports": 0}}}, {"type": "Feature", "geometry": {"type": "LineString", "coordinates": [[77.6411955, 12.9541534], [77.6412591, 12.9543926], [77.6412871, 12.9546887], [77.6413086, 12.9550654], [77.6413397, 12.9555613]]}, "properties": {"segID": "way208944724/11", "name": "Inner Ring Road", "ward": "Domlur", "roadClass": "primary", "lengthM": 157.7, "darkness": {"alpha": 1.748, "beta": 0.252, "mean": 0.126, "var": 0.03671}, "exposure": {"activity": 0.0249, "structural": 0.5448, "blended": 0.4148}, "confidence": 0.4966, "repairPriority": 0.02595, "routePenalty": 347.6, "reportValue": 0.01523, "evidence": {"osmLampsWorking": 0, "osmLampsBroken": 0, "osmLampsUntagged": 0, "nightBusTrips": 55.1, "wardComplaints2025": 96, "reports": 0}}}, {"type": "Feature", "geometry": {"type": "LineString", "coordinates": [[77.6413397, 12.9555613], [77.6413531, 12.9563938], [77.6413603, 12.9567428], [77.6413623, 12.9568407], [77.641363, 12.9569623]]}, "properties": {"segID": "way208944724/12", "name": "Inner Ring Road", "ward": "Domlur", "roadClass": "primary", "lengthM": 155.8, "darkness": {"alpha": 1.748, "beta": 0.252, "mean": 0.126, "var": 0.03671}, "exposure": {"activity": 0.0249, "structural": 0.5923, "blended": 0.4504}, "confidence": 0.4966, "repairPriority": 0.02818, "routePenalty": 334.5, "reportValue": 0.01653, "evidence": {"osmLampsWorking": 0, "osmLampsBroken": 0, "osmLampsUntagged": 0, "nightBusTrips": 78.9, "wardComplaints2025": 96, "reports": 0}}}, {"type": "Feature", "geometry": {"type": "LineString", "coordinates": [[77.641363, 12.9569623], [77.6413469, 12.9571754], [77.6413026, 12.9578484], [77.6413115, 12.9580829]]}, "properties": {"segID": "way208944724/13", "name": "Inner Ring Road", "ward": "Domlur", "roadClass": "primary", "lengthM": 124.8, "darkness": {"alpha": 1.748, "beta": 0.252, "mean": 0.126, "var": 0.03671}, "exposure": {"activity": 0.0249, "structural": 0.5571, "blended": 0.4241}, "confidence": 0.4966, "repairPriority": 0.02654, "routePenalty": 273.1, "reportValue": 0.01557, "evidence": {"osmLampsWorking": 0, "osmLampsBroken": 0, "osmLampsUntagged": 0, "nightBusTrips": 95.7, "wardComplaints2025": 96, "reports": 0}}}, {"type": "Feature", "geometry": {"type": "LineString", "coordinates": [[77.6286878, 12.9382356], [77.6285411, 12.938179]]}, "properties": {"segID": "way208944725/0", "name": "Inner Ring Road", "ward": "Ejipura", "roadClass": "primary", "lengthM": 17.1, "darkness": {"alpha": 1.748, "beta": 0.252, "mean": 0.126, "var": 0.03671}, "exposure": {"activity": 0.8882, "structural": 0.5724, "blended": 0.6514}, "confidence": 0.4966, "repairPriority": 0.04076, "routePenalty": 33.2, "reportValue": 0.02391, "evidence": {"osmLampsWorking": 0, "osmLampsBroken": 0, "osmLampsUntagged": 0, "nightBusTrips": 66.3, "wardComplaints2025": 78, "reports": 0}}}, {"type": "Feature", "geometry": {"type": "LineString", "coordinates": [[77.6285411, 12.938179], [77.6284201, 12.9381191], [77.6283057, 12.9380641], [77.6281756, 12.9379981], [77.6279541, 12.9378841], [77.6277041, 12.937751], [77.6274688, 12.9376121], [77.6272877, 12.9374897]]}, "properties": {"segID": "way208944726/0", "name": "Inner Ring Road", "ward": "Ejipura", "roadClass": "primary", "lengthM": 156.1, "darkness": {"alpha": 1.748, "beta": 0.252, "mean": 0.126, "var": 0.03671}, "exposure": {"activity": 0.939, "structural": 0.573, "blended": 0.6645}, "confidence": 0.4966, "repairPriority": 0.04158, "routePenalty": 301.8, "reportValue": 0.02439, "evidence": {"osmLampsWorking": 0, "osmLampsBroken": 0, "osmLampsUntagged": 0, "nightBusTrips": 73.7, "wardComplaints2025": 78, "reports": 0}}}, {"type": "Feature", "geometry": {"type": "LineString", "coordinates": [[77.6272877, 12.9374897], [77.6270752, 12.9373044], [77.6270563, 12.9372886], [77.6270053, 12.937249]]}, "properties": {"segID": "way208944726/1", "name": "Inner Ring Road", "ward": "Ejipura", "roadClass": "primary", "lengthM": 40.7, "darkness": {"alpha": 1.748, "beta": 0.252, "mean": 0.126, "var": 0.03671}, "exposure": {"activity": 0.9845, "structural": 0.5044, "blended": 0.6244}, "confidence": 0.4966, "repairPriority": 0.03907, "routePenalty": 79.9, "reportValue": 0.02292, "evidence": {"osmLampsWorking": 0, "osmLampsBroken": 0, "osmLampsUntagged": 0, "nightBusTrips": 80.8, "wardComplaints2025": 78, "reports": 0}}}, {"type": "Feature", "geometry": {"type": "LineString", "coordinates": [[77.6285082, 12.9382733], [77.6287044, 12.9383498]]}, "properties": {"segID": "way208944727/0", "name": "Inner Ring Road", "ward": "Ejipura", "roadClass": "primary", "lengthM": 22.9, "darkness": {"alpha": 1.748, "beta": 0.252, "mean": 0.126, "var": 0.03671}, "exposure": {"activity": 0.8779, "structural": 0.6915, "blended": 0.7381}, "confidence": 0.4966, "repairPriority": 0.04618, "routePenalty": 43.2, "reportValue": 0.0271, "evidence": {"osmLampsWorking": 0, "osmLampsBroken": 0, "osmLampsUntagged": 0, "nightBusTrips": 63.9, "wardComplaints2025": 78, "reports": 0}}}, {"type": "Feature", "geometry": {"type": "LineString", "coordinates": [[77.6414244, 12.9580802], [77.6414143, 12.9578378], [77.6414572, 12.9572673], [77.6414725, 12.9568439], [77.6414648, 12.9563798]]}, "properties": {"segID": "way217565204/0", "name": "Inner Ring Road", "ward": "Domlur", "roadClass": "primary", "lengthM": 189.3, "darkness": {"alpha": 1.748, "beta": 0.252, "mean": 0.126, "var": 0.03671}, "exposure": {"activity": 0.0249, "structural": 0.5941, "blended": 0.4518}, "confidence": 0.4966, "repairPriority": 0.02827, "routePenalty": 406.1, "reportValue": 0.01659, "evidence": {"osmLampsWorking": 0, "osmLampsBroken": 0, "osmLampsUntagged": 0, "nightBusTrips": 87.2, "wardComplaints2025": 96, "reports": 0}}}, {"type": "Feature", "geometry": {"type": "LineString", "coordinates": [[77.6414648, 12.9563798], [77.6414584, 12.9558698], [77.6414394, 12.9554138], [77.6413866, 12.9547164]]}, "properties": {"segID": "way217565204/1", "name": "Inner Ring Road", "ward": "Domlur", "roadClass": "primary", "lengthM": 185.2, "darkness": {"alpha": 1.748, "beta": 0.252, "mean": 0.126, "var": 0.03671}, "exposure": {"activity": 0.0249, "structural": 0.5484, "blended": 0.4175}, "confidence": 0.4966, "repairPriority": 0.02612, "routePenalty": 407.4, "reportValue": 0.01533, "evidence": {"osmLampsWorking": 0, "osmLampsBroken": 0, "osmLampsUntagged": 0, "nightBusTrips": 60.8, "wardComplaints2025": 96, "reports": 0}}}, {"type": "Feature", "geometry": {"type": "LineString", "coordinates": [[77.6413866, 12.9547164], [77.6413707, 12.9543943], [77.6413288, 12.9541917], [77.6412439, 12.9539876], [77.6409533, 12.9534566]]}, "properties": {"segID": "way217565204/2", "name": "Inner Ring Road", "ward": "Konena Agrahara", "roadClass": "primary", "lengthM": 150.2, "darkness": {"alpha": 1.748, "beta": 0.252, "mean": 0.126, "var": 0.03671}, "exposure": {"activity": 0.0249, "structural": 0.5402, "blended": 0.4113}, "confidence": 0.4966, "repairPriority": 0.02574, "routePenalty": 332.0, "reportValue": 0.0151, "evidence": {"osmLampsWorking": 0, "osmLampsBroken": 0, "osmLampsUntagged": 0, "nightBusTrips": 52.3, "wardComplaints2025": 70, "reports": 0}}}, {"type": "Feature", "geometry": {"type": "LineString", "coordinates": [[77.6409533, 12.9534566], [77.6408801, 12.9533227], [77.640587, 12.9528182], [77.6403398, 12.9524091], [77.6400015, 12.9518287]]}, "properties": {"segID": "way217565204/3", "name": "Inner Ring Road", "ward": "Bellanduru", "roadClass": "primary", "lengthM": 208.3, "darkness": {"alpha": 1.363, "beta": 0.637, "mean": 0.3186, "var": 0.07236}, "exposure": {"activity": 0.0249, "structural": 0.5399, "blended": 0.4112}, "confidence": 0.058, "repairPriority": 0.0076, "routePenalty": 580.0, "reportValue": 0.02975, "evidence": {"osmLampsWorking": 0, "osmLampsBroken": 0, "osmLampsUntagged": 0, "nightBusTrips": 48.1, "wardComplaints2025": 250, "reports": 0}}}, {"type": "Feature", "geometry": {"type": "LineString", "coordinates": [[77.6400015, 12.9518287], [77.6399105, 12.9516986], [77.6398655, 12.9516151], [77.6397621, 12.951437], [77.6396302, 12.95119], [77.639535, 12.9509894], [77.6394865, 12.9508872], [77.6394576, 12.9508219], [77.6393213, 12.9505385]]}, "properties": {"segID": "way217565204/4", "name": "Inner Ring Road", "ward": "Agaram", "roadClass": "primary", "lengthM": 161.5, "darkness": {"alpha": 0.711, "beta": 1.289, "mean": 0.6443, "var": 0.0764}, "exposure": {"activity": 0.0249, "structural": 0.5154, "blended": 0.3928}, "confidence": 0.0383, "repairPriority": 0.00969, "routePenalty": 539.3, "reportValue": 0.03001, "evidence": {"osmLampsWorking": 0, "osmLampsBroken": 0, "osmLampsUntagged": 0, "nightBusTrips": 28.3, "wardComplaints2025": 71, "reports": 0}}}, {"type": "Feature", "geometry": {"type": "LineString", "coordinates": [[77.6393213, 12.9505385], [77.6392718, 12.9503986], [77.6392413, 12.9502519], [77.6392322, 12.9500894], [77.639263, 12.949896], [77.6393191, 12.9497665], [77.63942, 12.949585], [77.6394959, 12.9494899], [77.6395968, 12.9493752], [77.640059, 12.9489289]]}, "properties": {"segID": "way217565204/5", "name": "Inner Ring Road", "ward": "Agaram", "roadClass": "primary", "lengthM": 212.2, "darkness": {"alpha": 0.711, "beta": 1.289, "mean": 0.6443, "var": 0.0764}, "exposure": {"activity": 0.0249, "structural": 0.5372, "blended": 0.4092}, "confidence": 0.0383, "repairPriority": 0.0101, "routePenalty": 702.2, "reportValue": 0.03126, "evidence": {"osmLampsWorking": 0, "osmLampsBroken": 0, "osmLampsUntagged": 0, "nightBusTrips": 23.6, "wardComplaints2025": 71, "reports": 0}}}, {"type": "Feature", "geometry": {"type": "LineString", "coordinates": [[77.640059, 12.9489289], [77.6404073, 12.9486593], [77.6405552, 12.9485184], [77.640637, 12.9484388], [77.6407006, 12.9483606], [77.6408227, 12.9481415], [77.640877, 12.9479787], [77.6409046, 12.9478144]]}, "properties": {"segID": "way217565204/6", "name": "Inner Ring Road", "ward": "Agaram", "roadClass": "primary", "lengthM": 159.5, "darkness": {"alpha": 0.711, "beta": 1.289, "mean": 0.6443, "var": 0.0764}, "exposure": {"activity": 0.0249, "structural": 0.5474, "blended": 0.4168}, "confidence": 0.0383, "repairPriority": 0.01029, "routePenalty": 525.7, "reportValue": 0.03184, "evidence": {"osmLampsWorking": 0, "osmLampsBroken": 0, "osmLampsUntagged": 0, "nightBusTrips": 24.5, "wardComplaints2025": 71, "reports": 0}}}, {"type": "Feature", "geometry": {"type": "LineString", "coordinates": [[77.6409046, 12.9478144], [77.6409106, 12.9475444], [77.6408986, 12.9474127], [77.64089, 12.9473464], [77.6408761, 12.9472949], [77.6408448, 12.9472059], [77.6407456, 12.9470102], [77.64046, 12.9465253]]}, "properties": {"segID": "way217565204/7", "name": "Inner Ring Road", "ward": "Agaram", "roadClass": "primary", "lengthM": 155.0, "darkness": {"alpha": 0.711, "beta": 1.289, "mean": 0.6443, "var": 0.0764}, "exposure": {"activity": 0.0249, "structural": 0.5579, "blended": 0.4246}, "confidence": 0.0383, "repairPriority": 0.01048, "routePenalty": 508.8, "reportValue": 0.03244, "evidence": {"osmLampsWorking": 0, "osmLampsBroken": 0, "osmLampsUntagged": 0, "nightBusTrips": 27.6, "wardComplaints2025": 71, "reports": 0}}}, {"type": "Feature", "geometry": {"type": "LineString", "coordinates": [[77.64046, 12.9465253], [77.6401963, 12.9461245], [77.6401606, 12.9460702], [77.640153, 12.9460574], [77.6401043, 12.945974], [77.6400807, 12.9459361], [77.6394944, 12.9449882]]}, "properties": {"segID": "way217565204/8", "name": "Inner Ring Road", "ward": "Agaram", "roadClass": "primary", "lengthM": 200.4, "darkness": {"alpha": 0.711, "beta": 1.289, "mean": 0.6443, "var": 0.0764}, "exposure": {"activity": 0.0249, "structural": 0.5787, "blended": 0.4402}, "confidence": 0.0383, "repairPriority": 0.01086, "routePenalty": 652.8, "reportValue": 0.03363, "evidence": {"osmLampsWorking": 0, "osmLampsBroken": 0, "osmLampsUntagged": 0, "nightBusTrips": 37.8, "wardComplaints2025": 71, "reports": 0}}}, {"type": "Feature", "geometry": {"type": "LineString", "coordinates": [[77.6394944, 12.9449882], [77.6389194, 12.9440523], [77.638443, 12.9432695]]}, "properties": {"segID": "way217565204/9", "name": "Inner Ring Road", "ward": "Agaram", "roadClass": "primary", "lengthM": 222.5, "darkness": {"alpha": 0.711, "beta": 1.289, "mean": 0.6443, "var": 0.0764}, "exposure": {"activity": 0.0249, "structural": 0.5589, "blended": 0.4254}, "confidence": 0.0383, "repairPriority": 0.0105, "routePenalty": 730.1, "reportValue": 0.0325, "evidence": {"osmLampsWorking": 0, "osmLampsBroken": 0, "osmLampsUntagged": 0, "nightBusTrips": 20.7, "wardComplaints2025": 71, "reports": 0}}}, {"type": "Feature", "geometry": {"type": "LineString", "coordinates": [[77.638443, 12.9432695], [77.6379266, 12.9424487], [77.6374358, 12.9416396]]}, "properties": {"segID": "way217565204/10", "name": "Inner Ring Road", "ward": "Agaram", "roadClass": "primary", "lengthM": 211.6, "darkness": {"alpha": 0.711, "beta": 1.289, "mean": 0.6443, "var": 0.0764}, "exposure": {"activity": 0.0249, "structural": 0.5553, "blended": 0.4227}, "confidence": 0.0383, "repairPriority": 0.01043, "routePenalty": 695.3, "reportValue": 0.03229, "evidence": {"osmLampsWorking": 0, "osmLampsBroken": 0, "osmLampsUntagged": 0, "nightBusTrips": 14.7, "wardComplaints2025": 71, "reports": 0}}}, {"type": "Feature", "geometry": {"type": "LineString", "coordinates": [[77.6374358, 12.9416396], [77.636945, 12.9408345], [77.6367245, 12.9404689]]}, "properties": {"segID": "way217565204/11", "name": "Inner Ring Road", "ward": "Agaram", "roadClass": "primary", "lengthM": 151.3, "darkness": {"alpha": 0.711, "beta": 1.289, "mean": 0.6443, "var": 0.0764}, "exposure": {"activity": 0.0249, "structural": 0.5555, "blended": 0.4228}, "confidence": 0.0383, "repairPriority": 0.01043, "routePenalty": 497.1, "reportValue": 0.0323, "evidence": {"osmLampsWorking": 0, "osmLampsBroken": 0, "osmLampsUntagged": 0, "nightBusTrips": 13.5, "wardComplaints2025": 71, "reports": 0}}}, {"type": "Feature", "geometry": {"type": "LineString", "coordinates": [[77.6367245, 12.9404689], [77.636626, 12.9403057], [77.6363563, 12.9399024], [77.6362006, 12.9396895], [77.6361014, 12.9395719], [77.6358302, 12.9393019]]}, "properties": {"segID": "way217565204/12", "name": "Inner Ring Road", "ward": "Agaram", "roadClass": "primary", "lengthM": 162.6, "darkness": {"alpha": 0.711, "beta": 1.289, "mean": 0.6443, "var": 0.0764}, "exposure": {"activity": 0.0533, "structural": 0.5575, "blended": 0.4315}, "confidence": 0.0383, "repairPriority": 0.01065, "routePenalty": 531.9, "reportValue": 0.03297, "evidence": {"osmLampsWorking": 0, "osmLampsBroken": 0, "osmLampsUntagged": 0, "nightBusTrips": 14.1, "wardComplaints2025": 71, "reports": 0}}}, {"type": "Feature", "geometry": {"type": "LineString", "coordinates": [[77.6358302, 12.9393019], [77.6355649, 12.9390747], [77.6354094, 12.9389693], [77.6352196, 12.9388543], [77.6350003, 12.9387511], [77.6347645, 12.9386513]]}, "properties": {"segID": "way217565204/13", "name": "Inner Ring Road", "ward": "Agaram", "roadClass": "primary", "lengthM": 137.3, "darkness": {"alpha": 0.711, "beta": 1.289, "mean": 0.6443, "var": 0.0764}, "exposure": {"activity": 0.0662, "structural": 0.5627, "blended": 0.4386}, "confidence": 0.0383, "repairPriority": 0.01082, "routePenalty": 447.6, "reportValue": 0.03351, "evidence": {"osmLampsWorking": 0, "osmLampsBroken": 0, "osmLampsUntagged": 0, "nightBusTrips": 20.2, "wardComplaints2025": 71, "reports": 0}}}, {"type": "Feature", "geometry": {"type": "LineString", "coordinates": [[77.628232, 12.9392463], [77.6281843, 12.9394842], [77.6281541, 12.9396222], [77.6281289, 12.9397888], [77.628085, 12.9400714]]}, "properties": {"segID": "way223863605/0", "name": "1st Main Ashwini Layout", "ward": "Ejipura", "roadClass": "residential", "lengthM": 93.2, "darkness": {"alpha": 1.748, "beta": 0.252, "mean": 0.126, "var": 0.03671}, "exposure": {"activity": 0.7549, "structural": 0.4683, "blended": 0.5399}, "confidence": 0.4966, "repairPriority": 0.03378, "routePenalty": 189.9, "reportValue": 0.01982, "evidence": {"osmLampsWorking": 0, "osmLampsBroken": 0, "osmLampsUntagged": 0, "nightBusTrips": 59.0, "wardComplaints2025": 78, "reports": 0}}}, {"type": "Feature", "geometry": {"type": "LineString", "coordinates": [[77.6269256, 12.9407171], [77.6267673, 12.9406385], [77.626491, 12.9405388], [77.6261829, 12.9404489], [77.6260387, 12.9404006], [77.6258879, 12.9403441], [77.6258212, 12.9402895], [77.625747, 12.9402155], [77.6256958, 12.9401666], [77.6255013, 12.9399808]]}, "properties": {"segID": "way223863606/0", "name": "Sri Rama Temple Road", "ward": "Ejipura", "roadClass": "residential", "lengthM": 178.3, "darkness": {"alpha": 1.748, "beta": 0.252, "mean": 0.126, "var": 0.03671}, "exposure": {"activity": 0.7429, "structural": 0.25, "blended": 0.3732}, "confidence": 0.4966, "repairPriority": 0.02335, "routePenalty": 407.3, "reportValue": 0.0137, "evidence": {"osmLampsWorking": 0, "osmLampsBroken": 0, "osmLampsUntagged": 0, "nightBusTrips": 71.0, "wardComplaints2025": 78, "reports": 0}}}, {"type": "Feature", "geometry": {"type": "LineString", "coordinates": [[77.6337236, 12.9165801], [77.6337331, 12.9166387], [77.6337861, 12.9169653], [77.6338124, 12.9172082], [77.6338233, 12.9172777], [77.6338311, 12.9173367], [77.6338629, 12.9175785], [77.6338993, 12.9177876], [77.6339189, 12.9178909], [77.6339395, 12.9179994]]}, "properties": {"segID": "way230184832/0", "name": "6th Main Road", "ward": "Jakkasandra", "roadClass": "residential", "lengthM": 159.6, "darkness": {"alpha": 2.748, "beta": 1.252, "mean": 0.313, "var": 0.04301}, "exposure": {"activity": 0.7223, "structural": 0.7904, "blended": 0.7733}, "confidence": 0.104, "repairPriority": 0.02517, "routePenalty": 351.3, "reportValue": 0.03326, "evidence": {"osmLampsWorking": 1, "osmLampsBroken": 1, "osmLampsUntagged": 0, "nightBusTrips": 182.4, "wardComplaints2025": 62, "reports": 0}}}, {"type": "Feature", "geometry": {"type": "LineString", "coordinates": [[77.6339395, 12.9179994], [77.6339807, 12.9182748], [77.6340572, 12.9186152]]}, "properties": {"segID": "way230184832/1", "name": "6th Main Road", "ward": "Jakkasandra", "roadClass": "residential", "lengthM": 69.7, "darkness": {"alpha": 1.748, "beta": 0.252, "mean": 0.126, "var": 0.03671}, "exposure": {"activity": 0.552, "structural": 0.6077, "blended": 0.5938}, "confidence": 0.4966, "repairPriority": 0.03716, "routePenalty": 138.5, "reportValue": 0.0218, "evidence": {"osmLampsWorking": 0, "osmLampsBroken": 0, "osmLampsUntagged": 0, "nightBusTrips": 162.3, "wardComplaints2025": 62, "reports": 0}}}, {"type": "Feature", "geometry": {"type": "LineString", "coordinates": [[77.6353956, 12.9160625], [77.6353868, 12.9159033]]}, "properties": {"segID": "way230184833/0", "name": "9th Main Road", "ward": "HSR Layout", "roadClass": "tertiary", "lengthM": 17.7, "darkness": {"alpha": 1.748, "beta": 2.252, "mean": 0.563, "var": 0.04921}, "exposure": {"activity": 0.81, "structural": 0.4481, "blended": 0.5385}, "confidence": 0.0817, "repairPriority": 0.02477, "routePenalty": 49.5, "reportValue": 0.0265, "evidence": {"osmLampsWorking": 0, "osmLampsBroken": 2, "osmLampsUntagged": 0, "nightBusTrips": 204.6, "wardComplaints2025": 252, "reports": 0}}}, {"type": "Feature", "geometry": {"type": "LineString", "coordinates": [[77.6355972, 12.9175047], [77.6357366, 12.9177589], [77.6358821, 12.9179377], [77.6361872, 12.9182176], [77.63627, 12.9183057], [77.6363776, 12.9184201], [77.6365427, 12.9185787]]}, "properties": {"segID": "way230186917/0", "name": "13th Cross Road", "ward": "Jakkasandra", "roadClass": "residential", "lengthM": 158.5, "darkness": {"alpha": 1.748, "beta": 0.252, "mean": 0.126, "var": 0.03671}, "exposure": {"activity": 0.4953, "structural": 0.6856, "blended": 0.638}, "confidence": 0.4966, "repairPriority": 0.03992, "routePenalty": 309.4, "reportValue": 0.02342, "evidence": {"osmLampsWorking": 0, "osmLampsBroken": 0, "osmLampsUntagged": 0, "nightBusTrips": 163.1, "wardComplaints2025": 62, "reports": 0}}}, {"type": "Feature", "geometry": {"type": "LineString", "coordinates": [[77.6365427, 12.9185787], [77.6365541, 12.9185902], [77.6366886, 12.9187202]]}, "properties": {"segID": "way230186917/1", "name": "13th Cross Road", "ward": "Jakkasandra", "roadClass": "residential", "lengthM": 22.3, "darkness": {"alpha": 1.748, "beta": 0.252, "mean": 0.126, "var": 0.03671}, "exposure": {"activity": 0.4488, "structural": 0.6674, "blended": 0.6128}, "confidence": 0.4966, "repairPriority": 0.03834, "routePenalty": 44.0, "reportValue": 0.0225, "evidence": {"osmLampsWorking": 0, "osmLampsBroken": 0, "osmLampsUntagged": 0, "nightBusTrips": 148.2, "wardComplaints2025": 62, "reports": 0}}}, {"type": "Feature", "geometry": {"type": "LineString", "coordinates": [[77.6624187, 12.9211891], [77.662077, 12.9212854]]}, "properties": {"segID": "way230285994/0", "name": "Sarjapura Road", "ward": "Agaram", "roadClass": "tertiary", "lengthM": 38.6, "darkness": {"alpha": 0.508, "beta": 4.492, "mean": 0.8984, "var": 0.01522}, "exposure": {"activity": 0.3414, "structural": 0.4629, "blended": 0.4325}, "confidence": 0.9458, "repairPriority": 0.3675, "routePenalty": 122.0, "reportValue": 0.00658, "evidence": {"osmLampsWorking": 0, "osmLampsBroken": 3, "osmLampsUntagged": 0, "nightBusTrips": 217.6, "wardComplaints2025": 71, "reports": 0}}}, {"type": "Feature", "geometry": {"type": "LineString", "coordinates": [[77.6505891, 12.922423], [77.6505906, 12.9220456], [77.6506093, 12.9218318], [77.6506313, 12.9215665], [77.6506541, 12.9213193], [77.6506474, 12.9210743]]}, "properties": {"segID": "way230305561/0", "name": "24th Main Road", "ward": "HSR Layout", "roadClass": "residential", "lengthM": 150.3, "darkness": {"alpha": 1.748, "beta": 0.252, "mean": 0.126, "var": 0.03671}, "exposure": {"activity": 0.9304, "structural": 0.3727, "blended": 0.5121}, "confidence": 0.4966, "repairPriority": 0.03204, "routePenalty": 310.7, "reportValue": 0.0188, "evidence": {"osmLampsWorking": 0, "osmLampsBroken": 0, "osmLampsUntagged": 0, "nightBusTrips": 128.8, "wardComplaints2025": 252, "reports": 0}}}, {"type": "Feature", "geometry": {"type": "LineString", "coordinates": [[77.6368786, 12.9151811], [77.636324, 12.915224], [77.6358679, 12.915268], [77.6354235, 12.9153138]]}, "properties": {"segID": "way232237166/0", "name": "14th Cross Road", "ward": "HSR Layout", "roadClass": "residential", "lengthM": 158.4, "darkness": {"alpha": 1.748, "beta": 0.252, "mean": 0.126, "var": 0.03671}, "exposure": {"activity": 0.7687, "structural": 0.4236, "blended": 0.5099}, "confidence": 0.4966, "repairPriority": 0.03191, "routePenalty": 327.9, "reportValue": 0.01872, "evidence": {"osmLampsWorking": 0, "osmLampsBroken": 0, "osmLampsUntagged": 0, "nightBusTrips": 176.7, "wardComplaints2025": 252, "reports": 0}}}, {"type": "Feature", "geometry": {"type": "LineString", "coordinates": [[77.6354235, 12.9153138], [77.6353468, 12.9153217], [77.6352712, 12.9153289], [77.6338921, 12.9154388]]}, "properties": {"segID": "way232237166/1", "name": "14th Cross Road", "ward": "HSR Layout", "roadClass": "residential", "lengthM": 166.6, "darkness": {"alpha": 1.748, "beta": 0.252, "mean": 0.126, "var": 0.03671}, "exposure": {"activity": 0.804, "structural": 0.4333, "blended": 0.5259}, "confidence": 0.4966, "repairPriority": 0.03291, "routePenalty": 341.9, "reportValue": 0.01931, "evidence": {"osmLampsWorking": 0, "osmLampsBroken": 0, "osmLampsUntagged": 0, "nightBusTrips": 186.3, "wardComplaints2025": 252, "reports": 0}}}, {"type": "Feature", "geometry": {"type": "LineString", "coordinates": [[77.6338921, 12.9154388], [77.6334475, 12.9154757]]}, "properties": {"segID": "way232237166/2", "name": "14th Cross Road", "ward": "HSR Layout", "roadClass": "residential", "lengthM": 48.4, "darkness": {"alpha": 1.748, "beta": 0.252, "mean": 0.126, "var": 0.03671}, "exposure": {"activity": 0.7614, "structural": 0.4273, "blended": 0.5108}, "confidence": 0.4966, "repairPriority": 0.03196, "routePenalty": 100.1, "reportValue": 0.01875, "evidence": {"osmLampsWorking": 0, "osmLampsBroken": 0, "osmLampsUntagged": 0, "nightBusTrips": 179.8, "wardComplaints2025": 252, "reports": 0}}}, {"type": "Feature", "geometry": {"type": "LineString", "coordinates": [[77.6306868, 12.9184813], [77.6320179, 12.9180904]]}, "properties": {"segID": "way232237168/0", "name": "2nd Avenue", "ward": "Jakkasandra", "roadClass": "residential", "lengthM": 150.7, "darkness": {"alpha": 1.748, "beta": 0.252, "mean": 0.126, "var": 0.03671}, "exposure": {"activity": 0.8624, "structural": 0.5819, "blended": 0.6521}, "confidence": 0.4966, "repairPriority": 0.0408, "routePenalty": 292.7, "reportValue": 0.02394, "evidence": {"osmLampsWorking": 0, "osmLampsBroken": 0, "osmLampsUntagged": 0, "nightBusTrips": 185.0, "wardComplaints2025": 62, "reports": 0}}}, {"type": "Feature", "geometry": {"type": "LineString", "coordinates": [[77.6320179, 12.9180904], [77.6329396, 12.9178504], [77.6338629, 12.9175785]]}, "properties": {"segID": "way232237168/1", "name": "2nd Avenue", "ward": "Jakkasandra", "roadClass": "residential", "lengthM": 207.9, "darkness": {"alpha": 1.748, "beta": 0.252, "mean": 0.126, "var": 0.03671}, "exposure": {"activity": 0.7356, "structural": 0.8124, "blended": 0.7932}, "confidence": 0.4966, "repairPriority": 0.04963, "routePenalty": 386.8, "reportValue": 0.02912, "evidence": {"osmLampsWorking": 0, "osmLampsBroken": 0, "osmLampsUntagged": 0, "nightBusTrips": 182.6, "wardComplaints2025": 62, "reports": 0}}}, {"type": "Feature", "geometry": {"type": "LineString", "coordinates": [[77.6306175, 12.918202], [77.6319426, 12.9178208], [77.6328676, 12.9175537]]}, "properties": {"segID": "way232237171/0", "name": "3rd Avenue", "ward": "Jakkasandra", "roadClass": "residential", "lengthM": 254.3, "darkness": {"alpha": 1.748, "beta": 0.252, "mean": 0.126, "var": 0.03671}, "exposure": {"activity": 0.8676, "structural": 0.5792, "blended": 0.6513}, "confidence": 0.4966, "repairPriority": 0.04075, "routePenalty": 494.0, "reportValue": 0.02391, "evidence": {"osmLampsWorking": 0, "osmLampsBroken": 0, "osmLampsUntagged": 0, "nightBusTrips": 189.8, "wardComplaints2025": 62, "reports": 0}}}, {"type": "Feature", "geometry": {"type": "LineString", "coordinates": [[77.6328676, 12.9175537], [77.6338233, 12.9172777]]}, "properties": {"segID": "way232237171/1", "name": "3rd Avenue", "ward": "Jakkasandra", "roadClass": "residential", "lengthM": 108.0, "darkness": {"alpha": 1.748, "beta": 0.252, "mean": 0.126, "var": 0.03671}, "exposure": {"activity": 0.7377, "structural": 0.5614, "blended": 0.6055}, "confidence": 0.4966, "repairPriority": 0.03789, "routePenalty": 213.6, "reportValue": 0.02223, "evidence": {"osmLampsWorking": 0, "osmLampsBroken": 0, "osmLampsUntagged": 0, "nightBusTrips": 184.3, "wardComplaints2025": 62, "reports": 0}}}, {"type": "Feature", "geometry": {"type": "LineString", "coordinates": [[77.6492385, 12.9195152], [77.6479989, 12.9193924], [77.6476803, 12.9194032]]}, "properties": {"segID": "way232239392/0", "name": "7th Cross Road", "ward": "HSR Layout", "roadClass": "tertiary", "lengthM": 169.6, "darkness": {"alpha": 1.748, "beta": 0.252, "mean": 0.126, "var": 0.03671}, "exposure": {"activity": 0.669, "structural": 0.3549, "blended": 0.4334}, "confidence": 0.4966, "repairPriority": 0.02712, "routePenalty": 368.6, "reportValue": 0.01591, "evidence": {"osmLampsWorking": 0, "osmLampsBroken": 0, "osmLampsUntagged": 0, "nightBusTrips": 116.5, "wardComplaints2025": 252, "reports": 0}}}, {"type": "Feature", "geometry": {"type": "LineString", "coordinates": [[77.6476803, 12.9194032], [77.6471863, 12.9194627], [77.6454813, 12.919575]]}, "properties": {"segID": "way232239392/1", "name": "7th Cross Road", "ward": "HSR Layout", "roadClass": "tertiary", "lengthM": 239.2, "darkness": {"alpha": 1.748, "beta": 0.252, "mean": 0.126, "var": 0.03671}, "exposure": {"activity": 0.485, "structural": 0.3617, "blended": 0.3925}, "confidence": 0.4966, "repairPriority": 0.02456, "routePenalty": 537.0, "reportValue": 0.01441, "evidence": {"osmLampsWorking": 0, "osmLampsBroken": 0, "osmLampsUntagged": 0, "nightBusTrips": 123.6, "wardComplaints2025": 252, "reports": 0}}}, {"type": "Feature", "geometry": {"type": "LineString", "coordinates": [[77.6454813, 12.919575], [77.64508, 12.9195979], [77.6450703, 12.9195986], [77.6449981, 12.9196036], [77.6448901, 12.9196102], [77.6446321, 12.9196261], [77.6445784, 12.9196306], [77.6443239, 12.9196406], [77.6433236, 12.9197048]]}, "properties": {"segID": "way232239392/2", "name": "7th Cross Road", "ward": "HSR Layout", "roadClass": "tertiary", "lengthM": 234.3, "darkness": {"alpha": 2.748, "beta": 0.252, "mean": 0.084, "var": 0.01924}, "exposure": {"activity": 0.3938, "structural": 0.4178, "blended": 0.4118}, "confidence": 0.9329, "repairPriority": 0.03227, "routePenalty": 470.2, "reportValue": 0.00792, "evidence": {"osmLampsWorking": 1, "osmLampsBroken": 0, "osmLampsUntagged": 0, "nightBusTrips": 167.6, "wardComplaints2025": 252, "reports": 0}}}, {"type": "Feature", "geometry": {"type": "LineString", "coordinates": [[77.6433236, 12.9197048], [77.6432914, 12.9197243], [77.6431776, 12.9197934]]}, "properties": {"segID": "way232239392/3", "name": "7th Cross Road", "ward": "HSR Layout", "roadClass": "tertiary", "lengthM": 18.6, "darkness": {"alpha": 5.748, "beta": 0.252, "mean": 0.042, "var": 0.00575}, "exposure": {"activity": 0.2537, "structural": 0.4436, "blended": 0.3961}, "confidence": 0.9953, "repairPriority": 0.01656, "routePenalty": 34.7, "reportValue": 0.00228, "evidence": {"osmLampsWorking": 4, "osmLampsBroken": 0, "osmLampsUntagged": 0, "nightBusTrips": 199.7, "wardComplaints2025": 252, "reports": 0}}}, {"type": "Feature", "geometry": {"type": "LineString", "coordinates": [[77.6635896, 12.9211189], [77.6636953, 12.9218196], [77.663719, 12.9219286], [77.6637888, 12.9223268], [77.6638407, 12.9225381]]}, "properties": {"segID": "way232333948/0", "name": "5th Main Road", "ward": "HSR Layout", "roadClass": "residential", "lengthM": 160.2, "darkness": {"alpha": 1.748, "beta": 0.252, "mean": 0.126, "var": 0.03671}, "exposure": {"activity": 0.6028, "structural": 0.8731, "blended": 0.8055}, "confidence": 0.4966, "repairPriority": 0.0504, "routePenalty": 297.1, "reportValue": 0.02957, "evidence": {"osmLampsWorking": 0, "osmLampsBroken": 0, "osmLampsUntagged": 0, "nightBusTrips": 216.9, "wardComplaints2025": 252, "reports": 0}}}, {"type": "Feature", "geometry": {"type": "LineString", "coordinates": [[77.6638407, 12.9225381], [77.6638448, 12.9225586], [77.6639323, 12.9227081], [77.663946, 12.9227315], [77.6639803, 12.9227901], [77.6640299, 12.922913], [77.664049, 12.9229685], [77.6640615, 12.9230049], [77.664071, 12.9231317], [77.6640402, 12.9236503]]}, "properties": {"segID": "way232333948/1", "name": "5th Main Road", "ward": "HSR Layout", "roadClass": "residential", "lengthM": 129.3, "darkness": {"alpha": 1.748, "beta": 0.252, "mean": 0.126, "var": 0.03671}, "exposure": {"activity": 0.5279, "structural": 0.8447, "blended": 0.7655}, "confidence": 0.4966, "repairPriority": 0.0479, "routePenalty": 242.3, "reportValue": 0.0281, "evidence": {"osmLampsWorking": 0, "osmLampsBroken": 0, "osmLampsUntagged": 0, "nightBusTrips": 197.5, "wardComplaints2025": 252, "reports": 0}}}, {"type": "Feature", "geometry": {"type": "LineString", "coordinates": [[77.6504545, 12.9244834], [77.6508966, 12.9244413], [77.6516743, 12.9242955], [77.6517829, 12.9242769]]}, "properties": {"segID": "way232401975/0", "name": "Sarjapur Road", "ward": "Agaram", "roadClass": "primary", "lengthM": 145.9, "darkness": {"alpha": 9.111, "beta": 8.289, "mean": 0.4764, "var": 0.01356}, "exposure": {"activity": 0.54, "structural": 0.7057, "blended": 0.6643}, "confidence": 0.9561, "repairPriority": 0.30258, "routePenalty": 331.8, "reportValue": 0.00901, "evidence": {"osmLampsWorking": 8, "osmLampsBroken": 7, "osmLampsUntagged": 1, "nightBusTrips": 164.6, "wardComplaints2025": 71, "reports": 0}}}, {"type": "Feature", "geometry": {"type": "LineString", "coordinates": [[77.6381024, 12.9143945], [77.6381045, 12.9144473], [77.6381067, 12.9145041], [77.6381335, 12.9151871], [77.6381487, 12.9154942]]}, "properties": {"segID": "way232422095/0", "name": "14th Main Road", "ward": "HSR Layout", "roadClass": "secondary", "lengthM": 122.4, "darkness": {"alpha": 1.748, "beta": 0.252, "mean": 0.126, "var": 0.03671}, "exposure": {"activity": 0.2915, "structural": 0.3679, "blended": 0.3488}, "confidence": 0.4966, "repairPriority": 0.02182, "routePenalty": 286.5, "reportValue": 0.0128, "evidence": {"osmLampsWorking": 0, "osmLampsBroken": 0, "osmLampsUntagged": 0, "nightBusTrips": 127.1, "wardComplaints2025": 252, "reports": 0}}}, {"type": "Feature", "geometry": {"type": "LineString", "coordinates": [[77.6447749, 12.9151886], [77.6446717, 12.9151999], [77.6441525, 12.9152888], [77.643697, 12.9153641], [77.6433428, 12.9154227]]}, "properties": {"segID": "way233129248/0", "name": "12th Cross Road", "ward": "HSR Layout", "roadClass": "residential", "lengthM": 157.4, "darkness": {"alpha": 1.748, "beta": 0.252, "mean": 0.126, "var": 0.03671}, "exposure": {"activity": 0.4574, "structural": 0.3036, "blended": 0.3421}, "confidence": 0.4966, "repairPriority": 0.02141, "routePenalty": 371.0, "reportValue": 0.01256, "evidence": {"osmLampsWorking": 0, "osmLampsBroken": 0, "osmLampsUntagged": 0, "nightBusTrips": 88.9, "wardComplaints2025": 252, "reports": 0}}}, {"type": "Feature", "geometry": {"type": "LineString", "coordinates": [[77.6433428, 12.9154227], [77.6423402, 12.9155884], [77.6417315, 12.9156805]]}, "properties": {"segID": "way233129248/1", "name": "12th Cross Road", "ward": "HSR Layout", "roadClass": "residential", "lengthM": 177.0, "darkness": {"alpha": 1.748, "beta": 0.252, "mean": 0.126, "var": 0.03671}, "exposure": {"activity": 0.1341, "structural": 0.35, "blended": 0.2961}, "confidence": 0.4966, "repairPriority": 0.01853, "routePenalty": 441.2, "reportValue": 0.01087, "evidence": {"osmLampsWorking": 0, "osmLampsBroken": 0, "osmLampsUntagged": 0, "nightBusTrips": 113.2, "wardComplaints2025": 252, "reports": 0}}}, {"type": "Feature", "geometry": {"type": "LineString", "coordinates": [[77.6448585, 12.9171778], [77.6447744, 12.9171787], [77.644751, 12.917182], [77.6442672, 12.917202], [77.6437822, 12.9172112], [77.6434286, 12.9172298]]}, "properties": {"segID": "way233129250/0", "name": "11th Cross Road", "ward": "HSR Layout", "roadClass": "tertiary", "lengthM": 155.1, "darkness": {"alpha": 1.748, "beta": 0.252, "mean": 0.126, "var": 0.03671}, "exposure": {"activity": 0.5985, "structural": 0.3868, "blended": 0.4397}, "confidence": 0.4966, "repairPriority": 0.02751, "routePenalty": 335.5, "reportValue": 0.01614, "evidence": {"osmLampsWorking": 0, "osmLampsBroken": 0, "osmLampsUntagged": 0, "nightBusTrips": 136.8, "wardComplaints2025": 252, "reports": 0}}}, {"type": "Feature", "geometry": {"type": "LineString", "coordinates": [[77.6434286, 12.9172298], [77.6430118, 12.9172342], [77.642425, 12.9172606]]}, "properties": {"segID": "way233129250/1", "name": "11th Cross Road", "ward": "HSR Layout", "roadClass": "tertiary", "lengthM": 108.8, "darkness": {"alpha": 1.748, "beta": 0.252, "mean": 0.126, "var": 0.03671}, "exposure": {"activity": 0.3001, "structural": 0.4013, "blended": 0.376}, "confidence": 0.4966, "repairPriority": 0.02353, "routePenalty": 247.9, "reportValue": 0.0138, "evidence": {"osmLampsWorking": 0, "osmLampsBroken": 0, "osmLampsUntagged": 0, "nightBusTrips": 149.1, "wardComplaints2025": 252, "reports": 0}}}, {"type": "Feature", "geometry": {"type": "LineString", "coordinates": [[77.6447685, 12.9150343], [77.6446642, 12.9150421], [77.6441883, 12.9151346], [77.6422507, 12.9154271]]}, "properties": {"segID": "way233129251/0", "name": "13th Cross Road", "ward": "HSR Layout", "roadClass": "residential", "lengthM": 276.4, "darkness": {"alpha": 1.748, "beta": 0.252, "mean": 0.126, "var": 0.03671}, "exposure": {"activity": 0.4368, "structural": 0.2974, "blended": 0.3323}, "confidence": 0.4966, "repairPriority": 0.02079, "routePenalty": 658.6, "reportValue": 0.0122, "evidence": {"osmLampsWorking": 0, "osmLampsBroken": 0, "osmLampsUntagged": 0, "nightBusTrips": 86.8, "wardComplaints2025": 252, "reports": 0}}}, {"type": "Feature", "geometry": {"type": "LineString", "coordinates": [[77.6422507, 12.9154271], [77.6421761, 12.9154405], [77.6416458, 12.9155169], [77.640717, 12.9155757]]}, "properties": {"segID": "way233129251/1", "name": "13th Cross Road", "ward": "HSR Layout", "roadClass": "residential", "lengthM": 167.2, "darkness": {"alpha": 1.748, "beta": 0.252, "mean": 0.126, "var": 0.03671}, "exposure": {"activity": 0.1075, "structural": 0.3525, "blended": 0.2912}, "confidence": 0.4966, "repairPriority": 0.01822, "routePenalty": 419.6, "reportValue": 0.01069, "evidence": {"osmLampsWorking": 0, "osmLampsBroken": 0, "osmLampsUntagged": 0, "nightBusTrips": 114.4, "wardComplaints2025": 252, "reports": 0}}}, {"type": "Feature", "geometry": {"type": "LineString", "coordinates": [[77.640717, 12.9155757], [77.6402403, 12.9155983], [77.6398013, 12.9156224]]}, "properties": {"segID": "way233129251/2", "name": "13th Cross Road", "ward": "HSR Layout", "roadClass": "residential", "lengthM": 99.4, "darkness": {"alpha": 1.748, "beta": 0.252, "mean": 0.126, "var": 0.03671}, "exposure": {"activity": 0.1126, "structural": 0.3569, "blended": 0.2959}, "confidence": 0.4966, "repairPriority": 0.01851, "routePenalty": 247.8, "reportValue": 0.01086, "evidence": {"osmLampsWorking": 0, "osmLampsBroken": 0, "osmLampsUntagged": 0, "nightBusTrips": 118.1, "wardComplaints2025": 252, "reports": 0}}}, {"type": "Feature", "geometry": {"type": "LineString", "coordinates": [[77.6459079, 12.9215171], [77.6469302, 12.9213719], [77.647278, 12.9213541]]}, "properties": {"segID": "way236748349/0", "name": "1st Cross Road", "ward": "HSR Layout", "roadClass": "residential", "lengthM": 149.7, "darkness": {"alpha": 1.748, "beta": 0.252, "mean": 0.126, "var": 0.03671}, "exposure": {"activity": 0.5047, "structural": 0.38, "blended": 0.4112}, "confidence": 0.4966, "repairPriority": 0.02573, "routePenalty": 330.9, "reportValue": 0.0151, "evidence": {"osmLampsWorking": 0, "osmLampsBroken": 0, "osmLampsUntagged": 0, "nightBusTrips": 131.9, "wardComplaints2025": 252, "reports": 0}}}, {"type": "Feature", "geometry": {"type": "LineString", "coordinates": [[77.646654, 12.9227439], [77.6467752, 12.9223365], [77.6469302, 12.9213719]]}, "properties": {"segID": "way236748350/0", "name": "21st Main Road", "ward": "HSR Layout", "roadClass": "residential", "lengthM": 155.7, "darkness": {"alpha": 1.748, "beta": 0.252, "mean": 0.126, "var": 0.03671}, "exposure": {"activity": 0.466, "structural": 0.3782, "blended": 0.4002}, "confidence": 0.4966, "repairPriority": 0.02504, "routePenalty": 347.3, "reportValue": 0.01469, "evidence": {"osmLampsWorking": 0, "osmLampsBroken": 0, "osmLampsUntagged": 0, "nightBusTrips": 130.6, "wardComplaints2025": 252, "reports": 0}}}, {"type": "Feature", "geometry": {"type": "LineString", "coordinates": [[77.6469302, 12.9213719], [77.6469308, 12.9211026]]}, "properties": {"segID": "way236748350/1", "name": "21st Main Road", "ward": "HSR Layout", "roadClass": "residential", "lengthM": 29.9, "darkness": {"alpha": 1.748, "beta": 0.252, "mean": 0.126, "var": 0.03671}, "exposure": {"activity": 0.503, "structural": 0.3796, "blended": 0.4105}, "confidence": 0.4966, "repairPriority": 0.02569, "routePenalty": 66.1, "reportValue": 0.01507, "evidence": {"osmLampsWorking": 0, "osmLampsBroken": 0, "osmLampsUntagged": 0, "nightBusTrips": 131.4, "wardComplaints2025": 252, "reports": 0}}}, {"type": "Feature", "geometry": {"type": "LineString", "coordinates": [[77.6240446, 12.9151188], [77.6242258, 12.9148111], [77.6243915, 12.9145188]]}, "properties": {"segID": "way237025636/0", "name": "Hosur Road", "ward": "HSR Layout", "roadClass": "trunk", "lengthM": 76.6, "darkness": {"alpha": 1.748, "beta": 0.252, "mean": 0.126, "var": 0.03671}, "exposure": {"activity": 0.0774, "structural": 0.6702, "blended": 0.522}, "confidence": 0.4966, "repairPriority": 0.03266, "routePenalty": 157.5, "reportValue": 0.01916, "evidence": {"osmLampsWorking": 0, "osmLampsBroken": 0, "osmLampsUntagged": 0, "nightBusTrips": 251.2, "wardComplaints2025": 252, "reports": 0}}}, {"type": "Feature", "geometry": {"type": "LineString", "coordinates": [[77.6202961, 12.9212099], [77.6204326, 12.9212646], [77.6206183, 12.9213614], [77.6208375, 12.9214785], [77.6209598, 12.9215439], [77.6219277, 12.9221108]]}, "properties": {"segID": "way239438610/0", "name": "Madiwala Sarjapura Road", "ward": "Jakkasandra", "roadClass": "primary", "lengthM": 203.4, "darkness": {"alpha": 1.748, "beta": 0.252, "mean": 0.126, "var": 0.03671}, "exposure": {"activity": 0.6939, "structural": 0.9094, "blended": 0.8555}, "confidence": 0.4966, "repairPriority": 0.05353, "routePenalty": 372.8, "reportValue": 0.03141, "evidence": {"osmLampsWorking": 0, "osmLampsBroken": 0, "osmLampsUntagged": 0, "nightBusTrips": 289.8, "wardComplaints2025": 62, "reports": 0}}}, {"type": "Feature", "geometry": {"type": "LineString", "coordinates": [[77.6219277, 12.9221108], [77.6228023, 12.9226377], [77.6229131, 12.9227043], [77.6230178, 12.9227661], [77.6232206, 12.9228858]]}, "properties": {"segID": "way239438610/1", "name": "Madiwala Sarjapura Road", "ward": "Koramangala", "roadClass": "primary", "lengthM": 164.5, "darkness": {"alpha": 1.748, "beta": 0.252, "mean": 0.126, "var": 0.03671}, "exposure": {"activity": 0.3044, "structural": 0.9104, "blended": 0.7589}, "confidence": 0.4966, "repairPriority": 0.04749, "routePenalty": 308.8, "reportValue": 0.02786, "evidence": {"osmLampsWorking": 0, "osmLampsBroken": 0, "osmLampsUntagged": 0, "nightBusTrips": 268.5, "wardComplaints2025": 136, "reports": 0}}}, {"type": "Feature", "geometry": {"type": "LineString", "coordinates": [[77.6232206, 12.9228858], [77.624256, 12.9231182], [77.6248792, 12.9232583]]}, "properties": {"segID": "way239438610/2", "name": "Madiwala Sarjapura Road", "ward": "Jakkasandra", "roadClass": "primary", "lengthM": 184.5, "darkness": {"alpha": 1.748, "beta": 0.252, "mean": 0.126, "var": 0.03671}, "exposure": {"activity": 0.1324, "structural": 0.8951, "blended": 0.7044}, "confidence": 0.4966, "repairPriority": 0.04408, "routePenalty": 352.0, "reportValue": 0.02586, "evidence": {"osmLampsWorking": 0, "osmLampsBroken": 0, "osmLampsUntagged": 0, "nightBusTrips": 235.9, "wardComplaints2025": 62, "reports": 0}}}, {"type": "Feature", "geometry": {"type": "LineString", "coordinates": [[77.6248792, 12.9232583], [77.6269752, 12.9237296]]}, "properties": {"segID": "way239438610/3", "name": "Madiwala Sarjapura Road", "ward": "Jakkasandra", "roadClass": "primary", "lengthM": 233.1, "darkness": {"alpha": 1.748, "beta": 0.252, "mean": 0.126, "var": 0.03671}, "exposure": {"activity": 0.3448, "structural": 0.8784, "blended": 0.745}, "confidence": 0.4966, "repairPriority": 0.04662, "routePenalty": 439.4, "reportValue": 0.02735, "evidence": {"osmLampsWorking": 0, "osmLampsBroken": 0, "osmLampsUntagged": 0, "nightBusTrips": 216.7, "wardComplaints2025": 62, "reports": 0}}}, {"type": "Feature", "geometry": {"type": "LineString", "coordinates": [[77.6269752, 12.9237296], [77.6283741, 12.9240423]]}, "properties": {"segID": "way239438610/4", "name": "Madiwala Sarjapura Road", "ward": "Jakkasandra", "roadClass": "primary", "lengthM": 155.5, "darkness": {"alpha": 1.748, "beta": 0.252, "mean": 0.126, "var": 0.03671}, "exposure": {"activity": 0.2451, "structural": 0.8801, "blended": 0.7214}, "confidence": 0.4966, "repairPriority": 0.04514, "routePenalty": 295.1, "reportValue": 0.02648, "evidence": {"osmLampsWorking": 0, "osmLampsBroken": 0, "osmLampsUntagged": 0, "nightBusTrips": 216.9, "wardComplaints2025": 62, "reports": 0}}}, {"type": "Feature", "geometry": {"type": "LineString", "coordinates": [[77.6283741, 12.9240423], [77.6286029, 12.9240947], [77.6287288, 12.9241909]]}, "properties": {"segID": "way239438610/5", "name": "Madiwala Sarjapura Road", "ward": "Jakkasandra", "roadClass": "primary", "lengthM": 42.8, "darkness": {"alpha": 1.748, "beta": 0.252, "mean": 0.126, "var": 0.03671}, "exposure": {"activity": 0.2107, "structural": 0.8758, "blended": 0.7095}, "confidence": 0.4966, "repairPriority": 0.04439, "routePenalty": 81.5, "reportValue": 0.02605, "evidence": {"osmLampsWorking": 0, "osmLampsBroken": 0, "osmLampsUntagged": 0, "nightBusTrips": 213.3, "wardComplaints2025": 62, "reports": 0}}}, {"type": "Feature", "geometry": {"type": "LineString", "coordinates": [[77.6240948, 12.9147868], [77.6239418, 12.9150658]]}, "properties": {"segID": "way243897292/0", "name": "Hosur Road", "ward": "Bommanahalli", "roadClass": "trunk", "lengthM": 35.2, "darkness": {"alpha": 1.748, "beta": 0.252, "mean": 0.126, "var": 0.03671}, "exposure": {"activity": 0.0825, "structural": 0.4931, "blended": 0.3905}, "confidence": 0.4966, "repairPriority": 0.02443, "routePenalty": 79.2, "reportValue": 0.01434, "evidence": {"osmLampsWorking": 0, "osmLampsBroken": 0, "osmLampsUntagged": 0, "nightBusTrips": 256.8, "wardComplaints2025": 254, "reports": 0}}}, {"type": "Feature", "geometry": {"type": "LineString", "coordinates": [[77.6203498, 12.9247554], [77.618833, 12.9241087]]}, "properties": {"segID": "way264335226/0", "name": "3rd Cross Road", "ward": "Koramangala", "roadClass": "residential", "lengthM": 179.4, "darkness": {"alpha": 1.748, "beta": 0.252, "mean": 0.126, "var": 0.03671}, "exposure": {"activity": 0.1367, "structural": 0.466, "blended": 0.3836}, "confidence": 0.4966, "repairPriority": 0.024, "routePenalty": 405.9, "reportValue": 0.01408, "evidence": {"osmLampsWorking": 0, "osmLampsBroken": 0, "osmLampsUntagged": 0, "nightBusTrips": 220.6, "wardComplaints2025": 136, "reports": 0}}}, {"type": "Feature", "geometry": {"type": "LineString", "coordinates": [[77.618833, 12.9241087], [77.6186853, 12.9240419], [77.6186101, 12.9240012]]}, "properties": {"segID": "way264335226/1", "name": "3rd Cross Road", "ward": "Koramangala", "roadClass": "residential", "lengthM": 27.0, "darkness": {"alpha": 1.748, "beta": 0.252, "mean": 0.126, "var": 0.03671}, "exposure": {"activity": 0.135, "structural": 0.4666, "blended": 0.3837}, "confidence": 0.4966, "repairPriority": 0.02401, "routePenalty": 61.1, "reportValue": 0.01409, "evidence": {"osmLampsWorking": 0, "osmLampsBroken": 0, "osmLampsUntagged": 0, "nightBusTrips": 221.1, "wardComplaints2025": 136, "reports": 0}}}, {"type": "Feature", "geometry": {"type": "LineString", "coordinates": [[77.6203498, 12.9247554], [77.6202576, 12.9249464], [77.6200089, 12.9253882], [77.6199272, 12.9254987]]}, "properties": {"segID": "way264335594/0", "name": "17th Main Road", "ward": "Koramangala", "roadClass": "residential", "lengthM": 94.7, "darkness": {"alpha": 1.748, "beta": 0.252, "mean": 0.126, "var": 0.03671}, "exposure": {"activity": 0.1023, "structural": 0.4635, "blended": 0.3732}, "confidence": 0.4966, "repairPriority": 0.02335, "routePenalty": 216.3, "reportValue": 0.0137, "evidence": {"osmLampsWorking": 0, "osmLampsBroken": 0, "osmLampsUntagged": 0, "nightBusTrips": 219.1, "wardComplaints2025": 136, "reports": 0}}}, {"type": "Feature", "geometry": {"type": "LineString", "coordinates": [[77.6251942, 12.9258917], [77.6254533, 12.9266427], [77.6256948, 12.9273383]]}, "properties": {"segID": "way269436421/0", "name": "13th Main Road", "ward": "Koramangala", "roadClass": "residential", "lengthM": 169.8, "darkness": {"alpha": 1.748, "beta": 0.252, "mean": 0.126, "var": 0.03671}, "exposure": {"activity": 0.3667, "structural": 0.5978, "blended": 0.54}, "confidence": 0.4966, "repairPriority": 0.03379, "routePenalty": 345.9, "reportValue": 0.01982, "evidence": {"osmLampsWorking": 0, "osmLampsBroken": 0, "osmLampsUntagged": 0, "nightBusTrips": 176.6, "wardComplaints2025": 136, "reports": 0}}}, {"type": "Feature", "geometry": {"type": "LineString", "coordinates": [[77.6256948, 12.9273383], [77.6258862, 12.9278704], [77.6265473, 12.929708]]}, "properties": {"segID": "way269436421/1", "name": "13th Main Road", "ward": "Koramangala", "roadClass": "residential", "lengthM": 279.2, "darkness": {"alpha": 1.748, "beta": 0.252, "mean": 0.126, "var": 0.03671}, "exposure": {"activity": 0.2201, "structural": 0.6093, "blended": 0.512}, "confidence": 0.4966, "repairPriority": 0.03204, "routePenalty": 577.2, "reportValue": 0.0188, "evidence": {"osmLampsWorking": 0, "osmLampsBroken": 0, "osmLampsUntagged": 0, "nightBusTrips": 143.2, "wardComplaints2025": 136, "reports": 0}}}, {"type": "Feature", "geometry": {"type": "LineString", "coordinates": [[77.6265473, 12.929708], [77.6268215, 12.9304478]]}, "properties": {"segID": "way269436421/2", "name": "13th Main Road", "ward": "Koramangala", "roadClass": "residential", "lengthM": 87.5, "darkness": {"alpha": 1.748, "beta": 0.252, "mean": 0.126, "var": 0.03671}, "exposure": {"activity": 0.2936, "structural": 0.5322, "blended": 0.4726}, "confidence": 0.4966, "repairPriority": 0.02957, "routePenalty": 185.2, "reportValue": 0.01735, "evidence": {"osmLampsWorking": 0, "osmLampsBroken": 0, "osmLampsUntagged": 0, "nightBusTrips": 90.0, "wardComplaints2025": 136, "reports": 0}}}, {"type": "Feature", "geometry": {"type": "LineString", "coordinates": [[77.6341032, 12.9341184], [77.6338878, 12.9336873], [77.6337358, 12.9332839], [77.6336226, 12.9328994], [77.6335687, 12.932601]]}, "properties": {"segID": "way309079083/0", "name": "8th Cross Road", "ward": "Agaram", "roadClass": "residential", "lengthM": 179.3, "darkness": {"alpha": 0.356, "beta": 1.644, "mean": 0.8221, "var": 0.04874}, "exposure": {"activity": 0.5271, "structural": 0.3654, "blended": 0.4058}, "confidence": 0.0924, "repairPriority": 0.03083, "routePenalty": 602.5, "reportValue": 0.01978, "evidence": {"osmLampsWorking": 0, "osmLampsBroken": 0, "osmLampsUntagged": 0, "nightBusTrips": 20.3, "wardComplaints2025": 71, "reports": 0}}}, {"type": "Feature", "geometry": {"type": "LineString", "coordinates": [[77.6335687, 12.932601], [77.6334952, 12.9322071], [77.6334015, 12.9316638]]}, "properties": {"segID": "way309079083/1", "name": "8th Cross Road", "ward": "Agaram", "roadClass": "residential", "lengthM": 105.8, "darkness": {"alpha": 0.356, "beta": 1.644, "mean": 0.8221, "var": 0.04874}, "exposure": {"activity": 0.7283, "structural": 0.3871, "blended": 0.4724}, "confidence": 0.0924, "repairPriority": 0.03588, "routePenalty": 344.6, "reportValue": 0.02302, "evidence": {"osmLampsWorking": 0, "osmLampsBroken": 0, "osmLampsUntagged": 0, "nightBusTrips": 31.5, "wardComplaints2025": 71, "reports": 0}}}, {"type": "Feature", "geometry": {"type": "LineString", "coordinates": [[77.6334952, 12.9322071], [77.6324453, 12.9331898]]}, "properties": {"segID": "way309184638/0", "name": "2nd Main Road", "ward": "Ejipura", "roadClass": "residential", "lengthM": 157.8, "darkness": {"alpha": 1.748, "beta": 0.252, "mean": 0.126, "var": 0.03671}, "exposure": {"activity": 0.7739, "structural": 0.4445, "blended": 0.5269}, "confidence": 0.4966, "repairPriority": 0.03297, "routePenalty": 323.6, "reportValue": 0.01934, "evidence": {"osmLampsWorking": 0, "osmLampsBroken": 0, "osmLampsUntagged": 0, "nightBusTrips": 31.4, "wardComplaints2025": 78, "reports": 0}}}, {"type": "Feature", "geometry": {"type": "LineString", "coordinates": [[77.6324453, 12.9331898], [77.6321489, 12.93348], [77.6318194, 12.9338184], [77.6314081, 12.9342374]]}, "properties": {"segID": "way309184638/1", "name": "2nd Main Road", "ward": "Ejipura", "roadClass": "residential", "lengthM": 161.9, "darkness": {"alpha": 1.748, "beta": 0.252, "mean": 0.126, "var": 0.03671}, "exposure": {"activity": 0.8229, "structural": 0.4029, "blended": 0.5079}, "confidence": 0.4966, "repairPriority": 0.03178, "routePenalty": 335.5, "reportValue": 0.01865, "evidence": {"osmLampsWorking": 0, "osmLampsBroken": 0, "osmLampsUntagged": 0, "nightBusTrips": 31.7, "wardComplaints2025": 78, "reports": 0}}}, {"type": "Feature", "geometry": {"type": "LineString", "coordinates": [[77.6336226, 12.9328994], [77.632863, 12.9335956]]}, "properties": {"segID": "way309184640/0", "name": "4th Main Road", "ward": "Ejipura", "roadClass": "residential", "lengthM": 113.0, "darkness": {"alpha": 1.748, "beta": 0.252, "mean": 0.126, "var": 0.03671}, "exposure": {"activity": 0.6681, "structural": 0.308, "blended": 0.398}, "confidence": 0.4966, "repairPriority": 0.0249, "routePenalty": 252.5, "reportValue": 0.01461, "evidence": {"osmLampsWorking": 0, "osmLampsBroken": 0, "osmLampsUntagged": 0, "nightBusTrips": 28.7, "wardComplaints2025": 78, "reports": 0}}}, {"type": "Feature", "geometry": {"type": "LineString", "coordinates": [[77.6337358, 12.9332839], [77.6331102, 12.9338358]]}, "properties": {"segID": "way309184641/0", "name": "5th Main Road", "ward": "Ejipura", "roadClass": "residential", "lengthM": 91.4, "darkness": {"alpha": 1.748, "beta": 0.252, "mean": 0.126, "var": 0.03671}, "exposure": {"activity": 0.6242, "structural": 0.3008, "blended": 0.3816}, "confidence": 0.4966, "repairPriority": 0.02388, "routePenalty": 207.2, "reportValue": 0.01401, "evidence": {"osmLampsWorking": 0, "osmLampsBroken": 0, "osmLampsUntagged": 0, "nightBusTrips": 23.2, "wardComplaints2025": 78, "reports": 0}}}, {"type": "Feature", "geometry": {"type": "LineString", "coordinates": [[77.63111, 12.9339456], [77.6314081, 12.9342374], [77.6316133, 12.9344384], [77.6318071, 12.9346281]]}, "properties": {"segID": "way309184646/0", "name": "4th Cross Road", "ward": "Ejipura", "roadClass": "residential", "lengthM": 107.1, "darkness": {"alpha": 1.748, "beta": 0.252, "mean": 0.126, "var": 0.03671}, "exposure": {"activity": 0.8392, "structural": 0.3684, "blended": 0.4861}, "confidence": 0.4966, "repairPriority": 0.03042, "routePenalty": 224.8, "reportValue": 0.01784, "evidence": {"osmLampsWorking": 0, "osmLampsBroken": 0, "osmLampsUntagged": 0, "nightBusTrips": 36.7, "wardComplaints2025": 78, "reports": 0}}}, {"type": "Feature", "geometry": {"type": "LineString", "coordinates": [[77.6322468, 12.9342209], [77.6318071, 12.9346281], [77.6315494, 12.9348696], [77.6313101, 12.9350992]]}, "properties": {"segID": "way309184647/0", "name": "4th Main Road", "ward": "Ejipura", "roadClass": "residential", "lengthM": 140.9, "darkness": {"alpha": 1.748, "beta": 0.252, "mean": 0.126, "var": 0.03671}, "exposure": {"activity": 0.8534, "structural": 0.4542, "blended": 0.554}, "confidence": 0.4966, "repairPriority": 0.03466, "routePenalty": 285.1, "reportValue": 0.02034, "evidence": {"osmLampsWorking": 0, "osmLampsBroken": 0, "osmLampsUntagged": 0, "nightBusTrips": 38.5, "wardComplaints2025": 78, "reports": 0}}}, {"type": "Feature", "geometry": {"type": "LineString", "coordinates": [[77.6308248, 12.9342224], [77.6315494, 12.9348696]]}, "properties": {"segID": "way309184648/0", "name": "3rd Cross Road", "ward": "Ejipura", "roadClass": "residential", "lengthM": 106.5, "darkness": {"alpha": 1.748, "beta": 0.252, "mean": 0.126, "var": 0.03671}, "exposure": {"activity": 0.8534, "structural": 0.287, "blended": 0.4286}, "confidence": 0.4966, "repairPriority": 0.02682, "routePenalty": 232.3, "reportValue": 0.01573, "evidence": {"osmLampsWorking": 0, "osmLampsBroken": 0, "osmLampsUntagged": 0, "nightBusTrips": 38.5, "wardComplaints2025": 78, "reports": 0}}}, {"type": "Feature", "geometry": {"type": "LineString", "coordinates": [[77.6336626, 12.9345347], [77.6339058, 12.9347556], [77.634092, 12.9349288]]}, "properties": {"segID": "way309184650/0", "name": "7th Cross Road", "ward": "Ejipura", "roadClass": "residential", "lengthM": 63.9, "darkness": {"alpha": 1.748, "beta": 0.252, "mean": 0.126, "var": 0.03671}, "exposure": {"activity": 0.4347, "structural": 0.4834, "blended": 0.4712}, "confidence": 0.4966, "repairPriority": 0.02948, "routePenalty": 135.3, "reportValue": 0.0173, "evidence": {"osmLampsWorking": 0, "osmLampsBroken": 0, "osmLampsUntagged": 0, "nightBusTrips": 22.1, "wardComplaints2025": 78, "reports": 0}}}, {"type": "Feature", "geometry": {"type": "LineString", "coordinates": [[77.6344863, 12.9346027], [77.634092, 12.9349288]]}, "properties": {"segID": "way309184651/0", "name": "9th Main Road", "ward": "Ejipura", "roadClass": "residential", "lengthM": 56.0, "darkness": {"alpha": 1.748, "beta": 0.252, "mean": 0.126, "var": 0.03671}, "exposure": {"activity": 0.3646, "structural": 0.4566, "blended": 0.4336}, "confidence": 0.4966, "repairPriority": 0.02713, "routePenalty": 121.7, "reportValue": 0.01592, "evidence": {"osmLampsWorking": 0, "osmLampsBroken": 0, "osmLampsUntagged": 0, "nightBusTrips": 21.8, "wardComplaints2025": 78, "reports": 0}}}, {"type": "Feature", "geometry": {"type": "LineString", "coordinates": [[77.634092, 12.9349288], [77.6345044, 12.9350251]]}, "properties": {"segID": "way309184652/0", "name": "7th Cross Road", "ward": "Ejipura", "roadClass": "residential", "lengthM": 46.0, "darkness": {"alpha": 1.748, "beta": 0.252, "mean": 0.126, "var": 0.03671}, "exposure": {"activity": 0.2485, "structural": 0.3805, "blended": 0.3475}, "confidence": 0.4966, "repairPriority": 0.02174, "routePenalty": 107.8, "reportValue": 0.01276, "evidence": {"osmLampsWorking": 0, "osmLampsBroken": 0, "osmLampsUntagged": 0, "nightBusTrips": 19.8, "wardComplaints2025": 78, "reports": 0}}}, {"type": "Feature", "geometry": {"type": "LineString", "coordinates": [[77.6343045, 12.9343933], [77.6339058, 12.9347556]]}, "properties": {"segID": "way309184653/0", "name": "8th Main Road", "ward": "Ejipura", "roadClass": "residential", "lengthM": 59.1, "darkness": {"alpha": 1.748, "beta": 0.252, "mean": 0.126, "var": 0.03671}, "exposure": {"activity": 0.4347, "structural": 0.307, "blended": 0.3389}, "confidence": 0.4966, "repairPriority": 0.02121, "routePenalty": 139.8, "reportValue": 0.01244, "evidence": {"osmLampsWorking": 0, "osmLampsBroken": 0, "osmLampsUntagged": 0, "nightBusTrips": 22.1, "wardComplaints2025": 78, "reports": 0}}}, {"type": "Feature", "geometry": {"type": "LineString", "coordinates": [[77.6287836, 12.9173568], [77.629386, 12.9173417], [77.629758, 12.9173485], [77.6301069, 12.9173417]]}, "properties": {"segID": "way309618844/0", "name": "6th Avenue", "ward": "Jakkasandra", "roadClass": "residential", "lengthM": 143.5, "darkness": {"alpha": 1.748, "beta": 0.252, "mean": 0.126, "var": 0.03671}, "exposure": {"activity": 0.721, "structural": 0.703, "blended": 0.7075}, "confidence": 0.4966, "repairPriority": 0.04427, "routePenalty": 273.5, "reportValue": 0.02597, "evidence": {"osmLampsWorking": 0, "osmLampsBroken": 0, "osmLampsUntagged": 0, "nightBusTrips": 250.9, "wardComplaints2025": 62, "reports": 0}}}, {"type": "Feature", "geometry": {"type": "LineString", "coordinates": [[77.6348781, 12.9198235], [77.6347703, 12.9195603], [77.6347478, 12.9195134], [77.634611, 12.9192072]]}, "properties": {"segID": "way309618848/0", "name": "3rd Main Road", "ward": "Jakkasandra", "roadClass": "residential", "lengthM": 74.4, "darkness": {"alpha": 1.748, "beta": 0.252, "mean": 0.126, "var": 0.03671}, "exposure": {"activity": 0.3156, "structural": 0.6761, "blended": 0.586}, "confidence": 0.4966, "repairPriority": 0.03667, "routePenalty": 148.3, "reportValue": 0.02151, "evidence": {"osmLampsWorking": 0, "osmLampsBroken": 0, "osmLampsUntagged": 0, "nightBusTrips": 136.9, "wardComplaints2025": 62, "reports": 0}}}, {"type": "Feature", "geometry": {"type": "LineString", "coordinates": [[77.6342044, 12.9188269], [77.6343789, 12.9193051]]}, "properties": {"segID": "way309618850/0", "name": "2 A Main Road", "ward": "Jakkasandra", "roadClass": "residential", "lengthM": 56.4, "darkness": {"alpha": 1.748, "beta": 0.252, "mean": 0.126, "var": 0.03671}, "exposure": {"activity": 0.3543, "structural": 0.3831, "blended": 0.3759}, "confidence": 0.4966, "repairPriority": 0.02352, "routePenalty": 128.5, "reportValue": 0.0138, "evidence": {"osmLampsWorking": 0, "osmLampsBroken": 0, "osmLampsUntagged": 0, "nightBusTrips": 134.1, "wardComplaints2025": 62, "reports": 0}}}, {"type": "Feature", "geometry": {"type": "LineString", "coordinates": [[77.6327352, 12.9194366], [77.6329982, 12.9193682], [77.6333682, 12.9193253], [77.6340175, 12.9192344]]}, "properties": {"segID": "way309618853/0", "name": "10th Cross Road", "ward": "Jakkasandra", "roadClass": "residential", "lengthM": 141.0, "darkness": {"alpha": 1.748, "beta": 0.252, "mean": 0.126, "var": 0.03671}, "exposure": {"activity": 0.4635, "structural": 0.6538, "blended": 0.6062}, "confidence": 0.4966, "repairPriority": 0.03793, "routePenalty": 278.7, "reportValue": 0.02225, "evidence": {"osmLampsWorking": 0, "osmLampsBroken": 0, "osmLampsUntagged": 0, "nightBusTrips": 153.8, "wardComplaints2025": 62, "reports": 0}}}, {"type": "Feature", "geometry": {"type": "LineString", "coordinates": [[77.6326667, 12.9189871], [77.6333114, 12.9188929], [77.6335625, 12.9188646]]}, "properties": {"segID": "way309618855/0", "name": "12th Cross Road", "ward": "Jakkasandra", "roadClass": "residential", "lengthM": 98.0, "darkness": {"alpha": 1.748, "beta": 0.252, "mean": 0.126, "var": 0.03671}, "exposure": {"activity": 0.546, "structural": 0.5915, "blended": 0.5801}, "confidence": 0.4966, "repairPriority": 0.0363, "routePenalty": 195.9, "reportValue": 0.0213, "evidence": {"osmLampsWorking": 0, "osmLampsBroken": 0, "osmLampsUntagged": 0, "nightBusTrips": 161.4, "wardComplaints2025": 62, "reports": 0}}}, {"type": "Feature", "geometry": {"type": "LineString", "coordinates": [[77.6346512, 12.9221871], [77.6344492, 12.922243], [77.6337428, 12.9223991]]}, "properties": {"segID": "way309618857/0", "name": "5th Cross Road", "ward": "Jakkasandra", "roadClass": "residential", "lengthM": 101.3, "darkness": {"alpha": 1.748, "beta": 0.252, "mean": 0.126, "var": 0.03671}, "exposure": {"activity": 0.5408, "structural": 0.5148, "blended": 0.5213}, "confidence": 0.4966, "repairPriority": 0.03262, "routePenalty": 208.4, "reportValue": 0.01914, "evidence": {"osmLampsWorking": 0, "osmLampsBroken": 0, "osmLampsUntagged": 0, "nightBusTrips": 104.0, "wardComplaints2025": 62, "reports": 0}}}, {"type": "Feature", "geometry": {"type": "LineString", "coordinates": [[77.6338415, 12.9230257], [77.6348279, 12.9228712], [77.6355345, 12.9227489]]}, "properties": {"segID": "way309618858/0", "name": "3rd A Cross Road", "ward": "Jakkasandra", "roadClass": "residential", "lengthM": 186.1, "darkness": {"alpha": 1.748, "beta": 0.252, "mean": 0.126, "var": 0.03671}, "exposure": {"activity": 0.4428, "structural": 0.5234, "blended": 0.5032}, "confidence": 0.4966, "repairPriority": 0.03149, "routePenalty": 386.7, "reportValue": 0.01847, "evidence": {"osmLampsWorking": 0, "osmLampsBroken": 0, "osmLampsUntagged": 0, "nightBusTrips": 108.6, "wardComplaints2025": 62, "reports": 0}}}, {"type": "Feature", "geometry": {"type": "LineString", "coordinates": [[77.6342225, 12.9225891], [77.6347312, 12.9224828]]}, "properties": {"segID": "way309618860/0", "name": "4th Cross Road", "ward": "Jakkasandra", "roadClass": "residential", "lengthM": 56.4, "darkness": {"alpha": 1.748, "beta": 0.252, "mean": 0.126, "var": 0.03671}, "exposure": {"activity": 0.4626, "structural": 0.5906, "blended": 0.5586}, "confidence": 0.4966, "repairPriority": 0.03495, "routePenalty": 113.9, "reportValue": 0.02051, "evidence": {"osmLampsWorking": 0, "osmLampsBroken": 0, "osmLampsUntagged": 0, "nightBusTrips": 109.4, "wardComplaints2025": 62, "reports": 0}}}, {"type": "Feature", "geometry": {"type": "LineString", "coordinates": [[77.6339147, 12.9235243], [77.6349144, 12.9233523]]}, "properties": {"segID": "way309618861/0", "name": "2nd Cross Road", "ward": "Jakkasandra", "roadClass": "residential", "lengthM": 110.0, "darkness": {"alpha": 1.748, "beta": 0.252, "mean": 0.126, "var": 0.03671}, "exposure": {"activity": 0.4377, "structural": 0.5037, "blended": 0.4872}, "confidence": 0.4966, "repairPriority": 0.03048, "routePenalty": 230.7, "reportValue": 0.01789, "evidence": {"osmLampsWorking": 0, "osmLampsBroken": 0, "osmLampsUntagged": 0, "nightBusTrips": 108.4, "wardComplaints2025": 62, "reports": 0}}}, {"type": "Feature", "geometry": {"type": "LineString", "coordinates": [[77.6339612, 12.9238162], [77.6347042, 12.9237116]]}, "properties": {"segID": "way309618862/0", "name": "1st Cross Road", "ward": "Jakkasandra", "roadClass": "residential", "lengthM": 81.4, "darkness": {"alpha": 1.748, "beta": 0.252, "mean": 0.126, "var": 0.03671}, "exposure": {"activity": 0.4979, "structural": 0.5068, "blended": 0.5046}, "confidence": 0.4966, "repairPriority": 0.03157, "routePenalty": 169.0, "reportValue": 0.01852, "evidence": {"osmLampsWorking": 0, "osmLampsBroken": 0, "osmLampsUntagged": 0, "nightBusTrips": 109.9, "wardComplaints2025": 62, "reports": 0}}}, {"type": "Feature", "geometry": {"type": "LineString", "coordinates": [[77.6360384, 12.921385], [77.6356132, 12.920436]]}, "properties": {"segID": "way309618863/0", "name": "5th Main Road", "ward": "Jakkasandra", "roadClass": "residential", "lengthM": 115.1, "darkness": {"alpha": 1.748, "beta": 0.252, "mean": 0.126, "var": 0.03671}, "exposure": {"activity": 0.2347, "structural": 0.5666, "blended": 0.4837}, "confidence": 0.4966, "repairPriority": 0.03027, "routePenalty": 241.9, "reportValue": 0.01776, "evidence": {"osmLampsWorking": 0, "osmLampsBroken": 0, "osmLampsUntagged": 0, "nightBusTrips": 129.9, "wardComplaints2025": 62, "reports": 0}}}, {"type": "Feature", "geometry": {"type": "LineString", "coordinates": [[77.6369485, 12.9281564], [77.6371035, 12.9284297], [77.6378163, 12.9280762], [77.6380721, 12.9279327]]}, "properties": {"segID": "way309618867/0", "name": "3rd Cross Road", "ward": "Koramangala", "roadClass": "residential", "lengthM": 153.4, "darkness": {"alpha": 1.748, "beta": 0.252, "mean": 0.126, "var": 0.03671}, "exposure": {"activity": 0.3818, "structural": 0.4405, "blended": 0.4258}, "confidence": 0.4966, "repairPriority": 0.02664, "routePenalty": 335.3, "reportValue": 0.01563, "evidence": {"osmLampsWorking": 0, "osmLampsBroken": 0, "osmLampsUntagged": 0, "nightBusTrips": 34.2, "wardComplaints2025": 136, "reports": 0}}}, {"type": "Feature", "geometry": {"type": "LineString", "coordinates": [[77.6380721, 12.9279327], [77.6385459, 12.9276669], [77.6395094, 12.927154]]}, "properties": {"segID": "way309618867/1", "name": "3rd Cross Road", "ward": "Koramangala", "roadClass": "residential", "lengthM": 178.2, "darkness": {"alpha": 1.748, "beta": 0.252, "mean": 0.126, "var": 0.03671}, "exposure": {"activity": 0.331, "structural": 0.4181, "blended": 0.3964}, "confidence": 0.4966, "repairPriority": 0.0248, "routePenalty": 398.7, "reportValue": 0.01455, "evidence": {"osmLampsWorking": 0, "osmLampsBroken": 0, "osmLampsUntagged": 0, "nightBusTrips": 34.4, "wardComplaints2025": 136, "reports": 0}}}, {"type": "Feature", "geometry": {"type": "LineString", "coordinates": [[77.6395094, 12.927154], [77.6397144, 12.9270435]]}, "properties": {"segID": "way309618867/2", "name": "3rd Cross Road", "ward": "Koramangala", "roadClass": "residential", "lengthM": 25.4, "darkness": {"alpha": 1.748, "beta": 0.252, "mean": 0.126, "var": 0.03671}, "exposure": {"activity": 0.2141, "structural": 0.3465, "blended": 0.3134}, "confidence": 0.4966, "repairPriority": 0.01961, "routePenalty": 61.9, "reportValue": 0.0115, "evidence": {"osmLampsWorking": 0, "osmLampsBroken": 0, "osmLampsUntagged": 0, "nightBusTrips": 49.5, "wardComplaints2025": 136, "reports": 0}}}, {"type": "Feature", "geometry": {"type": "LineString", "coordinates": [[77.6352877, 12.9216817], [77.6351755, 12.9214347], [77.635092, 12.9212436], [77.6348579, 12.9207214]]}, "properties": {"segID": "way310456160/0", "name": "3rd Main Road", "ward": "Jakkasandra", "roadClass": "residential", "lengthM": 116.5, "darkness": {"alpha": 1.748, "beta": 0.252, "mean": 0.126, "var": 0.03671}, "exposure": {"activity": 0.313, "structural": 0.752, "blended": 0.6423}, "confidence": 0.4966, "repairPriority": 0.04019, "routePenalty": 227.1, "reportValue": 0.02358, "evidence": {"osmLampsWorking": 0, "osmLampsBroken": 0, "osmLampsUntagged": 0, "nightBusTrips": 122.5, "wardComplaints2025": 62, "reports": 0}}}, {"type": "Feature", "geometry": {"type": "LineString", "coordinates": [[77.6357689, 12.9214915], [77.6353647, 12.9205447]]}, "properties": {"segID": "way310456161/0", "name": "4th Main Road", "ward": "Jakkasandra", "roadClass": "residential", "lengthM": 114.0, "darkness": {"alpha": 1.748, "beta": 0.252, "mean": 0.126, "var": 0.03671}, "exposure": {"activity": 0.2433, "structural": 0.5474, "blended": 0.4714}, "confidence": 0.4966, "repairPriority": 0.0295, "routePenalty": 241.4, "reportValue": 0.01731, "evidence": {"osmLampsWorking": 0, "osmLampsBroken": 0, "osmLampsUntagged": 0, "nightBusTrips": 128.5, "wardComplaints2025": 62, "reports": 0}}}, {"type": "Feature", "geometry": {"type": "LineString", "coordinates": [[77.6362894, 12.9212801], [77.635888, 12.9203223]]}, "properties": {"segID": "way310456164/0", "name": "6th Main Road", "ward": "Jakkasandra", "roadClass": "residential", "lengthM": 115.0, "darkness": {"alpha": 1.748, "beta": 0.252, "mean": 0.126, "var": 0.03671}, "exposure": {"activity": 0.2188, "structural": 0.7317, "blended": 0.6035}, "confidence": 0.4966, "repairPriority": 0.03776, "routePenalty": 227.6, "reportValue": 0.02215, "evidence": {"osmLampsWorking": 0, "osmLampsBroken": 0, "osmLampsUntagged": 0, "nightBusTrips": 131.3, "wardComplaints2025": 62, "reports": 0}}}, {"type": "Feature", "geometry": {"type": "LineString", "coordinates": [[77.6365551, 12.9211757], [77.6362504, 12.9204179]]}, "properties": {"segID": "way310456165/0", "name": "7th Main Road", "ward": "Jakkasandra", "roadClass": "residential", "lengthM": 90.5, "darkness": {"alpha": 1.748, "beta": 0.252, "mean": 0.126, "var": 0.03671}, "exposure": {"activity": 0.2089, "structural": 0.6326, "blended": 0.5267}, "confidence": 0.4966, "repairPriority": 0.03296, "routePenalty": 185.6, "reportValue": 0.01934, "evidence": {"osmLampsWorking": 0, "osmLampsBroken": 0, "osmLampsUntagged": 0, "nightBusTrips": 128.3, "wardComplaints2025": 62, "reports": 0}}}, {"type": "Feature", "geometry": {"type": "LineString", "coordinates": [[77.6366479, 12.9205825], [77.6369596, 12.920471], [77.6376956, 12.9201919]]}, "properties": {"segID": "way310456166/0", "name": "5th Cross Road", "ward": "Jakkasandra", "roadClass": "residential", "lengthM": 121.6, "darkness": {"alpha": 1.748, "beta": 0.252, "mean": 0.126, "var": 0.03671}, "exposure": {"activity": 0.2623, "structural": 0.5399, "blended": 0.4705}, "confidence": 0.4966, "repairPriority": 0.02944, "routePenalty": 257.7, "reportValue": 0.01727, "evidence": {"osmLampsWorking": 0, "osmLampsBroken": 0, "osmLampsUntagged": 0, "nightBusTrips": 122.4, "wardComplaints2025": 62, "reports": 0}}}, {"type": "Feature", "geometry": {"type": "LineString", "coordinates": [[77.6377249, 12.9225661], [77.637264, 12.922645]]}, "properties": {"segID": "way310456169/0", "name": "6th B Cross Road", "ward": "Jakkasandra", "roadClass": "residential", "lengthM": 50.7, "darkness": {"alpha": 1.748, "beta": 0.252, "mean": 0.126, "var": 0.03671}, "exposure": {"activity": 0.1574, "structural": 0.5064, "blended": 0.4192}, "confidence": 0.4966, "repairPriority": 0.02623, "routePenalty": 111.4, "reportValue": 0.01539, "evidence": {"osmLampsWorking": 0, "osmLampsBroken": 0, "osmLampsUntagged": 0, "nightBusTrips": 109.7, "wardComplaints2025": 62, "reports": 0}}}, {"type": "Feature", "geometry": {"type": "LineString", "coordinates": [[77.6378411, 12.9235161], [77.6374702, 12.9235676], [77.6373856, 12.9235751], [77.6371638, 12.9236227], [77.6366547, 12.9236484]]}, "properties": {"segID": "way310456172/0", "name": "4th Cross Road", "ward": "Jakkasandra", "roadClass": "residential", "lengthM": 129.7, "darkness": {"alpha": 1.748, "beta": 0.252, "mean": 0.126, "var": 0.03671}, "exposure": {"activity": 0.2244, "structural": 0.6801, "blended": 0.5662}, "confidence": 0.4966, "repairPriority": 0.03543, "routePenalty": 260.9, "reportValue": 0.02079, "evidence": {"osmLampsWorking": 0, "osmLampsBroken": 0, "osmLampsUntagged": 0, "nightBusTrips": 107.3, "wardComplaints2025": 62, "reports": 0}}}, {"type": "Feature", "geometry": {"type": "LineString", "coordinates": [[77.6380294, 12.924166], [77.6377567, 12.9242086], [77.6374884, 12.9242383], [77.6372998, 12.9242742], [77.6372452, 12.9242885]]}, "properties": {"segID": "way310456173/0", "name": "1st Cross Road", "ward": "Jakkasandra", "roadClass": "residential", "lengthM": 86.2, "darkness": {"alpha": 1.748, "beta": 0.252, "mean": 0.126, "var": 0.03671}, "exposure": {"activity": 0.3328, "structural": 0.5525, "blended": 0.4976}, "confidence": 0.4966, "repairPriority": 0.03114, "routePenalty": 179.7, "reportValue": 0.01827, "evidence": {"osmLampsWorking": 0, "osmLampsBroken": 0, "osmLampsUntagged": 0, "nightBusTrips": 88.7, "wardComplaints2025": 62, "reports": 0}}}, {"type": "Feature", "geometry": {"type": "LineString", "coordinates": [[77.6380201, 12.9240962], [77.6382419, 12.924087], [77.6382626, 12.9241829], [77.6382968, 12.9242162], [77.6383272, 12.924211], [77.6383678, 12.9243508], [77.638424, 12.9244599]]}, "properties": {"segID": "way310456177/0", "name": "Yelammadevi Temple Road", "ward": "Jakkasandra", "roadClass": "residential", "lengthM": 73.3, "darkness": {"alpha": 1.748, "beta": 0.252, "mean": 0.126, "var": 0.03671}, "exposure": {"activity": 0.2992, "structural": 0.713, "blended": 0.6095}, "confidence": 0.4966, "repairPriority": 0.03814, "routePenalty": 144.7, "reportValue": 0.02237, "evidence": {"osmLampsWorking": 0, "osmLampsBroken": 0, "osmLampsUntagged": 0, "nightBusTrips": 91.0, "wardComplaints2025": 62, "reports": 0}}}, {"type": "Feature", "geometry": {"type": "LineString", "coordinates": [[77.6366365, 12.9235071], [77.6368984, 12.923487], [77.6371674, 12.9234697]]}, "properties": {"segID": "way310456181/0", "name": "5th Cross Road", "ward": "Jakkasandra", "roadClass": "residential", "lengthM": 57.7, "darkness": {"alpha": 1.748, "beta": 0.252, "mean": 0.126, "var": 0.03671}, "exposure": {"activity": 0.2322, "structural": 0.5179, "blended": 0.4465}, "confidence": 0.4966, "repairPriority": 0.02794, "routePenalty": 124.2, "reportValue": 0.01639, "evidence": {"osmLampsWorking": 0, "osmLampsBroken": 0, "osmLampsUntagged": 0, "nightBusTrips": 105.3, "wardComplaints2025": 62, "reports": 0}}}, {"type": "Feature", "geometry": {"type": "LineString", "coordinates": [[77.6375786, 12.924974], [77.6375156, 12.924671], [77.6374219, 12.9246864], [77.6373677, 12.9246223], [77.6373479, 12.9245199], [77.6373305, 12.9244296], [77.6372998, 12.9242742]]}, "properties": {"segID": "way310456183/0", "name": "2nd Main Road", "ward": "Jakkasandra", "roadClass": "residential", "lengthM": 93.3, "darkness": {"alpha": 1.748, "beta": 0.252, "mean": 0.126, "var": 0.03671}, "exposure": {"activity": 0.3921, "structural": 0.4985, "blended": 0.4719}, "confidence": 0.4966, "repairPriority": 0.02953, "routePenalty": 197.5, "reportValue": 0.01732, "evidence": {"osmLampsWorking": 0, "osmLampsBroken": 0, "osmLampsUntagged": 0, "nightBusTrips": 90.2, "wardComplaints2025": 62, "reports": 0}}}, {"type": "Feature", "geometry": {"type": "LineString", "coordinates": [[77.6357493, 12.9193503], [77.6362098, 12.9201873]]}, "properties": {"segID": "way310456186/0", "name": "7th Main Road", "ward": "Jakkasandra", "roadClass": "residential", "lengthM": 105.6, "darkness": {"alpha": 1.748, "beta": 0.252, "mean": 0.126, "var": 0.03671}, "exposure": {"activity": 0.2339, "structural": 0.5272, "blended": 0.4538}, "confidence": 0.4966, "repairPriority": 0.02839, "routePenalty": 226.2, "reportValue": 0.01666, "evidence": {"osmLampsWorking": 0, "osmLampsBroken": 0, "osmLampsUntagged": 0, "nightBusTrips": 134.6, "wardComplaints2025": 62, "reports": 0}}}, {"type": "Feature", "geometry": {"type": "LineString", "coordinates": [[77.6373511, 12.9197442], [77.6365572, 12.9201563]]}, "properties": {"segID": "way310456188/0", "name": "6th D Cross Road", "ward": "Jakkasandra", "roadClass": "residential", "lengthM": 97.5, "darkness": {"alpha": 1.748, "beta": 0.252, "mean": 0.126, "var": 0.03671}, "exposure": {"activity": 0.2554, "structural": 0.5288, "blended": 0.4604}, "confidence": 0.4966, "repairPriority": 0.02881, "routePenalty": 208.0, "reportValue": 0.0169, "evidence": {"osmLampsWorking": 0, "osmLampsBroken": 0, "osmLampsUntagged": 0, "nightBusTrips": 126.9, "wardComplaints2025": 62, "reports": 0}}}, {"type": "Feature", "geometry": {"type": "LineString", "coordinates": [[77.6377761, 12.9228567], [77.6383265, 12.9227531], [77.6384389, 12.9226823], [77.6388009, 12.9225656]]}, "properties": {"segID": "way310456190/0", "name": "5th A Cross Road", "ward": "Jakkasandra", "roadClass": "residential", "lengthM": 116.6, "darkness": {"alpha": 1.748, "beta": 0.252, "mean": 0.126, "var": 0.03671}, "exposure": {"activity": 0.1496, "structural": 0.6187, "blended": 0.5014}, "confidence": 0.4966, "repairPriority": 0.03137, "routePenalty": 242.5, "reportValue": 0.01841, "evidence": {"osmLampsWorking": 0, "osmLampsBroken": 0, "osmLampsUntagged": 0, "nightBusTrips": 101.9, "wardComplaints2025": 62, "reports": 0}}}, {"type": "Feature", "geometry": {"type": "LineString", "coordinates": [[77.6374855, 12.9216392], [77.6379987, 12.9214673]]}, "properties": {"segID": "way310456191/0", "name": "7th C Cross Road", "ward": "Jakkasandra", "roadClass": "residential", "lengthM": 58.8, "darkness": {"alpha": 1.748, "beta": 0.252, "mean": 0.126, "var": 0.03671}, "exposure": {"activity": 0.2064, "structural": 0.4979, "blended": 0.425}, "confidence": 0.4966, "repairPriority": 0.02659, "routePenalty": 128.6, "reportValue": 0.0156, "evidence": {"osmLampsWorking": 0, "osmLampsBroken": 0, "osmLampsUntagged": 0, "nightBusTrips": 105.1, "wardComplaints2025": 62, "reports": 0}}}, {"type": "Feature", "geometry": {"type": "LineString", "coordinates": [[77.6381185, 12.92174], [77.6387901, 12.9214902]]}, "properties": {"segID": "way310456192/0", "name": "7th B Cross Road", "ward": "Jakkasandra", "roadClass": "residential", "lengthM": 77.9, "darkness": {"alpha": 2.748, "beta": 1.252, "mean": 0.313, "var": 0.04301}, "exposure": {"activity": 0.196, "structural": 0.5061, "blended": 0.4286}, "confidence": 0.104, "repairPriority": 0.01395, "routePenalty": 195.7, "reportValue": 0.01843, "evidence": {"osmLampsWorking": 1, "osmLampsBroken": 1, "osmLampsUntagged": 0, "nightBusTrips": 109.6, "wardComplaints2025": 62, "reports": 0}}}, {"type": "Feature", "geometry": {"type": "LineString", "coordinates": [[77.6380765, 12.9215172], [77.6382864, 12.9214514], [77.6385139, 12.9213718], [77.6387269, 12.9213019]]}, "properties": {"segID": "way310456193/0", "name": "7th C Cross Road", "ward": "Jakkasandra", "roadClass": "residential", "lengthM": 74.5, "darkness": {"alpha": 3.748, "beta": 2.252, "mean": 0.3753, "var": 0.03349}, "exposure": {"activity": 0.2287, "structural": 0.5362, "blended": 0.4593}, "confidence": 0.8835, "repairPriority": 0.15229, "routePenalty": 185.0, "reportValue": 0.01538, "evidence": {"osmLampsWorking": 2, "osmLampsBroken": 2, "osmLampsUntagged": 0, "nightBusTrips": 107.9, "wardComplaints2025": 62, "reports": 0}}}, {"type": "Feature", "geometry": {"type": "LineString", "coordinates": [[77.6375462, 12.9218273], [77.6380368, 12.9216969]]}, "properties": {"segID": "way310456195/0", "name": "7th B Cross Road", "ward": "Jakkasandra", "roadClass": "residential", "lengthM": 55.1, "darkness": {"alpha": 1.748, "beta": 0.252, "mean": 0.126, "var": 0.03671}, "exposure": {"activity": 0.1797, "structural": 0.4961, "blended": 0.417}, "confidence": 0.4966, "repairPriority": 0.02609, "routePenalty": 121.2, "reportValue": 0.01531, "evidence": {"osmLampsWorking": 0, "osmLampsBroken": 0, "osmLampsUntagged": 0, "nightBusTrips": 104.3, "wardComplaints2025": 62, "reports": 0}}}, {"type": "Feature", "geometry": {"type": "LineString", "coordinates": [[77.6376222, 12.9220792], [77.6381165, 12.921945]]}, "properties": {"segID": "way310456196/0", "name": "7th A Cross Road", "ward": "Jakkasandra", "roadClass": "residential", "lengthM": 55.6, "darkness": {"alpha": 1.748, "beta": 0.252, "mean": 0.126, "var": 0.03671}, "exposure": {"activity": 0.1582, "structural": 0.4948, "blended": 0.4106}, "confidence": 0.4966, "repairPriority": 0.02569, "routePenalty": 123.0, "reportValue": 0.01507, "evidence": {"osmLampsWorking": 0, "osmLampsBroken": 0, "osmLampsUntagged": 0, "nightBusTrips": 103.6, "wardComplaints2025": 62, "reports": 0}}}, {"type": "Feature", "geometry": {"type": "LineString", "coordinates": [[77.6347742, 12.9226418], [77.6354716, 12.9225313]]}, "properties": {"segID": "way310456198/0", "name": "3rd B Cross Road", "ward": "Jakkasandra", "roadClass": "residential", "lengthM": 76.6, "darkness": {"alpha": 1.748, "beta": 0.252, "mean": 0.126, "var": 0.03671}, "exposure": {"activity": 0.3147, "structural": 0.3555, "blended": 0.3453}, "confidence": 0.4966, "repairPriority": 0.02161, "routePenalty": 179.9, "reportValue": 0.01268, "evidence": {"osmLampsWorking": 0, "osmLampsBroken": 0, "osmLampsUntagged": 0, "nightBusTrips": 117.1, "wardComplaints2025": 62, "reports": 0}}}, {"type": "Feature", "geometry": {"type": "LineString", "coordinates": [[77.6347069, 12.922393], [77.6354509, 12.9222244]]}, "properties": {"segID": "way310456199/0", "name": "4th Cross Road", "ward": "Jakkasandra", "roadClass": "residential", "lengthM": 82.8, "darkness": {"alpha": 1.748, "beta": 0.252, "mean": 0.126, "var": 0.03671}, "exposure": {"activity": 0.3087, "structural": 0.3566, "blended": 0.3446}, "confidence": 0.4966, "repairPriority": 0.02156, "routePenalty": 194.6, "reportValue": 0.01265, "evidence": {"osmLampsWorking": 0, "osmLampsBroken": 0, "osmLampsUntagged": 0, "nightBusTrips": 118.0, "wardComplaints2025": 62, "reports": 0}}}, {"type": "Feature", "geometry": {"type": "LineString", "coordinates": [[77.6381151, 12.9272439], [77.6380888, 12.9270835], [77.6379464, 12.9262159], [77.637878, 12.9257992]]}, "properties": {"segID": "way310456203/0", "name": "1st A Main Road", "ward": "Koramangala", "roadClass": "residential", "lengthM": 162.7, "darkness": {"alpha": 1.748, "beta": 0.252, "mean": 0.126, "var": 0.03671}, "exposure": {"activity": 0.405, "structural": 0.5022, "blended": 0.4779}, "confidence": 0.4966, "repairPriority": 0.0299, "routePenalty": 343.2, "reportValue": 0.01754, "evidence": {"osmLampsWorking": 0, "osmLampsBroken": 0, "osmLampsUntagged": 0, "nightBusTrips": 66.7, "wardComplaints2025": 136, "reports": 0}}}, {"type": "Feature", "geometry": {"type": "LineString", "coordinates": [[77.637878, 12.9257992], [77.6377334, 12.9249877]]}, "properties": {"segID": "way310456203/1", "name": "1st A Main Road", "ward": "Koramangala", "roadClass": "residential", "lengthM": 91.6, "darkness": {"alpha": 1.748, "beta": 0.252, "mean": 0.126, "var": 0.03671}, "exposure": {"activity": 0.4824, "structural": 0.5684, "blended": 0.5469}, "confidence": 0.4966, "repairPriority": 0.03422, "routePenalty": 186.0, "reportValue": 0.02008, "evidence": {"osmLampsWorking": 0, "osmLampsBroken": 0, "osmLampsUntagged": 0, "nightBusTrips": 82.3, "wardComplaints2025": 136, "reports": 0}}}, {"type": "Feature", "geometry": {"type": "LineString", "coordinates": [[77.6691585, 12.9302213], [77.6692208, 12.9302134], [77.6695969, 12.9301657], [77.6700435, 12.930116], [77.671199, 12.9300453]]}, "properties": {"segID": "way311364311/0", "name": "Sri Doddamma Devi Temple Road", "ward": "Bellanduru", "roadClass": "tertiary", "lengthM": 222.1, "darkness": {"alpha": 0.973, "beta": 1.027, "mean": 0.5133, "var": 0.08327}, "exposure": {"activity": 0.1617, "structural": 0.186, "blended": 0.1799}, "confidence": 0.0133, "repairPriority": 0.00123, "routePenalty": 909.4, "reportValue": 0.01498, "evidence": {"osmLampsWorking": 0, "osmLampsBroken": 0, "osmLampsUntagged": 0, "nightBusTrips": 50.0, "wardComplaints2025": 250, "reports": 0}}}, {"type": "Feature", "geometry": {"type": "LineString", "coordinates": [[77.671199, 12.9300453], [77.6714797, 12.9299978], [77.6716589, 12.9299622], [77.6716969, 12.9299547], [77.6717547, 12.9299309], [77.6719229, 12.9298402], [77.6721208, 12.9297335], [77.6721805, 12.9297107], [77.6722549, 12.9297035], [77.672508, 12.9297135], [77.6727649, 12.9296551]]}, "properties": {"segID": "way311364311/1", "name": "Sri Doddamma Devi Temple Road", "ward": "Bellanduru", "roadClass": "tertiary", "lengthM": 178.1, "darkness": {"alpha": 0.973, "beta": 1.027, "mean": 0.5133, "var": 0.08327}, "exposure": {"activity": 0.1135, "structural": 0.2506, "blended": 0.2164}, "confidence": 0.0133, "repairPriority": 0.00148, "routePenalty": 679.6, "reportValue": 0.01802, "evidence": {"osmLampsWorking": 0, "osmLampsBroken": 0, "osmLampsUntagged": 0, "nightBusTrips": 71.0, "wardComplaints2025": 250, "reports": 0}}}, {"type": "Feature", "geometry": {"type": "LineString", "coordinates": [[77.6727649, 12.9296551], [77.6728691, 12.9296473], [77.6729422, 12.9296643], [77.6729865, 12.9296995], [77.6731035, 12.9299376], [77.6731427, 12.9300088], [77.6732107, 12.9300317], [77.673387, 12.9300472], [77.6735921, 12.9300626], [77.673609, 12.930065], [77.6740922, 12.9301337]]}, "properties": {"segID": "way311364311/2", "name": "Sri Doddamma Devi Temple Road", "ward": "Bellanduru", "roadClass": "tertiary", "lengthM": 168.1, "darkness": {"alpha": 0.973, "beta": 1.027, "mean": 0.5133, "var": 0.08327}, "exposure": {"activity": 0.0645, "structural": 0.2751, "blended": 0.2224}, "confidence": 0.0133, "repairPriority": 0.00152, "routePenalty": 635.2, "reportValue": 0.01852, "evidence": {"osmLampsWorking": 0, "osmLampsBroken": 0, "osmLampsUntagged": 0, "nightBusTrips": 77.6, "wardComplaints2025": 250, "reports": 0}}}, {"type": "Feature", "geometry": {"type": "LineString", "coordinates": [[77.6740922, 12.9301337], [77.6741254, 12.9301384], [77.6741494, 12.9301399], [77.6741731, 12.9301405], [77.674361, 12.9301451], [77.674594, 12.9301455], [77.6746499, 12.9301528], [77.6746847, 12.9302182], [77.6747263, 12.9303195], [77.6747901, 12.9304371], [77.6749129, 12.9306036], [77.6751929, 12.9307273]]}, "properties": {"segID": "way311364311/3", "name": "Sri Doddamma Devi Temple Road", "ward": "Bellanduru", "roadClass": "tertiary", "lengthM": 151.8, "darkness": {"alpha": 0.973, "beta": 1.027, "mean": 0.5133, "var": 0.08327}, "exposure": {"activity": 0.0249, "structural": 0.2888, "blended": 0.2229}, "confidence": 0.0133, "repairPriority": 0.00152, "routePenalty": 573.2, "reportValue": 0.01856, "evidence": {"osmLampsWorking": 0, "osmLampsBroken": 0, "osmLampsUntagged": 0, "nightBusTrips": 81.7, "wardComplaints2025": 250, "reports": 0}}}, {"type": "Feature", "geometry": {"type": "LineString", "coordinates": [[77.6751929, 12.9307273], [77.6753347, 12.930733], [77.6754164, 12.930724], [77.675462, 12.9306999], [77.6754915, 12.9306645], [77.6755035, 12.930643], [77.675523, 12.9306006], [77.675563, 12.930574], [77.6756628, 12.9305698]]}, "properties": {"segID": "way311364311/4", "name": "Sri Doddamma Devi Temple Road", "ward": "Bellanduru", "roadClass": "tertiary", "lengthM": 58.9, "darkness": {"alpha": 0.973, "beta": 1.027, "mean": 0.5133, "var": 0.08327}, "exposure": {"activity": 0.0249, "structural": 0.2727, "blended": 0.2107}, "confidence": 0.0133, "repairPriority": 0.00144, "routePenalty": 227.0, "reportValue": 0.01754, "evidence": {"osmLampsWorking": 0, "osmLampsBroken": 0, "osmLampsUntagged": 0, "nightBusTrips": 76.5, "wardComplaints2025": 250, "reports": 0}}}, {"type": "Feature", "geometry": {"type": "LineString", "coordinates": [[77.6226574, 12.9172126], [77.6223011, 12.9170799], [77.6219684, 12.9169283]]}, "properties": {"segID": "way312174028/0", "name": "Outer Ring Road", "ward": "BTM Layout", "roadClass": "trunk", "lengthM": 81.1, "darkness": {"alpha": 1.748, "beta": 0.252, "mean": 0.126, "var": 0.03671}, "exposure": {"activity": 0.1531, "structural": 0.5186, "blended": 0.4272}, "confidence": 0.4966, "repairPriority": 0.02673, "routePenalty": 177.1, "reportValue": 0.01568, "evidence": {"osmLampsWorking": 0, "osmLampsBroken": 0, "osmLampsUntagged": 0, "nightBusTrips": 335.4, "wardComplaints2025": 435, "reports": 0}}}, {"type": "Feature", "geometry": {"type": "LineString", "coordinates": [[77.6326667, 12.9189871], [77.6322702, 12.9190247], [77.6321859, 12.9187568], [77.6321011, 12.9184244], [77.6320179, 12.9180904]]}, "properties": {"segID": "way317617775/0", "name": "5th Main Road", "ward": "Jakkasandra", "roadClass": "residential", "lengthM": 150.6, "darkness": {"alpha": 1.748, "beta": 0.252, "mean": 0.126, "var": 0.03671}, "exposure": {"activity": 0.7326, "structural": 0.729, "blended": 0.7299}, "confidence": 0.4966, "repairPriority": 0.04567, "routePenalty": 285.1, "reportValue": 0.02679, "evidence": {"osmLampsWorking": 0, "osmLampsBroken": 0, "osmLampsUntagged": 0, "nightBusTrips": 171.5, "wardComplaints2025": 62, "reports": 0}}}, {"type": "Feature", "geometry": {"type": "LineString", "coordinates": [[77.6320179, 12.9180904], [77.6319426, 12.9178208], [77.6318626, 12.9175173], [77.6317711, 12.9171679], [77.6316951, 12.9168783], [77.6316814, 12.9168261], [77.6316742, 12.9167985]]}, "properties": {"segID": "way317617775/1", "name": "5th Main Road", "ward": "Jakkasandra", "roadClass": "residential", "lengthM": 148.4, "darkness": {"alpha": 1.748, "beta": 1.252, "mean": 0.4173, "var": 0.06079}, "exposure": {"activity": 0.8474, "structural": 0.7689, "blended": 0.7885}, "confidence": 0.0757, "repairPriority": 0.02491, "routePenalty": 369.9, "reportValue": 0.04793, "evidence": {"osmLampsWorking": 0, "osmLampsBroken": 1, "osmLampsUntagged": 0, "nightBusTrips": 202.2, "wardComplaints2025": 62, "reports": 0}}}, {"type": "Feature", "geometry": {"type": "LineString", "coordinates": [[77.632296, 12.9161526], [77.6320397, 12.9161779], [77.631238, 12.9162572], [77.630139, 12.9163307]]}, "properties": {"segID": "way322022988/0", "name": "13th Cross Road", "ward": "HSR Layout", "roadClass": "residential", "lengthM": 234.6, "darkness": {"alpha": 1.748, "beta": 2.252, "mean": 0.563, "var": 0.04921}, "exposure": {"activity": 0.8203, "structural": 0.4598, "blended": 0.5499}, "confidence": 0.0817, "repairPriority": 0.02529, "routePenalty": 652.8, "reportValue": 0.02706, "evidence": {"osmLampsWorking": 0, "osmLampsBroken": 2, "osmLampsUntagged": 0, "nightBusTrips": 215.6, "wardComplaints2025": 252, "reports": 0}}}, {"type": "Feature", "geometry": {"type": "LineString", "coordinates": [[77.630139, 12.9163307], [77.6291947, 12.9163717], [77.6288648, 12.9163831], [77.6282878, 12.9164496]]}, "properties": {"segID": "way322022988/1", "name": "13th Cross Road", "ward": "HSR Layout", "roadClass": "residential", "lengthM": 201.2, "darkness": {"alpha": 1.748, "beta": 1.252, "mean": 0.4173, "var": 0.06079}, "exposure": {"activity": 0.5821, "structural": 0.5041, "blended": 0.5236}, "confidence": 0.0757, "repairPriority": 0.01654, "routePenalty": 540.0, "reportValue": 0.03183, "evidence": {"osmLampsWorking": 0, "osmLampsBroken": 1, "osmLampsUntagged": 0, "nightBusTrips": 280.7, "wardComplaints2025": 252, "reports": 0}}}, {"type": "Feature", "geometry": {"type": "LineString", "coordinates": [[77.6282878, 12.9164496], [77.6278218, 12.9165888], [77.6272497, 12.9167596], [77.6264616, 12.9169816]]}, "properties": {"segID": "way322022988/2", "name": "13th Cross Road", "ward": "HSR Layout", "roadClass": "residential", "lengthM": 206.6, "darkness": {"alpha": 1.748, "beta": 0.252, "mean": 0.126, "var": 0.03671}, "exposure": {"activity": 0.3495, "structural": 0.4978, "blended": 0.4607}, "confidence": 0.4966, "repairPriority": 0.02883, "routePenalty": 440.6, "reportValue": 0.01691, "evidence": {"osmLampsWorking": 0, "osmLampsBroken": 0, "osmLampsUntagged": 0, "nightBusTrips": 267.2, "wardComplaints2025": 252, "reports": 0}}}, {"type": "Feature", "geometry": {"type": "LineString", "coordinates": [[77.6264616, 12.9169816], [77.6261679, 12.9170632], [77.6256271, 12.9171998], [77.6254474, 12.9172364], [77.6253079, 12.9172495], [77.6249821, 12.9172556]]}, "properties": {"segID": "way322022988/3", "name": "13th Cross Road", "ward": "HSR Layout", "roadClass": "residential", "lengthM": 164.1, "darkness": {"alpha": 1.748, "beta": 0.252, "mean": 0.126, "var": 0.03671}, "exposure": {"activity": 0.2175, "structural": 0.5017, "blended": 0.4307}, "confidence": 0.4966, "repairPriority": 0.02695, "routePenalty": 357.3, "reportValue": 0.01581, "evidence": {"osmLampsWorking": 0, "osmLampsBroken": 0, "osmLampsUntagged": 0, "nightBusTrips": 272.8, "wardComplaints2025": 252, "reports": 0}}}, {"type": "Feature", "geometry": {"type": "LineString", "coordinates": [[77.6249821, 12.9172556], [77.6242671, 12.9171824], [77.6238478, 12.9171001], [77.6235967, 12.9170451]]}, "properties": {"segID": "way322022988/4", "name": "13th Cross Road", "ward": "HSR Layout", "roadClass": "residential", "lengthM": 152.2, "darkness": {"alpha": 1.748, "beta": 0.252, "mean": 0.126, "var": 0.03671}, "exposure": {"activity": 0.3594, "structural": 0.5162, "blended": 0.477}, "confidence": 0.4966, "repairPriority": 0.02985, "routePenalty": 321.2, "reportValue": 0.01751, "evidence": {"osmLampsWorking": 0, "osmLampsBroken": 0, "osmLampsUntagged": 0, "nightBusTrips": 324.4, "wardComplaints2025": 252, "reports": 0}}}, {"type": "Feature", "geometry": {"type": "LineString", "coordinates": [[77.6471103, 12.9189173], [77.6455406, 12.9189657]]}, "properties": {"segID": "way323089978/0", "name": "8th Cross Road", "ward": "HSR Layout", "roadClass": "residential", "lengthM": 170.2, "darkness": {"alpha": 1.748, "beta": 0.252, "mean": 0.126, "var": 0.03671}, "exposure": {"activity": 0.4402, "structural": 0.3992, "blended": 0.4095}, "confidence": 0.4966, "repairPriority": 0.02562, "routePenalty": 376.7, "reportValue": 0.01503, "evidence": {"osmLampsWorking": 0, "osmLampsBroken": 0, "osmLampsUntagged": 0, "nightBusTrips": 148.1, "wardComplaints2025": 252, "reports": 0}}}, {"type": "Feature", "geometry": {"type": "LineString", "coordinates": [[77.6455406, 12.9189657], [77.6450256, 12.918984], [77.6449634, 12.9189862]]}, "properties": {"segID": "way323089978/1", "name": "8th Cross Road", "ward": "HSR Layout", "roadClass": "residential", "lengthM": 62.6, "darkness": {"alpha": 1.748, "beta": 0.252, "mean": 0.126, "var": 0.03671}, "exposure": {"activity": 0.454, "structural": 0.4089, "blended": 0.4201}, "confidence": 0.4966, "repairPriority": 0.02629, "routePenalty": 137.4, "reportValue": 0.01542, "evidence": {"osmLampsWorking": 0, "osmLampsBroken": 0, "osmLampsUntagged": 0, "nightBusTrips": 158.8, "wardComplaints2025": 252, "reports": 0}}}, {"type": "Feature", "geometry": {"type": "LineString", "coordinates": [[77.618866, 12.9235713], [77.6207805, 12.9245297]]}, "properties": {"segID": "way328436449/0", "name": "4th Cross Road", "ward": "Koramangala", "roadClass": "residential", "lengthM": 233.3, "darkness": {"alpha": 1.748, "beta": 0.252, "mean": 0.126, "var": 0.03671}, "exposure": {"activity": 0.1513, "structural": 0.4797, "blended": 0.3976}, "confidence": 0.4966, "repairPriority": 0.02488, "routePenalty": 521.5, "reportValue": 0.0146, "evidence": {"osmLampsWorking": 0, "osmLampsBroken": 0, "osmLampsUntagged": 0, "nightBusTrips": 238.2, "wardComplaints2025": 136, "reports": 0}}}, {"type": "Feature", "geometry": {"type": "LineString", "coordinates": [[77.622999, 12.9394716], [77.6242461, 12.940457]]}, "properties": {"segID": "way330926399/0", "name": "17th F4 Main Rd", "ward": "Koramangala", "roadClass": "residential", "lengthM": 174.0, "darkness": {"alpha": 1.748, "beta": 0.252, "mean": 0.126, "var": 0.03671}, "exposure": {"activity": 0.5598, "structural": 0.3897, "blended": 0.4322}, "confidence": 0.4966, "repairPriority": 0.02704, "routePenalty": 378.5, "reportValue": 0.01587, "evidence": {"osmLampsWorking": 0, "osmLampsBroken": 0, "osmLampsUntagged": 0, "nightBusTrips": 72.1, "wardComplaints2025": 136, "reports": 0}}}, {"type": "Feature", "geometry": {"type": "LineString", "coordinates": [[77.6271281, 12.9401574], [77.6271752, 12.9401641], [77.6271789, 12.9401623], [77.6271824, 12.9401576], [77.627257, 12.939884], [77.6273304, 12.9396052], [77.6274005, 12.9393018], [77.6274182, 12.9392253], [77.6274291, 12.9391813], [77.6276529, 12.9392294]]}, "properties": {"segID": "way332860142/0", "name": "1st Main Road", "ward": "Ejipura", "roadClass": "residential", "lengthM": 142.9, "darkness": {"alpha": 1.748, "beta": 0.252, "mean": 0.126, "var": 0.03671}, "exposure": {"activity": 0.7911, "structural": 0.2321, "blended": 0.3718}, "confidence": 0.4966, "repairPriority": 0.02326, "routePenalty": 326.9, "reportValue": 0.01365, "evidence": {"osmLampsWorking": 0, "osmLampsBroken": 0, "osmLampsUntagged": 0, "nightBusTrips": 64.1, "wardComplaints2025": 78, "reports": 0}}}, {"type": "Feature", "geometry": {"type": "LineString", "coordinates": [[77.6300862, 12.9395006], [77.6299822, 12.9394998], [77.6297705, 12.9394805], [77.6296655, 12.939471], [77.6295035, 12.9394546], [77.6293744, 12.9394416], [77.6292408, 12.9394172], [77.6288736, 12.9393502], [77.6285506, 12.9393014]]}, "properties": {"segID": "way332860151/0", "name": "1st Cross Road", "ward": "Ejipura", "roadClass": "residential", "lengthM": 168.1, "darkness": {"alpha": 1.748, "beta": 0.252, "mean": 0.126, "var": 0.03671}, "exposure": {"activity": 0.6715, "structural": 0.4831, "blended": 0.5302}, "confidence": 0.4966, "repairPriority": 0.03318, "routePenalty": 344.2, "reportValue": 0.01946, "evidence": {"osmLampsWorking": 0, "osmLampsBroken": 0, "osmLampsUntagged": 0, "nightBusTrips": 51.0, "wardComplaints2025": 78, "reports": 0}}}, {"type": "Feature", "geometry": {"type": "LineString", "coordinates": [[77.6285506, 12.9393014], [77.6283719, 12.9392673], [77.628232, 12.9392463]]}, "properties": {"segID": "way332860151/1", "name": "1st Cross Road", "ward": "Ejipura", "roadClass": "residential", "lengthM": 35.1, "darkness": {"alpha": 1.748, "beta": 0.252, "mean": 0.126, "var": 0.03671}, "exposure": {"activity": 0.8315, "structural": 0.5101, "blended": 0.5904}, "confidence": 0.4966, "repairPriority": 0.03694, "routePenalty": 69.8, "reportValue": 0.02167, "evidence": {"osmLampsWorking": 0, "osmLampsBroken": 0, "osmLampsUntagged": 0, "nightBusTrips": 59.8, "wardComplaints2025": 78, "reports": 0}}}, {"type": "Feature", "geometry": {"type": "LineString", "coordinates": [[77.6296655, 12.939471], [77.6296712, 12.9391734], [77.6296832, 12.9385483]]}, "properties": {"segID": "way332860152/0", "name": "4th Main Road", "ward": "Ejipura", "roadClass": "residential", "lengthM": 102.6, "darkness": {"alpha": 1.748, "beta": 0.252, "mean": 0.126, "var": 0.03671}, "exposure": {"activity": 0.718, "structural": 0.4875, "blended": 0.5451}, "confidence": 0.4966, "repairPriority": 0.03411, "routePenalty": 208.5, "reportValue": 0.02001, "evidence": {"osmLampsWorking": 0, "osmLampsBroken": 0, "osmLampsUntagged": 0, "nightBusTrips": 50.5, "wardComplaints2025": 78, "reports": 0}}}, {"type": "Feature", "geometry": {"type": "LineString", "coordinates": [[77.6336189, 12.9300751], [77.6334257, 12.9301072], [77.6332113, 12.9300611], [77.6331602, 12.9300545]]}, "properties": {"segID": "way338161623/0", "name": "7th Main Road", "ward": "Ejipura", "roadClass": "residential", "lengthM": 50.6, "darkness": {"alpha": 1.748, "beta": 0.252, "mean": 0.126, "var": 0.03671}, "exposure": {"activity": 0.8074, "structural": 0.4055, "blended": 0.506}, "confidence": 0.4966, "repairPriority": 0.03166, "routePenalty": 105.0, "reportValue": 0.01858, "evidence": {"osmLampsWorking": 0, "osmLampsBroken": 0, "osmLampsUntagged": 0, "nightBusTrips": 54.7, "wardComplaints2025": 78, "reports": 0}}}, {"type": "Feature", "geometry": {"type": "LineString", "coordinates": [[77.6300679, 12.9347714], [77.6299342, 12.9346844]]}, "properties": {"segID": "way350096398/0", "name": "1st Cross Road", "ward": "Ejipura", "roadClass": "residential", "lengthM": 17.4, "darkness": {"alpha": 1.748, "beta": 0.252, "mean": 0.126, "var": 0.03671}, "exposure": {"activity": 0.9725, "structural": 0.6667, "blended": 0.7432}, "confidence": 0.4966, "repairPriority": 0.0465, "routePenalty": 32.8, "reportValue": 0.02728, "evidence": {"osmLampsWorking": 0, "osmLampsBroken": 0, "osmLampsUntagged": 0, "nightBusTrips": 51.3, "wardComplaints2025": 78, "reports": 0}}}, {"type": "Feature", "geometry": {"type": "LineString", "coordinates": [[77.6299342, 12.9346844], [77.6299279, 12.9346456], [77.6297801, 12.9345296], [77.6297402, 12.9344983], [77.6296908, 12.9344595], [77.6296147, 12.934432]]}, "properties": {"segID": "way350096399/0", "name": "1st Cross Road", "ward": "Ejipura", "roadClass": "residential", "lengthM": 46.2, "darkness": {"alpha": 1.748, "beta": 0.252, "mean": 0.126, "var": 0.03671}, "exposure": {"activity": 0.9716, "structural": 0.6528, "blended": 0.7325}, "confidence": 0.4966, "repairPriority": 0.04583, "routePenalty": 87.4, "reportValue": 0.02689, "evidence": {"osmLampsWorking": 0, "osmLampsBroken": 0, "osmLampsUntagged": 0, "nightBusTrips": 52.0, "wardComplaints2025": 78, "reports": 0}}}, {"type": "Feature", "geometry": {"type": "LineString", "coordinates": [[77.6363876, 12.9251744], [77.6360881, 12.9251318], [77.6354542, 12.9250415], [77.6354027, 12.9250325], [77.6350856, 12.9249774]]}, "properties": {"segID": "way350096403/0", "name": "Sarjapura Road", "ward": "Jakkasandra", "roadClass": "primary", "lengthM": 142.8, "darkness": {"alpha": 1.748, "beta": 0.252, "mean": 0.126, "var": 0.03671}, "exposure": {"activity": 0.5348, "structural": 0.5961, "blended": 0.5808}, "confidence": 0.4966, "repairPriority": 0.03634, "routePenalty": 285.4, "reportValue": 0.02132, "evidence": {"osmLampsWorking": 0, "osmLampsBroken": 0, "osmLampsUntagged": 0, "nightBusTrips": 88.2, "wardComplaints2025": 62, "reports": 0}}}, {"type": "Feature", "geometry": {"type": "LineString", "coordinates": [[77.6289059, 12.9242381], [77.6290638, 12.9242039], [77.6291285, 12.9242022], [77.6295706, 12.9241901], [77.6298347, 12.9242342], [77.6307423, 12.9243856]]}, "properties": {"segID": "way350096404/0", "name": "Sarjapura Road", "ward": "Jakkasandra", "roadClass": "primary", "lengthM": 201.3, "darkness": {"alpha": 1.748, "beta": 0.252, "mean": 0.126, "var": 0.03671}, "exposure": {"activity": 0.1264, "structural": 0.7747, "blended": 0.6126}, "confidence": 0.4966, "repairPriority": 0.03833, "routePenalty": 396.9, "reportValue": 0.02249, "evidence": {"osmLampsWorking": 0, "osmLampsBroken": 0, "osmLampsUntagged": 0, "nightBusTrips": 153.2, "wardComplaints2025": 62, "reports": 0}}}, {"type": "Feature", "geometry": {"type": "LineString", "coordinates": [[77.6307423, 12.9243856], [77.6308399, 12.9244019], [77.6313682, 12.9245075], [77.6315293, 12.9245338], [77.6316434, 12.9245525], [77.6334583, 12.9248418]]}, "properties": {"segID": "way350096404/1", "name": "Sarjapura Road", "ward": "Koramangala", "roadClass": "primary", "lengthM": 298.7, "darkness": {"alpha": 1.748, "beta": 0.252, "mean": 0.126, "var": 0.03671}, "exposure": {"activity": 0.3104, "structural": 0.7372, "blended": 0.6305}, "confidence": 0.4966, "repairPriority": 0.03945, "routePenalty": 584.8, "reportValue": 0.02315, "evidence": {"osmLampsWorking": 0, "osmLampsBroken": 0, "osmLampsUntagged": 0, "nightBusTrips": 122.6, "wardComplaints2025": 136, "reports": 0}}}, {"type": "Feature", "geometry": {"type": "LineString", "coordinates": [[77.6334583, 12.9248418], [77.6334868, 12.9248485], [77.6335624, 12.9248662], [77.633657, 12.9248811]]}, "properties": {"segID": "way350096404/2", "name": "Sarjapura Road", "ward": "Koramangala", "roadClass": "primary", "lengthM": 22.0, "darkness": {"alpha": 1.748, "beta": 0.252, "mean": 0.126, "var": 0.03671}, "exposure": {"activity": 0.7291, "structural": 0.6408, "blended": 0.6629}, "confidence": 0.4966, "repairPriority": 0.04148, "routePenalty": 42.6, "reportValue": 0.02434, "evidence": {"osmLampsWorking": 0, "osmLampsBroken": 0, "osmLampsUntagged": 0, "nightBusTrips": 79.8, "wardComplaints2025": 136, "reports": 0}}}, {"type": "Feature", "geometry": {"type": "LineString", "coordinates": [[77.6287044, 12.9383498], [77.6286607, 12.9385608], [77.6285895, 12.9388777], [77.6285064, 12.9389979], [77.6284339, 12.939126], [77.6283719, 12.9392673]]}, "properties": {"segID": "way350096406/0", "name": "1st Ashwini Street", "ward": "Ejipura", "roadClass": "residential", "lengthM": 109.5, "darkness": {"alpha": 1.748, "beta": 0.252, "mean": 0.126, "var": 0.03671}, "exposure": {"activity": 0.8581, "structural": 0.4743, "blended": 0.5702}, "confidence": 0.4966, "repairPriority": 0.03568, "routePenalty": 219.9, "reportValue": 0.02093, "evidence": {"osmLampsWorking": 0, "osmLampsBroken": 0, "osmLampsUntagged": 0, "nightBusTrips": 60.5, "wardComplaints2025": 78, "reports": 0}}}, {"type": "Feature", "geometry": {"type": "LineString", "coordinates": [[77.6209691, 12.9242435], [77.6197105, 12.9236824], [77.619869, 12.9233623]]}, "properties": {"segID": "way363083979/0", "name": "5th Cross Road", "ward": "Koramangala", "roadClass": "residential", "lengthM": 189.5, "darkness": {"alpha": 1.748, "beta": 0.252, "mean": 0.126, "var": 0.03671}, "exposure": {"activity": 0.2794, "structural": 0.7592, "blended": 0.6392}, "confidence": 0.4966, "repairPriority": 0.04, "routePenalty": 369.8, "reportValue": 0.02347, "evidence": {"osmLampsWorking": 0, "osmLampsBroken": 0, "osmLampsUntagged": 0, "nightBusTrips": 234.8, "wardComplaints2025": 136, "reports": 0}}}, {"type": "Feature", "geometry": {"type": "LineString", "coordinates": [[77.619869, 12.9233623], [77.6199993, 12.9231369], [77.6200243, 12.9230905], [77.6200986, 12.9229528], [77.6201833, 12.9227974], [77.6201862, 12.9227382], [77.6203152, 12.9224259]]}, "properties": {"segID": "way363083979/1", "name": "5th Cross Road", "ward": "Koramangala", "roadClass": "residential", "lengthM": 115.5, "darkness": {"alpha": 1.748, "beta": 0.252, "mean": 0.126, "var": 0.03671}, "exposure": {"activity": 0.5211, "structural": 0.7408, "blended": 0.6859}, "confidence": 0.4966, "repairPriority": 0.04292, "routePenalty": 221.7, "reportValue": 0.02518, "evidence": {"osmLampsWorking": 0, "osmLampsBroken": 0, "osmLampsUntagged": 0, "nightBusTrips": 246.5, "wardComplaints2025": 136, "reports": 0}}}, {"type": "Feature", "geometry": {"type": "LineString", "coordinates": [[77.6653306, 12.9230168], [77.665255, 12.9230318], [77.6650468, 12.9231331], [77.6648561, 12.9231662], [77.6645191, 12.9231727], [77.664071, 12.9231317], [77.6637294, 12.9231878]]}, "properties": {"segID": "way367605328/0", "name": "5th Cross Road", "ward": "HSR Layout", "roadClass": "residential", "lengthM": 177.4, "darkness": {"alpha": 1.748, "beta": 0.252, "mean": 0.126, "var": 0.03671}, "exposure": {"activity": 0.6156, "structural": 0.8387, "blended": 0.7829}, "confidence": 0.4966, "repairPriority": 0.04899, "routePenalty": 330.9, "reportValue": 0.02874, "evidence": {"osmLampsWorking": 0, "osmLampsBroken": 0, "osmLampsUntagged": 0, "nightBusTrips": 210.0, "wardComplaints2025": 252, "reports": 0}}}, {"type": "Feature", "geometry": {"type": "LineString", "coordinates": [[77.6637294, 12.9231878], [77.6635432, 12.9231844], [77.6630553, 12.9230921], [77.6623681, 12.9230012], [77.6623155, 12.9229965]]}, "properties": {"segID": "way367605328/1", "name": "5th Cross Road", "ward": "HSR Layout", "roadClass": "residential", "lengthM": 154.9, "darkness": {"alpha": 1.748, "beta": 0.252, "mean": 0.126, "var": 0.03671}, "exposure": {"activity": 0.3181, "structural": 0.6595, "blended": 0.5742}, "confidence": 0.4966, "repairPriority": 0.03593, "routePenalty": 310.5, "reportValue": 0.02108, "evidence": {"osmLampsWorking": 0, "osmLampsBroken": 0, "osmLampsUntagged": 0, "nightBusTrips": 185.7, "wardComplaints2025": 252, "reports": 0}}}, {"type": "Feature", "geometry": {"type": "LineString", "coordinates": [[77.6661615, 12.9259508], [77.6654788, 12.9259705], [77.6654129, 12.9259724]]}, "properties": {"segID": "way367605329/0", "name": "Genesis Suncity Road", "ward": "HSR Layout", "roadClass": "residential", "lengthM": 81.2, "darkness": {"alpha": 1.748, "beta": 0.252, "mean": 0.126, "var": 0.03671}, "exposure": {"activity": 0.1548, "structural": 0.3865, "blended": 0.3286}, "confidence": 0.4966, "repairPriority": 0.02056, "routePenalty": 194.3, "reportValue": 0.01206, "evidence": {"osmLampsWorking": 0, "osmLampsBroken": 0, "osmLampsUntagged": 0, "nightBusTrips": 136.5, "wardComplaints2025": 252, "reports": 0}}}, {"type": "Feature", "geometry": {"type": "LineString", "coordinates": [[77.6693034, 12.9272318], [77.6693378, 12.9279847], [77.6693394, 12.9280209], [77.6693771, 12.9288442]]}, "properties": {"segID": "way370381640/0", "name": "1st Main Road", "ward": "Bellanduru", "roadClass": "tertiary", "lengthM": 179.5, "darkness": {"alpha": 0.973, "beta": 1.027, "mean": 0.5133, "var": 0.08327}, "exposure": {"activity": 0.8108, "structural": 0.3586, "blended": 0.4717}, "confidence": 0.0133, "repairPriority": 0.00322, "routePenalty": 551.2, "reportValue": 0.03928, "evidence": {"osmLampsWorking": 0, "osmLampsBroken": 0, "osmLampsUntagged": 0, "nightBusTrips": 121.7, "wardComplaints2025": 250, "reports": 0}}}, {"type": "Feature", "geometry": {"type": "LineString", "coordinates": [[77.6330477, 12.9303988], [77.6328892, 12.9308166], [77.6325864, 12.9314668], [77.6324379, 12.9316389]]}, "properties": {"segID": "way370390351/0", "name": "80 Feet Road", "ward": "Koramangala", "roadClass": "secondary", "lengthM": 153.9, "darkness": {"alpha": 1.748, "beta": 0.252, "mean": 0.126, "var": 0.03671}, "exposure": {"activity": 0.896, "structural": 0.4684, "blended": 0.5753}, "confidence": 0.4966, "repairPriority": 0.036, "routePenalty": 308.3, "reportValue": 0.02112, "evidence": {"osmLampsWorking": 0, "osmLampsBroken": 0, "osmLampsUntagged": 0, "nightBusTrips": 48.4, "wardComplaints2025": 136, "reports": 0}}}, {"type": "Feature", "geometry": {"type": "LineString", "coordinates": [[77.6324379, 12.9316389], [77.6320015, 12.9320467], [77.6318336, 12.93222], [77.6315035, 12.9325276], [77.6309441, 12.9330766]]}, "properties": {"segID": "way370390351/1", "name": "80 Feet Road", "ward": "Koramangala", "roadClass": "secondary", "lengthM": 227.6, "darkness": {"alpha": 1.748, "beta": 0.252, "mean": 0.126, "var": 0.03671}, "exposure": {"activity": 0.8934, "structural": 0.5188, "blended": 0.6125}, "confidence": 0.4966, "repairPriority": 0.03833, "routePenalty": 448.8, "reportValue": 0.02248, "evidence": {"osmLampsWorking": 0, "osmLampsBroken": 0, "osmLampsUntagged": 0, "nightBusTrips": 41.9, "wardComplaints2025": 136, "reports": 0}}}, {"type": "Feature", "geometry": {"type": "LineString", "coordinates": [[77.6309441, 12.9330766], [77.6304016, 12.9336336], [77.630379, 12.9336568], [77.6303457, 12.9336915], [77.630151, 12.9339015], [77.6297442, 12.9342983]]}, "properties": {"segID": "way370390351/2", "name": "80 Feet Road", "ward": "Koramangala", "roadClass": "secondary", "lengthM": 188.1, "darkness": {"alpha": 1.748, "beta": 0.252, "mean": 0.126, "var": 0.03671}, "exposure": {"activity": 0.9398, "structural": 0.5771, "blended": 0.6678}, "confidence": 0.4966, "repairPriority": 0.04179, "routePenalty": 363.3, "reportValue": 0.02451, "evidence": {"osmLampsWorking": 0, "osmLampsBroken": 0, "osmLampsUntagged": 0, "nightBusTrips": 48.2, "wardComplaints2025": 136, "reports": 0}}}, {"type": "Feature", "geometry": {"type": "LineString", "coordinates": [[77.6297442, 12.9342983], [77.6297354, 12.9343073], [77.6296147, 12.934432], [77.6295795, 12.9344684], [77.6293144, 12.9347439], [77.6292645, 12.9347948], [77.6287135, 12.935357]]}, "properties": {"segID": "way370390351/3", "name": "80 Feet Road", "ward": "Koramangala", "roadClass": "secondary", "lengthM": 162.3, "darkness": {"alpha": 1.748, "beta": 0.252, "mean": 0.126, "var": 0.03671}, "exposure": {"activity": 0.9656, "structural": 0.5911, "blended": 0.6847}, "confidence": 0.4966, "repairPriority": 0.04284, "routePenalty": 311.6, "reportValue": 0.02514, "evidence": {"osmLampsWorking": 0, "osmLampsBroken": 0, "osmLampsUntagged": 0, "nightBusTrips": 52.6, "wardComplaints2025": 136, "reports": 0}}}, {"type": "Feature", "geometry": {"type": "LineString", "coordinates": [[77.6287135, 12.935357], [77.6280956, 12.9359641], [77.62773, 12.9363386]]}, "properties": {"segID": "way370390351/4", "name": "80 Feet Road", "ward": "Koramangala", "roadClass": "secondary", "lengthM": 152.6, "darkness": {"alpha": 1.748, "beta": 0.252, "mean": 0.126, "var": 0.03671}, "exposure": {"activity": 0.9046, "structural": 0.5794, "blended": 0.6607}, "confidence": 0.4966, "repairPriority": 0.04134, "routePenalty": 295.4, "reportValue": 0.02425, "evidence": {"osmLampsWorking": 0, "osmLampsBroken": 0, "osmLampsUntagged": 0, "nightBusTrips": 68.4, "wardComplaints2025": 136, "reports": 0}}}, {"type": "Feature", "geometry": {"type": "LineString", "coordinates": [[77.62773, 12.9363386], [77.6273532, 12.9367444], [77.6270122, 12.9371207], [77.626942, 12.937197]]}, "properties": {"segID": "way370390351/5", "name": "80 Feet Road", "ward": "Koramangala", "roadClass": "secondary", "lengthM": 128.1, "darkness": {"alpha": 1.748, "beta": 0.252, "mean": 0.126, "var": 0.03671}, "exposure": {"activity": 0.9785, "structural": 0.5071, "blended": 0.625}, "confidence": 0.4966, "repairPriority": 0.03911, "routePenalty": 251.3, "reportValue": 0.02294, "evidence": {"osmLampsWorking": 0, "osmLampsBroken": 0, "osmLampsUntagged": 0, "nightBusTrips": 81.0, "wardComplaints2025": 136, "reports": 0}}}, {"type": "Feature", "geometry": {"type": "LineString", "coordinates": [[77.6383333, 12.9179644], [77.6382546, 12.9179705], [77.6376919, 12.9179962], [77.6372293, 12.9180174], [77.6368989, 12.9180695]]}, "properties": {"segID": "way372542723/0", "name": "4th Cross Road", "ward": "Jakkasandra", "roadClass": "residential", "lengthM": 156.1, "darkness": {"alpha": 1.748, "beta": 2.252, "mean": 0.563, "var": 0.04921}, "exposure": {"activity": 0.6973, "structural": 0.8353, "blended": 0.8008}, "confidence": 0.0817, "repairPriority": 0.03683, "routePenalty": 407.8, "reportValue": 0.03941, "evidence": {"osmLampsWorking": 0, "osmLampsBroken": 2, "osmLampsUntagged": 0, "nightBusTrips": 133.7, "wardComplaints2025": 62, "reports": 0}}}, {"type": "Feature", "geometry": {"type": "LineString", "coordinates": [[77.6368989, 12.9180695], [77.6363095, 12.9181714], [77.6361872, 12.9182176]]}, "properties": {"segID": "way372542723/1", "name": "4th Cross Road", "ward": "Jakkasandra", "roadClass": "residential", "lengthM": 79.1, "darkness": {"alpha": 1.748, "beta": 0.252, "mean": 0.126, "var": 0.03671}, "exposure": {"activity": 0.5176, "structural": 0.7443, "blended": 0.6876}, "confidence": 0.4966, "repairPriority": 0.04302, "routePenalty": 151.7, "reportValue": 0.02524, "evidence": {"osmLampsWorking": 0, "osmLampsBroken": 0, "osmLampsUntagged": 0, "nightBusTrips": 162.6, "wardComplaints2025": 62, "reports": 0}}}, {"type": "Feature", "geometry": {"type": "LineString", "coordinates": [[77.6317481, 12.9321027], [77.6318092, 12.9321866], [77.6318336, 12.93222]]}, "properties": {"segID": "way376782482/0", "name": "8th A Main Road", "ward": "Koramangala", "roadClass": "residential", "lengthM": 16.0, "darkness": {"alpha": 1.748, "beta": 0.252, "mean": 0.126, "var": 0.03671}, "exposure": {"activity": 0.8925, "structural": 0.5316, "blended": 0.6218}, "confidence": 0.4966, "repairPriority": 0.03891, "routePenalty": 31.4, "reportValue": 0.02283, "evidence": {"osmLampsWorking": 0, "osmLampsBroken": 0, "osmLampsUntagged": 0, "nightBusTrips": 42.1, "wardComplaints2025": 136, "reports": 0}}}, {"type": "Feature", "geometry": {"type": "LineString", "coordinates": [[77.6543682, 12.9236679], [77.6540371, 12.9237179]]}, "properties": {"segID": "way377085042/0", "name": "Outer Ring Road", "ward": "Agaram", "roadClass": "trunk", "lengthM": 36.3, "darkness": {"alpha": 4.762, "beta": 2.238, "mean": 0.3197, "var": 0.02719}, "exposure": {"activity": 0.3869, "structural": 0.3201, "blended": 0.3368}, "confidence": 0.902, "repairPriority": 0.09712, "routePenalty": 93.8, "reportValue": 0.00916, "evidence": {"osmLampsWorking": 4, "osmLampsBroken": 1, "osmLampsUntagged": 0, "nightBusTrips": 97.5, "wardComplaints2025": 71, "reports": 0}}}, {"type": "Feature", "geometry": {"type": "LineString", "coordinates": [[77.662394, 12.9212807], [77.66226, 12.9213196], [77.6620564, 12.9213728]]}, "properties": {"segID": "way377085053/0", "name": "Outer Ring Road", "ward": "Agaram", "roadClass": "trunk", "lengthM": 38.0, "darkness": {"alpha": 0.762, "beta": 6.238, "mean": 0.8911, "var": 0.01213}, "exposure": {"activity": 0.3465, "structural": 0.4715, "blended": 0.4402}, "confidence": 0.9639, "repairPriority": 0.3781, "routePenalty": 118.3, "reportValue": 0.00534, "evidence": {"osmLampsWorking": 0, "osmLampsBroken": 5, "osmLampsUntagged": 0, "nightBusTrips": 225.6, "wardComplaints2025": 71, "reports": 0}}}, {"type": "Feature", "geometry": {"type": "LineString", "coordinates": [[77.6540371, 12.9237179], [77.6530518, 12.9239028]]}, "properties": {"segID": "way377085060/0", "name": "Outer Ring Road", "ward": "Agaram", "roadClass": "trunk", "lengthM": 108.7, "darkness": {"alpha": 3.762, "beta": 3.238, "mean": 0.4625, "var": 0.03107}, "exposure": {"activity": 0.4807, "structural": 0.3497, "blended": 0.3824}, "confidence": 0.8917, "repairPriority": 0.15771, "routePenalty": 296.2, "reportValue": 0.01188, "evidence": {"osmLampsWorking": 3, "osmLampsBroken": 2, "osmLampsUntagged": 0, "nightBusTrips": 112.9, "wardComplaints2025": 71, "reports": 0}}}, {"type": "Feature", "geometry": {"type": "LineString", "coordinates": [[77.6635896, 12.9211189], [77.6639564, 12.9210171], [77.6643062, 12.9209196], [77.6646317, 12.9208374], [77.6647433, 12.9208113], [77.6648463, 12.9208114]]}, "properties": {"segID": "way377105483/0", "name": "Outer Ring Road", "ward": "HSR Layout", "roadClass": "trunk", "lengthM": 140.8, "darkness": {"alpha": 1.748, "beta": 0.252, "mean": 0.126, "var": 0.03671}, "exposure": {"activity": 0.6526, "structural": 0.8002, "blended": 0.7633}, "confidence": 0.4966, "repairPriority": 0.04776, "routePenalty": 264.0, "reportValue": 0.02802, "evidence": {"osmLampsWorking": 0, "osmLampsBroken": 0, "osmLampsUntagged": 0, "nightBusTrips": 225.9, "wardComplaints2025": 252, "reports": 0}}}, {"type": "Feature", "geometry": {"type": "LineString", "coordinates": [[77.6543918, 12.9237946], [77.6550183, 12.9236734], [77.6553864, 12.923603], [77.6556513, 12.9235332], [77.6557534, 12.9234971]]}, "properties": {"segID": "way377105485/0", "name": "Outer Ring Road", "ward": "Agaram", "roadClass": "trunk", "lengthM": 151.4, "darkness": {"alpha": 10.762, "beta": 2.238, "mean": 0.1721, "var": 0.01018}, "exposure": {"activity": 0.1883, "structural": 0.734, "blended": 0.5975}, "confidence": 0.9759, "repairPriority": 0.10035, "routePenalty": 278.7, "reportValue": 0.00608, "evidence": {"osmLampsWorking": 10, "osmLampsBroken": 1, "osmLampsUntagged": 0, "nightBusTrips": 87.2, "wardComplaints2025": 71, "reports": 0}}}, {"type": "Feature", "geometry": {"type": "LineString", "coordinates": [[77.6557534, 12.9234971], [77.6565126, 12.9232519], [77.659737, 12.9221233]]}, "properties": {"segID": "way377105485/1", "name": "Outer Ring Road", "ward": "Agaram", "roadClass": "trunk", "lengthM": 458.0, "darkness": {"alpha": 10.762, "beta": 3.238, "mean": 0.2313, "var": 0.01185}, "exposure": {"activity": 0.0817, "structural": 0.7204, "blended": 0.5607}, "confidence": 0.9665, "repairPriority": 0.12535, "routePenalty": 904.9, "reportValue": 0.00664, "evidence": {"osmLampsWorking": 10, "osmLampsBroken": 2, "osmLampsUntagged": 0, "nightBusTrips": 80.8, "wardComplaints2025": 71, "reports": 0}}}, {"type": "Feature", "geometry": {"type": "LineString", "coordinates": [[77.659737, 12.9221233], [77.6600035, 12.9220272], [77.6602414, 12.9219543], [77.6622734, 12.9214429]]}, "properties": {"segID": "way377105485/2", "name": "Outer Ring Road", "ward": "Agaram", "roadClass": "trunk", "lengthM": 285.3, "darkness": {"alpha": 7.762, "beta": 6.238, "mean": 0.4455, "var": 0.01647}, "exposure": {"activity": 0.1092, "structural": 0.7986, "blended": 0.6263}, "confidence": 0.9424, "repairPriority": 0.26295, "routePenalty": 650.0, "reportValue": 0.01032, "evidence": {"osmLampsWorking": 7, "osmLampsBroken": 5, "osmLampsUntagged": 0, "nightBusTrips": 125.5, "wardComplaints2025": 71, "reports": 0}}}, {"type": "Feature", "geometry": {"type": "LineString", "coordinates": [[77.6622734, 12.9214429], [77.6629056, 12.921278]]}, "properties": {"segID": "way377105485/3", "name": "Outer Ring Road", "ward": "HSR Layout", "roadClass": "trunk", "lengthM": 70.9, "darkness": {"alpha": 1.748, "beta": 3.252, "mean": 0.6504, "var": 0.0379}, "exposure": {"activity": 0.3878, "structural": 0.9008, "blended": 0.7725}, "confidence": 0.1105, "repairPriority": 0.05552, "routePenalty": 189.1, "reportValue": 0.02928, "evidence": {"osmLampsWorking": 0, "osmLampsBroken": 3, "osmLampsUntagged": 0, "nightBusTrips": 224.2, "wardComplaints2025": 252, "reports": 0}}}, {"type": "Feature", "geometry": {"type": "LineString", "coordinates": [[77.6484131, 12.9244093], [77.6487145, 12.924448], [77.6498597, 12.9245269]]}, "properties": {"segID": "way377106135/0", "name": "Outer Ring Road", "ward": "HSR Layout", "roadClass": "trunk", "lengthM": 157.4, "darkness": {"alpha": 11.748, "beta": 5.252, "mean": 0.3089, "var": 0.01186}, "exposure": {"activity": 0.5666, "structural": 0.858, "blended": 0.7851}, "confidence": 0.9652, "repairPriority": 0.23408, "routePenalty": 305.3, "reportValue": 0.00931, "evidence": {"osmLampsWorking": 10, "osmLampsBroken": 5, "osmLampsUntagged": 0, "nightBusTrips": 164.2, "wardComplaints2025": 252, "reports": 0}}}, {"type": "Feature", "geometry": {"type": "LineString", "coordinates": [[77.6498597, 12.9245269], [77.6501825, 12.9245437], [77.6505133, 12.9245341], [77.6508026, 12.9245087], [77.651232, 12.9244416], [77.6519763, 12.9242979]]}, "properties": {"segID": "way377106135/1", "name": "Outer Ring Road", "ward": "Agaram", "roadClass": "trunk", "lengthM": 231.7, "darkness": {"alpha": 14.762, "beta": 8.238, "mean": 0.3582, "var": 0.00958}, "exposure": {"activity": 0.5443, "structural": 0.8922, "blended": 0.8052}, "confidence": 0.9794, "repairPriority": 0.28248, "routePenalty": 460.2, "reportValue": 0.00771, "evidence": {"osmLampsWorking": 14, "osmLampsBroken": 7, "osmLampsUntagged": 0, "nightBusTrips": 206.4, "wardComplaints2025": 71, "reports": 0}}}, {"type": "Feature", "geometry": {"type": "LineString", "coordinates": [[77.6519763, 12.9242979], [77.6530883, 12.924073]]}, "properties": {"segID": "way377106135/2", "name": "Outer Ring Road", "ward": "Agaram", "roadClass": "trunk", "lengthM": 123.1, "darkness": {"alpha": 6.762, "beta": 5.238, "mean": 0.4365, "var": 0.01892}, "exposure": {"activity": 0.491, "structural": 0.7893, "blended": 0.7147}, "confidence": 0.9364, "repairPriority": 0.29213, "routePenalty": 273.9, "reportValue": 0.01352, "evidence": {"osmLampsWorking": 6, "osmLampsBroken": 4, "osmLampsUntagged": 0, "nightBusTrips": 112.3, "wardComplaints2025": 71, "reports": 0}}}, {"type": "Feature", "geometry": {"type": "LineString", "coordinates": [[77.6323597, 12.9161832], [77.6323608, 12.9161447], [77.6323656, 12.9156097], [77.6323911, 12.914578]]}, "properties": {"segID": "way377124828/0", "name": "5th Main Road", "ward": "HSR Layout", "roadClass": "tertiary", "lengthM": 178.5, "darkness": {"alpha": 1.748, "beta": 0.252, "mean": 0.126, "var": 0.03671}, "exposure": {"activity": 0.8667, "structural": 0.4247, "blended": 0.5352}, "confidence": 0.4966, "repairPriority": 0.03349, "routePenalty": 364.5, "reportValue": 0.01965, "evidence": {"osmLampsWorking": 0, "osmLampsBroken": 0, "osmLampsUntagged": 0, "nightBusTrips": 178.3, "wardComplaints2025": 252, "reports": 0}}}, {"type": "Feature", "geometry": {"type": "LineString", "coordinates": [[77.6323911, 12.914578], [77.6323958, 12.9143852]]}, "properties": {"segID": "way377124828/1", "name": "5th Main Road", "ward": "HSR Layout", "roadClass": "tertiary", "lengthM": 21.4, "darkness": {"alpha": 1.748, "beta": 0.252, "mean": 0.126, "var": 0.03671}, "exposure": {"activity": 0.6113, "structural": 0.4202, "blended": 0.468}, "confidence": 0.4966, "repairPriority": 0.02928, "routePenalty": 45.4, "reportValue": 0.01718, "evidence": {"osmLampsWorking": 0, "osmLampsBroken": 0, "osmLampsUntagged": 0, "nightBusTrips": 169.8, "wardComplaints2025": 252, "reports": 0}}}, {"type": "Feature", "geometry": {"type": "LineString", "coordinates": [[77.6405148, 12.9171], [77.6407708, 12.9172952], [77.6410422, 12.9175032], [77.64108, 12.9175322], [77.6415843, 12.9180354]]}, "properties": {"segID": "way377125912/0", "name": "Outer Ring Road", "ward": "HSR Layout", "roadClass": "trunk", "lengthM": 156.1, "darkness": {"alpha": 14.748, "beta": 5.252, "mean": 0.2626, "var": 0.00922}, "exposure": {"activity": 0.1316, "structural": 0.7692, "blended": 0.6098}, "confidence": 0.9811, "repairPriority": 0.15711, "routePenalty": 305.8, "reportValue": 0.00562, "evidence": {"osmLampsWorking": 13, "osmLampsBroken": 5, "osmLampsUntagged": 0, "nightBusTrips": 144.4, "wardComplaints2025": 252, "reports": 0}}}, {"type": "Feature", "geometry": {"type": "LineString", "coordinates": [[77.6415843, 12.9180354], [77.6417881, 12.9182535], [77.6420024, 12.9184929], [77.6421682, 12.9187062], [77.6429105, 12.9197116]]}, "properties": {"segID": "way377125912/1", "name": "Outer Ring Road", "ward": "HSR Layout", "roadClass": "trunk", "lengthM": 235.6, "darkness": {"alpha": 20.748, "beta": 1.252, "mean": 0.0569, "var": 0.00233}, "exposure": {"activity": 0.1952, "structural": 0.8024, "blended": 0.6506}, "confidence": 1.0, "repairPriority": 0.03702, "routePenalty": 368.6, "reportValue": 0.00152, "evidence": {"osmLampsWorking": 19, "osmLampsBroken": 1, "osmLampsUntagged": 0, "nightBusTrips": 178.3, "wardComplaints2025": 252, "reports": 0}}}, {"type": "Feature", "geometry": {"type": "LineString", "coordinates": [[77.6429105, 12.9197116], [77.6430337, 12.9198785], [77.6446581, 12.9218348]]}, "properties": {"segID": "way377125912/2", "name": "Outer Ring Road", "ward": "HSR Layout", "roadClass": "trunk", "lengthM": 302.7, "darkness": {"alpha": 8.748, "beta": 3.252, "mean": 0.271, "var": 0.0152}, "exposure": {"activity": 0.215, "structural": 0.8401, "blended": 0.6838}, "confidence": 0.9467, "repairPriority": 0.17543, "routePenalty": 595.2, "reportValue": 0.01039, "evidence": {"osmLampsWorking": 7, "osmLampsBroken": 3, "osmLampsUntagged": 0, "nightBusTrips": 210.0, "wardComplaints2025": 252, "reports": 0}}}, {"type": "Feature", "geometry": {"type": "LineString", "coordinates": [[77.6446581, 12.9218348], [77.6447993, 12.9219722], [77.6448627, 12.9220342], [77.6449153, 12.9220812], [77.6461505, 12.9232131]]}, "properties": {"segID": "way377125912/3", "name": "Outer Ring Road", "ward": "HSR Layout", "roadClass": "trunk", "lengthM": 222.8, "darkness": {"alpha": 11.748, "beta": 3.252, "mean": 0.2168, "var": 0.01061}, "exposure": {"activity": 0.4101, "structural": 0.7771, "blended": 0.6854}, "confidence": 0.9729, "repairPriority": 0.14457, "routePenalty": 411.5, "reportValue": 0.00727, "evidence": {"osmLampsWorking": 10, "osmLampsBroken": 3, "osmLampsUntagged": 0, "nightBusTrips": 136.4, "wardComplaints2025": 252, "reports": 0}}}, {"type": "Feature", "geometry": {"type": "LineString", "coordinates": [[77.6461505, 12.9232131], [77.6463877, 12.9234243], [77.6466603, 12.9236461], [77.6473064, 12.9240365]]}, "properties": {"segID": "way377125912/4", "name": "Outer Ring Road", "ward": "HSR Layout", "roadClass": "trunk", "lengthM": 155.7, "darkness": {"alpha": 11.748, "beta": 3.252, "mean": 0.2168, "var": 0.01061}, "exposure": {"activity": 0.4334, "structural": 0.7589, "blended": 0.6775}, "confidence": 0.9729, "repairPriority": 0.1429, "routePenalty": 288.4, "reportValue": 0.00719, "evidence": {"osmLampsWorking": 10, "osmLampsBroken": 3, "osmLampsUntagged": 0, "nightBusTrips": 124.4, "wardComplaints2025": 252, "reports": 0}}}, {"type": "Feature", "geometry": {"type": "LineString", "coordinates": [[77.6473064, 12.9240365], [77.6473465, 12.9240607], [77.6474166, 12.9240899], [77.6475553, 12.9241578]]}, "properties": {"segID": "way377125912/5", "name": "Outer Ring Road", "ward": "HSR Layout", "roadClass": "trunk", "lengthM": 30.2, "darkness": {"alpha": 3.748, "beta": 2.252, "mean": 0.3753, "var": 0.03349}, "exposure": {"activity": 0.5193, "structural": 0.815, "blended": 0.7411}, "confidence": 0.8835, "repairPriority": 0.24573, "routePenalty": 67.5, "reportValue": 0.02482, "evidence": {"osmLampsWorking": 2, "osmLampsBroken": 2, "osmLampsUntagged": 0, "nightBusTrips": 133.9, "wardComplaints2025": 252, "reports": 0}}}, {"type": "Feature", "geometry": {"type": "LineString", "coordinates": [[77.6355548, 12.9163178], [77.6365988, 12.9162034], [77.6371129, 12.9161384]]}, "properties": {"segID": "way377129592/0", "name": "Outer Ring Road", "ward": "Jakkasandra", "roadClass": "trunk", "lengthM": 170.0, "darkness": {"alpha": 16.748, "beta": 5.252, "mean": 0.2387, "var": 0.0079}, "exposure": {"activity": 0.7842, "structural": 0.7252, "blended": 0.7399}, "confidence": 0.9888, "repairPriority": 0.17464, "routePenalty": 310.4, "reportValue": 0.00585, "evidence": {"osmLampsWorking": 15, "osmLampsBroken": 5, "osmLampsUntagged": 0, "nightBusTrips": 168.5, "wardComplaints2025": 62, "reports": 0}}}, {"type": "Feature", "geometry": {"type": "LineString", "coordinates": [[77.6239622, 12.9147233], [77.6236515, 12.9152415], [77.6231905, 12.9160684]]}, "properties": {"segID": "way377132617/0", "name": "Srinagar - Kanyakumari Highway", "ward": "Bommanahalli", "roadClass": "trunk", "lengthM": 171.4, "darkness": {"alpha": 1.748, "beta": 0.252, "mean": 0.126, "var": 0.03671}, "exposure": {"activity": 0.0886, "structural": 0.5, "blended": 0.3971}, "confidence": 0.4966, "repairPriority": 0.02485, "routePenalty": 383.3, "reportValue": 0.01458, "evidence": {"osmLampsWorking": 0, "osmLampsBroken": 0, "osmLampsUntagged": 0, "nightBusTrips": 270.0, "wardComplaints2025": 254, "reports": 0}}}, {"type": "Feature", "geometry": {"type": "LineString", "coordinates": [[77.6231905, 12.9160684], [77.6230541, 12.9163304], [77.6230294, 12.9163778], [77.6229543, 12.9165505]]}, "properties": {"segID": "way377132617/1", "name": "Srinagar - Kanyakumari Highway", "ward": "Bommanahalli", "roadClass": "trunk", "lengthM": 59.4, "darkness": {"alpha": 1.748, "beta": 0.252, "mean": 0.126, "var": 0.03671}, "exposure": {"activity": 0.1462, "structural": 0.5138, "blended": 0.4219}, "confidence": 0.4966, "repairPriority": 0.0264, "routePenalty": 130.2, "reportValue": 0.01549, "evidence": {"osmLampsWorking": 0, "osmLampsBroken": 0, "osmLampsUntagged": 0, "nightBusTrips": 311.4, "wardComplaints2025": 254, "reports": 0}}}, {"type": "Feature", "geometry": {"type": "LineString", "coordinates": [[77.6475553, 12.9241578], [77.6477617, 12.9242507], [77.6478808, 12.9242911], [77.6481059, 12.9243535], [77.6484131, 12.9244093]]}, "properties": {"segID": "way379308034/0", "name": "Outer Ring Road", "ward": "HSR Layout", "roadClass": "trunk", "lengthM": 97.5, "darkness": {"alpha": 4.748, "beta": 12.252, "mean": 0.7207, "var": 0.01118}, "exposure": {"activity": 0.5529, "structural": 0.837, "blended": 0.766}, "confidence": 0.9699, "repairPriority": 0.53544, "routePenalty": 249.8, "reportValue": 0.00856, "evidence": {"osmLampsWorking": 3, "osmLampsBroken": 12, "osmLampsUntagged": 0, "nightBusTrips": 142.6, "wardComplaints2025": 252, "reports": 0}}}, {"type": "Feature", "geometry": {"type": "LineString", "coordinates": [[77.6541061, 12.923864], [77.6543918, 12.9237946]]}, "properties": {"segID": "way380705540/0", "name": "Outer Ring Road", "ward": "Agaram", "roadClass": "trunk", "lengthM": 31.9, "darkness": {"alpha": 3.762, "beta": 2.238, "mean": 0.3729, "var": 0.03341}, "exposure": {"activity": 0.4024, "structural": 0.7596, "blended": 0.6703}, "confidence": 0.8856, "repairPriority": 0.22136, "routePenalty": 72.5, "reportValue": 0.02239, "evidence": {"osmLampsWorking": 3, "osmLampsBroken": 1, "osmLampsUntagged": 0, "nightBusTrips": 99.5, "wardComplaints2025": 71, "reports": 0}}}, {"type": "Feature", "geometry": {"type": "LineString", "coordinates": [[77.6530883, 12.924073], [77.6541061, 12.923864]]}, "properties": {"segID": "way380706142/0", "name": "Outer Ring Road", "ward": "Agaram", "roadClass": "trunk", "lengthM": 112.7, "darkness": {"alpha": 3.762, "beta": 5.238, "mean": 0.582, "var": 0.02433}, "exposure": {"activity": 0.4033, "structural": 0.7586, "blended": 0.6697}, "confidence": 0.9123, "repairPriority": 0.35558, "routePenalty": 283.4, "reportValue": 0.01629, "evidence": {"osmLampsWorking": 3, "osmLampsBroken": 4, "osmLampsUntagged": 0, "nightBusTrips": 96.2, "wardComplaints2025": 71, "reports": 0}}}, {"type": "Feature", "geometry": {"type": "LineString", "coordinates": [[77.6323695, 12.9165808], [77.6332137, 12.916497], [77.6342411, 12.9163977]]}, "properties": {"segID": "way380707230/0", "name": "Outer Ring Road", "ward": "Jakkasandra", "roadClass": "trunk", "lengthM": 203.9, "darkness": {"alpha": 8.748, "beta": 7.252, "mean": 0.4532, "var": 0.01458}, "exposure": {"activity": 0.7928, "structural": 0.6584, "blended": 0.692}, "confidence": 0.9506, "repairPriority": 0.29812, "routePenalty": 454.6, "reportValue": 0.01009, "evidence": {"osmLampsWorking": 7, "osmLampsBroken": 7, "osmLampsUntagged": 0, "nightBusTrips": 187.9, "wardComplaints2025": 62, "reports": 0}}}, {"type": "Feature", "geometry": {"type": "LineString", "coordinates": [[77.6342411, 12.9163977], [77.6347469, 12.9163586], [77.6349283, 12.9163445], [77.6350673, 12.9163386], [77.6355548, 12.9163178]]}, "properties": {"segID": "way380707230/1", "name": "Outer Ring Road", "ward": "Jakkasandra", "roadClass": "trunk", "lengthM": 142.7, "darkness": {"alpha": 8.748, "beta": 7.252, "mean": 0.4532, "var": 0.01458}, "exposure": {"activity": 0.7885, "structural": 0.7299, "blended": 0.7446}, "confidence": 0.9506, "repairPriority": 0.32078, "routePenalty": 313.8, "reportValue": 0.01086, "evidence": {"osmLampsWorking": 7, "osmLampsBroken": 7, "osmLampsUntagged": 0, "nightBusTrips": 205.1, "wardComplaints2025": 62, "reports": 0}}}, {"type": "Feature", "geometry": {"type": "LineString", "coordinates": [[77.6636681, 12.9209154], [77.6629848, 12.921113]]}, "properties": {"segID": "way380929041/0", "name": "Outer Ring Road", "ward": "HSR Layout", "roadClass": "trunk", "lengthM": 77.2, "darkness": {"alpha": 1.748, "beta": 0.252, "mean": 0.126, "var": 0.03671}, "exposure": {"activity": 0.3826, "structural": 0.4673, "blended": 0.4462}, "confidence": 0.4966, "repairPriority": 0.02792, "routePenalty": 166.3, "reportValue": 0.01638, "evidence": {"osmLampsWorking": 0, "osmLampsBroken": 0, "osmLampsUntagged": 0, "nightBusTrips": 222.1, "wardComplaints2025": 252, "reports": 0}}}, {"type": "Feature", "geometry": {"type": "LineString", "coordinates": [[77.6665944, 12.9212222], [77.665695, 12.9208011], [77.6654636, 12.9207104], [77.6652808, 12.9206571]]}, "properties": {"segID": "way380929042/0", "name": "Outer Ring Road", "ward": "Bellanduru", "roadClass": "trunk", "lengthM": 155.8, "darkness": {"alpha": 2.46, "beta": 3.54, "mean": 0.59, "var": 0.03456}, "exposure": {"activity": 0.6887, "structural": 0.4907, "blended": 0.5402}, "confidence": 0.8805, "repairPriority": 0.28063, "routePenalty": 423.1, "reportValue": 0.01867, "evidence": {"osmLampsWorking": 1, "osmLampsBroken": 3, "osmLampsUntagged": 0, "nightBusTrips": 251.4, "wardComplaints2025": 250, "reports": 0}}}, {"type": "Feature", "geometry": {"type": "LineString", "coordinates": [[77.6652808, 12.9206571], [77.6651394, 12.9206429], [77.6649773, 12.9206326], [77.6647695, 12.9206449], [77.6645539, 12.9206777], [77.6636681, 12.9209154]]}, "properties": {"segID": "way380929042/1", "name": "Outer Ring Road", "ward": "HSR Layout", "roadClass": "trunk", "lengthM": 178.8, "darkness": {"alpha": 1.748, "beta": 0.252, "mean": 0.126, "var": 0.03671}, "exposure": {"activity": 0.6432, "structural": 0.4711, "blended": 0.5141}, "confidence": 0.4966, "repairPriority": 0.03217, "routePenalty": 369.2, "reportValue": 0.01887, "evidence": {"osmLampsWorking": 0, "osmLampsBroken": 0, "osmLampsUntagged": 0, "nightBusTrips": 225.4, "wardComplaints2025": 252, "reports": 0}}}, {"type": "Feature", "geometry": {"type": "LineString", "coordinates": [[77.6743673, 12.9247796], [77.6741772, 12.9247011], [77.6740256, 12.924633], [77.673894, 12.9245828], [77.6737739, 12.924529], [77.6735108, 12.9244158], [77.6727392, 12.924084]]}, "properties": {"segID": "way380929047/0", "name": "Outer Ring Road", "ward": "Bellanduru", "roadClass": "trunk", "lengthM": 192.7, "darkness": {"alpha": 1.46, "beta": 0.54, "mean": 0.2699, "var": 0.06568}, "exposure": {"activity": 0.055, "structural": 0.4935, "blended": 0.3839}, "confidence": 0.0628, "repairPriority": 0.00651, "routePenalty": 522.2, "reportValue": 0.02521, "evidence": {"osmLampsWorking": 0, "osmLampsBroken": 0, "osmLampsUntagged": 0, "nightBusTrips": 257.6, "wardComplaints2025": 250, "reports": 0}}}, {"type": "Feature", "geometry": {"type": "LineString", "coordinates": [[77.6727392, 12.924084], [77.6726685, 12.9240522], [77.6717518, 12.9236517], [77.6704761, 12.9230635]]}, "properties": {"segID": "way380929047/1", "name": "Outer Ring Road", "ward": "Bellanduru", "roadClass": "trunk", "lengthM": 270.3, "darkness": {"alpha": 1.46, "beta": 0.54, "mean": 0.2699, "var": 0.06568}, "exposure": {"activity": 0.1892, "structural": 0.5048, "blended": 0.4259}, "confidence": 0.0628, "repairPriority": 0.00722, "routePenalty": 711.7, "reportValue": 0.02797, "evidence": {"osmLampsWorking": 0, "osmLampsBroken": 0, "osmLampsUntagged": 0, "nightBusTrips": 281.6, "wardComplaints2025": 250, "reports": 0}}}, {"type": "Feature", "geometry": {"type": "LineString", "coordinates": [[77.6704761, 12.9230635], [77.6698691, 12.9227855], [77.6686777, 12.9222205]]}, "properties": {"segID": "way380929047/2", "name": "Outer Ring Road", "ward": "Bellanduru", "roadClass": "trunk", "lengthM": 216.3, "darkness": {"alpha": 5.46, "beta": 5.54, "mean": 0.5036, "var": 0.02083}, "exposure": {"activity": 0.509, "structural": 0.5148, "blended": 0.5133}, "confidence": 0.9278, "repairPriority": 0.23983, "routePenalty": 541.9, "reportValue": 0.01069, "evidence": {"osmLampsWorking": 4, "osmLampsBroken": 5, "osmLampsUntagged": 0, "nightBusTrips": 313.9, "wardComplaints2025": 250, "reports": 0}}}, {"type": "Feature", "geometry": {"type": "LineString", "coordinates": [[77.6686777, 12.9222205], [77.6680325, 12.9219032]]}, "properties": {"segID": "way380929047/3", "name": "Outer Ring Road", "ward": "Bellanduru", "roadClass": "trunk", "lengthM": 78.3, "darkness": {"alpha": 6.26, "beta": 3.54, "mean": 0.3612, "var": 0.02136}, "exposure": {"activity": 0.5417, "structural": 0.5131, "blended": 0.5202}, "confidence": 0.9261, "repairPriority": 0.17401, "routePenalty": 179.2, "reportValue": 0.01111, "evidence": {"osmLampsWorking": 4, "osmLampsBroken": 3, "osmLampsUntagged": 2, "nightBusTrips": 308.9, "wardComplaints2025": 250, "reports": 0}}}, {"type": "Feature", "geometry": {"type": "LineString", "coordinates": [[77.6678812, 12.9218265], [77.6665944, 12.9212222]]}, "properties": {"segID": "way380929050/0", "name": "Outer Ring Road", "ward": "Bellanduru", "roadClass": "trunk", "lengthM": 154.8, "darkness": {"alpha": 5.26, "beta": 1.54, "mean": 0.2264, "var": 0.02246}, "exposure": {"activity": 0.6483, "structural": 0.5058, "blended": 0.5415}, "confidence": 0.9192, "repairPriority": 0.11269, "routePenalty": 320.8, "reportValue": 0.01216, "evidence": {"osmLampsWorking": 3, "osmLampsBroken": 1, "osmLampsUntagged": 2, "nightBusTrips": 283.1, "wardComplaints2025": 250, "reports": 0}}}, {"type": "Feature", "geometry": {"type": "LineString", "coordinates": [[77.6530518, 12.9239028], [77.6519362, 12.9241272], [77.650785, 12.9243372]]}, "properties": {"segID": "way380980307/0", "name": "Outer Ring Road", "ward": "Agaram", "roadClass": "trunk", "lengthM": 250.4, "darkness": {"alpha": 6.162, "beta": 6.238, "mean": 0.503, "var": 0.01866}, "exposure": {"activity": 0.5477, "structural": 0.404, "blended": 0.44}, "confidence": 0.9381, "repairPriority": 0.20762, "routePenalty": 647.0, "reportValue": 0.00821, "evidence": {"osmLampsWorking": 5, "osmLampsBroken": 5, "osmLampsUntagged": 1, "nightBusTrips": 154.2, "wardComplaints2025": 71, "reports": 0}}}, {"type": "Feature", "geometry": {"type": "LineString", "coordinates": [[77.650785, 12.9243372], [77.6505067, 12.9243654], [77.6501883, 12.9243697], [77.6498746, 12.924356], [77.6487252, 12.9242786]]}, "properties": {"segID": "way380980307/1", "name": "Outer Ring Road", "ward": "HSR Layout", "roadClass": "trunk", "lengthM": 223.7, "darkness": {"alpha": 11.748, "beta": 5.252, "mean": 0.3089, "var": 0.01186}, "exposure": {"activity": 0.6139, "structural": 0.4577, "blended": 0.4968}, "confidence": 0.9652, "repairPriority": 0.14812, "routePenalty": 483.4, "reportValue": 0.00589, "evidence": {"osmLampsWorking": 10, "osmLampsBroken": 5, "osmLampsUntagged": 0, "nightBusTrips": 213.7, "wardComplaints2025": 252, "reports": 0}}}, {"type": "Feature", "geometry": {"type": "LineString", "coordinates": [[77.6487252, 12.9242786], [77.6484417, 12.9242385]]}, "properties": {"segID": "way380980307/2", "name": "Outer Ring Road", "ward": "HSR Layout", "roadClass": "trunk", "lengthM": 31.0, "darkness": {"alpha": 5.748, "beta": 3.252, "mean": 0.3613, "var": 0.02308}, "exposure": {"activity": 0.6148, "structural": 0.4078, "blended": 0.4596}, "confidence": 0.9166, "repairPriority": 0.1522, "routePenalty": 73.7, "reportValue": 0.01061, "evidence": {"osmLampsWorking": 4, "osmLampsBroken": 3, "osmLampsUntagged": 0, "nightBusTrips": 157.0, "wardComplaints2025": 252, "reports": 0}}}, {"type": "Feature", "geometry": {"type": "LineString", "coordinates": [[77.6322917, 12.9164911], [77.6317612, 12.9165405], [77.6309395, 12.9166138], [77.6299413, 12.9166561]]}, "properties": {"segID": "way380980308/0", "name": "Outer Ring Road", "ward": "HSR Layout", "roadClass": "trunk", "lengthM": 255.5, "darkness": {"alpha": 10.748, "beta": 8.252, "mean": 0.4343, "var": 0.01228}, "exposure": {"activity": 0.8014, "structural": 0.4721, "blended": 0.5544}, "confidence": 0.9622, "repairPriority": 0.23167, "routePenalty": 585.1, "reportValue": 0.00681, "evidence": {"osmLampsWorking": 9, "osmLampsBroken": 8, "osmLampsUntagged": 0, "nightBusTrips": 226.0, "wardComplaints2025": 252, "reports": 0}}}, {"type": "Feature", "geometry": {"type": "LineString", "coordinates": [[77.6299413, 12.9166561], [77.6293197, 12.9166887], [77.6292164, 12.9166941], [77.6287887, 12.9167297], [77.6285856, 12.9167498], [77.6283794, 12.9168049]]}, "properties": {"segID": "way380980308/1", "name": "Outer Ring Road", "ward": "HSR Layout", "roadClass": "trunk", "lengthM": 170.5, "darkness": {"alpha": 7.748, "beta": 12.252, "mean": 0.6126, "var": 0.0113}, "exposure": {"activity": 0.5933, "structural": 0.5055, "blended": 0.5275}, "confidence": 0.969, "repairPriority": 0.31313, "routePenalty": 439.4, "reportValue": 0.00596, "evidence": {"osmLampsWorking": 6, "osmLampsBroken": 12, "osmLampsUntagged": 0, "nightBusTrips": 282.1, "wardComplaints2025": 252, "reports": 0}}}, {"type": "Feature", "geometry": {"type": "LineString", "coordinates": [[77.6283794, 12.9168049], [77.6259953, 12.9175253]]}, "properties": {"segID": "way380980308/2", "name": "Outer Ring Road", "ward": "HSR Layout", "roadClass": "trunk", "lengthM": 270.5, "darkness": {"alpha": 4.748, "beta": 4.252, "mean": 0.4724, "var": 0.02492}, "exposure": {"activity": 0.19, "structural": 0.4942, "blended": 0.4181}, "confidence": 0.9101, "repairPriority": 0.17975, "routePenalty": 709.7, "reportValue": 0.01042, "evidence": {"osmLampsWorking": 3, "osmLampsBroken": 4, "osmLampsUntagged": 0, "nightBusTrips": 258.2, "wardComplaints2025": 252, "reports": 0}}}, {"type": "Feature", "geometry": {"type": "LineString", "coordinates": [[77.6259953, 12.9175253], [77.625756, 12.9175781], [77.625555, 12.9176102], [77.6253351, 12.9176182], [77.6251311, 12.9176224], [77.6249271, 12.9176164], [77.6247091, 12.9176109], [77.6244453, 12.9175581]]}, "properties": {"segID": "way380980308/3", "name": "Outer Ring Road", "ward": "HSR Layout", "roadClass": "trunk", "lengthM": 169.6, "darkness": {"alpha": 7.748, "beta": 13.252, "mean": 0.631, "var": 0.01058}, "exposure": {"activity": 0.2923, "structural": 0.5045, "blended": 0.4514}, "confidence": 0.9742, "repairPriority": 0.27748, "routePenalty": 456.9, "reportValue": 0.00478, "evidence": {"osmLampsWorking": 6, "osmLampsBroken": 13, "osmLampsUntagged": 0, "nightBusTrips": 281.5, "wardComplaints2025": 252, "reports": 0}}}, {"type": "Feature", "geometry": {"type": "LineString", "coordinates": [[77.6244453, 12.9175581], [77.6244169, 12.9175524], [77.6242664, 12.9175302], [77.6238988, 12.9174761], [77.6238004, 12.9174551], [77.6235614, 12.9174042], [77.6233051, 12.9173496]]}, "properties": {"segID": "way380980308/4", "name": "Outer Ring Road", "ward": "HSR Layout", "roadClass": "trunk", "lengthM": 125.8, "darkness": {"alpha": 5.748, "beta": 9.252, "mean": 0.6168, "var": 0.01477}, "exposure": {"activity": 0.4875, "structural": 0.5179, "blended": 0.5103}, "confidence": 0.948, "repairPriority": 0.29839, "routePenalty": 330.9, "reportValue": 0.00754, "evidence": {"osmLampsWorking": 4, "osmLampsBroken": 9, "osmLampsUntagged": 0, "nightBusTrips": 331.9, "wardComplaints2025": 252, "reports": 0}}}, {"type": "Feature", "geometry": {"type": "LineString", "coordinates": [[77.6371053, 12.9159544], [77.6355416, 12.9161318]]}, "properties": {"segID": "way380980309/0", "name": "Outer Ring Road", "ward": "HSR Layout", "roadClass": "trunk", "lengthM": 170.6, "darkness": {"alpha": 9.748, "beta": 4.252, "mean": 0.3037, "var": 0.0141}, "exposure": {"activity": 0.8126, "structural": 0.4477, "blended": 0.5389}, "confidence": 0.9536, "repairPriority": 0.15607, "routePenalty": 362.4, "reportValue": 0.0076, "evidence": {"osmLampsWorking": 8, "osmLampsBroken": 4, "osmLampsUntagged": 0, "nightBusTrips": 203.6, "wardComplaints2025": 252, "reports": 0}}}, {"type": "Feature", "geometry": {"type": "LineString", "coordinates": [[77.6475028, 12.9239539], [77.6474406, 12.9239272], [77.6472923, 12.9238729], [77.6470719, 12.9237689]]}, "properties": {"segID": "way380980310/0", "name": "Outer Ring Road", "ward": "HSR Layout", "roadClass": "trunk", "lengthM": 51.1, "darkness": {"alpha": 7.748, "beta": 0.252, "mean": 0.0315, "var": 0.00339}, "exposure": {"activity": 0.5469, "structural": 0.3817, "blended": 0.423}, "confidence": 0.9983, "repairPriority": 0.0133, "routePenalty": 91.1, "reportValue": 0.00143, "evidence": {"osmLampsWorking": 6, "osmLampsBroken": 0, "osmLampsUntagged": 0, "nightBusTrips": 132.6, "wardComplaints2025": 252, "reports": 0}}}, {"type": "Feature", "geometry": {"type": "LineString", "coordinates": [[77.6484417, 12.9242385], [77.648086, 12.9241695], [77.6478897, 12.9240974], [77.6475028, 12.9239539]]}, "properties": {"segID": "way380980311/0", "name": "Outer Ring Road", "ward": "HSR Layout", "roadClass": "trunk", "lengthM": 106.9, "darkness": {"alpha": 3.748, "beta": 6.252, "mean": 0.6252, "var": 0.0213}, "exposure": {"activity": 0.6002, "structural": 0.3951, "blended": 0.4464}, "confidence": 0.9269, "repairPriority": 0.25869, "routePenalty": 297.0, "reportValue": 0.00951, "evidence": {"osmLampsWorking": 2, "osmLampsBroken": 6, "osmLampsUntagged": 0, "nightBusTrips": 143.6, "wardComplaints2025": 252, "reports": 0}}}, {"type": "Feature", "geometry": {"type": "LineString", "coordinates": [[77.6393192, 12.9161435], [77.638971, 12.9160148], [77.638796, 12.9159599], [77.638618, 12.9159135], [77.6383242, 12.9158631], [77.6380211, 12.9158531], [77.6378374, 12.9158585]]}, "properties": {"segID": "way380980312/0", "name": "Outer Ring Road", "ward": "HSR Layout", "roadClass": "trunk", "lengthM": 165.4, "darkness": {"alpha": 13.748, "beta": 17.252, "mean": 0.5565, "var": 0.00771}, "exposure": {"activity": 0.4041, "structural": 0.3672, "blended": 0.3765}, "confidence": 0.9905, "repairPriority": 0.20753, "routePenalty": 445.1, "reportValue": 0.0029, "evidence": {"osmLampsWorking": 12, "osmLampsBroken": 17, "osmLampsUntagged": 0, "nightBusTrips": 126.3, "wardComplaints2025": 252, "reports": 0}}}, {"type": "Feature", "geometry": {"type": "LineString", "coordinates": [[77.6378374, 12.9158585], [77.6376604, 12.915876], [77.6371053, 12.9159544]]}, "properties": {"segID": "way380980312/1", "name": "Outer Ring Road", "ward": "HSR Layout", "roadClass": "trunk", "lengthM": 80.1, "darkness": {"alpha": 10.748, "beta": 7.252, "mean": 0.4029, "var": 0.01266}, "exposure": {"activity": 0.6285, "structural": 0.3834, "blended": 0.4447}, "confidence": 0.9604, "repairPriority": 0.17207, "routePenalty": 190.5, "reportValue": 0.00563, "evidence": {"osmLampsWorking": 9, "osmLampsBroken": 7, "osmLampsUntagged": 0, "nightBusTrips": 134.1, "wardComplaints2025": 252, "reports": 0}}}, {"type": "Feature", "geometry": {"type": "LineString", "coordinates": [[77.6405404, 12.9168706], [77.6402516, 12.916636], [77.6400454, 12.9164892], [77.6397255, 12.9163044], [77.639522, 12.9162211], [77.6393192, 12.9161435]]}, "properties": {"segID": "way380980313/0", "name": "Outer Ring Road", "ward": "HSR Layout", "roadClass": "trunk", "lengthM": 156.3, "darkness": {"alpha": 12.748, "beta": 15.252, "mean": 0.5447, "var": 0.00855}, "exposure": {"activity": 0.2021, "structural": 0.3628, "blended": 0.3226}, "confidence": 0.9854, "repairPriority": 0.17315, "routePenalty": 439.6, "reportValue": 0.00276, "evidence": {"osmLampsWorking": 11, "osmLampsBroken": 15, "osmLampsUntagged": 0, "nightBusTrips": 123.8, "wardComplaints2025": 252, "reports": 0}}}, {"type": "Feature", "geometry": {"type": "LineString", "coordinates": [[77.6308242, 12.9385597], [77.6307889, 12.9390131]]}, "properties": {"segID": "way383749252/0", "name": "3rd Cross Road", "ward": "Ejipura", "roadClass": "residential", "lengthM": 50.6, "darkness": {"alpha": 1.748, "beta": 0.252, "mean": 0.126, "var": 0.03671}, "exposure": {"activity": 0.4497, "structural": 0.5737, "blended": 0.5427}, "confidence": 0.4966, "repairPriority": 0.03396, "routePenalty": 102.9, "reportValue": 0.01992, "evidence": {"osmLampsWorking": 0, "osmLampsBroken": 0, "osmLampsUntagged": 0, "nightBusTrips": 44.0, "wardComplaints2025": 78, "reports": 0}}}, {"type": "Feature", "geometry": {"type": "LineString", "coordinates": [[77.6311049, 12.9385683], [77.6310859, 12.9391186], [77.6310644, 12.9397443], [77.6310728, 12.9402009]]}, "properties": {"segID": "way383749253/0", "name": "2nd Cross Road", "ward": "Ejipura", "roadClass": "residential", "lengthM": 181.6, "darkness": {"alpha": 1.748, "beta": 0.252, "mean": 0.126, "var": 0.03671}, "exposure": {"activity": 0.2674, "structural": 0.3577, "blended": 0.3351}, "confidence": 0.4966, "repairPriority": 0.02097, "routePenalty": 431.3, "reportValue": 0.0123, "evidence": {"osmLampsWorking": 0, "osmLampsBroken": 0, "osmLampsUntagged": 0, "nightBusTrips": 39.8, "wardComplaints2025": 78, "reports": 0}}}, {"type": "Feature", "geometry": {"type": "LineString", "coordinates": [[77.6306221, 12.9391013], [77.630638, 12.9394119], [77.6306492, 12.9396859], [77.6306872, 12.939779], [77.6306786, 12.9400944], [77.6306769, 12.9401722], [77.6306735, 12.9403135], [77.630633, 12.9408034]]}, "properties": {"segID": "way383749257/0", "name": "3rd Cross Road", "ward": "Ejipura", "roadClass": "residential", "lengthM": 190.3, "darkness": {"alpha": 1.748, "beta": 0.252, "mean": 0.126, "var": 0.03671}, "exposure": {"activity": 0.2898, "structural": 0.3952, "blended": 0.3688}, "confidence": 0.4966, "repairPriority": 0.02308, "routePenalty": 436.5, "reportValue": 0.01354, "evidence": {"osmLampsWorking": 0, "osmLampsBroken": 0, "osmLampsUntagged": 0, "nightBusTrips": 39.4, "wardComplaints2025": 78, "reports": 0}}}, {"type": "Feature", "geometry": {"type": "LineString", "coordinates": [[77.6306964, 12.9359701], [77.6310084, 12.9365006], [77.6311403, 12.9366954], [77.6312149, 12.936843], [77.6313329, 12.9370208]]}, "properties": {"segID": "way383749270/0", "name": "2nd Main Road", "ward": "Ejipura", "roadClass": "residential", "lengthM": 135.8, "darkness": {"alpha": 1.748, "beta": 0.252, "mean": 0.126, "var": 0.03671}, "exposure": {"activity": 0.7034, "structural": 0.1743, "blended": 0.3066}, "confidence": 0.4966, "repairPriority": 0.01918, "routePenalty": 333.8, "reportValue": 0.01126, "evidence": {"osmLampsWorking": 0, "osmLampsBroken": 0, "osmLampsUntagged": 0, "nightBusTrips": 45.3, "wardComplaints2025": 78, "reports": 0}}}, {"type": "Feature", "geometry": {"type": "LineString", "coordinates": [[77.6362726, 12.9310431], [77.636498, 12.9316604], [77.6368066, 12.9315457]]}, "properties": {"segID": "way383749272/0", "name": "6th Cross Road", "ward": "Agaram", "roadClass": "residential", "lengthM": 108.7, "darkness": {"alpha": 0.356, "beta": 1.644, "mean": 0.8221, "var": 0.04874}, "exposure": {"activity": 0.1445, "structural": 0.1437, "blended": 0.1439}, "confidence": 0.0924, "repairPriority": 0.01093, "routePenalty": 510.2, "reportValue": 0.00701, "evidence": {"osmLampsWorking": 0, "osmLampsBroken": 0, "osmLampsUntagged": 0, "nightBusTrips": 26.0, "wardComplaints2025": 71, "reports": 0}}}, {"type": "Feature", "geometry": {"type": "LineString", "coordinates": [[77.6364724, 12.9339455], [77.6359634, 12.9331941], [77.6356922, 12.9327448]]}, "properties": {"segID": "way400701854/0", "name": "Temple Trees Rd, Cauvery Colony", "ward": "Agaram", "roadClass": "residential", "lengthM": 158.1, "darkness": {"alpha": 0.356, "beta": 1.644, "mean": 0.8221, "var": 0.04874}, "exposure": {"activity": 0.1195, "structural": 0.1282, "blended": 0.126}, "confidence": 0.0924, "repairPriority": 0.00957, "routePenalty": 788.2, "reportValue": 0.00614, "evidence": {"osmLampsWorking": 0, "osmLampsBroken": 0, "osmLampsUntagged": 0, "nightBusTrips": 10.2, "wardComplaints2025": 71, "reports": 0}}}, {"type": "Feature", "geometry": {"type": "LineString", "coordinates": [[77.6356922, 12.9327448], [77.6354201, 12.9322969], [77.6350793, 12.9316696]]}, "properties": {"segID": "way400701854/1", "name": "Temple Trees Rd, Cauvery Colony", "ward": "Agaram", "roadClass": "residential", "lengthM": 136.8, "darkness": {"alpha": 0.356, "beta": 1.644, "mean": 0.8221, "var": 0.04874}, "exposure": {"activity": 0.258, "structural": 0.1399, "blended": 0.1694}, "confidence": 0.0924, "repairPriority": 0.01287, "routePenalty": 599.7, "reportValue": 0.00826, "evidence": {"osmLampsWorking": 0, "osmLampsBroken": 0, "osmLampsUntagged": 0, "nightBusTrips": 23.5, "wardComplaints2025": 71, "reports": 0}}}, {"type": "Feature", "geometry": {"type": "LineString", "coordinates": [[77.6381802, 12.9300685], [77.6381962, 12.9300635], [77.638469, 12.9300486], [77.6385985, 12.9300223], [77.6388736, 12.9298754], [77.6393815, 12.929595], [77.6400556, 12.9292256]]}, "properties": {"segID": "way400701855/0", "name": "13th Cross Road", "ward": "Koramangala", "roadClass": "residential", "lengthM": 226.8, "darkness": {"alpha": 1.748, "beta": 0.252, "mean": 0.126, "var": 0.03671}, "exposure": {"activity": 0.325, "structural": 0.1365, "blended": 0.1836}, "confidence": 0.4966, "repairPriority": 0.01149, "routePenalty": 704.9, "reportValue": 0.00674, "evidence": {"osmLampsWorking": 0, "osmLampsBroken": 0, "osmLampsUntagged": 0, "nightBusTrips": 20.8, "wardComplaints2025": 136, "reports": 0}}}, {"type": "Feature", "geometry": {"type": "LineString", "coordinates": [[77.6400556, 12.9292256], [77.6406477, 12.9289127], [77.6406692, 12.9289002], [77.640686, 12.9288872], [77.640698, 12.928861], [77.6406994, 12.9288414], [77.6401416, 12.9279201]]}, "properties": {"segID": "way400701855/1", "name": "13th Cross Road", "ward": "Koramangala", "roadClass": "residential", "lengthM": 202.4, "darkness": {"alpha": 1.748, "beta": 0.252, "mean": 0.126, "var": 0.03671}, "exposure": {"activity": 0.1505, "structural": 0.1327, "blended": 0.1371}, "confidence": 0.4966, "repairPriority": 0.00858, "routePenalty": 739.8, "reportValue": 0.00503, "evidence": {"osmLampsWorking": 0, "osmLampsBroken": 0, "osmLampsUntagged": 0, "nightBusTrips": 18.1, "wardComplaints2025": 136, "reports": 0}}}, {"type": "Feature", "geometry": {"type": "LineString", "coordinates": [[77.6401416, 12.9279201], [77.6399329, 12.9275755], [77.6398663, 12.9274783]]}, "properties": {"segID": "way400701855/2", "name": "13th Cross Road", "ward": "Koramangala", "roadClass": "residential", "lengthM": 57.5, "darkness": {"alpha": 1.748, "beta": 0.252, "mean": 0.126, "var": 0.03671}, "exposure": {"activity": 0.2072, "structural": 0.144, "blended": 0.1598}, "confidence": 0.4966, "repairPriority": 0.01, "routePenalty": 192.5, "reportValue": 0.00587, "evidence": {"osmLampsWorking": 0, "osmLampsBroken": 0, "osmLampsUntagged": 0, "nightBusTrips": 26.8, "wardComplaints2025": 136, "reports": 0}}}, {"type": "Feature", "geometry": {"type": "LineString", "coordinates": [[77.6339579, 12.9315908], [77.6339898, 12.931653], [77.6342234, 12.9321084]]}, "properties": {"segID": "way400701862/0", "name": "1st Main Road", "ward": "Agaram", "roadClass": "residential", "lengthM": 64.3, "darkness": {"alpha": 0.356, "beta": 1.644, "mean": 0.8221, "var": 0.04874}, "exposure": {"activity": 0.693, "structural": 0.1571, "blended": 0.2911}, "confidence": 0.0924, "repairPriority": 0.02211, "routePenalty": 234.7, "reportValue": 0.01419, "evidence": {"osmLampsWorking": 0, "osmLampsBroken": 0, "osmLampsUntagged": 0, "nightBusTrips": 37.1, "wardComplaints2025": 71, "reports": 0}}}, {"type": "Feature", "geometry": {"type": "LineString", "coordinates": [[77.6339643, 12.9314828], [77.6354421, 12.9307061]]}, "properties": {"segID": "way400701865/0", "name": "1st Main Road", "ward": "Agaram", "roadClass": "residential", "lengthM": 182.0, "darkness": {"alpha": 0.356, "beta": 1.644, "mean": 0.8221, "var": 0.04874}, "exposure": {"activity": 0.3895, "structural": 0.1543, "blended": 0.2131}, "confidence": 0.0924, "repairPriority": 0.01619, "routePenalty": 732.4, "reportValue": 0.01039, "evidence": {"osmLampsWorking": 0, "osmLampsBroken": 0, "osmLampsUntagged": 0, "nightBusTrips": 34.7, "wardComplaints2025": 71, "reports": 0}}}, {"type": "Feature", "geometry": {"type": "LineString", "coordinates": [[77.6354421, 12.9307061], [77.6358731, 12.9303855], [77.6371089, 12.9296915]]}, "properties": {"segID": "way400701865/1", "name": "1st Main Road", "ward": "Agaram", "roadClass": "residential", "lengthM": 213.3, "darkness": {"alpha": 0.356, "beta": 1.644, "mean": 0.8221, "var": 0.04874}, "exposure": {"activity": 0.3422, "structural": 0.1523, "blended": 0.1998}, "confidence": 0.0924, "repairPriority": 0.01518, "routePenalty": 878.2, "reportValue": 0.00974, "evidence": {"osmLampsWorking": 0, "osmLampsBroken": 0, "osmLampsUntagged": 0, "nightBusTrips": 32.3, "wardComplaints2025": 71, "reports": 0}}}, {"type": "Feature", "geometry": {"type": "LineString", "coordinates": [[77.6654136, 12.9270487], [77.6654085, 12.9271478], [77.6653529, 12.9276356], [77.665363, 12.9276605], [77.6653777, 12.9276778], [77.6654394, 12.9277503]]}, "properties": {"segID": "way447660734/0", "name": "Swagger Road", "ward": "HSR Layout", "roadClass": "residential", "lengthM": 81.6, "darkness": {"alpha": 2.548, "beta": 0.252, "mean": 0.09, "var": 0.02155}, "exposure": {"activity": 0.0868, "structural": 0.3071, "blended": 0.252}, "confidence": 0.9226, "repairPriority": 0.02092, "routePenalty": 203.4, "reportValue": 0.00543, "evidence": {"osmLampsWorking": 0, "osmLampsBroken": 0, "osmLampsUntagged": 2, "nightBusTrips": 90.9, "wardComplaints2025": 252, "reports": 0}}}, {"type": "Feature", "geometry": {"type": "LineString", "coordinates": [[77.6663175, 12.9276513], [77.6670996, 12.9275472], [77.6672928, 12.9275239], [77.6675811, 12.9274892], [77.6676227, 12.9275036], [77.6676455, 12.9275337]]}, "properties": {"segID": "way447660735/0", "name": "Swagger Road", "ward": "HSR Layout", "roadClass": "residential", "lengthM": 147.1, "darkness": {"alpha": 1.748, "beta": 0.252, "mean": 0.126, "var": 0.03671}, "exposure": {"activity": 0.5159, "structural": 0.36, "blended": 0.399}, "confidence": 0.4966, "repairPriority": 0.02497, "routePenalty": 328.4, "reportValue": 0.01465, "evidence": {"osmLampsWorking": 0, "osmLampsBroken": 0, "osmLampsUntagged": 0, "nightBusTrips": 122.6, "wardComplaints2025": 252, "reports": 0}}}, {"type": "Feature", "geometry": {"type": "LineString", "coordinates": [[77.6335475, 12.9249906], [77.6334941, 12.9249803], [77.6334866, 12.9249789], [77.6327303, 12.9248416], [77.6322761, 12.9247751], [77.6316508, 12.9246883]]}, "properties": {"segID": "way457214835/0", "name": "Sarjapura Road", "ward": "Koramangala", "roadClass": "tertiary", "lengthM": 208.3, "darkness": {"alpha": 1.748, "beta": 0.252, "mean": 0.126, "var": 0.03671}, "exposure": {"activity": 0.6629, "structural": 0.6549, "blended": 0.6569}, "confidence": 0.4966, "repairPriority": 0.0411, "routePenalty": 403.8, "reportValue": 0.02411, "evidence": {"osmLampsWorking": 0, "osmLampsBroken": 0, "osmLampsUntagged": 0, "nightBusTrips": 89.5, "wardComplaints2025": 136, "reports": 0}}}, {"type": "Feature", "geometry": {"type": "LineString", "coordinates": [[77.6316508, 12.9246883], [77.6316033, 12.9246806], [77.6311951, 12.9246141], [77.6303495, 12.9244687], [77.630099, 12.9244257]]}, "properties": {"segID": "way457214835/1", "name": "Sarjapura Road", "ward": "Koramangala", "roadClass": "tertiary", "lengthM": 170.7, "darkness": {"alpha": 1.748, "beta": 0.252, "mean": 0.126, "var": 0.03671}, "exposure": {"activity": 0.2459, "structural": 0.6593, "blended": 0.556}, "confidence": 0.4966, "repairPriority": 0.03479, "routePenalty": 345.0, "reportValue": 0.02041, "evidence": {"osmLampsWorking": 0, "osmLampsBroken": 0, "osmLampsUntagged": 0, "nightBusTrips": 126.1, "wardComplaints2025": 136, "reports": 0}}}, {"type": "Feature", "geometry": {"type": "LineString", "coordinates": [[77.630099, 12.9244257], [77.6299427, 12.9243988], [77.6298229, 12.9243803], [77.62976, 12.9243688], [77.6297364, 12.9243644], [77.629648, 12.9243482], [77.6290633, 12.9242986], [77.6289453, 12.9243221], [77.6283639, 12.9245863]]}, "properties": {"segID": "way457214835/2", "name": "Sarjapura Road", "ward": "Koramangala", "roadClass": "tertiary", "lengthM": 195.8, "darkness": {"alpha": 1.748, "beta": 0.252, "mean": 0.126, "var": 0.03671}, "exposure": {"activity": 0.1298, "structural": 0.6325, "blended": 0.5068}, "confidence": 0.4966, "repairPriority": 0.03171, "routePenalty": 406.0, "reportValue": 0.0186, "evidence": {"osmLampsWorking": 0, "osmLampsBroken": 0, "osmLampsUntagged": 0, "nightBusTrips": 148.6, "wardComplaints2025": 136, "reports": 0}}}, {"type": "Feature", "geometry": {"type": "LineString", "coordinates": [[77.6369007, 12.9186139], [77.6368989, 12.9180695]]}, "properties": {"segID": "way462949896/0", "name": "11th Main Road", "ward": "Jakkasandra", "roadClass": "residential", "lengthM": 60.5, "darkness": {"alpha": 1.748, "beta": 0.252, "mean": 0.126, "var": 0.03671}, "exposure": {"activity": 0.5993, "structural": 0.85, "blended": 0.7874}, "confidence": 0.4966, "repairPriority": 0.04927, "routePenalty": 112.7, "reportValue": 0.02891, "evidence": {"osmLampsWorking": 0, "osmLampsBroken": 0, "osmLampsUntagged": 0, "nightBusTrips": 155.2, "wardComplaints2025": 62, "reports": 0}}}, {"type": "Feature", "geometry": {"type": "LineString", "coordinates": [[77.6212842, 12.9168542], [77.6214901, 12.9169193], [77.6216695, 12.9169759]]}, "properties": {"segID": "way464465162/0", "name": "Outer Ring Road", "ward": "Madivala", "roadClass": "trunk", "lengthM": 43.9, "darkness": {"alpha": 1.748, "beta": 0.252, "mean": 0.126, "var": 0.03671}, "exposure": {"activity": 0.0997, "structural": 0.5189, "blended": 0.4141}, "confidence": 0.4966, "repairPriority": 0.02591, "routePenalty": 96.8, "reportValue": 0.0152, "evidence": {"osmLampsWorking": 0, "osmLampsBroken": 0, "osmLampsUntagged": 0, "nightBusTrips": 335.6, "wardComplaints2025": 180, "reports": 0}}}, {"type": "Feature", "geometry": {"type": "LineString", "coordinates": [[77.6222334, 12.9171705], [77.6224563, 12.9172507], [77.6225966, 12.9173014]]}, "properties": {"segID": "way464465163/0", "name": "Outer Ring Road", "ward": "Madivala", "roadClass": "trunk", "lengthM": 42.0, "darkness": {"alpha": 1.748, "beta": 0.252, "mean": 0.126, "var": 0.03671}, "exposure": {"activity": 0.1814, "structural": 0.5203, "blended": 0.4356}, "confidence": 0.4966, "repairPriority": 0.02726, "routePenalty": 91.1, "reportValue": 0.01599, "evidence": {"osmLampsWorking": 0, "osmLampsBroken": 0, "osmLampsUntagged": 0, "nightBusTrips": 337.6, "wardComplaints2025": 180, "reports": 0}}}, {"type": "Feature", "geometry": {"type": "LineString", "coordinates": [[77.6210467, 12.9196804], [77.6208506, 12.920006], [77.6206323, 12.9203687], [77.6204956, 12.9205958], [77.6202958, 12.9209276]]}, "properties": {"segID": "way464465165/0", "name": "Hosur Road", "ward": "Madivala", "roadClass": "trunk", "lengthM": 160.8, "darkness": {"alpha": 1.748, "beta": 0.252, "mean": 0.126, "var": 0.03671}, "exposure": {"activity": 0.5959, "structural": 0.51, "blended": 0.5314}, "confidence": 0.4966, "repairPriority": 0.03325, "routePenalty": 329.0, "reportValue": 0.01951, "evidence": {"osmLampsWorking": 0, "osmLampsBroken": 0, "osmLampsUntagged": 0, "nightBusTrips": 299.3, "wardComplaints2025": 180, "reports": 0}}}, {"type": "Feature", "geometry": {"type": "LineString", "coordinates": [[77.6695743, 12.9187095], [77.6695994, 12.918745], [77.6696287, 12.9187817], [77.6699293, 12.9191582], [77.6700595, 12.9193314], [77.6701747, 12.919502], [77.6702046, 12.919567], [77.6702574, 12.9197023], [77.6704631, 12.9200233]]}, "properties": {"segID": "way480401543/0", "name": "Bellanduru Main Road", "ward": "Bellanduru", "roadClass": "tertiary", "lengthM": 175.7, "darkness": {"alpha": 0.973, "beta": 3.027, "mean": 0.7566, "var": 0.03683}, "exposure": {"activity": 0.3904, "structural": 0.4584, "blended": 0.4414}, "confidence": 0.1126, "repairPriority": 0.0376, "routePenalty": 546.0, "reportValue": 0.01626, "evidence": {"osmLampsWorking": 0, "osmLampsBroken": 2, "osmLampsUntagged": 0, "nightBusTrips": 213.8, "wardComplaints2025": 250, "reports": 0}}}, {"type": "Feature", "geometry": {"type": "LineString", "coordinates": [[77.6704631, 12.9200233], [77.6706049, 12.9203243], [77.6706134, 12.9203434], [77.6707233, 12.9205696], [77.6708607, 12.9208345], [77.6711311, 12.9211846], [77.6712431, 12.9213061]]}, "properties": {"segID": "way480401543/1", "name": "Bellanduru Main Road", "ward": "Bellanduru", "roadClass": "tertiary", "lengthM": 166.9, "darkness": {"alpha": 0.973, "beta": 1.027, "mean": 0.5133, "var": 0.08327}, "exposure": {"activity": 0.2313, "structural": 0.4745, "blended": 0.4137}, "confidence": 0.0133, "repairPriority": 0.00282, "routePenalty": 527.3, "reportValue": 0.03445, "evidence": {"osmLampsWorking": 0, "osmLampsBroken": 0, "osmLampsUntagged": 0, "nightBusTrips": 230.8, "wardComplaints2025": 250, "reports": 0}}}, {"type": "Feature", "geometry": {"type": "LineString", "coordinates": [[77.6712431, 12.9213061], [77.6713366, 12.9213686], [77.6717031, 12.9215217], [77.6717618, 12.9215774], [77.671898, 12.9219188], [77.672025, 12.9221948], [77.6721254, 12.9223581]]}, "properties": {"segID": "way480401543/2", "name": "Bellanduru Main Road", "ward": "Bellanduru", "roadClass": "tertiary", "lengthM": 159.9, "darkness": {"alpha": 0.973, "beta": 1.027, "mean": 0.5133, "var": 0.08327}, "exposure": {"activity": 0.1187, "structural": 0.4835, "blended": 0.3923}, "confidence": 0.0133, "repairPriority": 0.00268, "routePenalty": 511.5, "reportValue": 0.03267, "evidence": {"osmLampsWorking": 0, "osmLampsBroken": 0, "osmLampsUntagged": 0, "nightBusTrips": 242.7, "wardComplaints2025": 250, "reports": 0}}}, {"type": "Feature", "geometry": {"type": "LineString", "coordinates": [[77.6295456, 12.9291644], [77.630749, 12.9288886]]}, "properties": {"segID": "way487990365/0", "name": "4th Cross Road", "ward": "Koramangala", "roadClass": "residential", "lengthM": 134.0, "darkness": {"alpha": 1.748, "beta": 0.252, "mean": 0.126, "var": 0.03671}, "exposure": {"activity": 0.4798, "structural": 0.3945, "blended": 0.4158}, "confidence": 0.4966, "repairPriority": 0.02602, "routePenalty": 295.1, "reportValue": 0.01526, "evidence": {"osmLampsWorking": 0, "osmLampsBroken": 0, "osmLampsUntagged": 0, "nightBusTrips": 67.3, "wardComplaints2025": 136, "reports": 0}}}, {"type": "Feature", "geometry": {"type": "LineString", "coordinates": [[77.6306661, 12.9285783], [77.6295244, 12.9288682]]}, "properties": {"segID": "way487990366/0", "name": "3rd Cross Road", "ward": "Koramangala", "roadClass": "residential", "lengthM": 127.9, "darkness": {"alpha": 1.748, "beta": 0.252, "mean": 0.126, "var": 0.03671}, "exposure": {"activity": 0.3607, "structural": 0.401, "blended": 0.391}, "confidence": 0.4966, "repairPriority": 0.02447, "routePenalty": 287.5, "reportValue": 0.01435, "evidence": {"osmLampsWorking": 0, "osmLampsBroken": 0, "osmLampsUntagged": 0, "nightBusTrips": 70.7, "wardComplaints2025": 136, "reports": 0}}}, {"type": "Feature", "geometry": {"type": "LineString", "coordinates": [[77.6295011, 12.9285423], [77.6305876, 12.9282844]]}, "properties": {"segID": "way487990367/0", "name": "2nd Cross Road", "ward": "Koramangala", "roadClass": "residential", "lengthM": 121.2, "darkness": {"alpha": 1.748, "beta": 0.252, "mean": 0.126, "var": 0.03671}, "exposure": {"activity": 0.3388, "structural": 0.408, "blended": 0.3907}, "confidence": 0.4966, "repairPriority": 0.02445, "routePenalty": 272.5, "reportValue": 0.01434, "evidence": {"osmLampsWorking": 0, "osmLampsBroken": 0, "osmLampsUntagged": 0, "nightBusTrips": 72.3, "wardComplaints2025": 136, "reports": 0}}}, {"type": "Feature", "geometry": {"type": "LineString", "coordinates": [[77.6294763, 12.9281964], [77.6295011, 12.9285423], [77.6295244, 12.9288682], [77.6295456, 12.9291644], [77.6295658, 12.9294894]]}, "properties": {"segID": "way487990368/0", "name": "8th B Main Road", "ward": "Koramangala", "roadClass": "residential", "lengthM": 144.1, "darkness": {"alpha": 1.748, "beta": 0.252, "mean": 0.126, "var": 0.03671}, "exposure": {"activity": 0.3607, "structural": 0.5702, "blended": 0.5179}, "confidence": 0.4966, "repairPriority": 0.03241, "routePenalty": 297.0, "reportValue": 0.01901, "evidence": {"osmLampsWorking": 0, "osmLampsBroken": 0, "osmLampsUntagged": 0, "nightBusTrips": 70.7, "wardComplaints2025": 136, "reports": 0}}}, {"type": "Feature", "geometry": {"type": "LineString", "coordinates": [[77.6308262, 12.9291929], [77.630749, 12.9288886], [77.6306661, 12.9285783], [77.6305876, 12.9282844], [77.6305021, 12.9279644]]}, "properties": {"segID": "way487990369/0", "name": "8th A Main Road", "ward": "Koramangala", "roadClass": "residential", "lengthM": 141.0, "darkness": {"alpha": 1.748, "beta": 0.252, "mean": 0.126, "var": 0.03671}, "exposure": {"activity": 0.3929, "structural": 0.3799, "blended": 0.3831}, "confidence": 0.4966, "repairPriority": 0.02397, "routePenalty": 319.2, "reportValue": 0.01406, "evidence": {"osmLampsWorking": 0, "osmLampsBroken": 0, "osmLampsUntagged": 0, "nightBusTrips": 69.2, "wardComplaints2025": 136, "reports": 0}}}, {"type": "Feature", "geometry": {"type": "LineString", "coordinates": [[77.6163047, 12.9163528], [77.6166903, 12.9163194], [77.6170671, 12.9163182], [77.6175426, 12.9163509], [77.6187185, 12.9163543]]}, "properties": {"segID": "way491889865/0", "name": "Outer Ring Road", "ward": "Madivala", "roadClass": "trunk", "lengthM": 261.9, "darkness": {"alpha": 1.748, "beta": 0.252, "mean": 0.126, "var": 0.03671}, "exposure": {"activity": 0.0249, "structural": 0.4395, "blended": 0.3358}, "confidence": 0.4966, "repairPriority": 0.02101, "routePenalty": 621.6, "reportValue": 0.01233, "evidence": {"osmLampsWorking": 0, "osmLampsBroken": 0, "osmLampsUntagged": 0, "nightBusTrips": 191.4, "wardComplaints2025": 180, "reports": 0}}}, {"type": "Feature", "geometry": {"type": "LineString", "coordinates": [[77.6187185, 12.9163543], [77.6192664, 12.9163685], [77.6194449, 12.916389], [77.6198819, 12.916467], [77.6200281, 12.9165077], [77.6201826, 12.9165508]]}, "properties": {"segID": "way491889865/1", "name": "Outer Ring Road", "ward": "Madivala", "roadClass": "trunk", "lengthM": 160.9, "darkness": {"alpha": 1.748, "beta": 0.252, "mean": 0.126, "var": 0.03671}, "exposure": {"activity": 0.061, "structural": 0.4842, "blended": 0.3784}, "confidence": 0.4966, "repairPriority": 0.02368, "routePenalty": 365.8, "reportValue": 0.01389, "evidence": {"osmLampsWorking": 0, "osmLampsBroken": 0, "osmLampsUntagged": 0, "nightBusTrips": 243.8, "wardComplaints2025": 180, "reports": 0}}}, {"type": "Feature", "geometry": {"type": "LineString", "coordinates": [[77.6201826, 12.9165508], [77.6210334, 12.9167749], [77.6211055, 12.9167977], [77.6212842, 12.9168542]]}, "properties": {"segID": "way491889865/2", "name": "Outer Ring Road", "ward": "Madivala", "roadClass": "trunk", "lengthM": 124.1, "darkness": {"alpha": 1.748, "beta": 0.252, "mean": 0.126, "var": 0.03671}, "exposure": {"activity": 0.0808, "structural": 0.5124, "blended": 0.4045}, "confidence": 0.4966, "repairPriority": 0.02531, "routePenalty": 275.8, "reportValue": 0.01485, "evidence": {"osmLampsWorking": 0, "osmLampsBroken": 0, "osmLampsUntagged": 0, "nightBusTrips": 303.7, "wardComplaints2025": 180, "reports": 0}}}, {"type": "Feature", "geometry": {"type": "LineString", "coordinates": [[77.6339189, 12.9178909], [77.6330128, 12.9181588], [77.6321011, 12.9184244]]}, "properties": {"segID": "way500860056/0", "name": "1st Avenue", "ward": "Jakkasandra", "roadClass": "residential", "lengthM": 205.8, "darkness": {"alpha": 1.748, "beta": 0.252, "mean": 0.126, "var": 0.03671}, "exposure": {"activity": 0.687, "structural": 0.7709, "blended": 0.75}, "confidence": 0.4966, "repairPriority": 0.04693, "routePenalty": 387.3, "reportValue": 0.02753, "evidence": {"osmLampsWorking": 0, "osmLampsBroken": 0, "osmLampsUntagged": 0, "nightBusTrips": 177.1, "wardComplaints2025": 62, "reports": 0}}}, {"type": "Feature", "geometry": {"type": "LineString", "coordinates": [[77.6321011, 12.9184244], [77.6307716, 12.9188102]]}, "properties": {"segID": "way500860056/1", "name": "1st Avenue", "ward": "Jakkasandra", "roadClass": "residential", "lengthM": 150.3, "darkness": {"alpha": 1.748, "beta": 0.252, "mean": 0.126, "var": 0.03671}, "exposure": {"activity": 0.7094, "structural": 0.75, "blended": 0.7398}, "confidence": 0.4966, "repairPriority": 0.04629, "routePenalty": 283.7, "reportValue": 0.02716, "evidence": {"osmLampsWorking": 0, "osmLampsBroken": 0, "osmLampsUntagged": 0, "nightBusTrips": 201.3, "wardComplaints2025": 62, "reports": 0}}}, {"type": "Feature", "geometry": {"type": "LineString", "coordinates": [[77.6307716, 12.9188102], [77.6306538, 12.9188444], [77.6304893, 12.9188923], [77.6292569, 12.9192508]]}, "properties": {"segID": "way500860056/2", "name": "1st Avenue", "ward": "Jakkasandra", "roadClass": "residential", "lengthM": 171.3, "darkness": {"alpha": 1.748, "beta": 0.252, "mean": 0.126, "var": 0.03671}, "exposure": {"activity": 0.6604, "structural": 0.7195, "blended": 0.7047}, "confidence": 0.4966, "repairPriority": 0.04409, "routePenalty": 326.8, "reportValue": 0.02587, "evidence": {"osmLampsWorking": 0, "osmLampsBroken": 0, "osmLampsUntagged": 0, "nightBusTrips": 202.8, "wardComplaints2025": 62, "reports": 0}}}, {"type": "Feature", "geometry": {"type": "LineString", "coordinates": [[77.6292569, 12.9192508], [77.6289456, 12.9193413]]}, "properties": {"segID": "way500860056/3", "name": "1st Avenue", "ward": "Jakkasandra", "roadClass": "residential", "lengthM": 35.2, "darkness": {"alpha": 1.748, "beta": 0.252, "mean": 0.126, "var": 0.03671}, "exposure": {"activity": 0.27, "structural": 0.6226, "blended": 0.5345}, "confidence": 0.4966, "repairPriority": 0.03344, "routePenalty": 71.9, "reportValue": 0.01962, "evidence": {"osmLampsWorking": 0, "osmLampsBroken": 0, "osmLampsUntagged": 0, "nightBusTrips": 224.1, "wardComplaints2025": 62, "reports": 0}}}, {"type": "Feature", "geometry": {"type": "LineString", "coordinates": [[77.6330128, 12.9181588], [77.6329913, 12.9180465], [77.6329396, 12.9178504], [77.6328676, 12.9175537], [77.6327893, 12.9172513]]}, "properties": {"segID": "way500860057/0", "name": "5th Main Road", "ward": "Jakkasandra", "roadClass": "residential", "lengthM": 103.8, "darkness": {"alpha": 1.748, "beta": 0.252, "mean": 0.126, "var": 0.03671}, "exposure": {"activity": 0.7356, "structural": 0.6488, "blended": 0.6705}, "confidence": 0.4966, "repairPriority": 0.04195, "routePenalty": 200.3, "reportValue": 0.02461, "evidence": {"osmLampsWorking": 0, "osmLampsBroken": 0, "osmLampsUntagged": 0, "nightBusTrips": 182.6, "wardComplaints2025": 62, "reports": 0}}}, {"type": "Feature", "geometry": {"type": "LineString", "coordinates": [[77.6358821, 12.9179377], [77.63619, 12.9178544], [77.6372118, 12.9176462]]}, "properties": {"segID": "way500860488/0", "name": "5th Cross Road", "ward": "Jakkasandra", "roadClass": "residential", "lengthM": 147.8, "darkness": {"alpha": 1.748, "beta": 0.252, "mean": 0.126, "var": 0.03671}, "exposure": {"activity": 0.5856, "structural": 0.5634, "blended": 0.5689}, "confidence": 0.4966, "repairPriority": 0.0356, "routePenalty": 296.9, "reportValue": 0.02088, "evidence": {"osmLampsWorking": 0, "osmLampsBroken": 0, "osmLampsUntagged": 0, "nightBusTrips": 169.3, "wardComplaints2025": 62, "reports": 0}}}, {"type": "Feature", "geometry": {"type": "LineString", "coordinates": [[77.6214199, 12.918769], [77.6214463, 12.9188326], [77.6215249, 12.9189401], [77.6216117, 12.919024], [77.6216997, 12.9190728], [77.6218761, 12.9191001], [77.6220452, 12.9190668], [77.62218, 12.9190028], [77.6222926, 12.9188884], [77.622398, 12.9187445], [77.6225295, 12.9185042]]}, "properties": {"segID": "way519734960/0", "name": "Silkboard Double Decker Flyover", "ward": "Jakkasandra", "roadClass": "primary", "lengthM": 168.4, "darkness": {"alpha": 1.748, "beta": 0.252, "mean": 0.126, "var": 0.03671}, "exposure": {"activity": 0.2666, "structural": 0.5172, "blended": 0.4545}, "confidence": 0.4966, "repairPriority": 0.02844, "routePenalty": 360.6, "reportValue": 0.01668, "evidence": {"osmLampsWorking": 0, "osmLampsBroken": 0, "osmLampsUntagged": 0, "nightBusTrips": 328.6, "wardComplaints2025": 62, "reports": 0}}}, {"type": "Feature", "geometry": {"type": "LineString", "coordinates": [[77.6225295, 12.9185042], [77.6226139, 12.9183288], [77.6227173, 12.9181046]]}, "properties": {"segID": "way519734960/1", "name": "Silkboard Double Decker Flyover", "ward": "Jakkasandra", "roadClass": "primary", "lengthM": 48.9, "darkness": {"alpha": 1.748, "beta": 0.252, "mean": 0.126, "var": 0.03671}, "exposure": {"activity": 0.264, "structural": 0.5227, "blended": 0.458}, "confidence": 0.4966, "repairPriority": 0.02866, "routePenalty": 104.5, "reportValue": 0.01681, "evidence": {"osmLampsWorking": 0, "osmLampsBroken": 0, "osmLampsUntagged": 0, "nightBusTrips": 347.5, "wardComplaints2025": 62, "reports": 0}}}, {"type": "Feature", "geometry": {"type": "LineString", "coordinates": [[77.6480821, 12.9235584], [77.64839, 12.9235811], [77.6484553, 12.9235939], [77.6487394, 12.9236478], [77.6492161, 12.9237431], [77.6492876, 12.9237748], [77.649786, 12.9239957]]}, "properties": {"segID": "way544949500/0", "name": "1st Cross Road", "ward": "HSR Layout", "roadClass": "residential", "lengthM": 192.6, "darkness": {"alpha": 1.748, "beta": 0.252, "mean": 0.126, "var": 0.03671}, "exposure": {"activity": 0.7197, "structural": 0.4144, "blended": 0.4907}, "confidence": 0.4966, "repairPriority": 0.0307, "routePenalty": 403.1, "reportValue": 0.01801, "evidence": {"osmLampsWorking": 0, "osmLampsBroken": 0, "osmLampsUntagged": 0, "nightBusTrips": 163.2, "wardComplaints2025": 252, "reports": 0}}}, {"type": "Feature", "geometry": {"type": "LineString", "coordinates": [[77.6530287, 12.9210419], [77.6530121, 12.92079], [77.6530161, 12.9207731], [77.6530278, 12.9207669], [77.6536805, 12.9206764]]}, "properties": {"segID": "way544949503/0", "name": "4th Cross Road", "ward": "HSR Layout", "roadClass": "residential", "lengthM": 102.9, "darkness": {"alpha": 1.748, "beta": 0.252, "mean": 0.126, "var": 0.03671}, "exposure": {"activity": 0.5056, "structural": 0.2778, "blended": 0.3348}, "confidence": 0.4966, "repairPriority": 0.02095, "routePenalty": 244.5, "reportValue": 0.01229, "evidence": {"osmLampsWorking": 0, "osmLampsBroken": 0, "osmLampsUntagged": 0, "nightBusTrips": 79.2, "wardComplaints2025": 252, "reports": 0}}}, {"type": "Feature", "geometry": {"type": "LineString", "coordinates": [[77.6281875, 12.9156648], [77.6275826, 12.9152955]]}, "properties": {"segID": "way544999266/0", "name": "14th C Cross Road", "ward": "HSR Layout", "roadClass": "residential", "lengthM": 77.4, "darkness": {"alpha": 1.748, "beta": 0.252, "mean": 0.126, "var": 0.03671}, "exposure": {"activity": 0.2868, "structural": 0.4902, "blended": 0.4393}, "confidence": 0.4966, "repairPriority": 0.02749, "routePenalty": 167.5, "reportValue": 0.01613, "evidence": {"osmLampsWorking": 0, "osmLampsBroken": 0, "osmLampsUntagged": 0, "nightBusTrips": 251.3, "wardComplaints2025": 252, "reports": 0}}}, {"type": "Feature", "geometry": {"type": "LineString", "coordinates": [[77.6319337, 12.9356307], [77.6320068, 12.9356413], [77.6323085, 12.9365667]]}, "properties": {"segID": "way545356865/0", "name": "Sri Nivagalu Main Road", "ward": "Ejipura", "roadClass": "residential", "lengthM": 116.0, "darkness": {"alpha": 1.748, "beta": 0.252, "mean": 0.126, "var": 0.03671}, "exposure": {"activity": 0.7532, "structural": 0.3359, "blended": 0.4403}, "confidence": 0.4966, "repairPriority": 0.02755, "routePenalty": 250.8, "reportValue": 0.01616, "evidence": {"osmLampsWorking": 0, "osmLampsBroken": 0, "osmLampsUntagged": 0, "nightBusTrips": 35.3, "wardComplaints2025": 78, "reports": 0}}}, {"type": "Feature", "geometry": {"type": "LineString", "coordinates": [[77.6313101, 12.9350992], [77.6305642, 12.9344795]]}, "properties": {"segID": "way545357203/0", "name": "2nd Cross Road", "ward": "Ejipura", "roadClass": "residential", "lengthM": 106.2, "darkness": {"alpha": 1.748, "beta": 0.252, "mean": 0.126, "var": 0.03671}, "exposure": {"activity": 0.9475, "structural": 0.4829, "blended": 0.5991}, "confidence": 0.4966, "repairPriority": 0.03749, "routePenalty": 210.6, "reportValue": 0.02199, "evidence": {"osmLampsWorking": 0, "osmLampsBroken": 0, "osmLampsUntagged": 0, "nightBusTrips": 43.4, "wardComplaints2025": 78, "reports": 0}}}, {"type": "Feature", "geometry": {"type": "LineString", "coordinates": [[77.6327689, 12.9384471], [77.6317931, 12.9384714], [77.6316793, 12.9384651]]}, "properties": {"segID": "way545604694/0", "name": "Inner Ring Road", "ward": "Ejipura", "roadClass": "primary", "lengthM": 118.1, "darkness": {"alpha": 1.748, "beta": 0.252, "mean": 0.126, "var": 0.03671}, "exposure": {"activity": 0.3199, "structural": 0.6385, "blended": 0.5589}, "confidence": 0.4966, "repairPriority": 0.03497, "routePenalty": 238.4, "reportValue": 0.02052, "evidence": {"osmLampsWorking": 0, "osmLampsBroken": 0, "osmLampsUntagged": 0, "nightBusTrips": 41.5, "wardComplaints2025": 78, "reports": 0}}}, {"type": "Feature", "geometry": {"type": "LineString", "coordinates": [[77.6316793, 12.9384651], [77.6311339, 12.9384426], [77.6308833, 12.9384422], [77.6305999, 12.9384318], [77.6303383, 12.9384373], [77.6301075, 12.9384423]]}, "properties": {"segID": "way545604695/0", "name": "Inner Ring Road", "ward": "Ejipura", "roadClass": "primary", "lengthM": 170.4, "darkness": {"alpha": 1.748, "beta": 0.252, "mean": 0.126, "var": 0.03671}, "exposure": {"activity": 0.595, "structural": 0.6535, "blended": 0.6389}, "confidence": 0.4966, "repairPriority": 0.03998, "routePenalty": 332.5, "reportValue": 0.02345, "evidence": {"osmLampsWorking": 0, "osmLampsBroken": 0, "osmLampsUntagged": 0, "nightBusTrips": 46.5, "wardComplaints2025": 78, "reports": 0}}}, {"type": "Feature", "geometry": {"type": "LineString", "coordinates": [[77.6301075, 12.9384423], [77.6296591, 12.9384552], [77.629489, 12.9384533], [77.6293303, 12.9384337], [77.629189, 12.9384034], [77.6288703, 12.9382965], [77.6287795, 12.9382646], [77.6286878, 12.9382356]]}, "properties": {"segID": "way545604695/1", "name": "Inner Ring Road", "ward": "Ejipura", "roadClass": "primary", "lengthM": 157.5, "darkness": {"alpha": 1.748, "beta": 0.252, "mean": 0.126, "var": 0.03671}, "exposure": {"activity": 0.8659, "structural": 0.6841, "blended": 0.7295}, "confidence": 0.4966, "repairPriority": 0.04565, "routePenalty": 298.2, "reportValue": 0.02678, "evidence": {"osmLampsWorking": 0, "osmLampsBroken": 0, "osmLampsUntagged": 0, "nightBusTrips": 59.4, "wardComplaints2025": 78, "reports": 0}}}, {"type": "Feature", "geometry": {"type": "LineString", "coordinates": [[77.6320374, 12.9385822], [77.6325141, 12.9385742], [77.6325528, 12.9385736], [77.632689, 12.9385725]]}, "properties": {"segID": "way545604696/0", "name": "Inner Ring Road", "ward": "Ejipura", "roadClass": "primary", "lengthM": 70.6, "darkness": {"alpha": 1.748, "beta": 0.252, "mean": 0.126, "var": 0.03671}, "exposure": {"activity": 0.2691, "structural": 0.634, "blended": 0.5428}, "confidence": 0.4966, "repairPriority": 0.03396, "routePenalty": 143.6, "reportValue": 0.01993, "evidence": {"osmLampsWorking": 0, "osmLampsBroken": 0, "osmLampsUntagged": 0, "nightBusTrips": 42.1, "wardComplaints2025": 78, "reports": 0}}}, {"type": "Feature", "geometry": {"type": "LineString", "coordinates": [[77.6287044, 12.9383498], [77.6291682, 12.9384931], [77.6293771, 12.938538], [77.62954, 12.938548], [77.6296832, 12.9385483], [77.6303164, 12.9385257]]}, "properties": {"segID": "way545604697/0", "name": "Inner Ring Road", "ward": "Ejipura", "roadClass": "primary", "lengthM": 177.8, "darkness": {"alpha": 1.748, "beta": 0.252, "mean": 0.126, "var": 0.03671}, "exposure": {"activity": 0.8263, "structural": 0.6647, "blended": 0.7051}, "confidence": 0.4966, "repairPriority": 0.04412, "routePenalty": 339.2, "reportValue": 0.02588, "evidence": {"osmLampsWorking": 0, "osmLampsBroken": 0, "osmLampsUntagged": 0, "nightBusTrips": 55.2, "wardComplaints2025": 78, "reports": 0}}}, {"type": "Feature", "geometry": {"type": "LineString", "coordinates": [[77.6303164, 12.9385257], [77.6305721, 12.9385254], [77.6308242, 12.9385597], [77.6311049, 12.9385683]]}, "properties": {"segID": "way545604697/1", "name": "Inner Ring Road", "ward": "Ejipura", "roadClass": "primary", "lengthM": 85.7, "darkness": {"alpha": 1.748, "beta": 0.252, "mean": 0.126, "var": 0.03671}, "exposure": {"activity": 0.5064, "structural": 0.6365, "blended": 0.604}, "confidence": 0.4966, "repairPriority": 0.03779, "routePenalty": 169.6, "reportValue": 0.02217, "evidence": {"osmLampsWorking": 0, "osmLampsBroken": 0, "osmLampsUntagged": 0, "nightBusTrips": 45.3, "wardComplaints2025": 78, "reports": 0}}}, {"type": "Feature", "geometry": {"type": "LineString", "coordinates": [[77.632689, 12.9385725], [77.6327689, 12.9384471]]}, "properties": {"segID": "way545604698/0", "name": "Ejipura Main Road", "ward": "Agaram", "roadClass": "tertiary", "lengthM": 16.4, "darkness": {"alpha": 0.508, "beta": 1.492, "mean": 0.7459, "var": 0.06318}, "exposure": {"activity": 0.2966, "structural": 0.6289, "blended": 0.5458}, "confidence": 0.0684, "repairPriority": 0.02785, "routePenalty": 52.0, "reportValue": 0.03448, "evidence": {"osmLampsWorking": 0, "osmLampsBroken": 0, "osmLampsUntagged": 0, "nightBusTrips": 39.7, "wardComplaints2025": 71, "reports": 0}}}, {"type": "Feature", "geometry": {"type": "LineString", "coordinates": [[77.6347645, 12.9386513], [77.6344725, 12.9385526], [77.6343199, 12.9385149], [77.6341785, 12.9384799], [77.6340522, 12.9384557], [77.6338902, 12.9384381], [77.6336043, 12.9384282], [77.6333119, 12.9384347]]}, "properties": {"segID": "way545610202/0", "name": "Inner Ring Road", "ward": "Agaram", "roadClass": "primary", "lengthM": 160.7, "darkness": {"alpha": 0.711, "beta": 1.289, "mean": 0.6443, "var": 0.0764}, "exposure": {"activity": 0.1178, "structural": 0.5776, "blended": 0.4627}, "confidence": 0.0383, "repairPriority": 0.01142, "routePenalty": 518.2, "reportValue": 0.03535, "evidence": {"osmLampsWorking": 0, "osmLampsBroken": 0, "osmLampsUntagged": 0, "nightBusTrips": 28.5, "wardComplaints2025": 71, "reports": 0}}}, {"type": "Feature", "geometry": {"type": "LineString", "coordinates": [[77.6333035, 12.9385672], [77.6336129, 12.938565], [77.6338946, 12.9385721], [77.6340192, 12.9385817], [77.6341669, 12.9386109], [77.6342789, 12.9386348], [77.6346476, 12.9387473]]}, "properties": {"segID": "way545610203/0", "name": "Inner Ring Road", "ward": "Agaram", "roadClass": "primary", "lengthM": 148.2, "darkness": {"alpha": 0.711, "beta": 1.289, "mean": 0.6443, "var": 0.0764}, "exposure": {"activity": 0.1152, "structural": 0.5684, "blended": 0.4551}, "confidence": 0.0383, "repairPriority": 0.01123, "routePenalty": 479.5, "reportValue": 0.03477, "evidence": {"osmLampsWorking": 0, "osmLampsBroken": 0, "osmLampsUntagged": 0, "nightBusTrips": 28.7, "wardComplaints2025": 71, "reports": 0}}}, {"type": "Feature", "geometry": {"type": "LineString", "coordinates": [[77.6321489, 12.93348], [77.6327996, 12.9341463]]}, "properties": {"segID": "way546521355/0", "name": "6th Cross Road", "ward": "Ejipura", "roadClass": "residential", "lengthM": 102.3, "darkness": {"alpha": 1.748, "beta": 0.252, "mean": 0.126, "var": 0.03671}, "exposure": {"activity": 0.6638, "structural": 0.5419, "blended": 0.5724}, "confidence": 0.4966, "repairPriority": 0.03582, "routePenalty": 205.2, "reportValue": 0.02101, "evidence": {"osmLampsWorking": 0, "osmLampsBroken": 0, "osmLampsUntagged": 0, "nightBusTrips": 25.8, "wardComplaints2025": 78, "reports": 0}}}, {"type": "Feature", "geometry": {"type": "LineString", "coordinates": [[77.6430118, 12.9172342], [77.6430497, 12.9184099]]}, "properties": {"segID": "way547810510/0", "name": "17th A Main Road", "ward": "HSR Layout", "roadClass": "residential", "lengthM": 130.8, "darkness": {"alpha": 1.748, "beta": 0.252, "mean": 0.126, "var": 0.03671}, "exposure": {"activity": 0.3293, "structural": 0.4319, "blended": 0.4063}, "confidence": 0.4966, "repairPriority": 0.02542, "routePenalty": 290.3, "reportValue": 0.01492, "evidence": {"osmLampsWorking": 0, "osmLampsBroken": 0, "osmLampsUntagged": 0, "nightBusTrips": 185.3, "wardComplaints2025": 252, "reports": 0}}}, {"type": "Feature", "geometry": {"type": "LineString", "coordinates": [[77.6437822, 12.9172112], [77.643697, 12.9153641]]}, "properties": {"segID": "way547810512/0", "name": "17th C Main Road", "ward": "HSR Layout", "roadClass": "residential", "lengthM": 205.6, "darkness": {"alpha": 1.748, "beta": 0.252, "mean": 0.126, "var": 0.03671}, "exposure": {"activity": 0.3551, "structural": 0.3015, "blended": 0.3149}, "confidence": 0.4966, "repairPriority": 0.0197, "routePenalty": 500.1, "reportValue": 0.01156, "evidence": {"osmLampsWorking": 0, "osmLampsBroken": 0, "osmLampsUntagged": 0, "nightBusTrips": 88.6, "wardComplaints2025": 252, "reports": 0}}}, {"type": "Feature", "geometry": {"type": "LineString", "coordinates": [[77.6365572, 12.9201563], [77.6364943, 12.9200439], [77.6362098, 12.9201873], [77.636166, 12.9202077], [77.635888, 12.9203223], [77.6356132, 12.920436], [77.6353647, 12.9205447], [77.635159, 12.9206097]]}, "properties": {"segID": "way558679019/0", "name": "8th Cross Road", "ward": "Jakkasandra", "roadClass": "residential", "lengthM": 172.2, "darkness": {"alpha": 1.748, "beta": 0.252, "mean": 0.126, "var": 0.03671}, "exposure": {"activity": 0.2188, "structural": 0.7049, "blended": 0.5834}, "confidence": 0.4966, "repairPriority": 0.0365, "routePenalty": 343.7, "reportValue": 0.02142, "evidence": {"osmLampsWorking": 0, "osmLampsBroken": 0, "osmLampsUntagged": 0, "nightBusTrips": 131.3, "wardComplaints2025": 62, "reports": 0}}}, {"type": "Feature", "geometry": {"type": "LineString", "coordinates": [[77.635159, 12.9206097], [77.6350508, 12.9206526], [77.6348579, 12.9207214], [77.6346891, 12.9207602], [77.6346741, 12.920761], [77.6345301, 12.9207593], [77.6344016, 12.9207755], [77.6340634, 12.9208335], [77.633944, 12.9208061], [77.6333943, 12.9208959]]}, "properties": {"segID": "way558679019/1", "name": "8th Cross Road", "ward": "Jakkasandra", "roadClass": "residential", "lengthM": 195.9, "darkness": {"alpha": 1.748, "beta": 0.252, "mean": 0.126, "var": 0.03671}, "exposure": {"activity": 0.3629, "structural": 0.7402, "blended": 0.6458}, "confidence": 0.4966, "repairPriority": 0.04041, "routePenalty": 381.3, "reportValue": 0.02371, "evidence": {"osmLampsWorking": 0, "osmLampsBroken": 0, "osmLampsUntagged": 0, "nightBusTrips": 110.3, "wardComplaints2025": 62, "reports": 0}}}, {"type": "Feature", "geometry": {"type": "LineString", "coordinates": [[77.6333943, 12.9208959], [77.6331824, 12.920937]]}, "properties": {"segID": "way558679019/2", "name": "8th Cross Road", "ward": "Jakkasandra", "roadClass": "residential", "lengthM": 23.4, "darkness": {"alpha": 1.748, "beta": 0.252, "mean": 0.126, "var": 0.03671}, "exposure": {"activity": 0.5099, "structural": 0.7357, "blended": 0.6792}, "confidence": 0.4966, "repairPriority": 0.0425, "routePenalty": 45.0, "reportValue": 0.02493, "evidence": {"osmLampsWorking": 0, "osmLampsBroken": 0, "osmLampsUntagged": 0, "nightBusTrips": 123.9, "wardComplaints2025": 62, "reports": 0}}}, {"type": "Feature", "geometry": {"type": "LineString", "coordinates": [[77.6365671, 12.9204027], [77.6366479, 12.9205825], [77.6368421, 12.9210735]]}, "properties": {"segID": "way558679020/0", "name": "8th Main Road", "ward": "Jakkasandra", "roadClass": "residential", "lengthM": 80.3, "darkness": {"alpha": 1.748, "beta": 0.252, "mean": 0.126, "var": 0.03671}, "exposure": {"activity": 0.2098, "structural": 0.6408, "blended": 0.533}, "confidence": 0.4966, "repairPriority": 0.03335, "routePenalty": 164.2, "reportValue": 0.01957, "evidence": {"osmLampsWorking": 0, "osmLampsBroken": 0, "osmLampsUntagged": 0, "nightBusTrips": 118.8, "wardComplaints2025": 62, "reports": 0}}}, {"type": "Feature", "geometry": {"type": "LineString", "coordinates": [[77.6321859, 12.9187568], [77.6326103, 12.9186966]]}, "properties": {"segID": "way558679022/0", "name": "13th Cross Road", "ward": "Jakkasandra", "roadClass": "residential", "lengthM": 46.5, "darkness": {"alpha": 1.748, "beta": 0.252, "mean": 0.126, "var": 0.03671}, "exposure": {"activity": 0.6819, "structural": 0.6656, "blended": 0.6697}, "confidence": 0.4966, "repairPriority": 0.0419, "routePenalty": 89.7, "reportValue": 0.02458, "evidence": {"osmLampsWorking": 0, "osmLampsBroken": 0, "osmLampsUntagged": 0, "nightBusTrips": 169.4, "wardComplaints2025": 62, "reports": 0}}}, {"type": "Feature", "geometry": {"type": "LineString", "coordinates": [[77.6380832, 12.9207905], [77.6371111, 12.9211186]]}, "properties": {"segID": "way558679443/0", "name": "6th D Cross Road", "ward": "Jakkasandra", "roadClass": "residential", "lengthM": 111.5, "darkness": {"alpha": 1.748, "beta": 0.252, "mean": 0.126, "var": 0.03671}, "exposure": {"activity": 0.1969, "structural": 0.3545, "blended": 0.3151}, "confidence": 0.4966, "repairPriority": 0.01972, "routePenalty": 271.1, "reportValue": 0.01157, "evidence": {"osmLampsWorking": 0, "osmLampsBroken": 0, "osmLampsUntagged": 0, "nightBusTrips": 116.3, "wardComplaints2025": 62, "reports": 0}}}, {"type": "Feature", "geometry": {"type": "LineString", "coordinates": [[77.6338517, 12.9203629], [77.6333485, 12.9204721], [77.6329846, 12.9205831]]}, "properties": {"segID": "way558683368/0", "name": "9th Cross Road", "ward": "Jakkasandra", "roadClass": "residential", "lengthM": 97.2, "darkness": {"alpha": 1.748, "beta": 0.252, "mean": 0.126, "var": 0.03671}, "exposure": {"activity": 0.4867, "structural": 0.5917, "blended": 0.5654}, "confidence": 0.4966, "repairPriority": 0.03538, "routePenalty": 195.6, "reportValue": 0.02076, "evidence": {"osmLampsWorking": 0, "osmLampsBroken": 0, "osmLampsUntagged": 0, "nightBusTrips": 127.1, "wardComplaints2025": 62, "reports": 0}}}, {"type": "Feature", "geometry": {"type": "LineString", "coordinates": [[77.6339395, 12.9179994], [77.6349031, 12.9176546]]}, "properties": {"segID": "way558683369/0", "name": "13th B Cross Road", "ward": "Jakkasandra", "roadClass": "residential", "lengthM": 111.3, "darkness": {"alpha": 1.748, "beta": 0.252, "mean": 0.126, "var": 0.03671}, "exposure": {"activity": 0.6105, "structural": 0.6684, "blended": 0.6539}, "confidence": 0.4966, "repairPriority": 0.04092, "routePenalty": 216.0, "reportValue": 0.024, "evidence": {"osmLampsWorking": 0, "osmLampsBroken": 0, "osmLampsUntagged": 0, "nightBusTrips": 175.6, "wardComplaints2025": 62, "reports": 0}}}, {"type": "Feature", "geometry": {"type": "LineString", "coordinates": [[77.6378137, 12.9232318], [77.6382419, 12.9231542]]}, "properties": {"segID": "way558683371/0", "name": "4th A Cross Road", "ward": "Jakkasandra", "roadClass": "residential", "lengthM": 47.2, "darkness": {"alpha": 1.748, "beta": 0.252, "mean": 0.126, "var": 0.03671}, "exposure": {"activity": 0.1651, "structural": 0.4862, "blended": 0.4059}, "confidence": 0.4966, "repairPriority": 0.0254, "routePenalty": 104.8, "reportValue": 0.0149, "evidence": {"osmLampsWorking": 0, "osmLampsBroken": 0, "osmLampsUntagged": 0, "nightBusTrips": 100.1, "wardComplaints2025": 62, "reports": 0}}}, {"type": "Feature", "geometry": {"type": "LineString", "coordinates": [[77.6384047, 12.9274016], [77.6390624, 12.9270592], [77.6395876, 12.9267997]]}, "properties": {"segID": "way558685447/0", "name": "2nd Cross Road", "ward": "Koramangala", "roadClass": "residential", "lengthM": 144.6, "darkness": {"alpha": 1.748, "beta": 0.252, "mean": 0.126, "var": 0.03671}, "exposure": {"activity": 0.2657, "structural": 0.1942, "blended": 0.2121}, "confidence": 0.4966, "repairPriority": 0.01327, "routePenalty": 418.0, "reportValue": 0.00779, "evidence": {"osmLampsWorking": 0, "osmLampsBroken": 0, "osmLampsUntagged": 0, "nightBusTrips": 52.6, "wardComplaints2025": 136, "reports": 0}}}, {"type": "Feature", "geometry": {"type": "LineString", "coordinates": [[77.6193042, 12.9356461], [77.6199881, 12.9352381], [77.6202902, 12.9350544]]}, "properties": {"segID": "way558709056/0", "name": "2nd Cross Road", "ward": "Koramangala", "roadClass": "residential", "lengthM": 125.5, "darkness": {"alpha": 1.748, "beta": 0.252, "mean": 0.126, "var": 0.03671}, "exposure": {"activity": 0.8727, "structural": 0.4495, "blended": 0.5553}, "confidence": 0.4966, "repairPriority": 0.03475, "routePenalty": 253.8, "reportValue": 0.02039, "evidence": {"osmLampsWorking": 0, "osmLampsBroken": 0, "osmLampsUntagged": 0, "nightBusTrips": 88.2, "wardComplaints2025": 136, "reports": 0}}}, {"type": "Feature", "geometry": {"type": "LineString", "coordinates": [[77.6288776, 12.9177441], [77.6294467, 12.9175704]]}, "properties": {"segID": "way558743545/0", "name": "5th A Avenue", "ward": "Jakkasandra", "roadClass": "residential", "lengthM": 64.6, "darkness": {"alpha": 1.748, "beta": 0.252, "mean": 0.126, "var": 0.03671}, "exposure": {"activity": 0.6496, "structural": 0.7357, "blended": 0.7142}, "confidence": 0.4966, "repairPriority": 0.04469, "routePenalty": 122.9, "reportValue": 0.02622, "evidence": {"osmLampsWorking": 0, "osmLampsBroken": 0, "osmLampsUntagged": 0, "nightBusTrips": 254.0, "wardComplaints2025": 62, "reports": 0}}}, {"type": "Feature", "geometry": {"type": "LineString", "coordinates": [[77.6289472, 12.9180332], [77.6295203, 12.9178475]]}, "properties": {"segID": "way558743547/0", "name": "5th Avenue", "ward": "Jakkasandra", "roadClass": "residential", "lengthM": 65.5, "darkness": {"alpha": 1.748, "beta": 0.252, "mean": 0.126, "var": 0.03671}, "exposure": {"activity": 0.6268, "structural": 0.6105, "blended": 0.6146}, "confidence": 0.4966, "repairPriority": 0.03846, "routePenalty": 129.0, "reportValue": 0.02256, "evidence": {"osmLampsWorking": 0, "osmLampsBroken": 0, "osmLampsUntagged": 0, "nightBusTrips": 242.7, "wardComplaints2025": 62, "reports": 0}}}, {"type": "Feature", "geometry": {"type": "LineString", "coordinates": [[77.6299388, 12.9180685], [77.629758, 12.9173485]]}, "properties": {"segID": "way558743549/0", "name": "2nd B Main Road", "ward": "Jakkasandra", "roadClass": "residential", "lengthM": 82.4, "darkness": {"alpha": 1.748, "beta": 0.252, "mean": 0.126, "var": 0.03671}, "exposure": {"activity": 0.721, "structural": 0.6132, "blended": 0.6402}, "confidence": 0.4966, "repairPriority": 0.04006, "routePenalty": 160.7, "reportValue": 0.0235, "evidence": {"osmLampsWorking": 0, "osmLampsBroken": 0, "osmLampsUntagged": 0, "nightBusTrips": 250.9, "wardComplaints2025": 62, "reports": 0}}}, {"type": "Feature", "geometry": {"type": "LineString", "coordinates": [[77.6296047, 12.9181654], [77.6295203, 12.9178475], [77.6294467, 12.9175704], [77.629386, 12.9173417]]}, "properties": {"segID": "way558743551/0", "name": "2nd A Main Road", "ward": "Jakkasandra", "roadClass": "residential", "lengthM": 94.6, "darkness": {"alpha": 1.748, "beta": 0.252, "mean": 0.126, "var": 0.03671}, "exposure": {"activity": 0.6496, "structural": 0.7269, "blended": 0.7076}, "confidence": 0.4966, "repairPriority": 0.04428, "routePenalty": 180.3, "reportValue": 0.02598, "evidence": {"osmLampsWorking": 0, "osmLampsBroken": 0, "osmLampsUntagged": 0, "nightBusTrips": 254.0, "wardComplaints2025": 62, "reports": 0}}}, {"type": "Feature", "geometry": {"type": "LineString", "coordinates": [[77.6346741, 12.9292838], [77.6347083, 12.9293507], [77.6348352, 12.9296265]]}, "properties": {"segID": "way558762894/0", "name": "5th C Main Road", "ward": "Koramangala", "roadClass": "residential", "lengthM": 41.9, "darkness": {"alpha": 1.748, "beta": 0.252, "mean": 0.126, "var": 0.03671}, "exposure": {"activity": 0.6182, "structural": 0.3531, "blended": 0.4194}, "confidence": 0.4966, "repairPriority": 0.02624, "routePenalty": 92.0, "reportValue": 0.0154, "evidence": {"osmLampsWorking": 0, "osmLampsBroken": 0, "osmLampsUntagged": 0, "nightBusTrips": 44.8, "wardComplaints2025": 136, "reports": 0}}}, {"type": "Feature", "geometry": {"type": "LineString", "coordinates": [[77.634222, 12.9294741], [77.6335345, 12.9298044]]}, "properties": {"segID": "way558762895/0", "name": "1st Main Road", "ward": "Koramangala", "roadClass": "tertiary", "lengthM": 83.1, "darkness": {"alpha": 1.748, "beta": 0.252, "mean": 0.126, "var": 0.03671}, "exposure": {"activity": 0.7317, "structural": 0.4466, "blended": 0.5179}, "confidence": 0.4966, "repairPriority": 0.03241, "routePenalty": 171.3, "reportValue": 0.01901, "evidence": {"osmLampsWorking": 0, "osmLampsBroken": 0, "osmLampsUntagged": 0, "nightBusTrips": 47.6, "wardComplaints2025": 136, "reports": 0}}}, {"type": "Feature", "geometry": {"type": "LineString", "coordinates": [[77.6331786, 12.9298734], [77.6332318, 12.9298744], [77.6335422, 12.9298567]]}, "properties": {"segID": "way558762896/0", "name": "1st Main Road", "ward": "Ejipura", "roadClass": "tertiary", "lengthM": 39.5, "darkness": {"alpha": 1.748, "beta": 0.252, "mean": 0.126, "var": 0.03671}, "exposure": {"activity": 0.7627, "structural": 0.6724, "blended": 0.695}, "confidence": 0.4966, "repairPriority": 0.04349, "routePenalty": 75.6, "reportValue": 0.02551, "evidence": {"osmLampsWorking": 0, "osmLampsBroken": 0, "osmLampsUntagged": 0, "nightBusTrips": 55.5, "wardComplaints2025": 78, "reports": 0}}}, {"type": "Feature", "geometry": {"type": "LineString", "coordinates": [[77.6348893, 12.9291803], [77.6349138, 12.9292349], [77.6350591, 12.9295661]]}, "properties": {"segID": "way558762898/0", "name": "5th D Main Road", "ward": "Koramangala", "roadClass": "residential", "lengthM": 46.7, "darkness": {"alpha": 1.748, "beta": 0.252, "mean": 0.126, "var": 0.03671}, "exposure": {"activity": 0.6234, "structural": 0.3956, "blended": 0.4526}, "confidence": 0.4966, "repairPriority": 0.02832, "routePenalty": 100.1, "reportValue": 0.01661, "evidence": {"osmLampsWorking": 0, "osmLampsBroken": 0, "osmLampsUntagged": 0, "nightBusTrips": 44.8, "wardComplaints2025": 136, "reports": 0}}}, {"type": "Feature", "geometry": {"type": "LineString", "coordinates": [[77.6344884, 12.929418], [77.6345049, 12.9294443], [77.634651, 12.9297466]]}, "properties": {"segID": "way558762899/0", "name": "5th B Main Road", "ward": "Koramangala", "roadClass": "residential", "lengthM": 40.6, "darkness": {"alpha": 1.748, "beta": 0.252, "mean": 0.126, "var": 0.03671}, "exposure": {"activity": 0.6191, "structural": 0.3984, "blended": 0.4535}, "confidence": 0.4966, "repairPriority": 0.02838, "routePenalty": 87.0, "reportValue": 0.01665, "evidence": {"osmLampsWorking": 0, "osmLampsBroken": 0, "osmLampsUntagged": 0, "nightBusTrips": 45.7, "wardComplaints2025": 136, "reports": 0}}}, {"type": "Feature", "geometry": {"type": "LineString", "coordinates": [[77.6343136, 12.9295396], [77.6345081, 12.9299988]]}, "properties": {"segID": "way558762900/0", "name": "5th A Main Road", "ward": "Koramangala", "roadClass": "residential", "lengthM": 55.2, "darkness": {"alpha": 1.748, "beta": 0.252, "mean": 0.126, "var": 0.03671}, "exposure": {"activity": 0.6277, "structural": 0.1688, "blended": 0.2835}, "confidence": 0.4966, "repairPriority": 0.01774, "routePenalty": 140.1, "reportValue": 0.01041, "evidence": {"osmLampsWorking": 0, "osmLampsBroken": 0, "osmLampsUntagged": 0, "nightBusTrips": 42.5, "wardComplaints2025": 136, "reports": 0}}}, {"type": "Feature", "geometry": {"type": "LineString", "coordinates": [[77.6340977, 12.9296039], [77.6341161, 12.9296394], [77.6343392, 12.9301622]]}, "properties": {"segID": "way558762901/0", "name": "5th A Main Road", "ward": "Koramangala", "roadClass": "residential", "lengthM": 67.4, "darkness": {"alpha": 1.748, "beta": 0.252, "mean": 0.126, "var": 0.03671}, "exposure": {"activity": 0.6449, "structural": 0.3566, "blended": 0.4287}, "confidence": 0.4966, "repairPriority": 0.02682, "routePenalty": 147.0, "reportValue": 0.01574, "evidence": {"osmLampsWorking": 0, "osmLampsBroken": 0, "osmLampsUntagged": 0, "nightBusTrips": 45.9, "wardComplaints2025": 136, "reports": 0}}}, {"type": "Feature", "geometry": {"type": "LineString", "coordinates": [[77.6338793, 12.9297066], [77.6338957, 12.9297422], [77.6341688, 12.9303348]]}, "properties": {"segID": "way558762902/0", "name": "6th B Main Road", "ward": "Koramangala", "roadClass": "residential", "lengthM": 76.6, "darkness": {"alpha": 1.748, "beta": 0.252, "mean": 0.126, "var": 0.03671}, "exposure": {"activity": 0.6776, "structural": 0.4328, "blended": 0.494}, "confidence": 0.4966, "repairPriority": 0.03091, "routePenalty": 160.0, "reportValue": 0.01813, "evidence": {"osmLampsWorking": 0, "osmLampsBroken": 0, "osmLampsUntagged": 0, "nightBusTrips": 46.0, "wardComplaints2025": 136, "reports": 0}}}, {"type": "Feature", "geometry": {"type": "LineString", "coordinates": [[77.6336868, 12.9297946], [77.6337032, 12.9298309], [77.6340174, 12.9304876]]}, "properties": {"segID": "way558762903/0", "name": "6th A Main Road", "ward": "Koramangala", "roadClass": "residential", "lengthM": 85.0, "darkness": {"alpha": 1.748, "beta": 0.252, "mean": 0.126, "var": 0.03671}, "exposure": {"activity": 0.7171, "structural": 0.3583, "blended": 0.448}, "confidence": 0.4966, "repairPriority": 0.02803, "routePenalty": 182.8, "reportValue": 0.01645, "evidence": {"osmLampsWorking": 0, "osmLampsBroken": 0, "osmLampsUntagged": 0, "nightBusTrips": 46.3, "wardComplaints2025": 136, "reports": 0}}}, {"type": "Feature", "geometry": {"type": "LineString", "coordinates": [[77.6335345, 12.9298044], [77.6332856, 12.9298091], [77.6332377, 12.9298078], [77.6331811, 12.9298061]]}, "properties": {"segID": "way558762904/0", "name": "1st Main Road", "ward": "Koramangala", "roadClass": "tertiary", "lengthM": 38.3, "darkness": {"alpha": 1.748, "beta": 0.252, "mean": 0.126, "var": 0.03671}, "exposure": {"activity": 0.7455, "structural": 0.438, "blended": 0.5149}, "confidence": 0.4966, "repairPriority": 0.03222, "routePenalty": 79.1, "reportValue": 0.0189, "evidence": {"osmLampsWorking": 0, "osmLampsBroken": 0, "osmLampsUntagged": 0, "nightBusTrips": 55.9, "wardComplaints2025": 136, "reports": 0}}}, {"type": "Feature", "geometry": {"type": "LineString", "coordinates": [[77.6335422, 12.9298567], [77.6336868, 12.9297946], [77.6338793, 12.9297066], [77.6340977, 12.9296039], [77.6342459, 12.9295357]]}, "properties": {"segID": "way558762905/0", "name": "1st Main Road", "ward": "Koramangala", "roadClass": "tertiary", "lengthM": 84.2, "darkness": {"alpha": 1.748, "beta": 0.252, "mean": 0.126, "var": 0.03671}, "exposure": {"activity": 0.6724, "structural": 0.6482, "blended": 0.6542}, "confidence": 0.4966, "repairPriority": 0.04093, "routePenalty": 163.4, "reportValue": 0.02402, "evidence": {"osmLampsWorking": 0, "osmLampsBroken": 0, "osmLampsUntagged": 0, "nightBusTrips": 46.4, "wardComplaints2025": 136, "reports": 0}}}, {"type": "Feature", "geometry": {"type": "LineString", "coordinates": [[77.6333255, 12.9190423], [77.6326857, 12.9191417]]}, "properties": {"segID": "way558765533/0", "name": "11th Cross Road", "ward": "Jakkasandra", "roadClass": "residential", "lengthM": 70.2, "darkness": {"alpha": 1.748, "beta": 0.252, "mean": 0.126, "var": 0.03671}, "exposure": {"activity": 0.6066, "structural": 0.5727, "blended": 0.5811}, "confidence": 0.4966, "repairPriority": 0.03636, "routePenalty": 140.3, "reportValue": 0.02133, "evidence": {"osmLampsWorking": 0, "osmLampsBroken": 0, "osmLampsUntagged": 0, "nightBusTrips": 161.6, "wardComplaints2025": 62, "reports": 0}}}, {"type": "Feature", "geometry": {"type": "LineString", "coordinates": [[77.636511, 12.9225809], [77.6376907, 12.9223391], [77.6379473, 12.9222831]]}, "properties": {"segID": "way558765534/0", "name": "7th Cross Road", "ward": "Jakkasandra", "roadClass": "residential", "lengthM": 159.1, "darkness": {"alpha": 1.748, "beta": 0.252, "mean": 0.126, "var": 0.03671}, "exposure": {"activity": 0.147, "structural": 0.649, "blended": 0.5235}, "confidence": 0.4966, "repairPriority": 0.03276, "routePenalty": 326.9, "reportValue": 0.01922, "evidence": {"osmLampsWorking": 0, "osmLampsBroken": 0, "osmLampsUntagged": 0, "nightBusTrips": 100.5, "wardComplaints2025": 62, "reports": 0}}}, {"type": "Feature", "geometry": {"type": "LineString", "coordinates": [[77.6379473, 12.9222831], [77.6381394, 12.9222378], [77.6382239, 12.9222111], [77.6382923, 12.9221706], [77.638989, 12.9219176]]}, "properties": {"segID": "way558765534/1", "name": "7th Cross Road", "ward": "Jakkasandra", "roadClass": "residential", "lengthM": 120.3, "darkness": {"alpha": 3.748, "beta": 2.252, "mean": 0.3753, "var": 0.03349}, "exposure": {"activity": 0.1436, "structural": 0.6887, "blended": 0.5525}, "confidence": 0.8835, "repairPriority": 0.1832, "routePenalty": 285.5, "reportValue": 0.0185, "evidence": {"osmLampsWorking": 2, "osmLampsBroken": 2, "osmLampsUntagged": 0, "nightBusTrips": 103.0, "wardComplaints2025": 62, "reports": 0}}}, {"type": "Feature", "geometry": {"type": "LineString", "coordinates": [[77.6383944, 12.9270606], [77.6382463, 12.9261655], [77.6380222, 12.9248118]]}, "properties": {"segID": "way558765535/0", "name": "1st B Main Road", "ward": "Koramangala", "roadClass": "residential", "lengthM": 253.3, "darkness": {"alpha": 1.748, "beta": 0.252, "mean": 0.126, "var": 0.03671}, "exposure": {"activity": 0.3654, "structural": 0.5001, "blended": 0.4664}, "confidence": 0.4966, "repairPriority": 0.02918, "routePenalty": 538.1, "reportValue": 0.01712, "evidence": {"osmLampsWorking": 0, "osmLampsBroken": 0, "osmLampsUntagged": 0, "nightBusTrips": 66.7, "wardComplaints2025": 136, "reports": 0}}}, {"type": "Feature", "geometry": {"type": "LineString", "coordinates": [[77.6249039, 12.9367136], [77.6248053, 12.9365212], [77.6247774, 12.9364788], [77.6247168, 12.9363683], [77.6246898, 12.9362829], [77.6246712, 12.9362219], [77.6246162, 12.9360367], [77.6245414, 12.9358402], [77.6241431, 12.9355401]]}, "properties": {"segID": "way558765859/0", "name": "17th A Main Road", "ward": "Koramangala", "roadClass": "residential", "lengthM": 159.8, "darkness": {"alpha": 1.748, "beta": 0.252, "mean": 0.126, "var": 0.03671}, "exposure": {"activity": 0.969, "structural": 0.5701, "blended": 0.6698}, "confidence": 0.4966, "repairPriority": 0.04191, "routePenalty": 308.4, "reportValue": 0.02459, "evidence": {"osmLampsWorking": 0, "osmLampsBroken": 0, "osmLampsUntagged": 0, "nightBusTrips": 68.2, "wardComplaints2025": 136, "reports": 0}}}, {"type": "Feature", "geometry": {"type": "LineString", "coordinates": [[77.6241431, 12.9355401], [77.6240503, 12.9354825], [77.6238596, 12.9353787], [77.6236984, 12.9352343]]}, "properties": {"segID": "way558765859/1", "name": "17th A Main Road", "ward": "Koramangala", "roadClass": "residential", "lengthM": 59.3, "darkness": {"alpha": 1.748, "beta": 0.252, "mean": 0.126, "var": 0.03671}, "exposure": {"activity": 0.9544, "structural": 0.5553, "blended": 0.6551}, "confidence": 0.4966, "repairPriority": 0.04099, "routePenalty": 115.0, "reportValue": 0.02405, "evidence": {"osmLampsWorking": 0, "osmLampsBroken": 0, "osmLampsUntagged": 0, "nightBusTrips": 74.0, "wardComplaints2025": 136, "reports": 0}}}, {"type": "Feature", "geometry": {"type": "LineString", "coordinates": [[77.6323085, 12.9365667], [77.6322374, 12.9365884], [77.6322336, 12.9365902], [77.6322301, 12.936593], [77.6322279, 12.9365978], [77.6322281, 12.9366039], [77.6322766, 12.9367053], [77.6323467, 12.9368702], [77.6324491, 12.9371113], [77.6325523, 12.9373769]]}, "properties": {"segID": "way559414931/0", "name": "Srinivagilu Main Road", "ward": "Ejipura", "roadClass": "residential", "lengthM": 103.2, "darkness": {"alpha": 1.748, "beta": 0.252, "mean": 0.126, "var": 0.03671}, "exposure": {"activity": 0.5675, "structural": 0.458, "blended": 0.4853}, "confidence": 0.4966, "repairPriority": 0.03037, "routePenalty": 216.7, "reportValue": 0.01782, "evidence": {"osmLampsWorking": 0, "osmLampsBroken": 0, "osmLampsUntagged": 0, "nightBusTrips": 37.0, "wardComplaints2025": 78, "reports": 0}}}, {"type": "Feature", "geometry": {"type": "LineString", "coordinates": [[77.6302023, 12.9348684], [77.6305642, 12.9344795], [77.6308248, 12.9342224], [77.63111, 12.9339456], [77.6317926, 12.9332694]]}, "properties": {"segID": "way559414933/0", "name": "1st Main Road", "ward": "Ejipura", "roadClass": "residential", "lengthM": 247.7, "darkness": {"alpha": 1.748, "beta": 0.252, "mean": 0.126, "var": 0.03671}, "exposure": {"activity": 0.9218, "structural": 0.5828, "blended": 0.6675}, "confidence": 0.4966, "repairPriority": 0.04177, "routePenalty": 478.4, "reportValue": 0.0245, "evidence": {"osmLampsWorking": 0, "osmLampsBroken": 0, "osmLampsUntagged": 0, "nightBusTrips": 40.5, "wardComplaints2025": 78, "reports": 0}}}, {"type": "Feature", "geometry": {"type": "LineString", "coordinates": [[77.6317926, 12.9332694], [77.6318579, 12.9332047], [77.6323236, 12.9327434], [77.6334015, 12.9316638]]}, "properties": {"segID": "way559414933/1", "name": "1st Main Road", "ward": "Ejipura", "roadClass": "residential", "lengthM": 249.6, "darkness": {"alpha": 1.748, "beta": 0.252, "mean": 0.126, "var": 0.03671}, "exposure": {"activity": 0.8358, "structural": 0.5109, "blended": 0.5921}, "confidence": 0.4966, "repairPriority": 0.03705, "routePenalty": 496.3, "reportValue": 0.02174, "evidence": {"osmLampsWorking": 0, "osmLampsBroken": 0, "osmLampsUntagged": 0, "nightBusTrips": 37.0, "wardComplaints2025": 78, "reports": 0}}}, {"type": "Feature", "geometry": {"type": "LineString", "coordinates": [[77.6334015, 12.9316638], [77.63402, 12.9310904]]}, "properties": {"segID": "way559414933/2", "name": "1st Main Road", "ward": "Agaram", "roadClass": "residential", "lengthM": 92.5, "darkness": {"alpha": 0.356, "beta": 1.644, "mean": 0.8221, "var": 0.04874}, "exposure": {"activity": 0.7506, "structural": 0.3238, "blended": 0.4305}, "confidence": 0.0924, "repairPriority": 0.0327, "routePenalty": 306.9, "reportValue": 0.02098, "evidence": {"osmLampsWorking": 0, "osmLampsBroken": 0, "osmLampsUntagged": 0, "nightBusTrips": 39.7, "wardComplaints2025": 71, "reports": 0}}}, {"type": "Feature", "geometry": {"type": "LineString", "coordinates": [[77.6327996, 12.9341463], [77.6331074, 12.934443], [77.6334314, 12.9347532], [77.6337216, 12.9350287], [77.6337351, 12.9351754]]}, "properties": {"segID": "way559414937/0", "name": "6th Cross Road", "ward": "Ejipura", "roadClass": "residential", "lengthM": 156.4, "darkness": {"alpha": 1.748, "beta": 0.252, "mean": 0.126, "var": 0.03671}, "exposure": {"activity": 0.6122, "structural": 0.5147, "blended": 0.5391}, "confidence": 0.4966, "repairPriority": 0.03373, "routePenalty": 318.8, "reportValue": 0.01979, "evidence": {"osmLampsWorking": 0, "osmLampsBroken": 0, "osmLampsUntagged": 0, "nightBusTrips": 23.9, "wardComplaints2025": 78, "reports": 0}}}, {"type": "Feature", "geometry": {"type": "LineString", "coordinates": [[77.6337351, 12.9351754], [77.6337722, 12.9354498]]}, "properties": {"segID": "way559414937/1", "name": "6th Cross Road", "ward": "Ejipura", "roadClass": "residential", "lengthM": 30.8, "darkness": {"alpha": 1.748, "beta": 0.252, "mean": 0.126, "var": 0.03671}, "exposure": {"activity": 0.4076, "structural": 0.4751, "blended": 0.4582}, "confidence": 0.4966, "repairPriority": 0.02867, "routePenalty": 65.8, "reportValue": 0.01682, "evidence": {"osmLampsWorking": 0, "osmLampsBroken": 0, "osmLampsUntagged": 0, "nightBusTrips": 24.0, "wardComplaints2025": 78, "reports": 0}}}, {"type": "Feature", "geometry": {"type": "LineString", "coordinates": [[77.6316793, 12.9384651], [77.6316564, 12.9383333], [77.6321819, 12.9381882], [77.6328508, 12.9379832]]}, "properties": {"segID": "way559414939/0", "name": "1st Cross Road", "ward": "Ejipura", "roadClass": "residential", "lengthM": 150.0, "darkness": {"alpha": 1.748, "beta": 0.252, "mean": 0.126, "var": 0.03671}, "exposure": {"activity": 0.3336, "structural": 0.5935, "blended": 0.5285}, "confidence": 0.4966, "repairPriority": 0.03307, "routePenalty": 307.4, "reportValue": 0.0194, "evidence": {"osmLampsWorking": 0, "osmLampsBroken": 0, "osmLampsUntagged": 0, "nightBusTrips": 41.8, "wardComplaints2025": 78, "reports": 0}}}, {"type": "Feature", "geometry": {"type": "LineString", "coordinates": [[77.6316564, 12.9383333], [77.6316287, 12.9381873], [77.6315623, 12.9378615], [77.6315199, 12.9377179], [77.6314981, 12.9376456], [77.6314625, 12.9375969], [77.6310829, 12.9373028], [77.6308975, 12.937149]]}, "properties": {"segID": "way559414940/0", "name": "1st Cross Road", "ward": "Ejipura", "roadClass": "residential", "lengthM": 164.0, "darkness": {"alpha": 1.748, "beta": 0.252, "mean": 0.126, "var": 0.03671}, "exposure": {"activity": 0.4669, "structural": 0.4698, "blended": 0.4691}, "confidence": 0.4966, "repairPriority": 0.02935, "routePenalty": 347.8, "reportValue": 0.01722, "evidence": {"osmLampsWorking": 0, "osmLampsBroken": 0, "osmLampsUntagged": 0, "nightBusTrips": 43.5, "wardComplaints2025": 78, "reports": 0}}}, {"type": "Feature", "geometry": {"type": "LineString", "coordinates": [[77.6308975, 12.937149], [77.6306652, 12.9369564]]}, "properties": {"segID": "way559414940/1", "name": "1st Cross Road", "ward": "Ejipura", "roadClass": "residential", "lengthM": 33.1, "darkness": {"alpha": 1.748, "beta": 0.252, "mean": 0.126, "var": 0.03671}, "exposure": {"activity": 0.6922, "structural": 0.3448, "blended": 0.4316}, "confidence": 0.4966, "repairPriority": 0.02701, "routePenalty": 72.0, "reportValue": 0.01584, "evidence": {"osmLampsWorking": 0, "osmLampsBroken": 0, "osmLampsUntagged": 0, "nightBusTrips": 48.3, "wardComplaints2025": 78, "reports": 0}}}, {"type": "Feature", "geometry": {"type": "LineString", "coordinates": [[77.6302023, 12.9348684], [77.6298381, 12.9358746], [77.6298183, 12.9359539], [77.6298009, 12.9360611], [77.6297951, 12.9361063], [77.6297788, 12.9362318]]}, "properties": {"segID": "way559414943/0", "name": "1st Main Road", "ward": "Ejipura", "roadClass": "residential", "lengthM": 158.9, "darkness": {"alpha": 1.748, "beta": 0.252, "mean": 0.126, "var": 0.03671}, "exposure": {"activity": 0.8805, "structural": 0.6805, "blended": 0.7305}, "confidence": 0.4966, "repairPriority": 0.04571, "routePenalty": 300.8, "reportValue": 0.02682, "evidence": {"osmLampsWorking": 0, "osmLampsBroken": 0, "osmLampsUntagged": 0, "nightBusTrips": 55.6, "wardComplaints2025": 78, "reports": 0}}}, {"type": "Feature", "geometry": {"type": "LineString", "coordinates": [[77.6297788, 12.9362318], [77.6293269, 12.9372374], [77.6292717, 12.9373602], [77.629157, 12.9376326]]}, "properties": {"segID": "way559414943/1", "name": "1st Main Road", "ward": "Ejipura", "roadClass": "residential", "lengthM": 169.7, "darkness": {"alpha": 1.748, "beta": 0.252, "mean": 0.126, "var": 0.03671}, "exposure": {"activity": 0.8186, "structural": 0.6996, "blended": 0.7293}, "confidence": 0.4966, "repairPriority": 0.04563, "routePenalty": 321.3, "reportValue": 0.02677, "evidence": {"osmLampsWorking": 0, "osmLampsBroken": 0, "osmLampsUntagged": 0, "nightBusTrips": 61.6, "wardComplaints2025": 78, "reports": 0}}}, {"type": "Feature", "geometry": {"type": "LineString", "coordinates": [[77.629157, 12.9376326], [77.6291477, 12.9376446], [77.6291347, 12.9376486], [77.6289191, 12.9376113], [77.6289017, 12.9376205], [77.6288897, 12.9376328], [77.6287795, 12.9382646]]}, "properties": {"segID": "way559414943/2", "name": "1st Main Road", "ward": "Ejipura", "roadClass": "residential", "lengthM": 102.2, "darkness": {"alpha": 1.748, "beta": 0.252, "mean": 0.126, "var": 0.03671}, "exposure": {"activity": 0.8547, "structural": 0.7066, "blended": 0.7436}, "confidence": 0.4966, "repairPriority": 0.04653, "routePenalty": 192.7, "reportValue": 0.0273, "evidence": {"osmLampsWorking": 0, "osmLampsBroken": 0, "osmLampsUntagged": 0, "nightBusTrips": 64.0, "wardComplaints2025": 78, "reports": 0}}}, {"type": "Feature", "geometry": {"type": "LineString", "coordinates": [[77.6321489, 12.93348], [77.6318579, 12.9332047]]}, "properties": {"segID": "way559415849/0", "name": "6th Cross Road", "ward": "Ejipura", "roadClass": "residential", "lengthM": 44.0, "darkness": {"alpha": 1.748, "beta": 0.252, "mean": 0.126, "var": 0.03671}, "exposure": {"activity": 0.8487, "structural": 0.5654, "blended": 0.6362}, "confidence": 0.4966, "repairPriority": 0.03981, "routePenalty": 86.0, "reportValue": 0.02335, "evidence": {"osmLampsWorking": 0, "osmLampsBroken": 0, "osmLampsUntagged": 0, "nightBusTrips": 35.2, "wardComplaints2025": 78, "reports": 0}}}, {"type": "Feature", "geometry": {"type": "LineString", "coordinates": [[77.6216695, 12.9169759], [77.6222334, 12.9171705]]}, "properties": {"segID": "way559801783/0", "name": "Outer Ring Road", "ward": "Madivala", "roadClass": "trunk", "lengthM": 64.8, "darkness": {"alpha": 1.748, "beta": 0.252, "mean": 0.126, "var": 0.03671}, "exposure": {"activity": 0.1522, "structural": 0.5196, "blended": 0.4278}, "confidence": 0.4966, "repairPriority": 0.02677, "routePenalty": 141.4, "reportValue": 0.0157, "evidence": {"osmLampsWorking": 0, "osmLampsBroken": 0, "osmLampsUntagged": 0, "nightBusTrips": 336.7, "wardComplaints2025": 180, "reports": 0}}}, {"type": "Feature", "geometry": {"type": "LineString", "coordinates": [[77.6246163, 12.934525], [77.6246742, 12.9347157], [77.6247861, 12.9349662]]}, "properties": {"segID": "way563684084/0", "name": "16th B Main Road", "ward": "Koramangala", "roadClass": "residential", "lengthM": 52.5, "darkness": {"alpha": 1.748, "beta": 0.252, "mean": 0.126, "var": 0.03671}, "exposure": {"activity": 0.9347, "structural": 0.6144, "blended": 0.6945}, "confidence": 0.4966, "repairPriority": 0.04346, "routePenalty": 100.5, "reportValue": 0.0255, "evidence": {"osmLampsWorking": 0, "osmLampsBroken": 0, "osmLampsUntagged": 0, "nightBusTrips": 74.1, "wardComplaints2025": 136, "reports": 0}}}, {"type": "Feature", "geometry": {"type": "LineString", "coordinates": [[77.6676429, 12.9194283], [77.6676094, 12.9194448], [77.6674568, 12.9195245], [77.6671398, 12.919686], [77.666985, 12.9197731], [77.6668582, 12.9198365], [77.6667954, 12.9198679], [77.6667793, 12.9198759], [77.6665738, 12.9199759], [77.6664593, 12.9200271], [77.666417, 12.9200461], [77.6663922, 12.9200572]]}, "properties": {"segID": "way609637729/0", "name": "Sarjapura Road", "ward": "Bellanduru", "roadClass": "primary", "lengthM": 152.6, "darkness": {"alpha": 1.363, "beta": 7.637, "mean": 0.8486, "var": 0.01285}, "exposure": {"activity": 0.724, "structural": 0.4849, "blended": 0.5446}, "confidence": 0.9592, "repairPriority": 0.44329, "routePenalty": 446.4, "reportValue": 0.007, "evidence": {"osmLampsWorking": 0, "osmLampsBroken": 7, "osmLampsUntagged": 0, "nightBusTrips": 244.3, "wardComplaints2025": 250, "reports": 0}}}, {"type": "Feature", "geometry": {"type": "LineString", "coordinates": [[77.6663922, 12.9200572], [77.6660675, 12.9201931], [77.6657561, 12.920298], [77.6657051, 12.9203128], [77.6656618, 12.9203253], [77.6655505, 12.920357], [77.6654346, 12.9203873]]}, "properties": {"segID": "way609637729/1", "name": "Sarjapura Road", "ward": "Bellanduru", "roadClass": "primary", "lengthM": 110.2, "darkness": {"alpha": 1.363, "beta": 3.637, "mean": 0.7274, "var": 0.03305}, "exposure": {"activity": 0.6535, "structural": 0.4856, "blended": 0.5275}, "confidence": 0.8878, "repairPriority": 0.34065, "routePenalty": 322.1, "reportValue": 0.01743, "evidence": {"osmLampsWorking": 0, "osmLampsBroken": 3, "osmLampsUntagged": 0, "nightBusTrips": 245.1, "wardComplaints2025": 250, "reports": 0}}}, {"type": "Feature", "geometry": {"type": "LineString", "coordinates": [[77.6655365, 12.9205145], [77.665646, 12.9204611], [77.6661174, 12.9202676], [77.6664963, 12.9200863], [77.6668194, 12.9199412]]}, "properties": {"segID": "way609637730/0", "name": "Sarjapura Road", "ward": "Bellanduru", "roadClass": "primary", "lengthM": 153.0, "darkness": {"alpha": 1.363, "beta": 5.637, "mean": 0.8053, "var": 0.0196}, "exposure": {"activity": 0.6586, "structural": 0.4924, "blended": 0.534}, "confidence": 0.9316, "repairPriority": 0.40062, "routePenalty": 447.6, "reportValue": 0.01047, "evidence": {"osmLampsWorking": 0, "osmLampsBroken": 5, "osmLampsUntagged": 0, "nightBusTrips": 255.6, "wardComplaints2025": 250, "reports": 0}}}, {"type": "Feature", "geometry": {"type": "LineString", "coordinates": [[77.6668194, 12.9199412], [77.6669822, 12.9198603], [77.6670935, 12.919805], [77.6671698, 12.9197657], [77.6672551, 12.9197231], [77.6672927, 12.9197047], [77.6675508, 12.91957], [77.6677991, 12.9194391], [77.6680792, 12.9192865]]}, "properties": {"segID": "way609637730/1", "name": "Sarjapura Road", "ward": "Bellanduru", "roadClass": "primary", "lengthM": 154.7, "darkness": {"alpha": 1.363, "beta": 7.637, "mean": 0.8486, "var": 0.01285}, "exposure": {"activity": 0.7868, "structural": 0.4818, "blended": 0.558}, "confidence": 0.9592, "repairPriority": 0.4542, "routePenalty": 450.5, "reportValue": 0.00717, "evidence": {"osmLampsWorking": 0, "osmLampsBroken": 7, "osmLampsUntagged": 0, "nightBusTrips": 240.7, "wardComplaints2025": 250, "reports": 0}}}, {"type": "Feature", "geometry": {"type": "LineString", "coordinates": [[77.6680792, 12.9192865], [77.6682994, 12.9191645], [77.6684564, 12.9190784], [77.6684825, 12.9190611], [77.6685555, 12.9190265], [77.6686529, 12.9189905], [77.6689104, 12.9189097], [77.6690309, 12.9188739], [77.6695743, 12.9187095]]}, "properties": {"segID": "way609637730/2", "name": "Sarjapura Road", "ward": "Bellanduru", "roadClass": "primary", "lengthM": 175.1, "darkness": {"alpha": 1.363, "beta": 9.637, "mean": 0.8761, "var": 0.00905}, "exposure": {"activity": 0.7584, "structural": 0.4653, "blended": 0.5385}, "confidence": 0.9819, "repairPriority": 0.46324, "routePenalty": 515.3, "reportValue": 0.00487, "evidence": {"osmLampsWorking": 0, "osmLampsBroken": 9, "osmLampsUntagged": 0, "nightBusTrips": 220.5, "wardComplaints2025": 250, "reports": 0}}}, {"type": "Feature", "geometry": {"type": "LineString", "coordinates": [[77.6695743, 12.9187095], [77.6697902, 12.9186405], [77.6703071, 12.918459], [77.6705507, 12.9183701], [77.6707882, 12.9182699], [77.6708356, 12.9182499], [77.6708845, 12.9182292]]}, "properties": {"segID": "way609637730/3", "name": "Sarjapura Road", "ward": "Bellanduru", "roadClass": "primary", "lengthM": 151.8, "darkness": {"alpha": 1.363, "beta": 3.637, "mean": 0.7274, "var": 0.03305}, "exposure": {"activity": 0.2562, "structural": 0.4209, "blended": 0.3797}, "confidence": 0.8878, "repairPriority": 0.2452, "routePenalty": 477.2, "reportValue": 0.01255, "evidence": {"osmLampsWorking": 0, "osmLampsBroken": 3, "osmLampsUntagged": 0, "nightBusTrips": 171.5, "wardComplaints2025": 250, "reports": 0}}}, {"type": "Feature", "geometry": {"type": "LineString", "coordinates": [[77.6708845, 12.9182292], [77.6709242, 12.9182088], [77.6709745, 12.9181866], [77.671159, 12.9180964], [77.6715879, 12.9178795], [77.6717371, 12.9178084], [77.6719623, 12.917701], [77.672245, 12.9175459]]}, "properties": {"segID": "way609637730/4", "name": "Sarjapura Road", "ward": "Bellanduru", "roadClass": "primary", "lengthM": 165.9, "darkness": {"alpha": 1.363, "beta": 0.637, "mean": 0.3186, "var": 0.07236}, "exposure": {"activity": 0.1015, "structural": 0.3923, "blended": 0.3196}, "confidence": 0.058, "repairPriority": 0.00591, "routePenalty": 496.5, "reportValue": 0.02313, "evidence": {"osmLampsWorking": 0, "osmLampsBroken": 0, "osmLampsUntagged": 0, "nightBusTrips": 141.5, "wardComplaints2025": 250, "reports": 0}}}, {"type": "Feature", "geometry": {"type": "LineString", "coordinates": [[77.672245, 12.9175459], [77.6726315, 12.9173569], [77.6727453, 12.9172984], [77.6727545, 12.9172937], [77.6731985, 12.9170649], [77.6733725, 12.9169762], [77.6734164, 12.9169535]]}, "properties": {"segID": "way609637730/5", "name": "Sarjapura Road", "ward": "Bellanduru", "roadClass": "primary", "lengthM": 143.0, "darkness": {"alpha": 1.363, "beta": 0.637, "mean": 0.3186, "var": 0.07236}, "exposure": {"activity": 0.0593, "structural": 0.3507, "blended": 0.2779}, "confidence": 0.058, "repairPriority": 0.00514, "routePenalty": 447.9, "reportValue": 0.02011, "evidence": {"osmLampsWorking": 0, "osmLampsBroken": 0, "osmLampsUntagged": 0, "nightBusTrips": 113.5, "wardComplaints2025": 250, "reports": 0}}}, {"type": "Feature", "geometry": {"type": "LineString", "coordinates": [[77.6662615, 12.9212738], [77.6680451, 12.922053]]}, "properties": {"segID": "way609637808/0", "name": "Outer Ring Road", "ward": "Bellanduru", "roadClass": "trunk", "lengthM": 211.8, "darkness": {"alpha": 4.46, "beta": 4.54, "mean": 0.5044, "var": 0.025}, "exposure": {"activity": 0.5451, "structural": 0.8738, "blended": 0.7916}, "confidence": 0.908, "repairPriority": 0.36255, "routePenalty": 494.6, "reportValue": 0.01979, "evidence": {"osmLampsWorking": 3, "osmLampsBroken": 4, "osmLampsUntagged": 0, "nightBusTrips": 310.4, "wardComplaints2025": 250, "reports": 0}}}, {"type": "Feature", "geometry": {"type": "LineString", "coordinates": [[77.6680451, 12.922053], [77.6704187, 12.923181]]}, "properties": {"segID": "way609637808/1", "name": "Outer Ring Road", "ward": "Bellanduru", "roadClass": "trunk", "lengthM": 286.2, "darkness": {"alpha": 4.46, "beta": 2.54, "mean": 0.3628, "var": 0.0289}, "exposure": {"activity": 0.4007, "structural": 0.8743, "blended": 0.7559}, "confidence": 0.8968, "repairPriority": 0.24594, "routePenalty": 621.6, "reportValue": 0.02185, "evidence": {"osmLampsWorking": 3, "osmLampsBroken": 2, "osmLampsUntagged": 0, "nightBusTrips": 316.4, "wardComplaints2025": 250, "reports": 0}}}, {"type": "Feature", "geometry": {"type": "LineString", "coordinates": [[77.6704187, 12.923181], [77.6725796, 12.9241634]]}, "properties": {"segID": "way609637808/2", "name": "Outer Ring Road", "ward": "Bellanduru", "roadClass": "trunk", "lengthM": 258.4, "darkness": {"alpha": 1.46, "beta": 0.54, "mean": 0.2699, "var": 0.06568}, "exposure": {"activity": 0.1281, "structural": 0.855, "blended": 0.6733}, "confidence": 0.0628, "repairPriority": 0.01141, "routePenalty": 613.8, "reportValue": 0.04422, "evidence": {"osmLampsWorking": 0, "osmLampsBroken": 0, "osmLampsUntagged": 0, "nightBusTrips": 285.5, "wardComplaints2025": 250, "reports": 0}}}, {"type": "Feature", "geometry": {"type": "LineString", "coordinates": [[77.6725796, 12.9241634], [77.6726301, 12.9241861], [77.6726684, 12.9242033], [77.6735137, 12.9245832], [77.6738264, 12.924724], [77.673989, 12.9248019]]}, "properties": {"segID": "way609637808/3", "name": "Outer Ring Road", "ward": "Bellanduru", "roadClass": "trunk", "lengthM": 168.4, "darkness": {"alpha": 1.46, "beta": 0.54, "mean": 0.2699, "var": 0.06568}, "exposure": {"activity": 0.0782, "structural": 0.8261, "blended": 0.6392}, "confidence": 0.0628, "repairPriority": 0.01083, "routePenalty": 404.0, "reportValue": 0.04198, "evidence": {"osmLampsWorking": 0, "osmLampsBroken": 0, "osmLampsUntagged": 0, "nightBusTrips": 267.7, "wardComplaints2025": 250, "reports": 0}}}, {"type": "Feature", "geometry": {"type": "LineString", "coordinates": [[77.673989, 12.9248019], [77.6741134, 12.9248645], [77.674278, 12.9249455]]}, "properties": {"segID": "way609637808/4", "name": "Outer Ring Road", "ward": "Bellanduru", "roadClass": "trunk", "lengthM": 35.2, "darkness": {"alpha": 1.46, "beta": 0.54, "mean": 0.2699, "var": 0.06568}, "exposure": {"activity": 0.0249, "structural": 0.7392, "blended": 0.5606}, "confidence": 0.0628, "repairPriority": 0.0095, "routePenalty": 86.7, "reportValue": 0.03682, "evidence": {"osmLampsWorking": 0, "osmLampsBroken": 0, "osmLampsUntagged": 0, "nightBusTrips": 242.1, "wardComplaints2025": 250, "reports": 0}}}, {"type": "Feature", "geometry": {"type": "LineString", "coordinates": [[77.6685522, 12.9182753], [77.6682998, 12.9175812], [77.6682474, 12.9174623], [77.6681138, 12.9171591], [77.6679943, 12.9168878]]}, "properties": {"segID": "way609926717/0", "name": "Haralur Road", "ward": "Bellanduru", "roadClass": "tertiary", "lengthM": 165.8, "darkness": {"alpha": 0.973, "beta": 1.027, "mean": 0.5133, "var": 0.08327}, "exposure": {"activity": 0.4678, "structural": 0.415, "blended": 0.4282}, "confidence": 0.0133, "repairPriority": 0.00292, "routePenalty": 519.8, "reportValue": 0.03566, "evidence": {"osmLampsWorking": 0, "osmLampsBroken": 0, "osmLampsUntagged": 0, "nightBusTrips": 163.3, "wardComplaints2025": 250, "reports": 0}}}, {"type": "Feature", "geometry": {"type": "LineString", "coordinates": [[77.6679943, 12.9168878], [77.6679574, 12.916804], [77.6676835, 12.9161823], [77.6674951, 12.9157261], [77.6674607, 12.915646], [77.6672207, 12.9151156]]}, "properties": {"segID": "way609926717/1", "name": "Haralur Road", "ward": "Bellanduru", "roadClass": "tertiary", "lengthM": 214.2, "darkness": {"alpha": 0.973, "beta": 1.027, "mean": 0.5133, "var": 0.08327}, "exposure": {"activity": 0.4471, "structural": 0.3256, "blended": 0.356}, "confidence": 0.0133, "repairPriority": 0.00243, "routePenalty": 701.8, "reportValue": 0.02964, "evidence": {"osmLampsWorking": 0, "osmLampsBroken": 0, "osmLampsUntagged": 0, "nightBusTrips": 100.2, "wardComplaints2025": 250, "reports": 0}}}, {"type": "Feature", "geometry": {"type": "LineString", "coordinates": [[77.6672207, 12.9151156], [77.6672005, 12.9150755], [77.6670313, 12.9147387], [77.6669263, 12.9144969], [77.6668953, 12.9144292], [77.6667992, 12.9142193], [77.6667608, 12.9141372], [77.6667299, 12.9140679], [77.6664202, 12.9134673]]}, "properties": {"segID": "way609926717/2", "name": "Haralur Road", "ward": "Bellanduru", "roadClass": "tertiary", "lengthM": 202.8, "darkness": {"alpha": 0.973, "beta": 1.027, "mean": 0.5133, "var": 0.08327}, "exposure": {"activity": 0.3164, "structural": 0.2276, "blended": 0.2498}, "confidence": 0.0133, "repairPriority": 0.00171, "routePenalty": 736.6, "reportValue": 0.0208, "evidence": {"osmLampsWorking": 0, "osmLampsBroken": 0, "osmLampsUntagged": 0, "nightBusTrips": 63.3, "wardComplaints2025": 250, "reports": 0}}}, {"type": "Feature", "geometry": {"type": "LineString", "coordinates": [[77.6664202, 12.9134673], [77.6657195, 12.9127419], [77.6656164, 12.9126347], [77.6655875, 12.9126063], [77.6654338, 12.9124552]]}, "properties": {"segID": "way609926717/3", "name": "Haralur Road", "ward": "Bellanduru", "roadClass": "tertiary", "lengthM": 155.2, "darkness": {"alpha": 0.973, "beta": 1.027, "mean": 0.5133, "var": 0.08327}, "exposure": {"activity": 0.1006, "structural": 0.1299, "blended": 0.1226}, "confidence": 0.0133, "repairPriority": 0.00084, "routePenalty": 754.8, "reportValue": 0.01021, "evidence": {"osmLampsWorking": 0, "osmLampsBroken": 0, "osmLampsUntagged": 0, "nightBusTrips": 13.8, "wardComplaints2025": 250, "reports": 0}}}, {"type": "Feature", "geometry": {"type": "LineString", "coordinates": [[77.6654338, 12.9124552], [77.6653937, 12.9124155], [77.6651425, 12.9121683], [77.6644839, 12.9115321], [77.66426, 12.9113158]]}, "properties": {"segID": "way609926717/4", "name": "Haralur Road", "ward": "Bellanduru", "roadClass": "tertiary", "lengthM": 179.5, "darkness": {"alpha": 0.973, "beta": 1.027, "mean": 0.5133, "var": 0.08327}, "exposure": {"activity": 0.0765, "structural": 0.1289, "blended": 0.1158}, "confidence": 0.0133, "repairPriority": 0.00079, "routePenalty": 898.3, "reportValue": 0.00964, "evidence": {"osmLampsWorking": 0, "osmLampsBroken": 0, "osmLampsUntagged": 0, "nightBusTrips": 11.0, "wardComplaints2025": 250, "reports": 0}}}, {"type": "Feature", "geometry": {"type": "LineString", "coordinates": [[77.66426, 12.9113158], [77.6640436, 12.9111067], [77.6633944, 12.9104796], [77.6630753, 12.9101714]]}, "properties": {"segID": "way609926717/5", "name": "Haralur Road", "ward": "Bellanduru", "roadClass": "tertiary", "lengthM": 180.8, "darkness": {"alpha": 0.973, "beta": 1.027, "mean": 0.5133, "var": 0.08327}, "exposure": {"activity": 0.0249, "structural": 0.1255, "blended": 0.1003}, "confidence": 0.0133, "repairPriority": 0.00068, "routePenalty": 975.9, "reportValue": 0.00835, "evidence": {"osmLampsWorking": 0, "osmLampsBroken": 0, "osmLampsUntagged": 0, "nightBusTrips": 5.4, "wardComplaints2025": 250, "reports": 0}}}, {"type": "Feature", "geometry": {"type": "LineString", "coordinates": [[77.6630753, 12.9101714], [77.6629161, 12.9099741], [77.6629412, 12.9098682], [77.6630526, 12.9097618], [77.6633047, 12.9096912], [77.6635218, 12.9096518], [77.6636979, 12.9095932], [77.6638369, 12.909493], [77.6638458, 12.9094515]]}, "properties": {"segID": "way609926717/6", "name": "Haralur Road", "ward": "Bellanduru", "roadClass": "tertiary", "lengthM": 152.9, "darkness": {"alpha": 0.973, "beta": 1.027, "mean": 0.5133, "var": 0.08327}, "exposure": {"activity": 0.0249, "structural": 0.1258, "blended": 0.1006}, "confidence": 0.0133, "repairPriority": 0.00069, "routePenalty": 824.0, "reportValue": 0.00838, "evidence": {"osmLampsWorking": 0, "osmLampsBroken": 0, "osmLampsUntagged": 0, "nightBusTrips": 6.1, "wardComplaints2025": 250, "reports": 0}}}, {"type": "Feature", "geometry": {"type": "LineString", "coordinates": [[77.6638458, 12.9094515], [77.6638658, 12.9093587], [77.6638745, 12.9093181], [77.6638305, 12.9090571], [77.6637956, 12.9088803], [77.6637143, 12.9083313], [77.6636998, 12.9082328], [77.6636591, 12.9079579]]}, "properties": {"segID": "way609926717/7", "name": "Haralur Road", "ward": "Bellanduru", "roadClass": "tertiary", "lengthM": 168.2, "darkness": {"alpha": 0.973, "beta": 1.027, "mean": 0.5133, "var": 0.08327}, "exposure": {"activity": 0.0249, "structural": 0.1272, "blended": 0.1016}, "confidence": 0.0133, "repairPriority": 0.00069, "routePenalty": 901.6, "reportValue": 0.00846, "evidence": {"osmLampsWorking": 0, "osmLampsBroken": 0, "osmLampsUntagged": 0, "nightBusTrips": 7.9, "wardComplaints2025": 250, "reports": 0}}}, {"type": "Feature", "geometry": {"type": "LineString", "coordinates": [[77.6636591, 12.9079579], [77.6635793, 12.9074192], [77.6635659, 12.9073332], [77.6635171, 12.9070199], [77.663395, 12.9064601]]}, "properties": {"segID": "way609926717/8", "name": "Haralur Road", "ward": "Bellanduru", "roadClass": "tertiary", "lengthM": 169.1, "darkness": {"alpha": 0.973, "beta": 1.027, "mean": 0.5133, "var": 0.08327}, "exposure": {"activity": 0.0249, "structural": 0.1268, "blended": 0.1014}, "confidence": 0.0133, "repairPriority": 0.00069, "routePenalty": 907.4, "reportValue": 0.00844, "evidence": {"osmLampsWorking": 0, "osmLampsBroken": 0, "osmLampsUntagged": 0, "nightBusTrips": 7.9, "wardComplaints2025": 250, "reports": 0}}}, {"type": "Feature", "geometry": {"type": "LineString", "coordinates": [[77.663395, 12.9064601], [77.6630984, 12.9057804], [77.6629129, 12.9055043], [77.6625763, 12.9050114]]}, "properties": {"segID": "way609926717/9", "name": "Haralur Road", "ward": "Bellanduru", "roadClass": "tertiary", "lengthM": 184.7, "darkness": {"alpha": 0.973, "beta": 1.027, "mean": 0.5133, "var": 0.08327}, "exposure": {"activity": 0.0249, "structural": 0.1261, "blended": 0.1008}, "confidence": 0.0133, "repairPriority": 0.00069, "routePenalty": 994.3, "reportValue": 0.00839, "evidence": {"osmLampsWorking": 0, "osmLampsBroken": 0, "osmLampsUntagged": 0, "nightBusTrips": 7.3, "wardComplaints2025": 250, "reports": 0}}}, {"type": "Feature", "geometry": {"type": "LineString", "coordinates": [[77.6625763, 12.9050114], [77.6624495, 12.9048654], [77.662383, 12.9047888], [77.6623012, 12.904611], [77.6622488, 12.9044475], [77.6621963, 12.9041544], [77.6621859, 12.9040965], [77.6621309, 12.9038764], [77.6620907, 12.9037692]]}, "properties": {"segID": "way609926717/10", "name": "Haralur Road", "ward": "Bellanduru", "roadClass": "tertiary", "lengthM": 150.6, "darkness": {"alpha": 0.973, "beta": 1.027, "mean": 0.5133, "var": 0.08327}, "exposure": {"activity": 0.0249, "structural": 0.1275, "blended": 0.1019}, "confidence": 0.0133, "repairPriority": 0.0007, "routePenalty": 805.9, "reportValue": 0.00849, "evidence": {"osmLampsWorking": 0, "osmLampsBroken": 0, "osmLampsUntagged": 0, "nightBusTrips": 8.5, "wardComplaints2025": 250, "reports": 0}}}, {"type": "Feature", "geometry": {"type": "LineString", "coordinates": [[77.6620907, 12.9037692], [77.6620765, 12.9037461], [77.6620355, 12.9036794], [77.6618996, 12.9035064], [77.661818, 12.9034423], [77.6617083, 12.903342], [77.6616939, 12.9033303], [77.6613311, 12.9030121], [77.661136, 12.9028169], [77.6607997, 12.9024806]]}, "properties": {"segID": "way609926717/11", "name": "Haralur Road", "ward": "Bellanduru", "roadClass": "tertiary", "lengthM": 201.0, "darkness": {"alpha": 0.973, "beta": 1.027, "mean": 0.5133, "var": 0.08327}, "exposure": {"activity": 0.0249, "structural": 0.1285, "blended": 0.1026}, "confidence": 0.0133, "repairPriority": 0.0007, "routePenalty": 1071.7, "reportValue": 0.00854, "evidence": {"osmLampsWorking": 0, "osmLampsBroken": 0, "osmLampsUntagged": 0, "nightBusTrips": 10.5, "wardComplaints2025": 250, "reports": 0}}}, {"type": "Feature", "geometry": {"type": "LineString", "coordinates": [[77.6607997, 12.9024806], [77.660768, 12.9024286], [77.6607571, 12.9024107], [77.6607049, 12.902325], [77.6606726, 12.902272], [77.6606266, 12.9021964], [77.6605154, 12.9018256], [77.6604948, 12.9017126], [77.6604165, 12.9014919], [77.660293, 12.9012571], [77.6601994, 12.9011838]]}, "properties": {"segID": "way609926717/12", "name": "Haralur Road", "ward": "Bellanduru", "roadClass": "tertiary", "lengthM": 160.8, "darkness": {"alpha": 0.973, "beta": 1.027, "mean": 0.5133, "var": 0.08327}, "exposure": {"activity": 0.0249, "structural": 0.1279, "blended": 0.1021}, "confidence": 0.0133, "repairPriority": 0.0007, "routePenalty": 859.6, "reportValue": 0.0085, "evidence": {"osmLampsWorking": 0, "osmLampsBroken": 0, "osmLampsUntagged": 0, "nightBusTrips": 9.6, "wardComplaints2025": 250, "reports": 0}}}, {"type": "Feature", "geometry": {"type": "LineString", "coordinates": [[77.6601994, 12.9011838], [77.6601188, 12.9011208], [77.6600401, 12.9009861], [77.6599161, 12.9005703], [77.6598607, 12.9004073], [77.6597728, 12.9003267], [77.6594807, 12.9000345]]}, "properties": {"segID": "way609926717/13", "name": "Haralur Road", "ward": "Bellanduru", "roadClass": "tertiary", "lengthM": 154.1, "darkness": {"alpha": 0.973, "beta": 1.027, "mean": 0.5133, "var": 0.08327}, "exposure": {"activity": 0.0249, "structural": 0.1265, "blended": 0.1011}, "confidence": 0.0133, "repairPriority": 0.00069, "routePenalty": 828.2, "reportValue": 0.00842, "evidence": {"osmLampsWorking": 0, "osmLampsBroken": 0, "osmLampsUntagged": 0, "nightBusTrips": 7.5, "wardComplaints2025": 250, "reports": 0}}}, {"type": "Feature", "geometry": {"type": "LineString", "coordinates": [[77.6594807, 12.9000345], [77.6594139, 12.8999677], [77.6593478, 12.8998073], [77.659302, 12.899657], [77.659232, 12.8994634], [77.6591347, 12.8992897], [77.6591147, 12.8992624], [77.6589959, 12.8992142], [77.6587875, 12.8991618], [77.6587028, 12.8991269], [77.6586428, 12.899077]]}, "properties": {"segID": "way609926717/14", "name": "Haralur Road", "ward": "Bellanduru", "roadClass": "tertiary", "lengthM": 151.4, "darkness": {"alpha": 0.973, "beta": 1.027, "mean": 0.5133, "var": 0.08327}, "exposure": {"activity": 0.0249, "structural": 0.1251, "blended": 0.1001}, "confidence": 0.0133, "repairPriority": 0.00068, "routePenalty": 818.1, "reportValue": 0.00834, "evidence": {"osmLampsWorking": 0, "osmLampsBroken": 0, "osmLampsUntagged": 0, "nightBusTrips": 4.6, "wardComplaints2025": 250, "reports": 0}}}, {"type": "Feature", "geometry": {"type": "LineString", "coordinates": [[77.6586428, 12.899077], [77.658495, 12.8988075], [77.658369, 12.8984549], [77.6582951, 12.8982479], [77.6582745, 12.898196], [77.6582734, 12.8981836], [77.6582731, 12.8981372], [77.6582713, 12.8981212], [77.658244, 12.8978806], [77.6582589, 12.8977633]]}, "properties": {"segID": "way609926717/15", "name": "Haralur Road", "ward": "Bellanduru", "roadClass": "tertiary", "lengthM": 154.4, "darkness": {"alpha": 0.973, "beta": 1.027, "mean": 0.5133, "var": 0.08327}, "exposure": {"activity": 0.0249, "structural": 0.1248, "blended": 0.0998}, "confidence": 0.0133, "repairPriority": 0.00068, "routePenalty": 835.7, "reportValue": 0.00831, "evidence": {"osmLampsWorking": 0, "osmLampsBroken": 0, "osmLampsUntagged": 0, "nightBusTrips": 3.5, "wardComplaints2025": 250, "reports": 0}}}, {"type": "Feature", "geometry": {"type": "LineString", "coordinates": [[77.6582589, 12.8977633], [77.658265, 12.8977154], [77.658306, 12.8975681], [77.6584301, 12.8971228], [77.6584225, 12.8970122], [77.6584168, 12.8969367], [77.658385, 12.8968271], [77.6583105, 12.8966553], [77.6581622, 12.8962678]]}, "properties": {"segID": "way609926717/16", "name": "Haralur Road", "ward": "Bellanduru", "roadClass": "tertiary", "lengthM": 173.8, "darkness": {"alpha": 0.973, "beta": 1.027, "mean": 0.5133, "var": 0.08327}, "exposure": {"activity": 0.0249, "structural": 0.1244, "blended": 0.0995}, "confidence": 0.0133, "repairPriority": 0.00068, "routePenalty": 942.2, "reportValue": 0.00829, "evidence": {"osmLampsWorking": 0, "osmLampsBroken": 0, "osmLampsUntagged": 0, "nightBusTrips": 2.7, "wardComplaints2025": 250, "reports": 0}}}, {"type": "Feature", "geometry": {"type": "LineString", "coordinates": [[77.6581622, 12.8962678], [77.6580977, 12.8960991], [77.6580814, 12.8960625], [77.6578901, 12.8957236], [77.6577543, 12.8954105], [77.657671, 12.8952209], [77.6573118, 12.8944037]]}, "properties": {"segID": "way609926717/17", "name": "Haralur Road", "ward": "Bellanduru", "roadClass": "tertiary", "lengthM": 227.1, "darkness": {"alpha": 0.973, "beta": 1.027, "mean": 0.5133, "var": 0.08327}, "exposure": {"activity": 0.0249, "structural": 0.1241, "blended": 0.0993}, "confidence": 0.0133, "repairPriority": 0.00068, "routePenalty": 1232.5, "reportValue": 0.00827, "evidence": {"osmLampsWorking": 0, "osmLampsBroken": 0, "osmLampsUntagged": 0, "nightBusTrips": 1.9, "wardComplaints2025": 250, "reports": 0}}}, {"type": "Feature", "geometry": {"type": "LineString", "coordinates": [[77.6573118, 12.8944037], [77.6572295, 12.8942633], [77.6570726, 12.8940969]]}, "properties": {"segID": "way609926717/18", "name": "Haralur Road", "ward": "Bellanduru", "roadClass": "tertiary", "lengthM": 43.1, "darkness": {"alpha": 0.973, "beta": 1.027, "mean": 0.5133, "var": 0.08327}, "exposure": {"activity": 0.0249, "structural": 0.1234, "blended": 0.0988}, "confidence": 0.0133, "repairPriority": 0.00067, "routePenalty": 234.6, "reportValue": 0.00823, "evidence": {"osmLampsWorking": 0, "osmLampsBroken": 0, "osmLampsUntagged": 0, "nightBusTrips": 0.9, "wardComplaints2025": 250, "reports": 0}}}, {"type": "Feature", "geometry": {"type": "LineString", "coordinates": [[77.6229515, 12.9172887], [77.6228033, 12.9172563]]}, "properties": {"segID": "way610101763/0", "name": "Outer Ring Road", "ward": "HSR Layout", "roadClass": "trunk", "lengthM": 16.5, "darkness": {"alpha": 1.748, "beta": 0.252, "mean": 0.126, "var": 0.03671}, "exposure": {"activity": 0.2442, "structural": 0.5206, "blended": 0.4515}, "confidence": 0.4966, "repairPriority": 0.02825, "routePenalty": 35.4, "reportValue": 0.01657, "evidence": {"osmLampsWorking": 0, "osmLampsBroken": 0, "osmLampsUntagged": 0, "nightBusTrips": 337.6, "wardComplaints2025": 252, "reports": 0}}}, {"type": "Feature", "geometry": {"type": "LineString", "coordinates": [[77.6648998, 12.9205222], [77.6646905, 12.9205614], [77.6636514, 12.9208504], [77.6624187, 12.9211891]]}, "properties": {"segID": "way610138358/0", "name": "Sarjapura Road", "ward": "HSR Layout", "roadClass": "primary", "lengthM": 279.0, "darkness": {"alpha": 1.748, "beta": 2.252, "mean": 0.563, "var": 0.04921}, "exposure": {"activity": 0.4789, "structural": 0.4622, "blended": 0.4664}, "confidence": 0.0817, "repairPriority": 0.02145, "routePenalty": 803.5, "reportValue": 0.02295, "evidence": {"osmLampsWorking": 0, "osmLampsBroken": 2, "osmLampsUntagged": 0, "nightBusTrips": 217.2, "wardComplaints2025": 252, "reports": 0}}}, {"type": "Feature", "geometry": {"type": "LineString", "coordinates": [[77.6292565, 12.9169435], [77.6300028, 12.9169035], [77.6302894, 12.9168895], [77.6306416, 12.9168671]]}, "properties": {"segID": "way610166539/0", "name": "Service Road", "ward": "Jakkasandra", "roadClass": "tertiary", "lengthM": 150.4, "darkness": {"alpha": 2.748, "beta": 5.252, "mean": 0.6565, "var": 0.02506}, "exposure": {"activity": 0.7859, "structural": 0.6862, "blended": 0.7111}, "confidence": 0.9058, "repairPriority": 0.42286, "routePenalty": 392.0, "reportValue": 0.01782, "evidence": {"osmLampsWorking": 1, "osmLampsBroken": 5, "osmLampsUntagged": 0, "nightBusTrips": 246.9, "wardComplaints2025": 62, "reports": 0}}}, {"type": "Feature", "geometry": {"type": "LineString", "coordinates": [[77.6306416, 12.9168671], [77.6313231, 12.9168239], [77.6316742, 12.9167985], [77.6321875, 12.9167357]]}, "properties": {"segID": "way610166539/1", "name": "Service Road", "ward": "Jakkasandra", "roadClass": "tertiary", "lengthM": 168.2, "darkness": {"alpha": 5.748, "beta": 2.252, "mean": 0.2815, "var": 0.02247}, "exposure": {"activity": 0.8306, "structural": 0.7419, "blended": 0.7641}, "confidence": 0.9183, "repairPriority": 0.19752, "routePenalty": 335.4, "reportValue": 0.01717, "evidence": {"osmLampsWorking": 4, "osmLampsBroken": 2, "osmLampsUntagged": 0, "nightBusTrips": 201.1, "wardComplaints2025": 62, "reports": 0}}}, {"type": "Feature", "geometry": {"type": "LineString", "coordinates": [[77.6321875, 12.9167357], [77.6337236, 12.9165801]]}, "properties": {"segID": "way610166539/2", "name": "Service Road", "ward": "Jakkasandra", "roadClass": "tertiary", "lengthM": 167.4, "darkness": {"alpha": 3.748, "beta": 1.252, "mean": 0.2504, "var": 0.03128}, "exposure": {"activity": 0.7696, "structural": 0.7723, "blended": 0.7716}, "confidence": 0.8904, "repairPriority": 0.17203, "routePenalty": 337.2, "reportValue": 0.02414, "evidence": {"osmLampsWorking": 2, "osmLampsBroken": 1, "osmLampsUntagged": 0, "nightBusTrips": 193.7, "wardComplaints2025": 62, "reports": 0}}}, {"type": "Feature", "geometry": {"type": "LineString", "coordinates": [[77.6337236, 12.9165801], [77.6341239, 12.9165399], [77.6349803, 12.9164547], [77.6350817, 12.9164446], [77.6353706, 12.9164395]]}, "properties": {"segID": "way610166539/3", "name": "Service Road", "ward": "Jakkasandra", "roadClass": "tertiary", "lengthM": 179.3, "darkness": {"alpha": 4.748, "beta": 4.252, "mean": 0.4724, "var": 0.02492}, "exposure": {"activity": 0.7799, "structural": 0.6635, "blended": 0.6926}, "confidence": 0.9101, "repairPriority": 0.29777, "routePenalty": 419.6, "reportValue": 0.01726, "evidence": {"osmLampsWorking": 3, "osmLampsBroken": 4, "osmLampsUntagged": 0, "nightBusTrips": 213.6, "wardComplaints2025": 62, "reports": 0}}}, {"type": "Feature", "geometry": {"type": "LineString", "coordinates": [[77.6381623, 12.9161156], [77.6381653, 12.9161753], [77.6382546, 12.9179705]]}, "properties": {"segID": "way610166550/0", "name": "14th Main Road", "ward": "Jakkasandra", "roadClass": "secondary", "lengthM": 206.5, "darkness": {"alpha": 2.748, "beta": 5.252, "mean": 0.6565, "var": 0.02506}, "exposure": {"activity": 0.5752, "structural": 0.7009, "blended": 0.6695}, "confidence": 0.9058, "repairPriority": 0.39812, "routePenalty": 543.6, "reportValue": 0.01678, "evidence": {"osmLampsWorking": 1, "osmLampsBroken": 5, "osmLampsUntagged": 0, "nightBusTrips": 129.7, "wardComplaints2025": 62, "reports": 0}}}, {"type": "Feature", "geometry": {"type": "LineString", "coordinates": [[77.6382546, 12.9179705], [77.6383059, 12.9191493], [77.6383169, 12.9194009]]}, "properties": {"segID": "way610166550/1", "name": "14th Main Road", "ward": "Jakkasandra", "roadClass": "secondary", "lengthM": 159.2, "darkness": {"alpha": 1.748, "beta": 5.252, "mean": 0.7503, "var": 0.02342}, "exposure": {"activity": 0.5761, "structural": 0.719, "blended": 0.6833}, "confidence": 0.9153, "repairPriority": 0.46926, "routePenalty": 438.0, "reportValue": 0.016, "evidence": {"osmLampsWorking": 0, "osmLampsBroken": 5, "osmLampsUntagged": 0, "nightBusTrips": 127.3, "wardComplaints2025": 62, "reports": 0}}}, {"type": "Feature", "geometry": {"type": "LineString", "coordinates": [[77.6383169, 12.9194009], [77.6383567, 12.9198647], [77.6384109, 12.9201732], [77.6384706, 12.9204658], [77.6384793, 12.9205085], [77.6386365, 12.921033]]}, "properties": {"segID": "way610166550/2", "name": "14th Main Road", "ward": "Jakkasandra", "roadClass": "secondary", "lengthM": 185.3, "darkness": {"alpha": 2.748, "beta": 8.252, "mean": 0.7502, "var": 0.01562}, "exposure": {"activity": 0.4153, "structural": 0.7121, "blended": 0.6379}, "confidence": 0.945, "repairPriority": 0.45223, "routePenalty": 504.0, "reportValue": 0.00996, "evidence": {"osmLampsWorking": 1, "osmLampsBroken": 8, "osmLampsUntagged": 0, "nightBusTrips": 115.0, "wardComplaints2025": 62, "reports": 0}}}, {"type": "Feature", "geometry": {"type": "LineString", "coordinates": [[77.6386365, 12.921033], [77.6387269, 12.9213019], [77.6387901, 12.9214902], [77.6388374, 12.9216308], [77.6388826, 12.9217151], [77.638989, 12.9219176], [77.6391344, 12.9221872], [77.6393782, 12.9226276]]}, "properties": {"segID": "way610166550/3", "name": "14th Main Road", "ward": "Jakkasandra", "roadClass": "secondary", "lengthM": 195.3, "darkness": {"alpha": 5.748, "beta": 7.252, "mean": 0.5578, "var": 0.01762}, "exposure": {"activity": 0.172, "structural": 0.7159, "blended": 0.5799}, "confidence": 0.9398, "repairPriority": 0.304, "routePenalty": 487.1, "reportValue": 0.01022, "evidence": {"osmLampsWorking": 4, "osmLampsBroken": 7, "osmLampsUntagged": 0, "nightBusTrips": 107.8, "wardComplaints2025": 62, "reports": 0}}}, {"type": "Feature", "geometry": {"type": "LineString", "coordinates": [[77.6393782, 12.9226276], [77.6394327, 12.9227488], [77.6395038, 12.9229069], [77.6396725, 12.9232822], [77.63969, 12.9233212]]}, "properties": {"segID": "way610166550/4", "name": "14th Main Road", "ward": "Jakkasandra", "roadClass": "secondary", "lengthM": 84.2, "darkness": {"alpha": 2.748, "beta": 2.252, "mean": 0.4504, "var": 0.04126}, "exposure": {"activity": 0.221, "structural": 0.7144, "blended": 0.591}, "confidence": 0.1088, "repairPriority": 0.02896, "routePenalty": 211.5, "reportValue": 0.02438, "evidence": {"osmLampsWorking": 1, "osmLampsBroken": 2, "osmLampsUntagged": 0, "nightBusTrips": 100.5, "wardComplaints2025": 62, "reports": 0}}}, {"type": "Feature", "geometry": {"type": "LineString", "coordinates": [[77.6382588, 12.9161262], [77.6382568, 12.9159469]]}, "properties": {"segID": "way610166557/0", "name": "14th Main Road", "ward": "HSR Layout", "roadClass": "secondary", "lengthM": 19.9, "darkness": {"alpha": 4.748, "beta": 4.252, "mean": 0.4724, "var": 0.02492}, "exposure": {"activity": 0.5082, "structural": 0.3731, "blended": 0.4069}, "confidence": 0.9101, "repairPriority": 0.17494, "routePenalty": 52.6, "reportValue": 0.01014, "evidence": {"osmLampsWorking": 3, "osmLampsBroken": 4, "osmLampsUntagged": 0, "nightBusTrips": 128.8, "wardComplaints2025": 252, "reports": 0}}}, {"type": "Feature", "geometry": {"type": "LineString", "coordinates": [[77.6393214, 12.9163443], [77.6395229, 12.916419], [77.6397546, 12.9165296], [77.6399923, 12.9166649], [77.640176, 12.9168025], [77.6403885, 12.9169845], [77.6405148, 12.9171]]}, "properties": {"segID": "way611380780/0", "name": "Outer Ring Road", "ward": "HSR Layout", "roadClass": "trunk", "lengthM": 155.7, "darkness": {"alpha": 11.748, "beta": 16.252, "mean": 0.5804, "var": 0.0084}, "exposure": {"activity": 0.178, "structural": 0.7326, "blended": 0.5939}, "confidence": 0.9862, "repairPriority": 0.33994, "routePenalty": 380.2, "reportValue": 0.00499, "evidence": {"osmLampsWorking": 10, "osmLampsBroken": 16, "osmLampsUntagged": 0, "nightBusTrips": 127.9, "wardComplaints2025": 252, "reports": 0}}}, {"type": "Feature", "geometry": {"type": "LineString", "coordinates": [[77.6371129, 12.9161384], [77.6376676, 12.916066], [77.6378503, 12.9160405], [77.6380362, 12.9160363], [77.6383271, 12.9160513], [77.6386278, 12.9161044]]}, "properties": {"segID": "way611380787/0", "name": "Outer Ring Road", "ward": "Jakkasandra", "roadClass": "trunk", "lengthM": 165.5, "darkness": {"alpha": 15.748, "beta": 15.252, "mean": 0.492, "var": 0.00781}, "exposure": {"activity": 0.5864, "structural": 0.6956, "blended": 0.6683}, "confidence": 0.9897, "repairPriority": 0.32542, "routePenalty": 372.2, "reportValue": 0.00522, "evidence": {"osmLampsWorking": 14, "osmLampsBroken": 15, "osmLampsUntagged": 0, "nightBusTrips": 130.7, "wardComplaints2025": 62, "reports": 0}}}, {"type": "Feature", "geometry": {"type": "LineString", "coordinates": [[77.6386278, 12.9161044], [77.6388181, 12.9161633], [77.6393214, 12.9163443]]}, "properties": {"segID": "way611380787/1", "name": "Outer Ring Road", "ward": "HSR Layout", "roadClass": "trunk", "lengthM": 79.8, "darkness": {"alpha": 5.748, "beta": 13.252, "mean": 0.6975, "var": 0.01055}, "exposure": {"activity": 0.3887, "structural": 0.709, "blended": 0.6289}, "confidence": 0.9751, "repairPriority": 0.42774, "routePenalty": 208.0, "reportValue": 0.00663, "evidence": {"osmLampsWorking": 4, "osmLampsBroken": 13, "osmLampsUntagged": 0, "nightBusTrips": 125.8, "wardComplaints2025": 252, "reports": 0}}}, {"type": "Feature", "geometry": {"type": "LineString", "coordinates": [[77.6327515, 12.9258422], [77.6327427, 12.9254301], [77.6327303, 12.9248416]]}, "properties": {"segID": "way613849755/0", "name": "7th A Main Road", "ward": "Koramangala", "roadClass": "residential", "lengthM": 111.3, "darkness": {"alpha": 1.748, "beta": 0.252, "mean": 0.126, "var": 0.03671}, "exposure": {"activity": 0.7025, "structural": 0.4804, "blended": 0.5359}, "confidence": 0.4966, "repairPriority": 0.03353, "routePenalty": 227.2, "reportValue": 0.01967, "evidence": {"osmLampsWorking": 0, "osmLampsBroken": 0, "osmLampsUntagged": 0, "nightBusTrips": 87.8, "wardComplaints2025": 136, "reports": 0}}}, {"type": "Feature", "geometry": {"type": "LineString", "coordinates": [[77.6229326, 12.9268492], [77.6234079, 12.9266575], [77.6246591, 12.9261211]]}, "properties": {"segID": "way631197284/0", "name": "Sarjapura Road", "ward": "Koramangala", "roadClass": "residential", "lengthM": 203.9, "darkness": {"alpha": 1.748, "beta": 0.252, "mean": 0.126, "var": 0.03671}, "exposure": {"activity": 0.3809, "structural": 0.6112, "blended": 0.5536}, "confidence": 0.4966, "repairPriority": 0.03464, "routePenalty": 412.6, "reportValue": 0.02032, "evidence": {"osmLampsWorking": 0, "osmLampsBroken": 0, "osmLampsUntagged": 0, "nightBusTrips": 189.1, "wardComplaints2025": 136, "reports": 0}}}, {"type": "Feature", "geometry": {"type": "LineString", "coordinates": [[77.6246591, 12.9261211], [77.6251942, 12.9258917], [77.6265362, 12.9253402]]}, "properties": {"segID": "way631197284/1", "name": "Sarjapura Road", "ward": "Koramangala", "roadClass": "residential", "lengthM": 221.2, "darkness": {"alpha": 1.748, "beta": 0.252, "mean": 0.126, "var": 0.03671}, "exposure": {"activity": 0.5623, "structural": 0.6401, "blended": 0.6206}, "confidence": 0.4966, "repairPriority": 0.03883, "routePenalty": 434.7, "reportValue": 0.02278, "evidence": {"osmLampsWorking": 0, "osmLampsBroken": 0, "osmLampsUntagged": 0, "nightBusTrips": 205.2, "wardComplaints2025": 136, "reports": 0}}}, {"type": "Feature", "geometry": {"type": "LineString", "coordinates": [[77.6265362, 12.9253402], [77.6265643, 12.9253286], [77.6283269, 12.9246012]]}, "properties": {"segID": "way631197284/2", "name": "Sarjapura Road", "ward": "Koramangala", "roadClass": "residential", "lengthM": 210.8, "darkness": {"alpha": 1.748, "beta": 0.252, "mean": 0.126, "var": 0.03671}, "exposure": {"activity": 0.3396, "structural": 0.6118, "blended": 0.5437}, "confidence": 0.4966, "repairPriority": 0.03402, "routePenalty": 428.6, "reportValue": 0.01996, "evidence": {"osmLampsWorking": 0, "osmLampsBroken": 0, "osmLampsUntagged": 0, "nightBusTrips": 184.8, "wardComplaints2025": 136, "reports": 0}}}, {"type": "Feature", "geometry": {"type": "LineString", "coordinates": [[77.6400267, 12.9238842], [77.6407802, 12.9235965], [77.6407981, 12.9235896], [77.6408727, 12.9235611], [77.6411468, 12.9234564], [77.6411785, 12.9234443], [77.6412901, 12.9234122], [77.6413327, 12.9234098]]}, "properties": {"segID": "way631197942/0", "name": "Sarjapur Road", "ward": "Agaram", "roadClass": "primary", "lengthM": 151.3, "darkness": {"alpha": 1.711, "beta": 4.289, "mean": 0.7148, "var": 0.02913}, "exposure": {"activity": 0.2889, "structural": 0.7004, "blended": 0.5975}, "confidence": 0.896, "repairPriority": 0.38268, "routePenalty": 424.6, "reportValue": 0.01741, "evidence": {"osmLampsWorking": 1, "osmLampsBroken": 3, "osmLampsUntagged": 0, "nightBusTrips": 94.6, "wardComplaints2025": 71, "reports": 0}}}, {"type": "Feature", "geometry": {"type": "LineString", "coordinates": [[77.6413327, 12.9234098], [77.641404, 12.9234104], [77.6417466, 12.9235121], [77.6431248, 12.9238823]]}, "properties": {"segID": "way631197942/1", "name": "Sarjapur Road", "ward": "Agaram", "roadClass": "primary", "lengthM": 201.5, "darkness": {"alpha": 0.711, "beta": 4.289, "mean": 0.8577, "var": 0.02034}, "exposure": {"activity": 0.1866, "structural": 0.6882, "blended": 0.5628}, "confidence": 0.9299, "repairPriority": 0.44888, "routePenalty": 600.7, "reportValue": 0.01145, "evidence": {"osmLampsWorking": 0, "osmLampsBroken": 3, "osmLampsUntagged": 0, "nightBusTrips": 93.5, "wardComplaints2025": 71, "reports": 0}}}, {"type": "Feature", "geometry": {"type": "LineString", "coordinates": [[77.6431248, 12.9238823], [77.6431722, 12.923895], [77.6435126, 12.9239865], [77.6441826, 12.924195], [77.6450047, 12.9244666]]}, "properties": {"segID": "way631197942/2", "name": "Sarjapur Road", "ward": "Agaram", "roadClass": "primary", "lengthM": 213.9, "darkness": {"alpha": 0.711, "beta": 7.289, "mean": 0.9111, "var": 0.009}, "exposure": {"activity": 0.1066, "structural": 0.685, "blended": 0.5404}, "confidence": 0.9828, "repairPriority": 0.48389, "routePenalty": 640.2, "reportValue": 0.00486, "evidence": {"osmLampsWorking": 0, "osmLampsBroken": 6, "osmLampsUntagged": 0, "nightBusTrips": 98.0, "wardComplaints2025": 71, "reports": 0}}}, {"type": "Feature", "geometry": {"type": "LineString", "coordinates": [[77.6450047, 12.9244666], [77.6451576, 12.9244909], [77.6452418, 12.9244994], [77.6453174, 12.9245071], [77.646618, 12.9245509]]}, "properties": {"segID": "way631197942/3", "name": "Sarjapur Road", "ward": "Agaram", "roadClass": "primary", "lengthM": 175.2, "darkness": {"alpha": 0.711, "beta": 4.289, "mean": 0.8577, "var": 0.02034}, "exposure": {"activity": 0.1161, "structural": 0.6939, "blended": 0.5494}, "confidence": 0.9299, "repairPriority": 0.43819, "routePenalty": 524.6, "reportValue": 0.01117, "evidence": {"osmLampsWorking": 0, "osmLampsBroken": 3, "osmLampsUntagged": 0, "nightBusTrips": 105.3, "wardComplaints2025": 71, "reports": 0}}}, {"type": "Feature", "geometry": {"type": "LineString", "coordinates": [[77.646618, 12.9245509], [77.6473859, 12.9246069], [77.6490875, 12.9247267]]}, "properties": {"segID": "way631197942/4", "name": "Sarjapur Road", "ward": "Agaram", "roadClass": "primary", "lengthM": 268.4, "darkness": {"alpha": 3.711, "beta": 5.289, "mean": 0.5876, "var": 0.02423}, "exposure": {"activity": 0.3783, "structural": 0.7193, "blended": 0.6341}, "confidence": 0.9132, "repairPriority": 0.34026, "routePenalty": 683.8, "reportValue": 0.01536, "evidence": {"osmLampsWorking": 3, "osmLampsBroken": 4, "osmLampsUntagged": 0, "nightBusTrips": 129.4, "wardComplaints2025": 71, "reports": 0}}}, {"type": "Feature", "geometry": {"type": "LineString", "coordinates": [[77.6490875, 12.9247267], [77.6492003, 12.9247264], [77.649285, 12.9247248], [77.6493114, 12.9247215], [77.6495317, 12.9246944], [77.6499056, 12.9246483], [77.6502824, 12.9245711], [77.6503068, 12.9245661], [77.6503882, 12.924524], [77.6504545, 12.9244834]]}, "properties": {"segID": "way631197942/5", "name": "Sarjapur Road", "ward": "Agaram", "roadClass": "primary", "lengthM": 152.1, "darkness": {"alpha": 12.711, "beta": 3.289, "mean": 0.2055, "var": 0.00961}, "exposure": {"activity": 0.5254, "structural": 0.7739, "blended": 0.7117}, "confidence": 0.9785, "repairPriority": 0.14311, "routePenalty": 274.7, "reportValue": 0.00684, "evidence": {"osmLampsWorking": 12, "osmLampsBroken": 2, "osmLampsUntagged": 0, "nightBusTrips": 202.8, "wardComplaints2025": 71, "reports": 0}}}, {"type": "Feature", "geometry": {"type": "LineString", "coordinates": [[77.6335782, 12.9247598], [77.6334998, 12.9247488], [77.6331556, 12.9246883], [77.6330743, 12.9246625], [77.63155, 12.9244195]]}, "properties": {"segID": "way631197944/0", "name": "Sarjapura Road", "ward": "Jakkasandra", "roadClass": "primary", "lengthM": 223.2, "darkness": {"alpha": 1.748, "beta": 0.252, "mean": 0.126, "var": 0.03671}, "exposure": {"activity": 0.6698, "structural": 0.7613, "blended": 0.7384}, "confidence": 0.4966, "repairPriority": 0.0462, "routePenalty": 421.5, "reportValue": 0.02711, "evidence": {"osmLampsWorking": 0, "osmLampsBroken": 0, "osmLampsUntagged": 0, "nightBusTrips": 94.2, "wardComplaints2025": 62, "reports": 0}}}, {"type": "Feature", "geometry": {"type": "LineString", "coordinates": [[77.63155, 12.9244195], [77.6313815, 12.9243926], [77.6308631, 12.9243036], [77.6299687, 12.9241479]]}, "properties": {"segID": "way631197944/1", "name": "Sarjapura Road", "ward": "Jakkasandra", "roadClass": "primary", "lengthM": 174.0, "darkness": {"alpha": 1.748, "beta": 0.252, "mean": 0.126, "var": 0.03671}, "exposure": {"activity": 0.1823, "structural": 0.8334, "blended": 0.6706}, "confidence": 0.4966, "repairPriority": 0.04196, "routePenalty": 335.7, "reportValue": 0.02462, "evidence": {"osmLampsWorking": 0, "osmLampsBroken": 0, "osmLampsUntagged": 0, "nightBusTrips": 137.1, "wardComplaints2025": 62, "reports": 0}}}, {"type": "Feature", "geometry": {"type": "LineString", "coordinates": [[77.6299687, 12.9241479], [77.629579, 12.92408], [77.6291454, 12.9241089], [77.6291239, 12.9241103], [77.6290168, 12.9241175], [77.6288623, 12.9241419]]}, "properties": {"segID": "way631197944/2", "name": "Sarjapura Road", "ward": "Jakkasandra", "roadClass": "primary", "lengthM": 120.9, "darkness": {"alpha": 1.748, "beta": 0.252, "mean": 0.126, "var": 0.03671}, "exposure": {"activity": 0.1419, "structural": 0.8846, "blended": 0.6989}, "confidence": 0.4966, "repairPriority": 0.04373, "routePenalty": 231.1, "reportValue": 0.02566, "evidence": {"osmLampsWorking": 0, "osmLampsBroken": 0, "osmLampsUntagged": 0, "nightBusTrips": 192.7, "wardComplaints2025": 62, "reports": 0}}}, {"type": "Feature", "geometry": {"type": "LineString", "coordinates": [[77.6340832, 12.9248246], [77.6340011, 12.9248127], [77.6339922, 12.9248115], [77.6336722, 12.9247758]]}, "properties": {"segID": "way638541491/0", "name": "Sarjapura Road", "ward": "Jakkasandra", "roadClass": "primary", "lengthM": 44.9, "darkness": {"alpha": 1.748, "beta": 0.252, "mean": 0.126, "var": 0.03671}, "exposure": {"activity": 0.6956, "structural": 0.4808, "blended": 0.5345}, "confidence": 0.4966, "repairPriority": 0.03344, "routePenalty": 91.7, "reportValue": 0.01962, "evidence": {"osmLampsWorking": 0, "osmLampsBroken": 0, "osmLampsUntagged": 0, "nightBusTrips": 80.9, "wardComplaints2025": 62, "reports": 0}}}, {"type": "Feature", "geometry": {"type": "LineString", "coordinates": [[77.6293304, 12.9338402], [77.6292964, 12.9338045], [77.6292056, 12.933713], [77.6290976, 12.9336082], [77.6290109, 12.9335246], [77.6288317, 12.9333571]]}, "properties": {"segID": "way645132606/0", "name": "11th B Main Road", "ward": "Koramangala", "roadClass": "residential", "lengthM": 76.2, "darkness": {"alpha": 1.748, "beta": 0.252, "mean": 0.126, "var": 0.03671}, "exposure": {"activity": 0.8719, "structural": 0.4882, "blended": 0.5841}, "confidence": 0.4966, "repairPriority": 0.03655, "routePenalty": 152.1, "reportValue": 0.02144, "evidence": {"osmLampsWorking": 0, "osmLampsBroken": 0, "osmLampsUntagged": 0, "nightBusTrips": 61.1, "wardComplaints2025": 136, "reports": 0}}}, {"type": "Feature", "geometry": {"type": "LineString", "coordinates": [[77.6290487, 12.9331351], [77.6295824, 12.933655]]}, "properties": {"segID": "way645132607/0", "name": "11th A Main Road", "ward": "Koramangala", "roadClass": "residential", "lengthM": 81.8, "darkness": {"alpha": 1.748, "beta": 0.252, "mean": 0.126, "var": 0.03671}, "exposure": {"activity": 0.9114, "structural": 0.3267, "blended": 0.4729}, "confidence": 0.4966, "repairPriority": 0.02959, "routePenalty": 173.1, "reportValue": 0.01736, "evidence": {"osmLampsWorking": 0, "osmLampsBroken": 0, "osmLampsUntagged": 0, "nightBusTrips": 53.3, "wardComplaints2025": 136, "reports": 0}}}, {"type": "Feature", "geometry": {"type": "LineString", "coordinates": [[77.62797, 12.9316786], [77.6278742, 12.9308869]]}, "properties": {"segID": "way649666193/0", "name": "8th B Main", "ward": "Koramangala", "roadClass": "residential", "lengthM": 88.6, "darkness": {"alpha": 1.748, "beta": 0.252, "mean": 0.126, "var": 0.03671}, "exposure": {"activity": 0.3009, "structural": 0.5028, "blended": 0.4524}, "confidence": 0.4966, "repairPriority": 0.02831, "routePenalty": 190.0, "reportValue": 0.01661, "evidence": {"osmLampsWorking": 0, "osmLampsBroken": 0, "osmLampsUntagged": 0, "nightBusTrips": 81.1, "wardComplaints2025": 136, "reports": 0}}}, {"type": "Feature", "geometry": {"type": "LineString", "coordinates": [[77.6334629, 12.9361267], [77.6335841, 12.9360801], [77.6336703, 12.9360641], [77.6337692, 12.9360451], [77.6338852, 12.9360284], [77.6339892, 12.9360144], [77.6340756, 12.9360118], [77.6341632, 12.936015], [77.6342386, 12.9360265], [77.6343856, 12.9360639], [77.6344639, 12.9360804], [77.634513, 12.9360938]]}, "properties": {"segID": "way654400036/0", "name": "7th Main Road", "ward": "Ejipura", "roadClass": "residential", "lengthM": 116.5, "darkness": {"alpha": 1.748, "beta": 0.252, "mean": 0.126, "var": 0.03671}, "exposure": {"activity": 0.2528, "structural": 0.4494, "blended": 0.4002}, "confidence": 0.4966, "repairPriority": 0.02504, "routePenalty": 259.8, "reportValue": 0.01469, "evidence": {"osmLampsWorking": 0, "osmLampsBroken": 0, "osmLampsUntagged": 0, "nightBusTrips": 23.8, "wardComplaints2025": 78, "reports": 0}}}, {"type": "Feature", "geometry": {"type": "LineString", "coordinates": [[77.6350962, 12.9177], [77.6355972, 12.9175047]]}, "properties": {"segID": "way655638224/0", "name": "13th C Cross Road", "ward": "Jakkasandra", "roadClass": "residential", "lengthM": 58.5, "darkness": {"alpha": 1.748, "beta": 0.252, "mean": 0.126, "var": 0.03671}, "exposure": {"activity": 0.6419, "structural": 0.5919, "blended": 0.6044}, "confidence": 0.4966, "repairPriority": 0.03782, "routePenalty": 115.7, "reportValue": 0.02219, "evidence": {"osmLampsWorking": 0, "osmLampsBroken": 0, "osmLampsUntagged": 0, "nightBusTrips": 184.5, "wardComplaints2025": 62, "reports": 0}}}, {"type": "Feature", "geometry": {"type": "LineString", "coordinates": [[77.6343989, 12.9216727], [77.6335859, 12.9219184]]}, "properties": {"segID": "way655837528/0", "name": "7th Cross Road", "ward": "Jakkasandra", "roadClass": "residential", "lengthM": 92.3, "darkness": {"alpha": 1.748, "beta": 0.252, "mean": 0.126, "var": 0.03671}, "exposure": {"activity": 0.6393, "structural": 0.508, "blended": 0.5408}, "confidence": 0.4966, "repairPriority": 0.03384, "routePenalty": 188.0, "reportValue": 0.01985, "evidence": {"osmLampsWorking": 0, "osmLampsBroken": 0, "osmLampsUntagged": 0, "nightBusTrips": 110.5, "wardComplaints2025": 62, "reports": 0}}}, {"type": "Feature", "geometry": {"type": "LineString", "coordinates": [[77.6469308, 12.9211026], [77.6469325, 12.9207079], [77.6469302, 12.9204667], [77.6468883, 12.9202484], [77.6468829, 12.9199537]]}, "properties": {"segID": "way661839189/0", "name": "21st Main Road", "ward": "HSR Layout", "roadClass": "residential", "lengthM": 128.2, "darkness": {"alpha": 1.748, "beta": 0.252, "mean": 0.126, "var": 0.03671}, "exposure": {"activity": 0.4832, "structural": 0.3776, "blended": 0.404}, "confidence": 0.4966, "repairPriority": 0.02528, "routePenalty": 285.0, "reportValue": 0.01483, "evidence": {"osmLampsWorking": 0, "osmLampsBroken": 0, "osmLampsUntagged": 0, "nightBusTrips": 130.4, "wardComplaints2025": 252, "reports": 0}}}, {"type": "Feature", "geometry": {"type": "LineString", "coordinates": [[77.6686514, 12.9151721], [77.6688223, 12.9155419], [77.6689907, 12.9159543], [77.669212, 12.9162139]]}, "properties": {"segID": "way661919165/0", "name": "1st Avenue", "ward": "Bellanduru", "roadClass": "residential", "lengthM": 132.0, "darkness": {"alpha": 0.681, "beta": 1.319, "mean": 0.6593, "var": 0.07488}, "exposure": {"activity": 0.2743, "structural": 0.3291, "blended": 0.3154}, "confidence": 0.052, "repairPriority": 0.01081, "routePenalty": 466.8, "reportValue": 0.02362, "evidence": {"osmLampsWorking": 0, "osmLampsBroken": 0, "osmLampsUntagged": 0, "nightBusTrips": 101.7, "wardComplaints2025": 250, "reports": 0}}}, {"type": "Feature", "geometry": {"type": "LineString", "coordinates": [[77.6267151, 12.9405141], [77.626255, 12.9403548], [77.6261678, 12.9403365], [77.626082, 12.9403169], [77.6259452, 12.9402476], [77.6258714, 12.9401836], [77.6257748, 12.9401012], [77.6257226, 12.9400476], [77.6255411, 12.9398742], [77.625528, 12.9398616]]}, "properties": {"segID": "way673948793/0", "name": "1st Main Road", "ward": "Ejipura", "roadClass": "residential", "lengthM": 151.2, "darkness": {"alpha": 1.748, "beta": 0.252, "mean": 0.126, "var": 0.03671}, "exposure": {"activity": 0.7919, "structural": 0.251, "blended": 0.3862}, "confidence": 0.4966, "repairPriority": 0.02417, "routePenalty": 341.3, "reportValue": 0.01418, "evidence": {"osmLampsWorking": 0, "osmLampsBroken": 0, "osmLampsUntagged": 0, "nightBusTrips": 71.5, "wardComplaints2025": 78, "reports": 0}}}, {"type": "Feature", "geometry": {"type": "LineString", "coordinates": [[77.6269691, 12.9141678], [77.6267505, 12.914509], [77.626482, 12.9149618], [77.625469, 12.9165111]]}, "properties": {"segID": "way678335364/0", "name": "1 A Main Road", "ward": "HSR Layout", "roadClass": "tertiary", "lengthM": 307.2, "darkness": {"alpha": 1.748, "beta": 0.252, "mean": 0.126, "var": 0.03671}, "exposure": {"activity": 0.1376, "structural": 0.4787, "blended": 0.3934}, "confidence": 0.4966, "repairPriority": 0.02462, "routePenalty": 689.2, "reportValue": 0.01444, "evidence": {"osmLampsWorking": 0, "osmLampsBroken": 0, "osmLampsUntagged": 0, "nightBusTrips": 235.9, "wardComplaints2025": 252, "reports": 0}}}, {"type": "Feature", "geometry": {"type": "LineString", "coordinates": [[77.625469, 12.9165111], [77.6252775, 12.9167763], [77.6249821, 12.9172556]]}, "properties": {"segID": "way678335364/1", "name": "1 A Main Road", "ward": "HSR Layout", "roadClass": "tertiary", "lengthM": 98.2, "darkness": {"alpha": 1.748, "beta": 0.252, "mean": 0.126, "var": 0.03671}, "exposure": {"activity": 0.1978, "structural": 0.5007, "blended": 0.425}, "confidence": 0.4966, "repairPriority": 0.02659, "routePenalty": 214.8, "reportValue": 0.0156, "evidence": {"osmLampsWorking": 0, "osmLampsBroken": 0, "osmLampsUntagged": 0, "nightBusTrips": 271.4, "wardComplaints2025": 252, "reports": 0}}}, {"type": "Feature", "geometry": {"type": "LineString", "coordinates": [[77.6364943, 12.9200439], [77.6365762, 12.9200059], [77.6365151, 12.9198771], [77.6371962, 12.9195331]]}, "properties": {"segID": "way688377063/0", "name": "8th Cross Road", "ward": "Jakkasandra", "roadClass": "residential", "lengthM": 108.7, "darkness": {"alpha": 1.748, "beta": 0.252, "mean": 0.126, "var": 0.03671}, "exposure": {"activity": 0.2777, "structural": 0.7396, "blended": 0.6242}, "confidence": 0.4966, "repairPriority": 0.03906, "routePenalty": 213.3, "reportValue": 0.02291, "evidence": {"osmLampsWorking": 0, "osmLampsBroken": 0, "osmLampsUntagged": 0, "nightBusTrips": 137.0, "wardComplaints2025": 62, "reports": 0}}}, {"type": "Feature", "geometry": {"type": "LineString", "coordinates": [[77.6398663, 12.9274783], [77.638746, 12.9280683], [77.638597, 12.9281493]]}, "properties": {"segID": "way688410573/0", "name": "10th Cross Road", "ward": "Koramangala", "roadClass": "residential", "lengthM": 156.5, "darkness": {"alpha": 1.748, "beta": 0.252, "mean": 0.126, "var": 0.03671}, "exposure": {"activity": 0.2709, "structural": 0.1499, "blended": 0.1801}, "confidence": 0.4966, "repairPriority": 0.01127, "routePenalty": 491.3, "reportValue": 0.00661, "evidence": {"osmLampsWorking": 0, "osmLampsBroken": 0, "osmLampsUntagged": 0, "nightBusTrips": 30.6, "wardComplaints2025": 136, "reports": 0}}}, {"type": "Feature", "geometry": {"type": "LineString", "coordinates": [[77.638597, 12.9281493], [77.6380769, 12.9284238]]}, "properties": {"segID": "way688410573/1", "name": "10th Cross Road", "ward": "Koramangala", "roadClass": "residential", "lengthM": 64.1, "darkness": {"alpha": 1.748, "beta": 0.252, "mean": 0.126, "var": 0.03671}, "exposure": {"activity": 0.3233, "structural": 0.1506, "blended": 0.1937}, "confidence": 0.4966, "repairPriority": 0.01212, "routePenalty": 193.8, "reportValue": 0.00711, "evidence": {"osmLampsWorking": 0, "osmLampsBroken": 0, "osmLampsUntagged": 0, "nightBusTrips": 31.0, "wardComplaints2025": 136, "reports": 0}}}, {"type": "Feature", "geometry": {"type": "LineString", "coordinates": [[77.6201122, 12.9212668], [77.6199308, 12.9215814], [77.619575, 12.9221973], [77.6193558, 12.9225657]]}, "properties": {"segID": "way688824218/0", "name": "Hosur Road", "ward": "Madivala", "roadClass": "primary", "lengthM": 166.1, "darkness": {"alpha": 1.748, "beta": 0.252, "mean": 0.126, "var": 0.03671}, "exposure": {"activity": 0.6561, "structural": 0.4852, "blended": 0.5279}, "confidence": 0.4966, "repairPriority": 0.03303, "routePenalty": 340.5, "reportValue": 0.01938, "evidence": {"osmLampsWorking": 0, "osmLampsBroken": 0, "osmLampsUntagged": 0, "nightBusTrips": 245.0, "wardComplaints2025": 180, "reports": 0}}}, {"type": "Feature", "geometry": {"type": "LineString", "coordinates": [[77.6193558, 12.9225657], [77.6191968, 12.9228306], [77.618972, 12.9231665], [77.6187935, 12.9234331], [77.6187611, 12.9234795], [77.6186023, 12.9237068]]}, "properties": {"segID": "way688824218/1", "name": "Hosur Road", "ward": "Madivala", "roadClass": "primary", "lengthM": 150.9, "darkness": {"alpha": 1.748, "beta": 0.252, "mean": 0.126, "var": 0.03671}, "exposure": {"activity": 0.2279, "structural": 0.4708, "blended": 0.41}, "confidence": 0.4966, "repairPriority": 0.02565, "routePenalty": 333.9, "reportValue": 0.01505, "evidence": {"osmLampsWorking": 0, "osmLampsBroken": 0, "osmLampsUntagged": 0, "nightBusTrips": 224.7, "wardComplaints2025": 180, "reports": 0}}}, {"type": "Feature", "geometry": {"type": "LineString", "coordinates": [[77.6387312, 12.915119], [77.6387214, 12.9145271], [77.6387205, 12.9144757]]}, "properties": {"segID": "way689050046/0", "name": "14th Main Road", "ward": "HSR Layout", "roadClass": "residential", "lengthM": 71.5, "darkness": {"alpha": 1.748, "beta": 0.252, "mean": 0.126, "var": 0.03671}, "exposure": {"activity": 0.1874, "structural": 0.359, "blended": 0.3161}, "confidence": 0.4966, "repairPriority": 0.01978, "routePenalty": 173.7, "reportValue": 0.0116, "evidence": {"osmLampsWorking": 0, "osmLampsBroken": 0, "osmLampsUntagged": 0, "nightBusTrips": 122.4, "wardComplaints2025": 252, "reports": 0}}}, {"type": "Feature", "geometry": {"type": "LineString", "coordinates": [[77.6466165, 12.9234869], [77.6464274, 12.9233333], [77.6450577, 12.922103]]}, "properties": {"segID": "way691997511/0", "name": "Outer Ring Road", "ward": "HSR Layout", "roadClass": "trunk", "lengthM": 228.5, "darkness": {"alpha": 10.748, "beta": 1.252, "mean": 0.1043, "var": 0.00719}, "exposure": {"activity": 0.3947, "structural": 0.3624, "blended": 0.3705}, "confidence": 0.9914, "repairPriority": 0.03831, "routePenalty": 461.9, "reportValue": 0.00266, "evidence": {"osmLampsWorking": 9, "osmLampsBroken": 1, "osmLampsUntagged": 0, "nightBusTrips": 123.8, "wardComplaints2025": 252, "reports": 0}}}, {"type": "Feature", "geometry": {"type": "LineString", "coordinates": [[77.6450577, 12.922103], [77.6449766, 12.9220264], [77.6449199, 12.9219742], [77.6448271, 12.9218808], [77.6446683, 12.921713], [77.6432167, 12.9199598]]}, "properties": {"segID": "way691997511/1", "name": "Outer Ring Road", "ward": "HSR Layout", "roadClass": "trunk", "lengthM": 311.0, "darkness": {"alpha": 13.748, "beta": 3.252, "mean": 0.1913, "var": 0.00859}, "exposure": {"activity": 0.4282, "structural": 0.3899, "blended": 0.3995}, "confidence": 0.9837, "repairPriority": 0.07518, "routePenalty": 654.6, "reportValue": 0.00343, "evidence": {"osmLampsWorking": 12, "osmLampsBroken": 3, "osmLampsUntagged": 0, "nightBusTrips": 139.3, "wardComplaints2025": 252, "reports": 0}}}, {"type": "Feature", "geometry": {"type": "LineString", "coordinates": [[77.6432167, 12.9199598], [77.6431146, 12.9198251], [77.6425007, 12.9189907], [77.6422358, 12.918636]]}, "properties": {"segID": "way691997511/2", "name": "Outer Ring Road", "ward": "HSR Layout", "roadClass": "trunk", "lengthM": 181.6, "darkness": {"alpha": 14.748, "beta": 1.252, "mean": 0.0783, "var": 0.00424}, "exposure": {"activity": 0.2984, "structural": 0.4498, "blended": 0.4119}, "confidence": 0.9974, "repairPriority": 0.03217, "routePenalty": 341.0, "reportValue": 0.00175, "evidence": {"osmLampsWorking": 13, "osmLampsBroken": 1, "osmLampsUntagged": 0, "nightBusTrips": 205.5, "wardComplaints2025": 252, "reports": 0}}}, {"type": "Feature", "geometry": {"type": "LineString", "coordinates": [[77.6422358, 12.918636], [77.6420374, 12.9183781], [77.641858, 12.9181858], [77.6416158, 12.917917], [77.6410596, 12.9173675]]}, "properties": {"segID": "way691997511/3", "name": "Outer Ring Road", "ward": "HSR Layout", "roadClass": "trunk", "lengthM": 190.4, "darkness": {"alpha": 18.748, "beta": 1.252, "mean": 0.0626, "var": 0.00279}, "exposure": {"activity": 0.1685, "structural": 0.4181, "blended": 0.3557}, "confidence": 0.9991, "repairPriority": 0.02225, "routePenalty": 372.7, "reportValue": 0.00099, "evidence": {"osmLampsWorking": 17, "osmLampsBroken": 1, "osmLampsUntagged": 0, "nightBusTrips": 167.6, "wardComplaints2025": 252, "reports": 0}}}, {"type": "Feature", "geometry": {"type": "LineString", "coordinates": [[77.6410596, 12.9173675], [77.6409581, 12.917276], [77.6407524, 12.9170896], [77.6405404, 12.9168706]]}, "properties": {"segID": "way691997511/4", "name": "Outer Ring Road", "ward": "HSR Layout", "roadClass": "trunk", "lengthM": 78.9, "darkness": {"alpha": 6.748, "beta": 5.252, "mean": 0.4377, "var": 0.01893}, "exposure": {"activity": 0.1255, "structural": 0.3889, "blended": 0.3231}, "confidence": 0.9355, "repairPriority": 0.1323, "routePenalty": 215.7, "reportValue": 0.00612, "evidence": {"osmLampsWorking": 5, "osmLampsBroken": 5, "osmLampsUntagged": 0, "nightBusTrips": 138.0, "wardComplaints2025": 252, "reports": 0}}}, {"type": "Feature", "geometry": {"type": "LineString", "coordinates": [[77.6620564, 12.9213728], [77.6602077, 12.9218173]]}, "properties": {"segID": "way691997517/0", "name": "Outer Ring Road", "ward": "Agaram", "roadClass": "trunk", "lengthM": 206.4, "darkness": {"alpha": 6.762, "beta": 6.238, "mean": 0.4798, "var": 0.01783}, "exposure": {"activity": 0.1083, "structural": 0.3652, "blended": 0.301}, "confidence": 0.939, "repairPriority": 0.13561, "routePenalty": 589.4, "reportValue": 0.00537, "evidence": {"osmLampsWorking": 6, "osmLampsBroken": 5, "osmLampsUntagged": 0, "nightBusTrips": 125.5, "wardComplaints2025": 71, "reports": 0}}}, {"type": "Feature", "geometry": {"type": "LineString", "coordinates": [[77.6602077, 12.9218173], [77.6599561, 12.9218994], [77.6571955, 12.9228942]]}, "properties": {"segID": "way691997517/1", "name": "Outer Ring Road", "ward": "Agaram", "roadClass": "trunk", "lengthM": 347.7, "darkness": {"alpha": 10.762, "beta": 5.238, "mean": 0.3274, "var": 0.01295}, "exposure": {"activity": 0.0911, "structural": 0.3552, "blended": 0.2892}, "confidence": 0.957, "repairPriority": 0.09061, "routePenalty": 913.9, "reportValue": 0.00375, "evidence": {"osmLampsWorking": 10, "osmLampsBroken": 4, "osmLampsUntagged": 0, "nightBusTrips": 116.9, "wardComplaints2025": 71, "reports": 0}}}, {"type": "Feature", "geometry": {"type": "LineString", "coordinates": [[77.6571955, 12.9228942], [77.6564713, 12.9231438], [77.6559408, 12.9233113], [77.6556263, 12.9234122]]}, "properties": {"segID": "way691997517/2", "name": "Outer Ring Road", "ward": "Agaram", "roadClass": "trunk", "lengthM": 179.6, "darkness": {"alpha": 17.762, "beta": 4.238, "mean": 0.1926, "var": 0.00676}, "exposure": {"activity": 0.1169, "structural": 0.2919, "blended": 0.2482}, "confidence": 0.994, "repairPriority": 0.04752, "routePenalty": 457.4, "reportValue": 0.00168, "evidence": {"osmLampsWorking": 17, "osmLampsBroken": 3, "osmLampsUntagged": 0, "nightBusTrips": 83.2, "wardComplaints2025": 71, "reports": 0}}}, {"type": "Feature", "geometry": {"type": "LineString", "coordinates": [[77.6556263, 12.9234122], [77.655362, 12.923474], [77.6549903, 12.9235456], [77.6548266, 12.9235804]]}, "properties": {"segID": "way691997517/3", "name": "Outer Ring Road", "ward": "Agaram", "roadClass": "trunk", "lengthM": 88.7, "darkness": {"alpha": 9.762, "beta": 2.238, "mean": 0.1865, "var": 0.01167}, "exposure": {"activity": 0.2752, "structural": 0.3088, "blended": 0.3004}, "confidence": 0.9682, "repairPriority": 0.05424, "routePenalty": 210.1, "reportValue": 0.00351, "evidence": {"osmLampsWorking": 9, "osmLampsBroken": 1, "osmLampsUntagged": 0, "nightBusTrips": 91.3, "wardComplaints2025": 71, "reports": 0}}}, {"type": "Feature", "geometry": {"type": "LineString", "coordinates": [[77.6338186, 12.9328645], [77.6338725, 12.9322973]]}, "properties": {"segID": "way695012909/0", "name": "Temple Trees Road, Cauvery Colony", "ward": "Agaram", "roadClass": "residential", "lengthM": 63.3, "darkness": {"alpha": 0.356, "beta": 1.644, "mean": 0.8221, "var": 0.04874}, "exposure": {"activity": 0.6337, "structural": 0.1492, "blended": 0.2703}, "confidence": 0.0924, "repairPriority": 0.02053, "routePenalty": 236.0, "reportValue": 0.01317, "evidence": {"osmLampsWorking": 0, "osmLampsBroken": 0, "osmLampsUntagged": 0, "nightBusTrips": 29.9, "wardComplaints2025": 71, "reports": 0}}}, {"type": "Feature", "geometry": {"type": "LineString", "coordinates": [[77.6323608, 12.9161447], [77.632965, 12.9160778], [77.6334544, 12.9160375], [77.6339704, 12.9159943]]}, "properties": {"segID": "way735135994/0", "name": "13th Cross Road", "ward": "HSR Layout", "roadClass": "residential", "lengthM": 175.3, "darkness": {"alpha": 1.748, "beta": 0.252, "mean": 0.126, "var": 0.03671}, "exposure": {"activity": 0.7902, "structural": 0.4357, "blended": 0.5243}, "confidence": 0.4966, "repairPriority": 0.03281, "routePenalty": 360.0, "reportValue": 0.01925, "evidence": {"osmLampsWorking": 0, "osmLampsBroken": 0, "osmLampsUntagged": 0, "nightBusTrips": 189.0, "wardComplaints2025": 252, "reports": 0}}}, {"type": "Feature", "geometry": {"type": "LineString", "coordinates": [[77.6339704, 12.9159943], [77.6352544, 12.9158719], [77.6353851, 12.9158671]]}, "properties": {"segID": "way735135994/1", "name": "13th Cross Road", "ward": "HSR Layout", "roadClass": "residential", "lengthM": 154.0, "darkness": {"alpha": 1.748, "beta": 0.252, "mean": 0.126, "var": 0.03671}, "exposure": {"activity": 0.8117, "structural": 0.4457, "blended": 0.5372}, "confidence": 0.4966, "repairPriority": 0.03361, "routePenalty": 314.2, "reportValue": 0.01972, "evidence": {"osmLampsWorking": 0, "osmLampsBroken": 0, "osmLampsUntagged": 0, "nightBusTrips": 201.9, "wardComplaints2025": 252, "reports": 0}}}, {"type": "Feature", "geometry": {"type": "LineString", "coordinates": [[77.6353851, 12.9158671], [77.6354855, 12.915864], [77.6367719, 12.9157053]]}, "properties": {"segID": "way735135994/2", "name": "13th Cross Road", "ward": "HSR Layout", "roadClass": "residential", "lengthM": 151.4, "darkness": {"alpha": 1.748, "beta": 0.252, "mean": 0.126, "var": 0.03671}, "exposure": {"activity": 0.8091, "structural": 0.4419, "blended": 0.5337}, "confidence": 0.4966, "repairPriority": 0.03339, "routePenalty": 309.4, "reportValue": 0.01959, "evidence": {"osmLampsWorking": 0, "osmLampsBroken": 0, "osmLampsUntagged": 0, "nightBusTrips": 197.0, "wardComplaints2025": 252, "reports": 0}}}, {"type": "Feature", "geometry": {"type": "LineString", "coordinates": [[77.6367719, 12.9157053], [77.6368946, 12.915677], [77.6370168, 12.9156161], [77.6380919, 12.9155004], [77.6381487, 12.9154942]]}, "properties": {"segID": "way735135994/3", "name": "13th Cross Road", "ward": "HSR Layout", "roadClass": "residential", "lengthM": 152.0, "darkness": {"alpha": 1.748, "beta": 0.252, "mean": 0.126, "var": 0.03671}, "exposure": {"activity": 0.6836, "structural": 0.4126, "blended": 0.4804}, "confidence": 0.4966, "repairPriority": 0.03006, "routePenalty": 320.1, "reportValue": 0.01764, "evidence": {"osmLampsWorking": 0, "osmLampsBroken": 0, "osmLampsUntagged": 0, "nightBusTrips": 161.9, "wardComplaints2025": 252, "reports": 0}}}, {"type": "Feature", "geometry": {"type": "LineString", "coordinates": [[77.6323431, 12.9143932], [77.6323242, 12.9149524], [77.6323168, 12.9153021], [77.6323104, 12.9155968], [77.6323074, 12.9157962]]}, "properties": {"segID": "way735135995/0", "name": "5th Main Road", "ward": "HSR Layout", "roadClass": "tertiary", "lengthM": 156.1, "darkness": {"alpha": 1.748, "beta": 0.252, "mean": 0.126, "var": 0.03671}, "exposure": {"activity": 0.8418, "structural": 0.4226, "blended": 0.5274}, "confidence": 0.4966, "repairPriority": 0.033, "routePenalty": 320.1, "reportValue": 0.01936, "evidence": {"osmLampsWorking": 0, "osmLampsBroken": 0, "osmLampsUntagged": 0, "nightBusTrips": 176.2, "wardComplaints2025": 252, "reports": 0}}}, {"type": "Feature", "geometry": {"type": "LineString", "coordinates": [[77.6323074, 12.9157962], [77.632296, 12.9161526], [77.6322938, 12.9161823]]}, "properties": {"segID": "way735135995/1", "name": "5th Main Road", "ward": "HSR Layout", "roadClass": "tertiary", "lengthM": 43.0, "darkness": {"alpha": 1.748, "beta": 0.252, "mean": 0.126, "var": 0.03671}, "exposure": {"activity": 0.8461, "structural": 0.4343, "blended": 0.5373}, "confidence": 0.4966, "repairPriority": 0.03362, "routePenalty": 87.7, "reportValue": 0.01972, "evidence": {"osmLampsWorking": 0, "osmLampsBroken": 0, "osmLampsUntagged": 0, "nightBusTrips": 187.0, "wardComplaints2025": 252, "reports": 0}}}, {"type": "Feature", "geometry": {"type": "LineString", "coordinates": [[77.6381586, 12.9157758], [77.6381602, 12.9159263], [77.6381607, 12.9159469]]}, "properties": {"segID": "way755390846/0", "name": "14th Main Road", "ward": "HSR Layout", "roadClass": "secondary", "lengthM": 19.0, "darkness": {"alpha": 4.748, "beta": 3.252, "mean": 0.4065, "var": 0.02681}, "exposure": {"activity": 0.5331, "structural": 0.5982, "blended": 0.5819}, "confidence": 0.9033, "repairPriority": 0.21367, "routePenalty": 44.4, "reportValue": 0.0156, "evidence": {"osmLampsWorking": 3, "osmLampsBroken": 3, "osmLampsUntagged": 0, "nightBusTrips": 129.6, "wardComplaints2025": 252, "reports": 0}}}, {"type": "Feature", "geometry": {"type": "LineString", "coordinates": [[77.6323159, 12.9392351], [77.6324252, 12.939019], [77.6325533, 12.9388058]]}, "properties": {"segID": "way763290550/0", "name": "Ejipura Main Road", "ward": "Ejipura", "roadClass": "tertiary", "lengthM": 54.3, "darkness": {"alpha": 1.748, "beta": 0.252, "mean": 0.126, "var": 0.03671}, "exposure": {"activity": 0.1935, "structural": 0.164, "blended": 0.1713}, "confidence": 0.4966, "repairPriority": 0.01072, "routePenalty": 175.1, "reportValue": 0.00629, "evidence": {"osmLampsWorking": 0, "osmLampsBroken": 0, "osmLampsUntagged": 0, "nightBusTrips": 40.1, "wardComplaints2025": 78, "reports": 0}}}, {"type": "Feature", "geometry": {"type": "LineString", "coordinates": [[77.6288423, 12.946588], [77.6289228, 12.9464856], [77.6289604, 12.9464267], [77.629371, 12.9457345], [77.6294561, 12.9455755], [77.6295702, 12.9453419]]}, "properties": {"segID": "way764329014/0", "name": "Ejipura Main Road", "ward": "Agaram", "roadClass": "tertiary", "lengthM": 159.7, "darkness": {"alpha": 0.508, "beta": 1.492, "mean": 0.7459, "var": 0.06318}, "exposure": {"activity": 0.0249, "structural": 0.1316, "blended": 0.105}, "confidence": 0.0684, "repairPriority": 0.00536, "routePenalty": 871.1, "reportValue": 0.00663, "evidence": {"osmLampsWorking": 0, "osmLampsBroken": 0, "osmLampsUntagged": 0, "nightBusTrips": 15.1, "wardComplaints2025": 71, "reports": 0}}}, {"type": "Feature", "geometry": {"type": "LineString", "coordinates": [[77.6295702, 12.9453419], [77.6296572, 12.9451559], [77.6296615, 12.9451464], [77.6299295, 12.9445602], [77.6300168, 12.9443657], [77.6300277, 12.944342], [77.6302239, 12.9439172]]}, "properties": {"segID": "way764329014/1", "name": "Ejipura Main Road", "ward": "Ejipura", "roadClass": "tertiary", "lengthM": 173.5, "darkness": {"alpha": 1.748, "beta": 0.252, "mean": 0.126, "var": 0.03671}, "exposure": {"activity": 0.0249, "structural": 0.1334, "blended": 0.1063}, "confidence": 0.4966, "repairPriority": 0.00665, "routePenalty": 742.3, "reportValue": 0.0039, "evidence": {"osmLampsWorking": 0, "osmLampsBroken": 0, "osmLampsUntagged": 0, "nightBusTrips": 18.8, "wardComplaints2025": 78, "reports": 0}}}, {"type": "Feature", "geometry": {"type": "LineString", "coordinates": [[77.6302239, 12.9439172], [77.6303171, 12.9436986], [77.6303312, 12.9436682], [77.6304078, 12.9435032], [77.6304964, 12.9433124], [77.6305894, 12.9431121], [77.6307638, 12.9427367], [77.6308779, 12.9424668]]}, "properties": {"segID": "way764329014/2", "name": "Ejipura Main Road", "ward": "Agaram", "roadClass": "tertiary", "lengthM": 176.2, "darkness": {"alpha": 0.508, "beta": 1.492, "mean": 0.7459, "var": 0.06318}, "exposure": {"activity": 0.0249, "structural": 0.1385, "blended": 0.1101}, "confidence": 0.0684, "repairPriority": 0.00562, "routePenalty": 938.2, "reportValue": 0.00696, "evidence": {"osmLampsWorking": 0, "osmLampsBroken": 0, "osmLampsUntagged": 0, "nightBusTrips": 22.3, "wardComplaints2025": 71, "reports": 0}}}, {"type": "Feature", "geometry": {"type": "LineString", "coordinates": [[77.6308779, 12.9424668], [77.6309065, 12.942409], [77.6310161, 12.9421873], [77.6311125, 12.9419677], [77.6312036, 12.941747], [77.6313242, 12.9414359], [77.6314521, 12.9411236]]}, "properties": {"segID": "way764329014/3", "name": "Ejipura Main Road", "ward": "Agaram", "roadClass": "tertiary", "lengthM": 161.9, "darkness": {"alpha": 0.508, "beta": 1.492, "mean": 0.7459, "var": 0.06318}, "exposure": {"activity": 0.0757, "structural": 0.1447, "blended": 0.1275}, "confidence": 0.0684, "repairPriority": 0.0065, "routePenalty": 802.8, "reportValue": 0.00806, "evidence": {"osmLampsWorking": 0, "osmLampsBroken": 0, "osmLampsUntagged": 0, "nightBusTrips": 27.7, "wardComplaints2025": 71, "reports": 0}}}, {"type": "Feature", "geometry": {"type": "LineString", "coordinates": [[77.6314521, 12.9411236], [77.6315635, 12.9408636], [77.6317805, 12.940375], [77.6318397, 12.9402343], [77.6318892, 12.9401168], [77.6320735, 12.9397041]]}, "properties": {"segID": "way764329014/4", "name": "Ejipura Main Road", "ward": "Ejipura", "roadClass": "tertiary", "lengthM": 171.6, "darkness": {"alpha": 1.748, "beta": 0.252, "mean": 0.126, "var": 0.03671}, "exposure": {"activity": 0.1212, "structural": 0.1533, "blended": 0.1453}, "confidence": 0.4966, "repairPriority": 0.00909, "routePenalty": 606.3, "reportValue": 0.00533, "evidence": {"osmLampsWorking": 0, "osmLampsBroken": 0, "osmLampsUntagged": 0, "nightBusTrips": 33.7, "wardComplaints2025": 78, "reports": 0}}}, {"type": "Feature", "geometry": {"type": "LineString", "coordinates": [[77.6320735, 12.9397041], [77.6323159, 12.9392351]]}, "properties": {"segID": "way764329014/5", "name": "Ejipura Main Road", "ward": "Ejipura", "roadClass": "tertiary", "lengthM": 58.4, "darkness": {"alpha": 1.748, "beta": 0.252, "mean": 0.126, "var": 0.03671}, "exposure": {"activity": 0.1711, "structural": 0.1609, "blended": 0.1634}, "confidence": 0.4966, "repairPriority": 0.01022, "routePenalty": 193.2, "reportValue": 0.006, "evidence": {"osmLampsWorking": 0, "osmLampsBroken": 0, "osmLampsUntagged": 0, "nightBusTrips": 39.2, "wardComplaints2025": 78, "reports": 0}}}, {"type": "Feature", "geometry": {"type": "LineString", "coordinates": [[77.6680519, 12.9256894], [77.6677478, 12.925695], [77.6663502, 12.925726]]}, "properties": {"segID": "way778183039/0", "name": "Genesis Parking Road", "ward": "HSR Layout", "roadClass": "residential", "lengthM": 184.5, "darkness": {"alpha": 1.748, "beta": 0.252, "mean": 0.126, "var": 0.03671}, "exposure": {"activity": 0.4781, "structural": 0.4329, "blended": 0.4442}, "confidence": 0.4966, "repairPriority": 0.02779, "routePenalty": 397.9, "reportValue": 0.01631, "evidence": {"osmLampsWorking": 0, "osmLampsBroken": 0, "osmLampsUntagged": 0, "nightBusTrips": 186.3, "wardComplaints2025": 252, "reports": 0}}}, {"type": "Feature", "geometry": {"type": "LineString", "coordinates": [[77.6677478, 12.925695], [77.6677521, 12.9262788], [77.6677146, 12.9263089], [77.6676547, 12.9263273], [77.6671184, 12.9262998], [77.6670044, 12.9262856], [77.6663479, 12.9261346]]}, "properties": {"segID": "way778183040/0", "name": "Genesis Parking Road", "ward": "HSR Layout", "roadClass": "residential", "lengthM": 220.8, "darkness": {"alpha": 1.748, "beta": 0.252, "mean": 0.126, "var": 0.03671}, "exposure": {"activity": 0.5202, "structural": 0.4147, "blended": 0.4411}, "confidence": 0.4966, "repairPriority": 0.0276, "routePenalty": 477.2, "reportValue": 0.01619, "evidence": {"osmLampsWorking": 0, "osmLampsBroken": 0, "osmLampsUntagged": 0, "nightBusTrips": 163.2, "wardComplaints2025": 252, "reports": 0}}}, {"type": "Feature", "geometry": {"type": "LineString", "coordinates": [[77.6663479, 12.9261346], [77.6663352, 12.9260828], [77.6663303, 12.9259988], [77.6663247, 12.9259456], [77.6663502, 12.925726]]}, "properties": {"segID": "way778183040/1", "name": "Genesis Parking Road", "ward": "HSR Layout", "roadClass": "residential", "lengthM": 45.8, "darkness": {"alpha": 1.748, "beta": 0.252, "mean": 0.126, "var": 0.03671}, "exposure": {"activity": 0.2356, "structural": 0.4064, "blended": 0.3637}, "confidence": 0.4966, "repairPriority": 0.02276, "routePenalty": 105.6, "reportValue": 0.01335, "evidence": {"osmLampsWorking": 0, "osmLampsBroken": 0, "osmLampsUntagged": 0, "nightBusTrips": 155.7, "wardComplaints2025": 252, "reports": 0}}}, {"type": "Feature", "geometry": {"type": "LineString", "coordinates": [[77.6331015, 12.9297981], [77.6330152, 12.929781], [77.6329746, 12.9297728], [77.6329031, 12.9297835]]}, "properties": {"segID": "way778467431/0", "name": "7th Cross Road", "ward": "Koramangala", "roadClass": "tertiary", "lengthM": 21.9, "darkness": {"alpha": 1.748, "beta": 0.252, "mean": 0.126, "var": 0.03671}, "exposure": {"activity": 0.742, "structural": 0.6482, "blended": 0.6716}, "confidence": 0.4966, "repairPriority": 0.04202, "routePenalty": 42.2, "reportValue": 0.02465, "evidence": {"osmLampsWorking": 0, "osmLampsBroken": 0, "osmLampsUntagged": 0, "nightBusTrips": 56.8, "wardComplaints2025": 136, "reports": 0}}}, {"type": "Feature", "geometry": {"type": "LineString", "coordinates": [[77.6654394, 12.9277503], [77.6655184, 12.9277414], [77.6663175, 12.9276513]]}, "properties": {"segID": "way778505021/0", "name": "Swagger Road", "ward": "HSR Layout", "roadClass": "residential", "lengthM": 95.8, "darkness": {"alpha": 1.748, "beta": 0.252, "mean": 0.126, "var": 0.03671}, "exposure": {"activity": 0.0946, "structural": 0.3067, "blended": 0.2537}, "confidence": 0.4966, "repairPriority": 0.01587, "routePenalty": 254.9, "reportValue": 0.00931, "evidence": {"osmLampsWorking": 0, "osmLampsBroken": 0, "osmLampsUntagged": 0, "nightBusTrips": 90.3, "wardComplaints2025": 252, "reports": 0}}}, {"type": "Feature", "geometry": {"type": "LineString", "coordinates": [[77.6653639, 12.9236764], [77.6653947, 12.9235873], [77.6653669, 12.9231006], [77.6653371, 12.9230562]]}, "properties": {"segID": "way781732034/0", "name": "6th Main Road", "ward": "HSR Layout", "roadClass": "tertiary", "lengthM": 70.6, "darkness": {"alpha": 1.748, "beta": 0.252, "mean": 0.126, "var": 0.03671}, "exposure": {"activity": 0.6518, "structural": 0.4642, "blended": 0.5111}, "confidence": 0.4966, "repairPriority": 0.03198, "routePenalty": 146.0, "reportValue": 0.01876, "evidence": {"osmLampsWorking": 0, "osmLampsBroken": 0, "osmLampsUntagged": 0, "nightBusTrips": 219.6, "wardComplaints2025": 252, "reports": 0}}}, {"type": "Feature", "geometry": {"type": "LineString", "coordinates": [[77.6653371, 12.9230562], [77.6653047, 12.9231096], [77.6653178, 12.923587], [77.6653639, 12.9236764]]}, "properties": {"segID": "way781732035/0", "name": "6th Main Road", "ward": "HSR Layout", "roadClass": "tertiary", "lengthM": 71.1, "darkness": {"alpha": 1.748, "beta": 0.252, "mean": 0.126, "var": 0.03671}, "exposure": {"activity": 0.5125, "structural": 0.4484, "blended": 0.4644}, "confidence": 0.4966, "repairPriority": 0.02906, "routePenalty": 151.3, "reportValue": 0.01705, "evidence": {"osmLampsWorking": 0, "osmLampsBroken": 0, "osmLampsUntagged": 0, "nightBusTrips": 204.8, "wardComplaints2025": 252, "reports": 0}}}, {"type": "Feature", "geometry": {"type": "LineString", "coordinates": [[77.6338725, 12.9322973], [77.6339579, 12.9315908]]}, "properties": {"segID": "way784730133/0", "name": "Temple Trees Road, Cauvery Colony", "ward": "Agaram", "roadClass": "residential", "lengthM": 79.1, "darkness": {"alpha": 0.356, "beta": 1.644, "mean": 0.8221, "var": 0.04874}, "exposure": {"activity": 0.7128, "structural": 0.1578, "blended": 0.2965}, "confidence": 0.0924, "repairPriority": 0.02252, "routePenalty": 287.2, "reportValue": 0.01445, "evidence": {"osmLampsWorking": 0, "osmLampsBroken": 0, "osmLampsUntagged": 0, "nightBusTrips": 37.4, "wardComplaints2025": 71, "reports": 0}}}, {"type": "Feature", "geometry": {"type": "LineString", "coordinates": [[77.6386112, 12.9244338], [77.6388022, 12.9255973], [77.6389058, 12.9262787]]}, "properties": {"segID": "way784730134/0", "name": "1st C Main Road", "ward": "Koramangala", "roadClass": "residential", "lengthM": 207.6, "darkness": {"alpha": 1.748, "beta": 0.252, "mean": 0.126, "var": 0.03671}, "exposure": {"activity": 0.3276, "structural": 0.4813, "blended": 0.4429}, "confidence": 0.4966, "repairPriority": 0.02771, "routePenalty": 448.1, "reportValue": 0.01626, "evidence": {"osmLampsWorking": 0, "osmLampsBroken": 0, "osmLampsUntagged": 0, "nightBusTrips": 71.8, "wardComplaints2025": 136, "reports": 0}}}, {"type": "Feature", "geometry": {"type": "LineString", "coordinates": [[77.6389058, 12.9262787], [77.6389683, 12.9266897]]}, "properties": {"segID": "way784730134/1", "name": "1st C Main Road", "ward": "Koramangala", "roadClass": "residential", "lengthM": 46.2, "darkness": {"alpha": 1.748, "beta": 0.252, "mean": 0.126, "var": 0.03671}, "exposure": {"activity": 0.2846, "structural": 0.4193, "blended": 0.3856}, "confidence": 0.4966, "repairPriority": 0.02413, "routePenalty": 104.4, "reportValue": 0.01416, "evidence": {"osmLampsWorking": 0, "osmLampsBroken": 0, "osmLampsUntagged": 0, "nightBusTrips": 56.9, "wardComplaints2025": 136, "reports": 0}}}, {"type": "Feature", "geometry": {"type": "LineString", "coordinates": [[77.6384194, 12.9229995], [77.6394327, 12.9227488]]}, "properties": {"segID": "way794381852/0", "name": "5th A Cross Road", "ward": "Jakkasandra", "roadClass": "residential", "lengthM": 113.3, "darkness": {"alpha": 2.748, "beta": 1.252, "mean": 0.313, "var": 0.04301}, "exposure": {"activity": 0.1943, "structural": 0.5748, "blended": 0.4797}, "confidence": 0.104, "repairPriority": 0.01562, "routePenalty": 276.2, "reportValue": 0.02063, "evidence": {"osmLampsWorking": 1, "osmLampsBroken": 1, "osmLampsUntagged": 0, "nightBusTrips": 101.6, "wardComplaints2025": 62, "reports": 0}}}, {"type": "Feature", "geometry": {"type": "LineString", "coordinates": [[77.6387307, 12.9237026], [77.6386963, 12.9235342], [77.6389949, 12.9234895], [77.6389856, 12.9233666], [77.6395863, 12.9232685], [77.6396725, 12.9232822]]}, "properties": {"segID": "way794381853/0", "name": "4th Cross Road", "ward": "Jakkasandra", "roadClass": "residential", "lengthM": 141.0, "darkness": {"alpha": 1.748, "beta": 0.252, "mean": 0.126, "var": 0.03671}, "exposure": {"activity": 0.2365, "structural": 0.5976, "blended": 0.5073}, "confidence": 0.4966, "repairPriority": 0.03174, "routePenalty": 292.3, "reportValue": 0.01862, "evidence": {"osmLampsWorking": 0, "osmLampsBroken": 0, "osmLampsUntagged": 0, "nightBusTrips": 98.5, "wardComplaints2025": 62, "reports": 0}}}, {"type": "Feature", "geometry": {"type": "LineString", "coordinates": [[77.6388826, 12.9217151], [77.6383708, 12.9219033]]}, "properties": {"segID": "way794624009/0", "name": "7th A Cross Road", "ward": "Jakkasandra", "roadClass": "residential", "lengthM": 59.3, "darkness": {"alpha": 1.748, "beta": 2.252, "mean": 0.563, "var": 0.04921}, "exposure": {"activity": 0.1634, "structural": 0.4975, "blended": 0.414}, "confidence": 0.0817, "repairPriority": 0.01904, "routePenalty": 175.6, "reportValue": 0.02037, "evidence": {"osmLampsWorking": 0, "osmLampsBroken": 2, "osmLampsUntagged": 0, "nightBusTrips": 105.0, "wardComplaints2025": 62, "reports": 0}}}, {"type": "Feature", "geometry": {"type": "LineString", "coordinates": [[77.6517212, 12.9154667], [77.651714, 12.9156752], [77.6517126, 12.915712], [77.6517079, 12.9158503]]}, "properties": {"segID": "way794634837/0", "name": "27th Main Road", "ward": "HSR Layout", "roadClass": "secondary", "lengthM": 42.7, "darkness": {"alpha": 1.748, "beta": 0.252, "mean": 0.126, "var": 0.03671}, "exposure": {"activity": 0.945, "structural": 0.1454, "blended": 0.3453}, "confidence": 0.4966, "repairPriority": 0.02161, "routePenalty": 100.3, "reportValue": 0.01268, "evidence": {"osmLampsWorking": 0, "osmLampsBroken": 0, "osmLampsUntagged": 0, "nightBusTrips": 28.3, "wardComplaints2025": 252, "reports": 0}}}, {"type": "Feature", "geometry": {"type": "LineString", "coordinates": [[77.651791, 12.9158511], [77.651795, 12.9157109], [77.6518023, 12.915472], [77.6517675, 12.9154157]]}, "properties": {"segID": "way794634839/0", "name": "27th Main Road", "ward": "HSR Layout", "roadClass": "secondary", "lengthM": 49.5, "darkness": {"alpha": 1.748, "beta": 0.252, "mean": 0.126, "var": 0.03671}, "exposure": {"activity": 0.9338, "structural": 0.1464, "blended": 0.3433}, "confidence": 0.4966, "repairPriority": 0.02148, "routePenalty": 116.5, "reportValue": 0.0126, "evidence": {"osmLampsWorking": 0, "osmLampsBroken": 0, "osmLampsUntagged": 0, "nightBusTrips": 28.6, "wardComplaints2025": 252, "reports": 0}}}, {"type": "Feature", "geometry": {"type": "LineString", "coordinates": [[77.6394662, 12.9240289], [77.6391844, 12.9241332]]}, "properties": {"segID": "way839092204/0", "name": "Sarjapur Road", "ward": "Jakkasandra", "roadClass": "primary", "lengthM": 32.7, "darkness": {"alpha": 1.748, "beta": 0.252, "mean": 0.126, "var": 0.03671}, "exposure": {"activity": 0.3362, "structural": 0.7374, "blended": 0.6371}, "confidence": 0.4966, "repairPriority": 0.03986, "routePenalty": 63.9, "reportValue": 0.02339, "evidence": {"osmLampsWorking": 0, "osmLampsBroken": 0, "osmLampsUntagged": 0, "nightBusTrips": 93.5, "wardComplaints2025": 62, "reports": 0}}}, {"type": "Feature", "geometry": {"type": "LineString", "coordinates": [[77.6399269, 12.9238482], [77.6394662, 12.9240289]]}, "properties": {"segID": "way839092205/0", "name": "Sarjapur Road", "ward": "Jakkasandra", "roadClass": "primary", "lengthM": 53.8, "darkness": {"alpha": 2.748, "beta": 1.252, "mean": 0.313, "var": 0.04301}, "exposure": {"activity": 0.3637, "structural": 0.7362, "blended": 0.6431}, "confidence": 0.104, "repairPriority": 0.02093, "routePenalty": 122.6, "reportValue": 0.02766, "evidence": {"osmLampsWorking": 1, "osmLampsBroken": 1, "osmLampsUntagged": 0, "nightBusTrips": 91.8, "wardComplaints2025": 62, "reports": 0}}}, {"type": "Feature", "geometry": {"type": "LineString", "coordinates": [[77.6391957, 12.9242078], [77.6394635, 12.9241012]]}, "properties": {"segID": "way839092206/0", "name": "Sarjapur Road", "ward": "Agaram", "roadClass": "primary", "lengthM": 31.4, "darkness": {"alpha": 0.711, "beta": 1.289, "mean": 0.6443, "var": 0.0764}, "exposure": {"activity": 0.3689, "structural": 0.7813, "blended": 0.6782}, "confidence": 0.0383, "repairPriority": 0.01674, "routePenalty": 94.8, "reportValue": 0.05181, "evidence": {"osmLampsWorking": 0, "osmLampsBroken": 0, "osmLampsUntagged": 0, "nightBusTrips": 91.2, "wardComplaints2025": 71, "reports": 0}}}, {"type": "Feature", "geometry": {"type": "LineString", "coordinates": [[77.6353253, 12.9251496], [77.636068, 12.9252565], [77.636376, 12.9253009]]}, "properties": {"segID": "way839092207/0", "name": "Sarjapura Road", "ward": "Koramangala", "roadClass": "primary", "lengthM": 115.1, "darkness": {"alpha": 1.748, "beta": 0.252, "mean": 0.126, "var": 0.03671}, "exposure": {"activity": 0.5434, "structural": 0.517, "blended": 0.5236}, "confidence": 0.4966, "repairPriority": 0.03276, "routePenalty": 236.5, "reportValue": 0.01922, "evidence": {"osmLampsWorking": 0, "osmLampsBroken": 0, "osmLampsUntagged": 0, "nightBusTrips": 84.0, "wardComplaints2025": 136, "reports": 0}}}, {"type": "Feature", "geometry": {"type": "LineString", "coordinates": [[77.63969, 12.9233212], [77.6398266, 12.923625]]}, "properties": {"segID": "way839092208/0", "name": "14th Main Road", "ward": "Jakkasandra", "roadClass": "secondary", "lengthM": 36.9, "darkness": {"alpha": 1.748, "beta": 1.252, "mean": 0.4173, "var": 0.06079}, "exposure": {"activity": 0.3792, "structural": 0.7163, "blended": 0.632}, "confidence": 0.0757, "repairPriority": 0.01996, "routePenalty": 95.4, "reportValue": 0.03842, "evidence": {"osmLampsWorking": 0, "osmLampsBroken": 1, "osmLampsUntagged": 0, "nightBusTrips": 94.1, "wardComplaints2025": 62, "reports": 0}}}, {"type": "Feature", "geometry": {"type": "LineString", "coordinates": [[77.6398266, 12.923625], [77.6398975, 12.9237827], [77.6399269, 12.9238482]]}, "properties": {"segID": "way839092209/0", "name": "14th Main Road", "ward": "Jakkasandra", "roadClass": "secondary", "lengthM": 27.1, "darkness": {"alpha": 2.748, "beta": 1.252, "mean": 0.313, "var": 0.04301}, "exposure": {"activity": 0.4196, "structural": 0.7159, "blended": 0.6418}, "confidence": 0.104, "repairPriority": 0.02089, "routePenalty": 61.8, "reportValue": 0.0276, "evidence": {"osmLampsWorking": 1, "osmLampsBroken": 1, "osmLampsUntagged": 0, "nightBusTrips": 92.4, "wardComplaints2025": 62, "reports": 0}}}, {"type": "Feature", "geometry": {"type": "LineString", "coordinates": [[77.6398943, 12.9235844], [77.6397562, 12.9232901]]}, "properties": {"segID": "way839092210/0", "name": "14th Main Road", "ward": "HSR Layout", "roadClass": "secondary", "lengthM": 36.0, "darkness": {"alpha": 1.748, "beta": 1.252, "mean": 0.4173, "var": 0.06079}, "exposure": {"activity": 0.3078, "structural": 0.7761, "blended": 0.659}, "confidence": 0.0757, "repairPriority": 0.02082, "routePenalty": 92.4, "reportValue": 0.04006, "evidence": {"osmLampsWorking": 0, "osmLampsBroken": 1, "osmLampsUntagged": 0, "nightBusTrips": 97.3, "wardComplaints2025": 252, "reports": 0}}}, {"type": "Feature", "geometry": {"type": "LineString", "coordinates": [[77.6400267, 12.9238842], [77.6399982, 12.9238197], [77.6399452, 12.9236996], [77.6398943, 12.9235844]]}, "properties": {"segID": "way839092211/0", "name": "14th Main Road", "ward": "HSR Layout", "roadClass": "secondary", "lengthM": 36.3, "darkness": {"alpha": 2.748, "beta": 1.252, "mean": 0.313, "var": 0.04301}, "exposure": {"activity": 0.4127, "structural": 0.7739, "blended": 0.6836}, "confidence": 0.104, "repairPriority": 0.02225, "routePenalty": 81.7, "reportValue": 0.0294, "evidence": {"osmLampsWorking": 1, "osmLampsBroken": 1, "osmLampsUntagged": 0, "nightBusTrips": 93.1, "wardComplaints2025": 252, "reports": 0}}}, {"type": "Feature", "geometry": {"type": "LineString", "coordinates": [[77.6009818, 12.9167707], [77.6018886, 12.9167565], [77.6046272, 12.9167301]]}, "properties": {"segID": "way886153772/0", "name": "Ragigudda-Silk Board Integrated Flyover", "ward": "Jayanagar East", "roadClass": "primary", "lengthM": 395.1, "darkness": {"alpha": 1.748, "beta": 0.252, "mean": 0.126, "var": 0.03671}, "exposure": {"activity": 0.0249, "structural": 0.123, "blended": 0.0985}, "confidence": 0.4966, "repairPriority": 0.00616, "routePenalty": 1777.1, "reportValue": 0.00362, "evidence": {"osmLampsWorking": 0, "osmLampsBroken": 0, "osmLampsUntagged": 0, "nightBusTrips": 0, "wardComplaints2025": 180, "reports": 0}}}, {"type": "Feature", "geometry": {"type": "LineString", "coordinates": [[77.6046272, 12.9167301], [77.6055093, 12.9166985], [77.6068966, 12.916649]]}, "properties": {"segID": "way886153772/1", "name": "Ragigudda-Silk Board Integrated Flyover", "ward": "Gurappanapalya", "roadClass": "primary", "lengthM": 246.1, "darkness": {"alpha": 1.748, "beta": 0.252, "mean": 0.126, "var": 0.03671}, "exposure": {"activity": 0.0249, "structural": 0.1237, "blended": 0.099}, "confidence": 0.4966, "repairPriority": 0.00619, "routePenalty": 1103.2, "reportValue": 0.00363, "evidence": {"osmLampsWorking": 0, "osmLampsBroken": 0, "osmLampsUntagged": 0, "nightBusTrips": 1.0, "wardComplaints2025": 72, "reports": 0}}}, {"type": "Feature", "geometry": {"type": "LineString", "coordinates": [[77.6068966, 12.916649], [77.608769, 12.9166269]]}, "properties": {"segID": "way886153772/2", "name": "Ragigudda-Silk Board Integrated Flyover", "ward": "Madivala", "roadClass": "primary", "lengthM": 202.9, "darkness": {"alpha": 1.748, "beta": 0.252, "mean": 0.126, "var": 0.03671}, "exposure": {"activity": 0.0249, "structural": 0.1358, "blended": 0.1081}, "confidence": 0.4966, "repairPriority": 0.00676, "routePenalty": 858.8, "reportValue": 0.00397, "evidence": {"osmLampsWorking": 0, "osmLampsBroken": 0, "osmLampsUntagged": 0, "nightBusTrips": 20.6, "wardComplaints2025": 180, "reports": 0}}}, {"type": "Feature", "geometry": {"type": "LineString", "coordinates": [[77.608769, 12.9166269], [77.6106789, 12.9165901]]}, "properties": {"segID": "way886153772/3", "name": "Ragigudda-Silk Board Integrated Flyover", "ward": "Madivala", "roadClass": "primary", "lengthM": 207.0, "darkness": {"alpha": 1.748, "beta": 0.252, "mean": 0.126, "var": 0.03671}, "exposure": {"activity": 0.0249, "structural": 0.153, "blended": 0.121}, "confidence": 0.4966, "repairPriority": 0.00757, "routePenalty": 815.9, "reportValue": 0.00444, "evidence": {"osmLampsWorking": 0, "osmLampsBroken": 0, "osmLampsUntagged": 0, "nightBusTrips": 33.5, "wardComplaints2025": 180, "reports": 0}}}, {"type": "Feature", "geometry": {"type": "LineString", "coordinates": [[77.6106789, 12.9165901], [77.6118255, 12.9165832], [77.6139489, 12.9165024]]}, "properties": {"segID": "way886153772/4", "name": "Ragigudda-Silk Board Integrated Flyover", "ward": "Madivala", "roadClass": "primary", "lengthM": 354.6, "darkness": {"alpha": 1.748, "beta": 0.252, "mean": 0.126, "var": 0.03671}, "exposure": {"activity": 0.0249, "structural": 0.1709, "blended": 0.1344}, "confidence": 0.4966, "repairPriority": 0.00841, "routePenalty": 1311.4, "reportValue": 0.00493, "evidence": {"osmLampsWorking": 0, "osmLampsBroken": 0, "osmLampsUntagged": 0, "nightBusTrips": 44.1, "wardComplaints2025": 180, "reports": 0}}}, {"type": "Feature", "geometry": {"type": "LineString", "coordinates": [[77.6139489, 12.9165024], [77.6142033, 12.9164926], [77.6150652, 12.9164387], [77.6155799, 12.9164012]]}, "properties": {"segID": "way886153772/5", "name": "Ragigudda-Silk Board Integrated Flyover", "ward": "Madivala", "roadClass": "primary", "lengthM": 177.1, "darkness": {"alpha": 1.748, "beta": 0.252, "mean": 0.126, "var": 0.03671}, "exposure": {"activity": 0.0249, "structural": 0.3972, "blended": 0.3041}, "confidence": 0.4966, "repairPriority": 0.01903, "routePenalty": 436.7, "reportValue": 0.01116, "evidence": {"osmLampsWorking": 0, "osmLampsBroken": 0, "osmLampsUntagged": 0, "nightBusTrips": 145.2, "wardComplaints2025": 180, "reports": 0}}}, {"type": "Feature", "geometry": {"type": "LineString", "coordinates": [[77.6155799, 12.9164012], [77.6161169, 12.9163313], [77.616666, 12.9162711], [77.6171045, 12.9162816]]}, "properties": {"segID": "way886153772/6", "name": "Ragigudda-Silk Board Integrated Flyover", "ward": "Madivala", "roadClass": "primary", "lengthM": 166.1, "darkness": {"alpha": 1.748, "beta": 0.252, "mean": 0.126, "var": 0.03671}, "exposure": {"activity": 0.0249, "structural": 0.4405, "blended": 0.3366}, "confidence": 0.4966, "repairPriority": 0.02106, "routePenalty": 393.9, "reportValue": 0.01236, "evidence": {"osmLampsWorking": 0, "osmLampsBroken": 0, "osmLampsUntagged": 0, "nightBusTrips": 193.6, "wardComplaints2025": 180, "reports": 0}}}, {"type": "Feature", "geometry": {"type": "LineString", "coordinates": [[77.6171045, 12.9162816], [77.6175646, 12.9163121], [77.6189793, 12.9163339]]}, "properties": {"segID": "way886153772/7", "name": "Ragigudda-Silk Board Integrated Flyover", "ward": "Madivala", "roadClass": "primary", "lengthM": 203.3, "darkness": {"alpha": 1.748, "beta": 0.252, "mean": 0.126, "var": 0.03671}, "exposure": {"activity": 0.0507, "structural": 0.4381, "blended": 0.3413}, "confidence": 0.4966, "repairPriority": 0.02136, "routePenalty": 479.6, "reportValue": 0.01253, "evidence": {"osmLampsWorking": 0, "osmLampsBroken": 0, "osmLampsUntagged": 0, "nightBusTrips": 190.7, "wardComplaints2025": 180, "reports": 0}}}, {"type": "Feature", "geometry": {"type": "LineString", "coordinates": [[77.6189793, 12.9163339], [77.6193191, 12.9163443], [77.6195336, 12.9163764], [77.6197489, 12.9163982], [77.6200533, 12.9164729]]}, "properties": {"segID": "way886153772/8", "name": "Ragigudda-Silk Board Integrated Flyover", "ward": "Madivala", "roadClass": "primary", "lengthM": 117.8, "darkness": {"alpha": 1.748, "beta": 0.252, "mean": 0.126, "var": 0.03671}, "exposure": {"activity": 0.0525, "structural": 0.477, "blended": 0.3708}, "confidence": 0.4966, "repairPriority": 0.0232, "routePenalty": 269.7, "reportValue": 0.01361, "evidence": {"osmLampsWorking": 0, "osmLampsBroken": 0, "osmLampsUntagged": 0, "nightBusTrips": 232.9, "wardComplaints2025": 180, "reports": 0}}}, {"type": "Feature", "geometry": {"type": "LineString", "coordinates": [[77.629422, 12.9310641], [77.6293853, 12.9306062]]}, "properties": {"segID": "way996354906/0", "name": "10th Main Road", "ward": "Koramangala", "roadClass": "residential", "lengthM": 51.1, "darkness": {"alpha": 1.748, "beta": 0.252, "mean": 0.126, "var": 0.03671}, "exposure": {"activity": 0.4273, "structural": 0.4764, "blended": 0.4642}, "confidence": 0.4966, "repairPriority": 0.02905, "routePenalty": 108.7, "reportValue": 0.01704, "evidence": {"osmLampsWorking": 0, "osmLampsBroken": 0, "osmLampsUntagged": 0, "nightBusTrips": 63.8, "wardComplaints2025": 136, "reports": 0}}}, {"type": "Feature", "geometry": {"type": "LineString", "coordinates": [[77.6340832, 12.9248246], [77.6340762, 12.9247501], [77.6340043, 12.9239247], [77.6339612, 12.9238162]]}, "properties": {"segID": "way1014015991/0", "name": "Venkatapura Main Road", "ward": "Jakkasandra", "roadClass": "residential", "lengthM": 113.4, "darkness": {"alpha": 1.748, "beta": 0.252, "mean": 0.126, "var": 0.03671}, "exposure": {"activity": 0.5907, "structural": 0.6772, "blended": 0.6556}, "confidence": 0.4966, "repairPriority": 0.04102, "routePenalty": 219.9, "reportValue": 0.02407, "evidence": {"osmLampsWorking": 0, "osmLampsBroken": 0, "osmLampsUntagged": 0, "nightBusTrips": 106.7, "wardComplaints2025": 62, "reports": 0}}}, {"type": "Feature", "geometry": {"type": "LineString", "coordinates": [[77.6307889, 12.9390131], [77.6307906, 12.9391262], [77.6307936, 12.9392625]]}, "properties": {"segID": "way1052588225/0", "name": "3rd Cross Road", "ward": "Ejipura", "roadClass": "residential", "lengthM": 27.7, "darkness": {"alpha": 1.748, "beta": 0.252, "mean": 0.126, "var": 0.03671}, "exposure": {"activity": 0.4248, "structural": 0.3507, "blended": 0.3692}, "confidence": 0.4966, "repairPriority": 0.0231, "routePenalty": 63.5, "reportValue": 0.01355, "evidence": {"osmLampsWorking": 0, "osmLampsBroken": 0, "osmLampsUntagged": 0, "nightBusTrips": 43.6, "wardComplaints2025": 78, "reports": 0}}}, {"type": "Feature", "geometry": {"type": "LineString", "coordinates": [[77.6503058, 12.9244812], [77.6504545, 12.9244834]]}, "properties": {"segID": "way1059216076/0", "name": "Outer Ring Road", "ward": "Agaram", "roadClass": "primary", "lengthM": 16.1, "darkness": {"alpha": 5.711, "beta": 2.289, "mean": 0.2861, "var": 0.02269}, "exposure": {"activity": 0.5718, "structural": 0.7304, "blended": 0.6907}, "confidence": 0.9175, "repairPriority": 0.18131, "routePenalty": 32.9, "reportValue": 0.01567, "evidence": {"osmLampsWorking": 5, "osmLampsBroken": 1, "osmLampsUntagged": 0, "nightBusTrips": 217.1, "wardComplaints2025": 71, "reports": 0}}}, {"type": "Feature", "geometry": {"type": "LineString", "coordinates": [[77.6229259, 12.9173954], [77.623148, 12.9174482], [77.623628, 12.9175615], [77.6243834, 12.9176822]]}, "properties": {"segID": "way1073384217/0", "name": "Outer Ring Road", "ward": "Jakkasandra", "roadClass": "trunk", "lengthM": 161.3, "darkness": {"alpha": 5.748, "beta": 9.252, "mean": 0.6168, "var": 0.01477}, "exposure": {"activity": 0.4738, "structural": 0.522, "blended": 0.51}, "confidence": 0.948, "repairPriority": 0.29821, "routePenalty": 424.3, "reportValue": 0.00753, "evidence": {"osmLampsWorking": 4, "osmLampsBroken": 9, "osmLampsUntagged": 0, "nightBusTrips": 342.7, "wardComplaints2025": 62, "reports": 0}}}, {"type": "Feature", "geometry": {"type": "LineString", "coordinates": [[77.6243834, 12.9176822], [77.6247366, 12.9177084]]}, "properties": {"segID": "way1090570629/0", "name": "Outer Ring Road", "ward": "Jakkasandra", "roadClass": "trunk", "lengthM": 38.4, "darkness": {"alpha": 4.748, "beta": 6.252, "mean": 0.5684, "var": 0.02044}, "exposure": {"activity": 0.3697, "structural": 0.5086, "blended": 0.4739}, "confidence": 0.9286, "repairPriority": 0.25013, "routePenalty": 101.7, "reportValue": 0.00969, "evidence": {"osmLampsWorking": 3, "osmLampsBroken": 6, "osmLampsUntagged": 0, "nightBusTrips": 293.2, "wardComplaints2025": 62, "reports": 0}}}, {"type": "Feature", "geometry": {"type": "LineString", "coordinates": [[77.6333119, 12.9384347], [77.6329272, 12.9384435], [77.6328936, 12.9384443], [77.6328315, 12.9384457], [77.6327689, 12.9384471]]}, "properties": {"segID": "way1099850917/0", "name": "Inner Ring Road", "ward": "Agaram", "roadClass": "primary", "lengthM": 58.9, "darkness": {"alpha": 0.711, "beta": 1.289, "mean": 0.6443, "var": 0.0764}, "exposure": {"activity": 0.2837, "structural": 0.5928, "blended": 0.5155}, "confidence": 0.0383, "repairPriority": 0.01272, "routePenalty": 186.0, "reportValue": 0.03938, "evidence": {"osmLampsWorking": 0, "osmLampsBroken": 0, "osmLampsUntagged": 0, "nightBusTrips": 37.9, "wardComplaints2025": 71, "reports": 0}}}, {"type": "Feature", "geometry": {"type": "LineString", "coordinates": [[77.6470719, 12.9237689], [77.6468667, 12.9236504], [77.6466165, 12.9234869]]}, "properties": {"segID": "way1100988968/0", "name": "Outer Ring Road", "ward": "HSR Layout", "roadClass": "trunk", "lengthM": 58.5, "darkness": {"alpha": 8.748, "beta": 1.252, "mean": 0.1252, "var": 0.00996}, "exposure": {"activity": 0.5021, "structural": 0.3686, "blended": 0.402}, "confidence": 0.9768, "repairPriority": 0.04916, "routePenalty": 117.7, "reportValue": 0.004, "evidence": {"osmLampsWorking": 7, "osmLampsBroken": 1, "osmLampsUntagged": 0, "nightBusTrips": 127.2, "wardComplaints2025": 252, "reports": 0}}}, {"type": "Feature", "geometry": {"type": "LineString", "coordinates": [[77.6243016, 12.916147], [77.6240636, 12.9166756]]}, "properties": {"segID": "way1101690289/0", "name": "14th Cross Road", "ward": "HSR Layout", "roadClass": "residential", "lengthM": 64.2, "darkness": {"alpha": 1.748, "beta": 0.252, "mean": 0.126, "var": 0.03671}, "exposure": {"activity": 0.2597, "structural": 0.5103, "blended": 0.4477}, "confidence": 0.4966, "repairPriority": 0.02801, "routePenalty": 138.1, "reportValue": 0.01644, "evidence": {"osmLampsWorking": 0, "osmLampsBroken": 0, "osmLampsUntagged": 0, "nightBusTrips": 301.2, "wardComplaints2025": 252, "reports": 0}}}, {"type": "Feature", "geometry": {"type": "LineString", "coordinates": [[77.6447712, 12.9151], [77.6447685, 12.9150343], [77.6446686, 12.9136013]]}, "properties": {"segID": "way1105437335/0", "name": "19th Main Road", "ward": "HSR Layout", "roadClass": "secondary", "lengthM": 167.0, "darkness": {"alpha": 1.748, "beta": 0.252, "mean": 0.126, "var": 0.03671}, "exposure": {"activity": 0.5305, "structural": 0.2916, "blended": 0.3513}, "confidence": 0.4966, "repairPriority": 0.02198, "routePenalty": 389.8, "reportValue": 0.0129, "evidence": {"osmLampsWorking": 0, "osmLampsBroken": 0, "osmLampsUntagged": 0, "nightBusTrips": 82.8, "wardComplaints2025": 252, "reports": 0}}}, {"type": "Feature", "geometry": {"type": "LineString", "coordinates": [[77.6731526, 12.916978], [77.67289, 12.9171125], [77.6726771, 12.9172232], [77.6726232, 12.9172508], [77.6722096, 12.9174558], [77.672107, 12.9175085], [77.6718403, 12.9176539]]}, "properties": {"segID": "way1105715133/0", "name": "Sarjapura Road", "ward": "Bellanduru", "roadClass": "primary", "lengthM": 160.9, "darkness": {"alpha": 1.363, "beta": 0.637, "mean": 0.3186, "var": 0.07236}, "exposure": {"activity": 0.0619, "structural": 0.3521, "blended": 0.2796}, "confidence": 0.058, "repairPriority": 0.00517, "routePenalty": 503.0, "reportValue": 0.02023, "evidence": {"osmLampsWorking": 0, "osmLampsBroken": 0, "osmLampsUntagged": 0, "nightBusTrips": 114.2, "wardComplaints2025": 250, "reports": 0}}}, {"type": "Feature", "geometry": {"type": "LineString", "coordinates": [[77.6718403, 12.9176539], [77.6717953, 12.9176784], [77.6717153, 12.9177251], [77.6715998, 12.9177815], [77.6715169, 12.917822], [77.6711209, 12.9180153], [77.6709534, 12.9180971], [77.6708893, 12.9181284], [77.6708053, 12.9181703], [77.6707546, 12.9181903], [77.6706814, 12.9182192], [77.6699558, 12.9184681]]}, "properties": {"segID": "way1105715133/1", "name": "Sarjapura Road", "ward": "Bellanduru", "roadClass": "primary", "lengthM": 223.9, "darkness": {"alpha": 1.363, "beta": 1.637, "mean": 0.5457, "var": 0.06198}, "exposure": {"activity": 0.1625, "structural": 0.4075, "blended": 0.3462}, "confidence": 0.0727, "repairPriority": 0.01373, "routePenalty": 711.7, "reportValue": 0.02146, "evidence": {"osmLampsWorking": 0, "osmLampsBroken": 1, "osmLampsUntagged": 0, "nightBusTrips": 156.8, "wardComplaints2025": 250, "reports": 0}}}, {"type": "Feature", "geometry": {"type": "LineString", "coordinates": [[77.6699558, 12.9184681], [77.669888, 12.9184913], [77.6698416, 12.9185072], [77.6695352, 12.9186077], [77.6691608, 12.9187246], [77.6691461, 12.9187292]]}, "properties": {"segID": "way1105715133/2", "name": "Sarjapura Road", "ward": "Bellanduru", "roadClass": "primary", "lengthM": 92.4, "darkness": {"alpha": 1.363, "beta": 5.637, "mean": 0.8053, "var": 0.0196}, "exposure": {"activity": 0.5322, "structural": 0.4543, "blended": 0.4738}, "confidence": 0.9316, "repairPriority": 0.35545, "routePenalty": 276.9, "reportValue": 0.00929, "evidence": {"osmLampsWorking": 0, "osmLampsBroken": 5, "osmLampsUntagged": 0, "nightBusTrips": 210.9, "wardComplaints2025": 250, "reports": 0}}}, {"type": "Feature", "geometry": {"type": "LineString", "coordinates": [[77.6219684, 12.9169283], [77.6215184, 12.9167765]]}, "properties": {"segID": "way1108993651/0", "name": "Outer Ring Road", "ward": "BTM Layout", "roadClass": "trunk", "lengthM": 51.6, "darkness": {"alpha": 1.748, "beta": 0.252, "mean": 0.126, "var": 0.03671}, "exposure": {"activity": 0.098, "structural": 0.5175, "blended": 0.4127}, "confidence": 0.4966, "repairPriority": 0.02582, "routePenalty": 113.9, "reportValue": 0.01515, "evidence": {"osmLampsWorking": 0, "osmLampsBroken": 0, "osmLampsUntagged": 0, "nightBusTrips": 328.9, "wardComplaints2025": 435, "reports": 0}}}, {"type": "Feature", "geometry": {"type": "LineString", "coordinates": [[77.6215184, 12.9167765], [77.6199358, 12.9163133]]}, "properties": {"segID": "way1108993653/0", "name": "Outer Ring Road", "ward": "BTM Layout", "roadClass": "trunk", "lengthM": 179.1, "darkness": {"alpha": 1.748, "beta": 0.252, "mean": 0.126, "var": 0.03671}, "exposure": {"activity": 0.0602, "structural": 0.4831, "blended": 0.3774}, "confidence": 0.4966, "repairPriority": 0.02361, "routePenalty": 407.5, "reportValue": 0.01385, "evidence": {"osmLampsWorking": 0, "osmLampsBroken": 0, "osmLampsUntagged": 0, "nightBusTrips": 242.5, "wardComplaints2025": 435, "reports": 0}}}, {"type": "Feature", "geometry": {"type": "LineString", "coordinates": [[77.6655558, 12.921086], [77.6655596, 12.921029], [77.6655585, 12.9209342]]}, "properties": {"segID": "way1109938620/0", "name": "6th Main Road", "ward": "Bellanduru", "roadClass": "tertiary", "lengthM": 16.9, "darkness": {"alpha": 0.973, "beta": 2.027, "mean": 0.6755, "var": 0.0548}, "exposure": {"activity": 0.7369, "structural": 0.8738, "blended": 0.8396}, "confidence": 0.0782, "repairPriority": 0.04435, "routePenalty": 47.5, "reportValue": 0.04601, "evidence": {"osmLampsWorking": 0, "osmLampsBroken": 1, "osmLampsUntagged": 0, "nightBusTrips": 259.5, "wardComplaints2025": 250, "reports": 0}}}, {"type": "Feature", "geometry": {"type": "LineString", "coordinates": [[77.6655585, 12.9209342], [77.6659924, 12.9211461]]}, "properties": {"segID": "way1109938622/0", "name": "Outer Ring Road", "ward": "Bellanduru", "roadClass": "trunk", "lengthM": 52.6, "darkness": {"alpha": 1.46, "beta": 2.54, "mean": 0.6349, "var": 0.04636}, "exposure": {"activity": 0.6948, "structural": 0.8769, "blended": 0.8313}, "confidence": 0.0997, "repairPriority": 0.05262, "routePenalty": 141.2, "reportValue": 0.03854, "evidence": {"osmLampsWorking": 0, "osmLampsBroken": 2, "osmLampsUntagged": 0, "nightBusTrips": 283.1, "wardComplaints2025": 250, "reports": 0}}}, {"type": "Feature", "geometry": {"type": "LineString", "coordinates": [[77.6653098, 12.9206436], [77.6653726, 12.9206256], [77.6654081, 12.9206], [77.6654255, 12.9205875], [77.6655365, 12.9205145]]}, "properties": {"segID": "way1109939060/0", "name": "Sarjapura Road", "ward": "Bellanduru", "roadClass": "primary", "lengthM": 28.7, "darkness": {"alpha": 1.363, "beta": 1.637, "mean": 0.5457, "var": 0.06198}, "exposure": {"activity": 0.6741, "structural": 0.4876, "blended": 0.5342}, "confidence": 0.0727, "repairPriority": 0.02119, "routePenalty": 82.5, "reportValue": 0.03311, "evidence": {"osmLampsWorking": 0, "osmLampsBroken": 1, "osmLampsUntagged": 0, "nightBusTrips": 247.5, "wardComplaints2025": 250, "reports": 0}}}, {"type": "Feature", "geometry": {"type": "LineString", "coordinates": [[77.6650296, 12.9206681], [77.6651215, 12.9206603], [77.6651968, 12.9206601], [77.6653098, 12.9206436]]}, "properties": {"segID": "way1109939061/0", "name": "Sarjapura Road", "ward": "Bellanduru", "roadClass": "primary", "lengthM": 30.5, "darkness": {"alpha": 1.363, "beta": 0.637, "mean": 0.3186, "var": 0.07236}, "exposure": {"activity": 0.6801, "structural": 0.4845, "blended": 0.5334}, "confidence": 0.058, "repairPriority": 0.00986, "routePenalty": 79.9, "reportValue": 0.0386, "evidence": {"osmLampsWorking": 0, "osmLampsBroken": 0, "osmLampsUntagged": 0, "nightBusTrips": 243.8, "wardComplaints2025": 250, "reports": 0}}}, {"type": "Feature", "geometry": {"type": "LineString", "coordinates": [[77.6687125, 12.9188802], [77.6685027, 12.9189662], [77.6681842, 12.9191415], [77.668113, 12.9191808], [77.6680194, 12.9192325], [77.6678101, 12.9193461], [77.6676429, 12.9194283]]}, "properties": {"segID": "way1109939744/0", "name": "Sarjapura Road", "ward": "Bellanduru", "roadClass": "primary", "lengthM": 131.1, "darkness": {"alpha": 1.363, "beta": 6.637, "mean": 0.8296, "var": 0.0157}, "exposure": {"activity": 0.7807, "structural": 0.4701, "blended": 0.5477}, "confidence": 0.9433, "repairPriority": 0.42861, "routePenalty": 382.4, "reportValue": 0.0086, "evidence": {"osmLampsWorking": 0, "osmLampsBroken": 6, "osmLampsUntagged": 0, "nightBusTrips": 224.3, "wardComplaints2025": 250, "reports": 0}}}, {"type": "Feature", "geometry": {"type": "LineString", "coordinates": [[77.6689288, 12.9187966], [77.6688863, 12.918813], [77.6688366, 12.9188322], [77.6687125, 12.9188802]]}, "properties": {"segID": "way1109939746/0", "name": "Sarjapura Road", "ward": "Bellanduru", "roadClass": "primary", "lengthM": 25.2, "darkness": {"alpha": 1.363, "beta": 3.637, "mean": 0.7274, "var": 0.03305}, "exposure": {"activity": 0.6879, "structural": 0.4591, "blended": 0.5163}, "confidence": 0.8878, "repairPriority": 0.33342, "routePenalty": 74.0, "reportValue": 0.01706, "evidence": {"osmLampsWorking": 0, "osmLampsBroken": 3, "osmLampsUntagged": 0, "nightBusTrips": 215.1, "wardComplaints2025": 250, "reports": 0}}}, {"type": "Feature", "geometry": {"type": "LineString", "coordinates": [[77.6691461, 12.9187292], [77.6690099, 12.9187714], [77.6689288, 12.9187966]]}, "properties": {"segID": "way1109939747/0", "name": "Sarjapura Road", "ward": "Bellanduru", "roadClass": "primary", "lengthM": 24.7, "darkness": {"alpha": 1.363, "beta": 3.637, "mean": 0.7274, "var": 0.03305}, "exposure": {"activity": 0.6612, "structural": 0.457, "blended": 0.5081}, "confidence": 0.8878, "repairPriority": 0.32812, "routePenalty": 72.7, "reportValue": 0.01679, "evidence": {"osmLampsWorking": 0, "osmLampsBroken": 3, "osmLampsUntagged": 0, "nightBusTrips": 213.5, "wardComplaints2025": 250, "reports": 0}}}, {"type": "Feature", "geometry": {"type": "LineString", "coordinates": [[77.6688366, 12.9188322], [77.6688004, 12.9187531], [77.6687395, 12.9186198], [77.6686049, 12.9183161], [77.6685522, 12.9182753]]}, "properties": {"segID": "way1109939748/0", "name": "Haralur Road", "ward": "Bellanduru", "roadClass": "tertiary", "lengthM": 69.9, "darkness": {"alpha": 0.973, "beta": 3.027, "mean": 0.7566, "var": 0.03683}, "exposure": {"activity": 0.6664, "structural": 0.4522, "blended": 0.5057}, "confidence": 0.1126, "repairPriority": 0.04308, "routePenalty": 211.2, "reportValue": 0.01862, "evidence": {"osmLampsWorking": 0, "osmLampsBroken": 2, "osmLampsUntagged": 0, "nightBusTrips": 207.9, "wardComplaints2025": 250, "reports": 0}}}, {"type": "Feature", "geometry": {"type": "LineString", "coordinates": [[77.6233051, 12.9173496], [77.6231607, 12.9173238], [77.6229515, 12.9172887]]}, "properties": {"segID": "way1109948890/0", "name": "Outer Ring Road", "ward": "HSR Layout", "roadClass": "trunk", "lengthM": 38.9, "darkness": {"alpha": 2.748, "beta": 3.252, "mean": 0.542, "var": 0.03546}, "exposure": {"activity": 0.3285, "structural": 0.521, "blended": 0.4729}, "confidence": 0.8796, "repairPriority": 0.22545, "routePenalty": 106.2, "reportValue": 0.01677, "evidence": {"osmLampsWorking": 1, "osmLampsBroken": 3, "osmLampsUntagged": 0, "nightBusTrips": 338.9, "wardComplaints2025": 252, "reports": 0}}}, {"type": "Feature", "geometry": {"type": "LineString", "coordinates": [[77.6202961, 12.9212099], [77.620374, 12.9210808]]}, "properties": {"segID": "way1109968033/0", "name": "Hosur Road", "ward": "Jakkasandra", "roadClass": "trunk", "lengthM": 16.7, "darkness": {"alpha": 1.748, "beta": 0.252, "mean": 0.126, "var": 0.03671}, "exposure": {"activity": 0.7412, "structural": 0.7107, "blended": 0.7184}, "confidence": 0.4966, "repairPriority": 0.04495, "routePenalty": 31.7, "reportValue": 0.02637, "evidence": {"osmLampsWorking": 0, "osmLampsBroken": 0, "osmLampsUntagged": 0, "nightBusTrips": 276.6, "wardComplaints2025": 62, "reports": 0}}}, {"type": "Feature", "geometry": {"type": "LineString", "coordinates": [[77.6381505, 12.9155442], [77.6381569, 12.9157274], [77.6381576, 12.915747]]}, "properties": {"segID": "way1110163659/0", "name": "14th Main Road", "ward": "HSR Layout", "roadClass": "secondary", "lengthM": 22.6, "darkness": {"alpha": 3.748, "beta": 2.252, "mean": 0.3753, "var": 0.03349}, "exposure": {"activity": 0.4927, "structural": 0.3741, "blended": 0.4038}, "confidence": 0.8835, "repairPriority": 0.13389, "routePenalty": 58.1, "reportValue": 0.01352, "evidence": {"osmLampsWorking": 2, "osmLampsBroken": 2, "osmLampsUntagged": 0, "nightBusTrips": 129.3, "wardComplaints2025": 252, "reports": 0}}}, {"type": "Feature", "geometry": {"type": "LineString", "coordinates": [[77.6382588, 12.9161262], [77.638348, 12.9161381], [77.6384121, 12.9161467], [77.6386036, 12.9161903], [77.6389516, 12.9162976], [77.6390023, 12.9163155], [77.6392989, 12.9164281], [77.6394692, 12.9164895], [77.6398279, 12.9166706]]}, "properties": {"segID": "way1110163861/0", "name": "Service Road", "ward": "HSR Layout", "roadClass": "tertiary", "lengthM": 181.4, "darkness": {"alpha": 11.748, "beta": 20.252, "mean": 0.6329, "var": 0.00704}, "exposure": {"activity": 0.3723, "structural": 0.3648, "blended": 0.3667}, "confidence": 0.9923, "repairPriority": 0.2303, "routePenalty": 511.8, "reportValue": 0.00258, "evidence": {"osmLampsWorking": 10, "osmLampsBroken": 20, "osmLampsUntagged": 0, "nightBusTrips": 125.5, "wardComplaints2025": 252, "reports": 0}}}, {"type": "Feature", "geometry": {"type": "LineString", "coordinates": [[77.6398279, 12.9166706], [77.6399466, 12.916748], [77.6401377, 12.9168879], [77.6405214, 12.9172106], [77.6407077, 12.9173647]]}, "properties": {"segID": "way1110163861/1", "name": "Service Road", "ward": "HSR Layout", "roadClass": "tertiary", "lengthM": 122.8, "darkness": {"alpha": 8.748, "beta": 12.252, "mean": 0.5834, "var": 0.01105}, "exposure": {"activity": 0.1677, "structural": 0.3803, "blended": 0.3271}, "confidence": 0.9708, "repairPriority": 0.18526, "routePenalty": 353.4, "reportValue": 0.00361, "evidence": {"osmLampsWorking": 7, "osmLampsBroken": 12, "osmLampsUntagged": 0, "nightBusTrips": 131.9, "wardComplaints2025": 252, "reports": 0}}}, {"type": "Feature", "geometry": {"type": "LineString", "coordinates": [[77.6208789, 12.9275058], [77.6207545, 12.9275576], [77.620616, 12.9276081], [77.6193863, 12.9281077]]}, "properties": {"segID": "way1110164315/0", "name": "Sarjapura Road", "ward": "Koramangala", "roadClass": "primary", "lengthM": 175.1, "darkness": {"alpha": 1.748, "beta": 0.252, "mean": 0.126, "var": 0.03671}, "exposure": {"activity": 0.1479, "structural": 0.4742, "blended": 0.3926}, "confidence": 0.4966, "repairPriority": 0.02457, "routePenalty": 393.1, "reportValue": 0.01441, "evidence": {"osmLampsWorking": 0, "osmLampsBroken": 0, "osmLampsUntagged": 0, "nightBusTrips": 230.5, "wardComplaints2025": 136, "reports": 0}}}, {"type": "Feature", "geometry": {"type": "LineString", "coordinates": [[77.6193863, 12.9281077], [77.6182675, 12.9285287], [77.6174874, 12.9288204]]}, "properties": {"segID": "way1110164315/1", "name": "Sarjapura Road", "ward": "Koramangala", "roadClass": "primary", "lengthM": 220.5, "darkness": {"alpha": 1.748, "beta": 0.252, "mean": 0.126, "var": 0.03671}, "exposure": {"activity": 0.0542, "structural": 0.4415, "blended": 0.3447}, "confidence": 0.4966, "repairPriority": 0.02157, "routePenalty": 518.3, "reportValue": 0.01265, "evidence": {"osmLampsWorking": 0, "osmLampsBroken": 0, "osmLampsUntagged": 0, "nightBusTrips": 196.0, "wardComplaints2025": 136, "reports": 0}}}, {"type": "Feature", "geometry": {"type": "LineString", "coordinates": [[77.6174874, 12.9288204], [77.6160208, 12.9293703]]}, "properties": {"segID": "way1110164315/2", "name": "Sarjapura Road", "ward": "Koramangala", "roadClass": "primary", "lengthM": 170.3, "darkness": {"alpha": 1.748, "beta": 0.252, "mean": 0.126, "var": 0.03671}, "exposure": {"activity": 0.0249, "structural": 0.4728, "blended": 0.3609}, "confidence": 0.4966, "repairPriority": 0.02258, "routePenalty": 393.7, "reportValue": 0.01325, "evidence": {"osmLampsWorking": 0, "osmLampsBroken": 0, "osmLampsUntagged": 0, "nightBusTrips": 227.2, "wardComplaints2025": 136, "reports": 0}}}, {"type": "Feature", "geometry": {"type": "LineString", "coordinates": [[77.6160208, 12.9293703], [77.6159128, 12.9294046], [77.6155636, 12.9295234], [77.6153767, 12.929553], [77.6151658, 12.9295715]]}, "properties": {"segID": "way1110164315/3", "name": "Sarjapura Road", "ward": "Koramangala", "roadClass": "primary", "lengthM": 95.9, "darkness": {"alpha": 1.748, "beta": 0.252, "mean": 0.126, "var": 0.03671}, "exposure": {"activity": 0.0249, "structural": 0.4735, "blended": 0.3614}, "confidence": 0.4966, "repairPriority": 0.02261, "routePenalty": 221.6, "reportValue": 0.01327, "evidence": {"osmLampsWorking": 0, "osmLampsBroken": 0, "osmLampsUntagged": 0, "nightBusTrips": 229.5, "wardComplaints2025": 136, "reports": 0}}}, {"type": "Feature", "geometry": {"type": "LineString", "coordinates": [[77.6221345, 12.9302411], [77.6219773, 12.9298454], [77.6218475, 12.9295187], [77.621651, 12.9290553], [77.6214602, 12.9285868]]}, "properties": {"segID": "way1110164319/0", "name": "Mahayogi Vemana Road", "ward": "Koramangala", "roadClass": "primary", "lengthM": 197.9, "darkness": {"alpha": 1.748, "beta": 0.252, "mean": 0.126, "var": 0.03671}, "exposure": {"activity": 0.4686, "structural": 0.6476, "blended": 0.6029}, "confidence": 0.4966, "repairPriority": 0.03772, "routePenalty": 391.7, "reportValue": 0.02213, "evidence": {"osmLampsWorking": 0, "osmLampsBroken": 0, "osmLampsUntagged": 0, "nightBusTrips": 168.9, "wardComplaints2025": 136, "reports": 0}}}, {"type": "Feature", "geometry": {"type": "LineString", "coordinates": [[77.6214602, 12.9285868], [77.6212637, 12.9281284], [77.621122, 12.9277791], [77.62111, 12.927751], [77.6210614, 12.9276367]]}, "properties": {"segID": "way1110164319/1", "name": "Mahayogi Vemana Road", "ward": "Koramangala", "roadClass": "primary", "lengthM": 114.1, "darkness": {"alpha": 1.748, "beta": 0.252, "mean": 0.126, "var": 0.03671}, "exposure": {"activity": 0.2425, "structural": 0.681, "blended": 0.5714}, "confidence": 0.4966, "repairPriority": 0.03575, "routePenalty": 229.0, "reportValue": 0.02098, "evidence": {"osmLampsWorking": 0, "osmLampsBroken": 0, "osmLampsUntagged": 0, "nightBusTrips": 232.4, "wardComplaints2025": 136, "reports": 0}}}, {"type": "Feature", "geometry": {"type": "LineString", "coordinates": [[77.6209546, 12.927686], [77.6209726, 12.9277357], [77.6215176, 12.929079]]}, "properties": {"segID": "way1110164320/0", "name": "Mahayogi Vemana Road", "ward": "Koramangala", "roadClass": "primary", "lengthM": 166.5, "darkness": {"alpha": 1.748, "beta": 0.252, "mean": 0.126, "var": 0.03671}, "exposure": {"activity": 0.2055, "structural": 0.6558, "blended": 0.5432}, "confidence": 0.4966, "repairPriority": 0.03399, "routePenalty": 338.7, "reportValue": 0.01994, "evidence": {"osmLampsWorking": 0, "osmLampsBroken": 0, "osmLampsUntagged": 0, "nightBusTrips": 232.3, "wardComplaints2025": 136, "reports": 0}}}, {"type": "Feature", "geometry": {"type": "LineString", "coordinates": [[77.6215176, 12.929079], [77.6219947, 12.9302753], [77.6220176, 12.9303327]]}, "properties": {"segID": "way1110164320/1", "name": "Mahayogi Vemana Road", "ward": "Koramangala", "roadClass": "primary", "lengthM": 149.6, "darkness": {"alpha": 1.748, "beta": 0.252, "mean": 0.126, "var": 0.03671}, "exposure": {"activity": 0.6862, "structural": 0.6738, "blended": 0.6769}, "confidence": 0.4966, "repairPriority": 0.04235, "routePenalty": 288.0, "reportValue": 0.02485, "evidence": {"osmLampsWorking": 0, "osmLampsBroken": 0, "osmLampsUntagged": 0, "nightBusTrips": 148.2, "wardComplaints2025": 136, "reports": 0}}}, {"type": "Feature", "geometry": {"type": "LineString", "coordinates": [[77.6331811, 12.9298061], [77.6331887, 12.9297209], [77.6332701, 12.9288024], [77.633416, 12.9273644]]}, "properties": {"segID": "way1110178620/0", "name": "80 Feet Road", "ward": "Koramangala", "roadClass": "secondary", "lengthM": 272.7, "darkness": {"alpha": 1.748, "beta": 0.252, "mean": 0.126, "var": 0.03671}, "exposure": {"activity": 0.5555, "structural": 0.4346, "blended": 0.4648}, "confidence": 0.4966, "repairPriority": 0.02908, "routePenalty": 580.0, "reportValue": 0.01706, "evidence": {"osmLampsWorking": 0, "osmLampsBroken": 0, "osmLampsUntagged": 0, "nightBusTrips": 62.1, "wardComplaints2025": 136, "reports": 0}}}, {"type": "Feature", "geometry": {"type": "LineString", "coordinates": [[77.633416, 12.9273644], [77.6334528, 12.9269216], [77.6335496, 12.9258987]]}, "properties": {"segID": "way1110178620/1", "name": "80 Feet Road", "ward": "Koramangala", "roadClass": "secondary", "lengthM": 163.6, "darkness": {"alpha": 1.748, "beta": 0.252, "mean": 0.126, "var": 0.03671}, "exposure": {"activity": 0.6647, "structural": 0.4442, "blended": 0.4993}, "confidence": 0.4966, "repairPriority": 0.03124, "routePenalty": 340.7, "reportValue": 0.01833, "evidence": {"osmLampsWorking": 0, "osmLampsBroken": 0, "osmLampsUntagged": 0, "nightBusTrips": 66.6, "wardComplaints2025": 136, "reports": 0}}}, {"type": "Feature", "geometry": {"type": "LineString", "coordinates": [[77.6335496, 12.9258987], [77.6335759, 12.9255601], [77.6336178, 12.9251326], [77.6336204, 12.9251142], [77.6336364, 12.925004], [77.633657, 12.9248811]]}, "properties": {"segID": "way1110178620/2", "name": "80 Feet Road", "ward": "Koramangala", "roadClass": "secondary", "lengthM": 113.8, "darkness": {"alpha": 1.748, "beta": 0.252, "mean": 0.126, "var": 0.03671}, "exposure": {"activity": 0.7756, "structural": 0.6956, "blended": 0.7156}, "confidence": 0.4966, "repairPriority": 0.04478, "routePenalty": 216.4, "reportValue": 0.02627, "evidence": {"osmLampsWorking": 0, "osmLampsBroken": 0, "osmLampsUntagged": 0, "nightBusTrips": 79.8, "wardComplaints2025": 136, "reports": 0}}}, {"type": "Feature", "geometry": {"type": "LineString", "coordinates": [[77.6335782, 12.9247598], [77.6335624, 12.9248662], [77.6335475, 12.9249906], [77.6335331, 12.9251064], [77.6334917, 12.9254753], [77.6334526, 12.9258904], [77.6334016, 12.9263838]]}, "properties": {"segID": "way1110178624/0", "name": "80 Feet Road", "ward": "Koramangala", "roadClass": "secondary", "lengthM": 181.6, "darkness": {"alpha": 1.748, "beta": 0.252, "mean": 0.126, "var": 0.03671}, "exposure": {"activity": 0.7713, "structural": 0.7223, "blended": 0.7345}, "confidence": 0.4966, "repairPriority": 0.04596, "routePenalty": 343.3, "reportValue": 0.02696, "evidence": {"osmLampsWorking": 0, "osmLampsBroken": 0, "osmLampsUntagged": 0, "nightBusTrips": 79.4, "wardComplaints2025": 136, "reports": 0}}}, {"type": "Feature", "geometry": {"type": "LineString", "coordinates": [[77.6334016, 12.9263838], [77.6333551, 12.9269173], [77.6333169, 12.9273119], [77.6333136, 12.927347], [77.6332842, 12.927629], [77.6332779, 12.9277004], [77.6332532, 12.927933]]}, "properties": {"segID": "way1110178624/1", "name": "80 Feet Road", "ward": "Koramangala", "roadClass": "secondary", "lengthM": 173.0, "darkness": {"alpha": 1.748, "beta": 0.252, "mean": 0.126, "var": 0.03671}, "exposure": {"activity": 0.6079, "structural": 0.693, "blended": 0.6718}, "confidence": 0.4966, "repairPriority": 0.04204, "routePenalty": 333.6, "reportValue": 0.02466, "evidence": {"osmLampsWorking": 0, "osmLampsBroken": 0, "osmLampsUntagged": 0, "nightBusTrips": 72.6, "wardComplaints2025": 136, "reports": 0}}}, {"type": "Feature", "geometry": {"type": "LineString", "coordinates": [[77.6332532, 12.927933], [77.6332379, 12.9281045], [77.6332341, 12.9281468], [77.63323, 12.9281923], [77.6332214, 12.9282884], [77.6332006, 12.9285374], [77.6331651, 12.9288882], [77.6331453, 12.9291294], [77.6331155, 12.9296149]]}, "properties": {"segID": "way1110178624/2", "name": "80 Feet Road", "ward": "Koramangala", "roadClass": "secondary", "lengthM": 187.6, "darkness": {"alpha": 1.748, "beta": 0.252, "mean": 0.126, "var": 0.03671}, "exposure": {"activity": 0.4884, "structural": 0.6722, "blended": 0.6263}, "confidence": 0.4966, "repairPriority": 0.03919, "routePenalty": 367.9, "reportValue": 0.02299, "evidence": {"osmLampsWorking": 0, "osmLampsBroken": 0, "osmLampsUntagged": 0, "nightBusTrips": 65.5, "wardComplaints2025": 136, "reports": 0}}}, {"type": "Feature", "geometry": {"type": "LineString", "coordinates": [[77.6331155, 12.9296149], [77.6331099, 12.9297056], [77.6331088, 12.9297186], [77.6331015, 12.9297981]]}, "properties": {"segID": "way1110178624/3", "name": "80 Feet Road", "ward": "Koramangala", "roadClass": "secondary", "lengthM": 20.4, "darkness": {"alpha": 1.748, "beta": 0.252, "mean": 0.126, "var": 0.03671}, "exposure": {"activity": 0.7309, "structural": 0.65, "blended": 0.6702}, "confidence": 0.4966, "repairPriority": 0.04194, "routePenalty": 39.4, "reportValue": 0.0246, "evidence": {"osmLampsWorking": 0, "osmLampsBroken": 0, "osmLampsUntagged": 0, "nightBusTrips": 57.2, "wardComplaints2025": 136, "reports": 0}}}, {"type": "Feature", "geometry": {"type": "LineString", "coordinates": [[77.6326172, 12.9386995], [77.6326356, 12.9386664], [77.6326453, 12.9386491], [77.6326572, 12.9386278], [77.632689, 12.9385725]]}, "properties": {"segID": "way1110178948/0", "name": "Ejipura Main Road", "ward": "Agaram", "roadClass": "tertiary", "lengthM": 16.1, "darkness": {"alpha": 0.508, "beta": 1.492, "mean": 0.7459, "var": 0.06318}, "exposure": {"activity": 0.2545, "structural": 0.4194, "blended": 0.3782}, "confidence": 0.0684, "repairPriority": 0.0193, "routePenalty": 55.0, "reportValue": 0.02389, "evidence": {"osmLampsWorking": 0, "osmLampsBroken": 0, "osmLampsUntagged": 0, "nightBusTrips": 41.8, "wardComplaints2025": 71, "reports": 0}}}, {"type": "Feature", "geometry": {"type": "LineString", "coordinates": [[77.6331602, 12.9300545], [77.6331716, 12.9299326], [77.6331724, 12.9299259], [77.6331786, 12.9298734]]}, "properties": {"segID": "way1110190684/0", "name": "80 Feet Road", "ward": "Koramangala", "roadClass": "secondary", "lengthM": 20.2, "darkness": {"alpha": 1.748, "beta": 0.252, "mean": 0.126, "var": 0.03671}, "exposure": {"activity": 0.7764, "structural": 0.6721, "blended": 0.6982}, "confidence": 0.4966, "repairPriority": 0.04369, "routePenalty": 38.6, "reportValue": 0.02563, "evidence": {"osmLampsWorking": 0, "osmLampsBroken": 0, "osmLampsUntagged": 0, "nightBusTrips": 55.2, "wardComplaints2025": 136, "reports": 0}}}, {"type": "Feature", "geometry": {"type": "LineString", "coordinates": [[77.623144, 12.9289887], [77.6229401, 12.9284829], [77.6227726, 12.9280664], [77.6225672, 12.9275558]]}, "properties": {"segID": "way1123860236/0", "name": "18th Main Road", "ward": "Koramangala", "roadClass": "residential", "lengthM": 171.2, "darkness": {"alpha": 1.748, "beta": 0.252, "mean": 0.126, "var": 0.03671}, "exposure": {"activity": 0.3715, "structural": 0.7266, "blended": 0.6378}, "confidence": 0.4966, "repairPriority": 0.03991, "routePenalty": 334.2, "reportValue": 0.02341, "evidence": {"osmLampsWorking": 0, "osmLampsBroken": 0, "osmLampsUntagged": 0, "nightBusTrips": 188.1, "wardComplaints2025": 136, "reports": 0}}}, {"type": "Feature", "geometry": {"type": "LineString", "coordinates": [[77.6225672, 12.9275558], [77.6223947, 12.9271268], [77.6223898, 12.9271147]]}, "properties": {"segID": "way1123860236/1", "name": "18th Main Road", "ward": "Koramangala", "roadClass": "residential", "lengthM": 52.7, "darkness": {"alpha": 1.748, "beta": 0.252, "mean": 0.126, "var": 0.03671}, "exposure": {"activity": 0.4764, "structural": 0.6725, "blended": 0.6235}, "confidence": 0.4966, "repairPriority": 0.03901, "routePenalty": 103.5, "reportValue": 0.02289, "evidence": {"osmLampsWorking": 0, "osmLampsBroken": 0, "osmLampsUntagged": 0, "nightBusTrips": 205.2, "wardComplaints2025": 136, "reports": 0}}}, {"type": "Feature", "geometry": {"type": "LineString", "coordinates": [[77.6268738, 12.9372808], [77.6267916, 12.9373803], [77.6265696, 12.9376582], [77.626258, 12.9380454], [77.626158, 12.9381834], [77.6260405, 12.938391]]}, "properties": {"segID": "way1124616640/0", "name": "Srinivagilu Main Road", "ward": "Koramangala", "roadClass": "secondary", "lengthM": 153.2, "darkness": {"alpha": 1.748, "beta": 0.252, "mean": 0.126, "var": 0.03671}, "exposure": {"activity": 0.9811, "structural": 0.6451, "blended": 0.7291}, "confidence": 0.4966, "repairPriority": 0.04562, "routePenalty": 290.1, "reportValue": 0.02677, "evidence": {"osmLampsWorking": 0, "osmLampsBroken": 0, "osmLampsUntagged": 0, "nightBusTrips": 79.1, "wardComplaints2025": 136, "reports": 0}}}, {"type": "Feature", "geometry": {"type": "LineString", "coordinates": [[77.6260405, 12.938391], [77.6257855, 12.9389451], [77.6256251, 12.9393175], [77.6254463, 12.9396995]]}, "properties": {"segID": "way1124616640/1", "name": "Srinivagilu Main Road", "ward": "Koramangala", "roadClass": "secondary", "lengthM": 159.1, "darkness": {"alpha": 1.748, "beta": 0.252, "mean": 0.126, "var": 0.03671}, "exposure": {"activity": 0.8917, "structural": 0.6822, "blended": 0.7346}, "confidence": 0.4966, "repairPriority": 0.04597, "routePenalty": 300.8, "reportValue": 0.02697, "evidence": {"osmLampsWorking": 0, "osmLampsBroken": 0, "osmLampsUntagged": 0, "nightBusTrips": 73.0, "wardComplaints2025": 136, "reports": 0}}}, {"type": "Feature", "geometry": {"type": "LineString", "coordinates": [[77.6254463, 12.9396995], [77.6254157, 12.9397535], [77.6253654, 12.9398501], [77.6251815, 12.9400875], [77.6248878, 12.9404052], [77.624399, 12.9409012]]}, "properties": {"segID": "way1124616640/2", "name": "Srinivagilu Main Road", "ward": "Koramangala", "roadClass": "secondary", "lengthM": 176.0, "darkness": {"alpha": 1.748, "beta": 0.252, "mean": 0.126, "var": 0.03671}, "exposure": {"activity": 0.8246, "structural": 0.703, "blended": 0.7334}, "confidence": 0.4966, "repairPriority": 0.04589, "routePenalty": 332.8, "reportValue": 0.02692, "evidence": {"osmLampsWorking": 0, "osmLampsBroken": 0, "osmLampsUntagged": 0, "nightBusTrips": 74.9, "wardComplaints2025": 136, "reports": 0}}}, {"type": "Feature", "geometry": {"type": "LineString", "coordinates": [[77.624399, 12.9409012], [77.6242298, 12.9410649], [77.624091, 12.941206], [77.6228777, 12.9423591]]}, "properties": {"segID": "way1124616640/3", "name": "Srinivagilu Main Road", "ward": "Koramangala", "roadClass": "secondary", "lengthM": 231.2, "darkness": {"alpha": 1.748, "beta": 0.252, "mean": 0.126, "var": 0.03671}, "exposure": {"activity": 0.3095, "structural": 0.4504, "blended": 0.4152}, "confidence": 0.4966, "repairPriority": 0.02598, "routePenalty": 509.4, "reportValue": 0.01524, "evidence": {"osmLampsWorking": 0, "osmLampsBroken": 0, "osmLampsUntagged": 0, "nightBusTrips": 69.4, "wardComplaints2025": 136, "reports": 0}}}, {"type": "Feature", "geometry": {"type": "LineString", "coordinates": [[77.6228777, 12.9423591], [77.6228085, 12.9424221], [77.6227384, 12.9424807]]}, "properties": {"segID": "way1124616640/4", "name": "Srinivagilu Main Road", "ward": "Koramangala", "roadClass": "secondary", "lengthM": 20.3, "darkness": {"alpha": 1.748, "beta": 0.252, "mean": 0.126, "var": 0.03671}, "exposure": {"activity": 0.0739, "structural": 0.3958, "blended": 0.3153}, "confidence": 0.4966, "repairPriority": 0.01973, "routePenalty": 49.4, "reportValue": 0.01157, "evidence": {"osmLampsWorking": 0, "osmLampsBroken": 0, "osmLampsUntagged": 0, "nightBusTrips": 58.8, "wardComplaints2025": 136, "reports": 0}}}, {"type": "Feature", "geometry": {"type": "LineString", "coordinates": [[77.6322963, 12.9258148], [77.6322761, 12.9247751]]}, "properties": {"segID": "way1125892158/0", "name": "7th B Main Road", "ward": "Koramangala", "roadClass": "residential", "lengthM": 115.6, "darkness": {"alpha": 1.748, "beta": 0.252, "mean": 0.126, "var": 0.03671}, "exposure": {"activity": 0.5357, "structural": 0.4707, "blended": 0.4869}, "confidence": 0.4966, "repairPriority": 0.03047, "routePenalty": 242.5, "reportValue": 0.01787, "evidence": {"osmLampsWorking": 0, "osmLampsBroken": 0, "osmLampsUntagged": 0, "nightBusTrips": 91.4, "wardComplaints2025": 136, "reports": 0}}}, {"type": "Feature", "geometry": {"type": "LineString", "coordinates": [[77.6324827, 12.9344356], [77.6322468, 12.9342209], [77.6318194, 12.9338184]]}, "properties": {"segID": "way1125988187/0", "name": "5th Cross Road", "ward": "Ejipura", "roadClass": "residential", "lengthM": 99.4, "darkness": {"alpha": 1.748, "beta": 0.252, "mean": 0.126, "var": 0.03671}, "exposure": {"activity": 0.7438, "structural": 0.2951, "blended": 0.4073}, "confidence": 0.4966, "repairPriority": 0.02549, "routePenalty": 220.4, "reportValue": 0.01495, "evidence": {"osmLampsWorking": 0, "osmLampsBroken": 0, "osmLampsUntagged": 0, "nightBusTrips": 29.9, "wardComplaints2025": 78, "reports": 0}}}, {"type": "Feature", "geometry": {"type": "LineString", "coordinates": [[77.6254848, 12.9398186], [77.6257146, 12.9393368], [77.6259175, 12.9388595], [77.6261302, 12.9384036]]}, "properties": {"segID": "way1132710443/0", "name": "Srinivagilu Main Road", "ward": "Ejipura", "roadClass": "secondary", "lengthM": 172.2, "darkness": {"alpha": 1.748, "beta": 0.252, "mean": 0.126, "var": 0.03671}, "exposure": {"activity": 0.9312, "structural": 0.72, "blended": 0.7728}, "confidence": 0.4966, "repairPriority": 0.04836, "routePenalty": 322.1, "reportValue": 0.02837, "evidence": {"osmLampsWorking": 0, "osmLampsBroken": 0, "osmLampsUntagged": 0, "nightBusTrips": 73.5, "wardComplaints2025": 78, "reports": 0}}}, {"type": "Feature", "geometry": {"type": "LineString", "coordinates": [[77.6261302, 12.9384036], [77.6262384, 12.9382221], [77.6263722, 12.938052], [77.6266698, 12.9376733]]}, "properties": {"segID": "way1132710443/1", "name": "Srinivagilu Main Road", "ward": "Ejipura", "roadClass": "secondary", "lengthM": 100.2, "darkness": {"alpha": 1.748, "beta": 0.252, "mean": 0.126, "var": 0.03671}, "exposure": {"activity": 0.9837, "structural": 0.736, "blended": 0.7979}, "confidence": 0.4966, "repairPriority": 0.04993, "routePenalty": 186.2, "reportValue": 0.02929, "evidence": {"osmLampsWorking": 0, "osmLampsBroken": 0, "osmLampsUntagged": 0, "nightBusTrips": 79.3, "wardComplaints2025": 78, "reports": 0}}}, {"type": "Feature", "geometry": {"type": "LineString", "coordinates": [[77.649974, 12.9244696], [77.6503058, 12.9244812]]}, "properties": {"segID": "way1133766068/0", "name": "Outer Ring Road", "ward": "Agaram", "roadClass": "primary", "lengthM": 36.0, "darkness": {"alpha": 7.711, "beta": 1.289, "mean": 0.1432, "var": 0.01227}, "exposure": {"activity": 0.5795, "structural": 0.7388, "blended": 0.699}, "confidence": 0.963, "repairPriority": 0.09639, "routePenalty": 62.7, "reportValue": 0.00858, "evidence": {"osmLampsWorking": 7, "osmLampsBroken": 0, "osmLampsUntagged": 0, "nightBusTrips": 217.3, "wardComplaints2025": 71, "reports": 0}}}, {"type": "Feature", "geometry": {"type": "LineString", "coordinates": [[77.620374, 12.9210808], [77.6205402, 12.9207826], [77.6206949, 12.9205049], [77.6207247, 12.9204515], [77.6207471, 12.9204171], [77.6208647, 12.9202307]]}, "properties": {"segID": "way1148717038/0", "name": "Hosur Road", "ward": "Jakkasandra", "roadClass": "trunk", "lengthM": 108.5, "darkness": {"alpha": 1.748, "beta": 0.252, "mean": 0.126, "var": 0.03671}, "exposure": {"activity": 0.6036, "structural": 0.8752, "blended": 0.8073}, "confidence": 0.4966, "repairPriority": 0.05051, "routePenalty": 201.1, "reportValue": 0.02964, "evidence": {"osmLampsWorking": 0, "osmLampsBroken": 0, "osmLampsUntagged": 0, "nightBusTrips": 299.1, "wardComplaints2025": 62, "reports": 0}}}, {"type": "Feature", "geometry": {"type": "LineString", "coordinates": [[77.6226225, 12.9314922], [77.6225375, 12.9312742], [77.6221345, 12.9302411]]}, "properties": {"segID": "way1150874214/0", "name": "Mahayogi Vemana Road", "ward": "Koramangala", "roadClass": "primary", "lengthM": 148.8, "darkness": {"alpha": 1.748, "beta": 0.252, "mean": 0.126, "var": 0.03671}, "exposure": {"activity": 0.8977, "structural": 0.557, "blended": 0.6422}, "confidence": 0.4966, "repairPriority": 0.04018, "routePenalty": 290.0, "reportValue": 0.02358, "evidence": {"osmLampsWorking": 0, "osmLampsBroken": 0, "osmLampsUntagged": 0, "nightBusTrips": 127.9, "wardComplaints2025": 136, "reports": 0}}}, {"type": "Feature", "geometry": {"type": "LineString", "coordinates": [[77.6220176, 12.9303327], [77.622256, 12.9309306], [77.6223941, 12.931277], [77.622498, 12.9315406]]}, "properties": {"segID": "way1150874215/0", "name": "Mahayogi Vemana Road", "ward": "Koramangala", "roadClass": "primary", "lengthM": 144.1, "darkness": {"alpha": 1.748, "beta": 0.252, "mean": 0.126, "var": 0.03671}, "exposure": {"activity": 0.8831, "structural": 0.6897, "blended": 0.738}, "confidence": 0.4966, "repairPriority": 0.04618, "routePenalty": 272.2, "reportValue": 0.02709, "evidence": {"osmLampsWorking": 0, "osmLampsBroken": 0, "osmLampsUntagged": 0, "nightBusTrips": 128.9, "wardComplaints2025": 136, "reports": 0}}}, {"type": "Feature", "geometry": {"type": "LineString", "coordinates": [[77.632689, 12.9385725], [77.6331222, 12.9385691], [77.6333035, 12.9385672]]}, "properties": {"segID": "way1150911345/0", "name": "Inner Ring Road", "ward": "Agaram", "roadClass": "primary", "lengthM": 66.6, "darkness": {"alpha": 0.711, "beta": 1.289, "mean": 0.6443, "var": 0.0764}, "exposure": {"activity": 0.2304, "structural": 0.577, "blended": 0.4903}, "confidence": 0.0383, "repairPriority": 0.0121, "routePenalty": 212.3, "reportValue": 0.03746, "evidence": {"osmLampsWorking": 0, "osmLampsBroken": 0, "osmLampsUntagged": 0, "nightBusTrips": 35.1, "wardComplaints2025": 71, "reports": 0}}}, {"type": "Feature", "geometry": {"type": "LineString", "coordinates": [[77.6311049, 12.9385683], [77.6313323, 12.9385706], [77.6315238, 12.9385772], [77.6317897, 12.9385825]]}, "properties": {"segID": "way1150911346/0", "name": "Inner Ring Road", "ward": "Ejipura", "roadClass": "primary", "lengthM": 74.2, "darkness": {"alpha": 1.748, "beta": 0.252, "mean": 0.126, "var": 0.03671}, "exposure": {"activity": 0.3482, "structural": 0.6337, "blended": 0.5623}, "confidence": 0.4966, "repairPriority": 0.03518, "routePenalty": 149.5, "reportValue": 0.02064, "evidence": {"osmLampsWorking": 0, "osmLampsBroken": 0, "osmLampsUntagged": 0, "nightBusTrips": 43.1, "wardComplaints2025": 78, "reports": 0}}}, {"type": "Feature", "geometry": {"type": "LineString", "coordinates": [[77.6227316, 12.9425693], [77.6227797, 12.9425251], [77.6228483, 12.9424728], [77.6230245, 12.9423245], [77.6241534, 12.9412556]]}, "properties": {"segID": "way1155064213/0", "name": "Srinivagilu Main Road", "ward": "Ejipura", "roadClass": "secondary", "lengthM": 212.4, "darkness": {"alpha": 1.748, "beta": 0.252, "mean": 0.126, "var": 0.03671}, "exposure": {"activity": 0.0731, "structural": 0.4206, "blended": 0.3337}, "confidence": 0.4966, "repairPriority": 0.02088, "routePenalty": 505.3, "reportValue": 0.01225, "evidence": {"osmLampsWorking": 0, "osmLampsBroken": 0, "osmLampsUntagged": 0, "nightBusTrips": 58.6, "wardComplaints2025": 78, "reports": 0}}}, {"type": "Feature", "geometry": {"type": "LineString", "coordinates": [[77.6241534, 12.9412556], [77.6244407, 12.940964], [77.624452, 12.9409526], [77.6249314, 12.9404866], [77.6253351, 12.9400273]]}, "properties": {"segID": "way1155064213/1", "name": "Srinivagilu Main Road", "ward": "Ejipura", "roadClass": "secondary", "lengthM": 187.3, "darkness": {"alpha": 1.748, "beta": 0.252, "mean": 0.126, "var": 0.03671}, "exposure": {"activity": 0.4325, "structural": 0.7154, "blended": 0.6447}, "confidence": 0.4966, "repairPriority": 0.04034, "routePenalty": 364.7, "reportValue": 0.02367, "evidence": {"osmLampsWorking": 0, "osmLampsBroken": 0, "osmLampsUntagged": 0, "nightBusTrips": 73.3, "wardComplaints2025": 78, "reports": 0}}}, {"type": "Feature", "geometry": {"type": "LineString", "coordinates": [[77.6253351, 12.9400273], [77.6254211, 12.9399056], [77.6254848, 12.9398186]]}, "properties": {"segID": "way1155064213/2", "name": "Srinivagilu Main Road", "ward": "Ejipura", "roadClass": "secondary", "lengthM": 28.3, "darkness": {"alpha": 1.748, "beta": 0.252, "mean": 0.126, "var": 0.03671}, "exposure": {"activity": 0.859, "structural": 0.7212, "blended": 0.7557}, "confidence": 0.4966, "repairPriority": 0.04729, "routePenalty": 53.2, "reportValue": 0.02774, "evidence": {"osmLampsWorking": 0, "osmLampsBroken": 0, "osmLampsUntagged": 0, "nightBusTrips": 73.7, "wardComplaints2025": 78, "reports": 0}}}, {"type": "Feature", "geometry": {"type": "LineString", "coordinates": [[77.633657, 12.9248811], [77.6339922, 12.9249363], [77.634089, 12.9249494], [77.6341867, 12.9249656], [77.6348395, 12.9250739]]}, "properties": {"segID": "way1155064214/0", "name": "Sarjapura Road", "ward": "Koramangala", "roadClass": "primary", "lengthM": 129.9, "darkness": {"alpha": 1.748, "beta": 0.252, "mean": 0.126, "var": 0.03671}, "exposure": {"activity": 0.7111, "structural": 0.5917, "blended": 0.6216}, "confidence": 0.4966, "repairPriority": 0.03889, "routePenalty": 255.2, "reportValue": 0.02282, "evidence": {"osmLampsWorking": 0, "osmLampsBroken": 0, "osmLampsUntagged": 0, "nightBusTrips": 81.8, "wardComplaints2025": 136, "reports": 0}}}, {"type": "Feature", "geometry": {"type": "LineString", "coordinates": [[77.649786, 12.9239957], [77.6498668, 12.9236687], [77.6498888, 12.9234947], [77.6498669, 12.9231287], [77.6498416, 12.9230209], [77.6497847, 12.9227785], [77.6497457, 12.9226124]]}, "properties": {"segID": "way1157609914/0", "name": "24th Main Road", "ward": "HSR Layout", "roadClass": "tertiary", "lengthM": 156.6, "darkness": {"alpha": 1.748, "beta": 0.252, "mean": 0.126, "var": 0.03671}, "exposure": {"activity": 0.8968, "structural": 0.4219, "blended": 0.5406}, "confidence": 0.4966, "repairPriority": 0.03383, "routePenalty": 318.9, "reportValue": 0.01985, "evidence": {"osmLampsWorking": 0, "osmLampsBroken": 0, "osmLampsUntagged": 0, "nightBusTrips": 175.1, "wardComplaints2025": 252, "reports": 0}}}, {"type": "Feature", "geometry": {"type": "LineString", "coordinates": [[77.6497457, 12.9226124], [77.6497307, 12.9225543], [77.6496931, 12.9219107], [77.6496671, 12.9217152], [77.6496109, 12.921478], [77.6495347, 12.9212279]]}, "properties": {"segID": "way1157609914/1", "name": "24th Main Road", "ward": "HSR Layout", "roadClass": "tertiary", "lengthM": 156.3, "darkness": {"alpha": 2.948, "beta": 0.252, "mean": 0.0788, "var": 0.01727}, "exposure": {"activity": 0.9647, "structural": 0.3927, "blended": 0.5357}, "confidence": 0.9411, "repairPriority": 0.03973, "routePenalty": 283.7, "reportValue": 0.00925, "evidence": {"osmLampsWorking": 0, "osmLampsBroken": 0, "osmLampsUntagged": 3, "nightBusTrips": 141.5, "wardComplaints2025": 252, "reports": 0}}}, {"type": "Feature", "geometry": {"type": "LineString", "coordinates": [[77.6495347, 12.9212279], [77.6494243, 12.9208292], [77.6493922, 12.9207019], [77.6493623, 12.9205271], [77.6493059, 12.9201426], [77.6492981, 12.9200826], [77.6492606, 12.9197956]]}, "properties": {"segID": "way1157609914/2", "name": "24th Main Road", "ward": "HSR Layout", "roadClass": "tertiary", "lengthM": 162.3, "darkness": {"alpha": 2.548, "beta": 0.252, "mean": 0.09, "var": 0.02155}, "exposure": {"activity": 0.9364, "structural": 0.3607, "blended": 0.5046}, "confidence": 0.9226, "repairPriority": 0.0419, "routePenalty": 308.5, "reportValue": 0.01087, "evidence": {"osmLampsWorking": 0, "osmLampsBroken": 0, "osmLampsUntagged": 2, "nightBusTrips": 122.6, "wardComplaints2025": 252, "reports": 0}}}, {"type": "Feature", "geometry": {"type": "LineString", "coordinates": [[77.6492606, 12.9197956], [77.6492385, 12.9195152], [77.6492598, 12.918953], [77.6492559, 12.9187226], [77.6492554, 12.9186942], [77.6492458, 12.9185245], [77.6492446, 12.9185031], [77.6492397, 12.9184172]]}, "properties": {"segID": "way1157609914/3", "name": "24th Main Road", "ward": "HSR Layout", "roadClass": "tertiary", "lengthM": 153.5, "darkness": {"alpha": 1.748, "beta": 0.252, "mean": 0.126, "var": 0.03671}, "exposure": {"activity": 0.8255, "structural": 0.327, "blended": 0.4516}, "confidence": 0.4966, "repairPriority": 0.02826, "routePenalty": 329.3, "reportValue": 0.01658, "evidence": {"osmLampsWorking": 0, "osmLampsBroken": 0, "osmLampsUntagged": 0, "nightBusTrips": 100.5, "wardComplaints2025": 252, "reports": 0}}}, {"type": "Feature", "geometry": {"type": "LineString", "coordinates": [[77.6492397, 12.9184172], [77.6491762, 12.917292], [77.6491709, 12.9171944], [77.6491376, 12.9167876]]}, "properties": {"segID": "way1157609914/4", "name": "24th Main Road", "ward": "HSR Layout", "roadClass": "tertiary", "lengthM": 181.6, "darkness": {"alpha": 1.748, "beta": 0.252, "mean": 0.126, "var": 0.03671}, "exposure": {"activity": 0.7567, "structural": 0.2923, "blended": 0.4084}, "confidence": 0.4966, "repairPriority": 0.02555, "routePenalty": 402.3, "reportValue": 0.01499, "evidence": {"osmLampsWorking": 0, "osmLampsBroken": 0, "osmLampsUntagged": 0, "nightBusTrips": 83.3, "wardComplaints2025": 252, "reports": 0}}}, {"type": "Feature", "geometry": {"type": "LineString", "coordinates": [[77.6491376, 12.9167876], [77.6491085, 12.9165222], [77.6490253, 12.9159534], [77.6489989, 12.9157728], [77.6490002, 12.9153421]]}, "properties": {"segID": "way1157609914/5", "name": "24th Main Road", "ward": "HSR Layout", "roadClass": "tertiary", "lengthM": 161.7, "darkness": {"alpha": 1.748, "beta": 0.252, "mean": 0.126, "var": 0.03671}, "exposure": {"activity": 0.8512, "structural": 0.2059, "blended": 0.3673}, "confidence": 0.4966, "repairPriority": 0.02298, "routePenalty": 371.5, "reportValue": 0.01348, "evidence": {"osmLampsWorking": 0, "osmLampsBroken": 0, "osmLampsUntagged": 0, "nightBusTrips": 56.0, "wardComplaints2025": 252, "reports": 0}}}, {"type": "Feature", "geometry": {"type": "LineString", "coordinates": [[77.6490002, 12.9153421], [77.6489991, 12.9152042], [77.6489932, 12.914428]]}, "properties": {"segID": "way1157609914/6", "name": "24th Main Road", "ward": "HSR Layout", "roadClass": "tertiary", "lengthM": 101.6, "darkness": {"alpha": 1.748, "beta": 0.252, "mean": 0.126, "var": 0.03671}, "exposure": {"activity": 0.8435, "structural": 0.1949, "blended": 0.3571}, "confidence": 0.4966, "repairPriority": 0.02234, "routePenalty": 235.8, "reportValue": 0.01311, "evidence": {"osmLampsWorking": 0, "osmLampsBroken": 0, "osmLampsUntagged": 0, "nightBusTrips": 52.6, "wardComplaints2025": 252, "reports": 0}}}, {"type": "Feature", "geometry": {"type": "LineString", "coordinates": [[77.6244413, 12.9351903], [77.6241666, 12.9349264], [77.6239554, 12.9346329], [77.6239316, 12.9345998], [77.6238924, 12.9345265], [77.6233943, 12.9334225]]}, "properties": {"segID": "way1159872649/0", "name": "Mahayogi Vemana Road", "ward": "Koramangala", "roadClass": "primary", "lengthM": 229.5, "darkness": {"alpha": 1.748, "beta": 0.252, "mean": 0.126, "var": 0.03671}, "exposure": {"activity": 0.9759, "structural": 0.5021, "blended": 0.6206}, "confidence": 0.4966, "repairPriority": 0.03883, "routePenalty": 451.0, "reportValue": 0.02278, "evidence": {"osmLampsWorking": 0, "osmLampsBroken": 0, "osmLampsUntagged": 0, "nightBusTrips": 75.0, "wardComplaints2025": 136, "reports": 0}}}, {"type": "Feature", "geometry": {"type": "LineString", "coordinates": [[77.6233943, 12.9334225], [77.6231011, 12.9327112], [77.6226225, 12.9314922]]}, "properties": {"segID": "way1159872649/1", "name": "Mahayogi Vemana Road", "ward": "Koramangala", "roadClass": "primary", "lengthM": 230.4, "darkness": {"alpha": 1.748, "beta": 0.252, "mean": 0.126, "var": 0.03671}, "exposure": {"activity": 0.9768, "structural": 0.512, "blended": 0.6282}, "confidence": 0.4966, "repairPriority": 0.03931, "routePenalty": 451.5, "reportValue": 0.02306, "evidence": {"osmLampsWorking": 0, "osmLampsBroken": 0, "osmLampsUntagged": 0, "nightBusTrips": 100.3, "wardComplaints2025": 136, "reports": 0}}}, {"type": "Feature", "geometry": {"type": "LineString", "coordinates": [[77.6244413, 12.9351903], [77.6247861, 12.9349662], [77.6248436, 12.9349298], [77.6249936, 12.934835], [77.6252379, 12.9346867], [77.6258773, 12.9342986]]}, "properties": {"segID": "way1159872650/0", "name": "8th Main Road", "ward": "Koramangala", "roadClass": "tertiary", "lengthM": 184.5, "darkness": {"alpha": 1.748, "beta": 0.252, "mean": 0.126, "var": 0.03671}, "exposure": {"activity": 0.9243, "structural": 0.6387, "blended": 0.7101}, "confidence": 0.4966, "repairPriority": 0.04443, "routePenalty": 351.4, "reportValue": 0.02607, "evidence": {"osmLampsWorking": 0, "osmLampsBroken": 0, "osmLampsUntagged": 0, "nightBusTrips": 75.6, "wardComplaints2025": 136, "reports": 0}}}, {"type": "Feature", "geometry": {"type": "LineString", "coordinates": [[77.6258773, 12.9342986], [77.6260096, 12.9342129], [77.6264068, 12.9339759], [77.6265179, 12.9339031], [77.6266153, 12.9338436], [77.6267459, 12.9337511], [77.6268263, 12.9336888], [77.6268853, 12.9336378], [77.6275691, 12.932879]]}, "properties": {"segID": "way1159872650/1", "name": "8th Main Road", "ward": "Koramangala", "roadClass": "tertiary", "lengthM": 244.1, "darkness": {"alpha": 1.748, "beta": 0.252, "mean": 0.126, "var": 0.03671}, "exposure": {"activity": 0.7601, "structural": 0.6187, "blended": 0.6541}, "confidence": 0.4966, "repairPriority": 0.04093, "routePenalty": 473.7, "reportValue": 0.02401, "evidence": {"osmLampsWorking": 0, "osmLampsBroken": 0, "osmLampsUntagged": 0, "nightBusTrips": 65.7, "wardComplaints2025": 136, "reports": 0}}}, {"type": "Feature", "geometry": {"type": "LineString", "coordinates": [[77.6275691, 12.932879], [77.627736, 12.932688], [77.6283146, 12.9319469], [77.628496, 12.9316916]]}, "properties": {"segID": "way1159872650/2", "name": "8th Main Road", "ward": "Koramangala", "roadClass": "tertiary", "lengthM": 166.0, "darkness": {"alpha": 1.748, "beta": 0.252, "mean": 0.126, "var": 0.03671}, "exposure": {"activity": 0.4712, "structural": 0.6416, "blended": 0.599}, "confidence": 0.4966, "repairPriority": 0.03748, "routePenalty": 329.1, "reportValue": 0.02199, "evidence": {"osmLampsWorking": 0, "osmLampsBroken": 0, "osmLampsUntagged": 0, "nightBusTrips": 64.7, "wardComplaints2025": 136, "reports": 0}}}, {"type": "Feature", "geometry": {"type": "LineString", "coordinates": [[77.628496, 12.9316916], [77.6285542, 12.9315996], [77.6289732, 12.9306743], [77.6292344, 12.93001]]}, "properties": {"segID": "way1159872650/3", "name": "8th Main Road", "ward": "Koramangala", "roadClass": "tertiary", "lengthM": 203.6, "darkness": {"alpha": 1.748, "beta": 0.252, "mean": 0.126, "var": 0.03671}, "exposure": {"activity": 0.3861, "structural": 0.6561, "blended": 0.5886}, "confidence": 0.4966, "repairPriority": 0.03683, "routePenalty": 405.5, "reportValue": 0.02161, "evidence": {"osmLampsWorking": 0, "osmLampsBroken": 0, "osmLampsUntagged": 0, "nightBusTrips": 74.5, "wardComplaints2025": 136, "reports": 0}}}, {"type": "Feature", "geometry": {"type": "LineString", "coordinates": [[77.6292344, 12.93001], [77.6291916, 12.9295642], [77.6291671, 12.9293341], [77.6290605, 12.9285912]]}, "properties": {"segID": "way1159872650/4", "name": "8th Main Road", "ward": "Koramangala", "roadClass": "tertiary", "lengthM": 158.9, "darkness": {"alpha": 1.748, "beta": 0.252, "mean": 0.126, "var": 0.03671}, "exposure": {"activity": 0.4291, "structural": 0.6734, "blended": 0.6123}, "confidence": 0.4966, "repairPriority": 0.03831, "routePenalty": 313.3, "reportValue": 0.02248, "evidence": {"osmLampsWorking": 0, "osmLampsBroken": 0, "osmLampsUntagged": 0, "nightBusTrips": 84.1, "wardComplaints2025": 136, "reports": 0}}}, {"type": "Feature", "geometry": {"type": "LineString", "coordinates": [[77.6290605, 12.9285912], [77.6290132, 12.9283011], [77.6289368, 12.9278177], [77.6287125, 12.9262625]]}, "properties": {"segID": "way1159872650/5", "name": "8th Main Road", "ward": "Koramangala", "roadClass": "tertiary", "lengthM": 261.7, "darkness": {"alpha": 1.748, "beta": 0.252, "mean": 0.126, "var": 0.03671}, "exposure": {"activity": 0.2038, "structural": 0.6702, "blended": 0.5536}, "confidence": 0.4966, "repairPriority": 0.03464, "routePenalty": 529.6, "reportValue": 0.02032, "evidence": {"osmLampsWorking": 0, "osmLampsBroken": 0, "osmLampsUntagged": 0, "nightBusTrips": 101.2, "wardComplaints2025": 136, "reports": 0}}}, {"type": "Feature", "geometry": {"type": "LineString", "coordinates": [[77.6287125, 12.9262625], [77.6286946, 12.9261579], [77.6286721, 12.9260167], [77.6286102, 12.9255299], [77.6286019, 12.9254642], [77.6285713, 12.9253643], [77.6283474, 12.9246574]]}, "properties": {"segID": "way1159872650/6", "name": "8th Main Road", "ward": "Koramangala", "roadClass": "tertiary", "lengthM": 183.4, "darkness": {"alpha": 1.748, "beta": 0.252, "mean": 0.126, "var": 0.03671}, "exposure": {"activity": 0.2296, "structural": 0.6717, "blended": 0.5612}, "confidence": 0.4966, "repairPriority": 0.03512, "routePenalty": 369.8, "reportValue": 0.0206, "evidence": {"osmLampsWorking": 0, "osmLampsBroken": 0, "osmLampsUntagged": 0, "nightBusTrips": 151.5, "wardComplaints2025": 136, "reports": 0}}}, {"type": "Feature", "geometry": {"type": "LineString", "coordinates": [[77.6254105, 12.9361127], [77.6268138, 12.9372333]]}, "properties": {"segID": "way1159872651/0", "name": "Mahayogi Vemana Road", "ward": "Koramangala", "roadClass": "primary", "lengthM": 196.6, "darkness": {"alpha": 1.748, "beta": 0.252, "mean": 0.126, "var": 0.03671}, "exposure": {"activity": 0.9862, "structural": 0.448, "blended": 0.5825}, "confidence": 0.4966, "repairPriority": 0.03645, "routePenalty": 392.6, "reportValue": 0.02138, "evidence": {"osmLampsWorking": 0, "osmLampsBroken": 0, "osmLampsUntagged": 0, "nightBusTrips": 80.9, "wardComplaints2025": 136, "reports": 0}}}, {"type": "Feature", "geometry": {"type": "LineString", "coordinates": [[77.6228033, 12.9172563], [77.6226574, 12.9172126]]}, "properties": {"segID": "way1167293938/0", "name": "Outer Ring Road", "ward": "BTM Layout", "roadClass": "trunk", "lengthM": 16.5, "darkness": {"alpha": 1.748, "beta": 0.252, "mean": 0.126, "var": 0.03671}, "exposure": {"activity": 0.2115, "structural": 0.5199, "blended": 0.4428}, "confidence": 0.4966, "repairPriority": 0.02771, "routePenalty": 35.6, "reportValue": 0.01626, "evidence": {"osmLampsWorking": 0, "osmLampsBroken": 0, "osmLampsUntagged": 0, "nightBusTrips": 337.0, "wardComplaints2025": 435, "reports": 0}}}, {"type": "Feature", "geometry": {"type": "LineString", "coordinates": [[77.6214053, 12.9194475], [77.6214862, 12.9192766]]}, "properties": {"segID": "way1167293940/0", "name": "Hosur Road", "ward": "Jakkasandra", "roadClass": "trunk", "lengthM": 20.9, "darkness": {"alpha": 1.748, "beta": 0.252, "mean": 0.126, "var": 0.03671}, "exposure": {"activity": 0.3207, "structural": 0.8535, "blended": 0.7203}, "confidence": 0.4966, "repairPriority": 0.04507, "routePenalty": 39.7, "reportValue": 0.02644, "evidence": {"osmLampsWorking": 0, "osmLampsBroken": 0, "osmLampsUntagged": 0, "nightBusTrips": 323.2, "wardComplaints2025": 62, "reports": 0}}}, {"type": "Feature", "geometry": {"type": "LineString", "coordinates": [[77.6515237, 12.9226787], [77.651575, 12.9230786], [77.651615, 12.9233504], [77.6516294, 12.9234287], [77.6517361, 12.9240075], [77.6517439, 12.9240497]]}, "properties": {"segID": "way1182179245/0", "name": "27th Main Road", "ward": "HSR Layout", "roadClass": "secondary", "lengthM": 154.3, "darkness": {"alpha": 5.148, "beta": 0.252, "mean": 0.0467, "var": 0.00695}, "exposure": {"activity": 0.7008, "structural": 0.4037, "blended": 0.478}, "confidence": 0.9931, "repairPriority": 0.02217, "routePenalty": 270.3, "reportValue": 0.00332, "evidence": {"osmLampsWorking": 1, "osmLampsBroken": 0, "osmLampsUntagged": 6, "nightBusTrips": 154.2, "wardComplaints2025": 252, "reports": 0}}}, {"type": "Feature", "geometry": {"type": "LineString", "coordinates": [[77.6516868, 12.9180536], [77.6516548, 12.9189233]]}, "properties": {"segID": "way1182179246/0", "name": "27th Main Road", "ward": "HSR Layout", "roadClass": "secondary", "lengthM": 96.8, "darkness": {"alpha": 1.748, "beta": 0.252, "mean": 0.126, "var": 0.03671}, "exposure": {"activity": 0.7936, "structural": 0.2513, "blended": 0.3869}, "confidence": 0.4966, "repairPriority": 0.02421, "routePenalty": 218.4, "reportValue": 0.0142, "evidence": {"osmLampsWorking": 0, "osmLampsBroken": 0, "osmLampsUntagged": 0, "nightBusTrips": 71.5, "wardComplaints2025": 252, "reports": 0}}}, {"type": "Feature", "geometry": {"type": "LineString", "coordinates": [[77.6365151, 12.9198771], [77.6363824, 12.9196301], [77.6370615, 12.9192731]]}, "properties": {"segID": "way1183630172/0", "name": "6th Cross Road", "ward": "Jakkasandra", "roadClass": "residential", "lengthM": 114.6, "darkness": {"alpha": 1.748, "beta": 0.252, "mean": 0.126, "var": 0.03671}, "exposure": {"activity": 0.2975, "structural": 0.7783, "blended": 0.6581}, "confidence": 0.4966, "repairPriority": 0.04118, "routePenalty": 222.1, "reportValue": 0.02416, "evidence": {"osmLampsWorking": 0, "osmLampsBroken": 0, "osmLampsUntagged": 0, "nightBusTrips": 140.4, "wardComplaints2025": 62, "reports": 0}}}, {"type": "Feature", "geometry": {"type": "LineString", "coordinates": [[77.6203959, 12.9181687], [77.6204492, 12.9186723], [77.6204527, 12.9187057], [77.6205339, 12.9192939], [77.6205651, 12.9195403]]}, "properties": {"segID": "way1185209421/0", "name": "36th Main Road", "ward": "Madivala", "roadClass": "residential", "lengthM": 153.6, "darkness": {"alpha": 1.748, "beta": 0.252, "mean": 0.126, "var": 0.03671}, "exposure": {"activity": 0.2046, "structural": 0.5072, "blended": 0.4316}, "confidence": 0.4966, "repairPriority": 0.02701, "routePenalty": 334.3, "reportValue": 0.01584, "evidence": {"osmLampsWorking": 0, "osmLampsBroken": 0, "osmLampsUntagged": 0, "nightBusTrips": 284.1, "wardComplaints2025": 180, "reports": 0}}}, {"type": "Feature", "geometry": {"type": "LineString", "coordinates": [[77.6203959, 12.9181687], [77.6209335, 12.918118], [77.6211386, 12.9180642], [77.6213435, 12.9180104], [77.621531, 12.9180091], [77.621852, 12.9181642]]}, "properties": {"segID": "way1185209422/0", "name": "3rd cross Road", "ward": "Madivala", "roadClass": "tertiary", "lengthM": 163.7, "darkness": {"alpha": 1.748, "beta": 0.252, "mean": 0.126, "var": 0.03671}, "exposure": {"activity": 0.1402, "structural": 0.5144, "blended": 0.4209}, "confidence": 0.4966, "repairPriority": 0.02634, "routePenalty": 359.1, "reportValue": 0.01545, "evidence": {"osmLampsWorking": 0, "osmLampsBroken": 0, "osmLampsUntagged": 0, "nightBusTrips": 313.9, "wardComplaints2025": 180, "reports": 0}}}, {"type": "Feature", "geometry": {"type": "LineString", "coordinates": [[77.6353851, 12.9158671], [77.6353468, 12.9153217], [77.6353405, 12.9148994], [77.6353261, 12.9144758]]}, "properties": {"segID": "way1196120488/0", "name": "9th Main Road", "ward": "HSR Layout", "roadClass": "tertiary", "lengthM": 154.9, "darkness": {"alpha": 1.748, "beta": 0.252, "mean": 0.126, "var": 0.03671}, "exposure": {"activity": 0.7386, "structural": 0.4243, "blended": 0.5029}, "confidence": 0.4966, "repairPriority": 0.03147, "routePenalty": 321.9, "reportValue": 0.01846, "evidence": {"osmLampsWorking": 0, "osmLampsBroken": 0, "osmLampsUntagged": 0, "nightBusTrips": 177.2, "wardComplaints2025": 252, "reports": 0}}}, {"type": "Feature", "geometry": {"type": "LineString", "coordinates": [[77.6353261, 12.9144758], [77.6353143, 12.9141071], [77.6353078, 12.9140169], [77.6352963, 12.9137502], [77.6352866, 12.9135336], [77.635282, 12.9134484], [77.6352595, 12.9130036]]}, "properties": {"segID": "way1196120488/1", "name": "9th Main Road", "ward": "HSR Layout", "roadClass": "tertiary", "lengthM": 163.9, "darkness": {"alpha": 1.748, "beta": 0.252, "mean": 0.126, "var": 0.03671}, "exposure": {"activity": 0.3852, "structural": 0.4058, "blended": 0.4006}, "confidence": 0.4966, "repairPriority": 0.02507, "routePenalty": 365.4, "reportValue": 0.01471, "evidence": {"osmLampsWorking": 0, "osmLampsBroken": 0, "osmLampsUntagged": 0, "nightBusTrips": 155.0, "wardComplaints2025": 252, "reports": 0}}}, {"type": "Feature", "geometry": {"type": "LineString", "coordinates": [[77.6450403, 12.9219262], [77.6450422, 12.9218716], [77.6450438, 12.9218005], [77.6450459, 12.9217025], [77.6450479, 12.9216111]]}, "properties": {"segID": "way1196120509/0", "name": "19th Main Road", "ward": "HSR Layout", "roadClass": "secondary", "lengthM": 35.0, "darkness": {"alpha": 5.748, "beta": 0.252, "mean": 0.042, "var": 0.00575}, "exposure": {"activity": 0.5228, "structural": 0.3913, "blended": 0.4242}, "confidence": 0.9953, "repairPriority": 0.01773, "routePenalty": 63.5, "reportValue": 0.00244, "evidence": {"osmLampsWorking": 4, "osmLampsBroken": 0, "osmLampsUntagged": 0, "nightBusTrips": 139.8, "wardComplaints2025": 252, "reports": 0}}}, {"type": "Feature", "geometry": {"type": "LineString", "coordinates": [[77.6450479, 12.9216111], [77.6450387, 12.9209373]]}, "properties": {"segID": "way1196120510/0", "name": "19th Main Road", "ward": "HSR Layout", "roadClass": "secondary", "lengthM": 74.9, "darkness": {"alpha": 1.748, "beta": 0.252, "mean": 0.126, "var": 0.03671}, "exposure": {"activity": 0.4359, "structural": 0.402, "blended": 0.4105}, "confidence": 0.4966, "repairPriority": 0.02569, "routePenalty": 165.7, "reportValue": 0.01507, "evidence": {"osmLampsWorking": 0, "osmLampsBroken": 0, "osmLampsUntagged": 0, "nightBusTrips": 150.5, "wardComplaints2025": 252, "reports": 0}}}, {"type": "Feature", "geometry": {"type": "LineString", "coordinates": [[77.6450387, 12.9209373], [77.6449981, 12.9196036]]}, "properties": {"segID": "way1196120511/0", "name": "19th Main Road", "ward": "HSR Layout", "roadClass": "secondary", "lengthM": 148.4, "darkness": {"alpha": 1.748, "beta": 0.252, "mean": 0.126, "var": 0.03671}, "exposure": {"activity": 0.3981, "structural": 0.4175, "blended": 0.4126}, "confidence": 0.4966, "repairPriority": 0.02582, "routePenalty": 327.7, "reportValue": 0.01515, "evidence": {"osmLampsWorking": 0, "osmLampsBroken": 0, "osmLampsUntagged": 0, "nightBusTrips": 165.3, "wardComplaints2025": 252, "reports": 0}}}, {"type": "Feature", "geometry": {"type": "LineString", "coordinates": [[77.6449981, 12.9196036], [77.64499, 12.9194663], [77.6449892, 12.9194524], [77.6449686, 12.9190966]]}, "properties": {"segID": "way1196120512/0", "name": "19th Main Road", "ward": "HSR Layout", "roadClass": "secondary", "lengthM": 56.5, "darkness": {"alpha": 1.748, "beta": 0.252, "mean": 0.126, "var": 0.03671}, "exposure": {"activity": 0.4015, "structural": 0.4171, "blended": 0.4132}, "confidence": 0.4966, "repairPriority": 0.02585, "routePenalty": 124.7, "reportValue": 0.01517, "evidence": {"osmLampsWorking": 0, "osmLampsBroken": 0, "osmLampsUntagged": 0, "nightBusTrips": 164.7, "wardComplaints2025": 252, "reports": 0}}}, {"type": "Feature", "geometry": {"type": "LineString", "coordinates": [[77.6449581, 12.9188949], [77.6448784, 12.9175191]]}, "properties": {"segID": "way1196120515/0", "name": "19th Main Road", "ward": "HSR Layout", "roadClass": "secondary", "lengthM": 153.2, "darkness": {"alpha": 1.748, "beta": 0.252, "mean": 0.126, "var": 0.03671}, "exposure": {"activity": 0.6475, "structural": 0.3848, "blended": 0.4505}, "confidence": 0.4966, "repairPriority": 0.02819, "routePenalty": 328.9, "reportValue": 0.01654, "evidence": {"osmLampsWorking": 0, "osmLampsBroken": 0, "osmLampsUntagged": 0, "nightBusTrips": 136.0, "wardComplaints2025": 252, "reports": 0}}}, {"type": "Feature", "geometry": {"type": "LineString", "coordinates": [[77.6448784, 12.9175191], [77.64487, 12.9173746], [77.6448675, 12.9173309], [77.6448585, 12.9171778]]}, "properties": {"segID": "way1196120515/1", "name": "19th Main Road", "ward": "HSR Layout", "roadClass": "secondary", "lengthM": 38.0, "darkness": {"alpha": 1.748, "beta": 0.252, "mean": 0.126, "var": 0.03671}, "exposure": {"activity": 0.6509, "structural": 0.3813, "blended": 0.4487}, "confidence": 0.4966, "repairPriority": 0.02808, "routePenalty": 81.7, "reportValue": 0.01647, "evidence": {"osmLampsWorking": 0, "osmLampsBroken": 0, "osmLampsUntagged": 0, "nightBusTrips": 132.5, "wardComplaints2025": 252, "reports": 0}}}, {"type": "Feature", "geometry": {"type": "LineString", "coordinates": [[77.6448585, 12.9171778], [77.6448464, 12.9168971], [77.6448192, 12.9162628], [77.6448133, 12.9161255], [77.6447978, 12.9157649]]}, "properties": {"segID": "way1196120516/0", "name": "19th Main Road", "ward": "HSR Layout", "roadClass": "secondary", "lengthM": 157.2, "darkness": {"alpha": 1.748, "beta": 0.252, "mean": 0.126, "var": 0.03671}, "exposure": {"activity": 0.6578, "structural": 0.3253, "blended": 0.4084}, "confidence": 0.4966, "repairPriority": 0.02555, "routePenalty": 348.3, "reportValue": 0.01499, "evidence": {"osmLampsWorking": 0, "osmLampsBroken": 0, "osmLampsUntagged": 0, "nightBusTrips": 100.2, "wardComplaints2025": 252, "reports": 0}}}, {"type": "Feature", "geometry": {"type": "LineString", "coordinates": [[77.644793, 12.9156481], [77.6447897, 12.915548], [77.6447826, 12.9153751], [77.6447785, 12.9152783], [77.6447749, 12.9151886]]}, "properties": {"segID": "way1196120517/0", "name": "19th Main Road", "ward": "HSR Layout", "roadClass": "secondary", "lengthM": 51.1, "darkness": {"alpha": 1.748, "beta": 0.252, "mean": 0.126, "var": 0.03671}, "exposure": {"activity": 0.6208, "structural": 0.2978, "blended": 0.3785}, "confidence": 0.4966, "repairPriority": 0.02368, "routePenalty": 116.2, "reportValue": 0.01389, "evidence": {"osmLampsWorking": 0, "osmLampsBroken": 0, "osmLampsUntagged": 0, "nightBusTrips": 86.8, "wardComplaints2025": 252, "reports": 0}}}, {"type": "Feature", "geometry": {"type": "LineString", "coordinates": [[77.6516548, 12.9189233], [77.6516519, 12.9190278], [77.6516422, 12.9193736]]}, "properties": {"segID": "way1200850298/0", "name": "27th Main Road", "ward": "HSR Layout", "roadClass": "secondary", "lengthM": 50.1, "darkness": {"alpha": 1.748, "beta": 0.252, "mean": 0.126, "var": 0.03671}, "exposure": {"activity": 0.7945, "structural": 0.2599, "blended": 0.3936}, "confidence": 0.4966, "repairPriority": 0.02463, "routePenalty": 112.4, "reportValue": 0.01445, "evidence": {"osmLampsWorking": 0, "osmLampsBroken": 0, "osmLampsUntagged": 0, "nightBusTrips": 73.1, "wardComplaints2025": 252, "reports": 0}}}, {"type": "Feature", "geometry": {"type": "LineString", "coordinates": [[77.6680325, 12.9219032], [77.6678812, 12.9218265]]}, "properties": {"segID": "way1203492808/0", "name": "Outer Ring Road", "ward": "Bellanduru", "roadClass": "trunk", "lengthM": 18.5, "darkness": {"alpha": 5.26, "beta": 0.54, "mean": 0.0931, "var": 0.01241}, "exposure": {"activity": 0.5426, "structural": 0.5127, "blended": 0.5202}, "confidence": 0.9613, "repairPriority": 0.04656, "routePenalty": 33.6, "reportValue": 0.00646, "evidence": {"osmLampsWorking": 3, "osmLampsBroken": 0, "osmLampsUntagged": 2, "nightBusTrips": 304.0, "wardComplaints2025": 250, "reports": 0}}}, {"type": "Feature", "geometry": {"type": "LineString", "coordinates": [[77.6355416, 12.9161318], [77.6354011, 12.9161603], [77.6349622, 12.916221], [77.6324797, 12.9164688]]}, "properties": {"segID": "way1203851289/0", "name": "Outer Ring Road", "ward": "HSR Layout", "roadClass": "trunk", "lengthM": 334.1, "darkness": {"alpha": 10.748, "beta": 6.252, "mean": 0.3678, "var": 0.01292}, "exposure": {"activity": 0.7962, "structural": 0.4587, "blended": 0.5431}, "confidence": 0.9579, "repairPriority": 0.19134, "routePenalty": 737.2, "reportValue": 0.00702, "evidence": {"osmLampsWorking": 9, "osmLampsBroken": 6, "osmLampsUntagged": 0, "nightBusTrips": 214.6, "wardComplaints2025": 252, "reports": 0}}}, {"type": "Feature", "geometry": {"type": "LineString", "coordinates": [[77.651806, 12.9242517], [77.6531129, 12.9239769], [77.6542577, 12.9237509]]}, "properties": {"segID": "way1205136152/0", "name": "Sarjapur Road", "ward": "Agaram", "roadClass": "primary", "lengthM": 271.5, "darkness": {"alpha": 10.111, "beta": 4.289, "mean": 0.2978, "var": 0.01358}, "exposure": {"activity": 0.4858, "structural": 0.348, "blended": 0.3824}, "confidence": 0.9549, "repairPriority": 0.10874, "routePenalty": 634.7, "reportValue": 0.00519, "evidence": {"osmLampsWorking": 9, "osmLampsBroken": 3, "osmLampsUntagged": 1, "nightBusTrips": 111.4, "wardComplaints2025": 71, "reports": 0}}}, {"type": "Feature", "geometry": {"type": "LineString", "coordinates": [[77.6218568, 12.918616], [77.6215952, 12.9189684], [77.6212875, 12.9193784]]}, "properties": {"segID": "way1208112302/0", "name": "Silk Board Flyover", "ward": "Madivala", "roadClass": "trunk", "lengthM": 104.9, "darkness": {"alpha": 1.748, "beta": 0.252, "mean": 0.126, "var": 0.03671}, "exposure": {"activity": 0.2614, "structural": 0.5169, "blended": 0.453}, "confidence": 0.4966, "repairPriority": 0.02834, "routePenalty": 224.9, "reportValue": 0.01663, "evidence": {"osmLampsWorking": 0, "osmLampsBroken": 0, "osmLampsUntagged": 0, "nightBusTrips": 327.5, "wardComplaints2025": 180, "reports": 0}}}, {"type": "Feature", "geometry": {"type": "LineString", "coordinates": [[77.6214862, 12.9192766], [77.6219355, 12.9186638]]}, "properties": {"segID": "way1208112303/0", "name": "Silk Board Flyover", "ward": "Jakkasandra", "roadClass": "trunk", "lengthM": 83.8, "darkness": {"alpha": 1.748, "beta": 0.252, "mean": 0.126, "var": 0.03671}, "exposure": {"activity": 0.2218, "structural": 0.8391, "blended": 0.6848}, "confidence": 0.4966, "repairPriority": 0.04285, "routePenalty": 160.9, "reportValue": 0.02514, "evidence": {"osmLampsWorking": 0, "osmLampsBroken": 0, "osmLampsUntagged": 0, "nightBusTrips": 335.9, "wardComplaints2025": 62, "reports": 0}}}, {"type": "Feature", "geometry": {"type": "LineString", "coordinates": [[77.6652842, 12.927028], [77.6653422, 12.9269232], [77.6653496, 12.9268994], [77.665382, 12.9267192], [77.6654206, 12.926505], [77.6654268, 12.9264438], [77.6654314, 12.9263981], [77.6654145, 12.9260116], [77.6654129, 12.9259724], [77.6654083, 12.9258425], [77.6654055, 12.9255598]]}, "properties": {"segID": "way1211243716/0", "name": "6th Main Road", "ward": "HSR Layout", "roadClass": "tertiary", "lengthM": 165.7, "darkness": {"alpha": 2.948, "beta": 0.252, "mean": 0.0788, "var": 0.01727}, "exposure": {"activity": 0.123, "structural": 0.3614, "blended": 0.3018}, "confidence": 0.9411, "repairPriority": 0.02238, "routePenalty": 372.3, "reportValue": 0.00521, "evidence": {"osmLampsWorking": 0, "osmLampsBroken": 0, "osmLampsUntagged": 3, "nightBusTrips": 123.4, "wardComplaints2025": 252, "reports": 0}}}, {"type": "Feature", "geometry": {"type": "LineString", "coordinates": [[77.6654055, 12.9255598], [77.6654023, 12.9252305], [77.6653992, 12.9251286], [77.6653915, 12.9247877], [77.6653754, 12.9243278], [77.6653727, 12.924225], [77.6653637, 12.9238776]]}, "properties": {"segID": "way1211243716/1", "name": "6th Main Road", "ward": "HSR Layout", "roadClass": "tertiary", "lengthM": 187.1, "darkness": {"alpha": 1.748, "beta": 0.252, "mean": 0.126, "var": 0.03671}, "exposure": {"activity": 0.3035, "structural": 0.4199, "blended": 0.3908}, "confidence": 0.4966, "repairPriority": 0.02445, "routePenalty": 420.7, "reportValue": 0.01435, "evidence": {"osmLampsWorking": 0, "osmLampsBroken": 0, "osmLampsUntagged": 0, "nightBusTrips": 169.7, "wardComplaints2025": 252, "reports": 0}}}, {"type": "Feature", "geometry": {"type": "LineString", "coordinates": [[77.6653637, 12.9238776], [77.6653647, 12.9237519], [77.6653639, 12.9236764]]}, "properties": {"segID": "way1211243716/2", "name": "6th Main Road", "ward": "HSR Layout", "roadClass": "tertiary", "lengthM": 22.4, "darkness": {"alpha": 1.748, "beta": 0.252, "mean": 0.126, "var": 0.03671}, "exposure": {"activity": 0.4531, "structural": 0.4443, "blended": 0.4465}, "confidence": 0.4966, "repairPriority": 0.02794, "routePenalty": 48.2, "reportValue": 0.01639, "evidence": {"osmLampsWorking": 0, "osmLampsBroken": 0, "osmLampsUntagged": 0, "nightBusTrips": 200.6, "wardComplaints2025": 252, "reports": 0}}}, {"type": "Feature", "geometry": {"type": "LineString", "coordinates": [[77.6695001, 12.9228682], [77.669521, 12.9229311], [77.6695417, 12.9230009]]}, "properties": {"segID": "way1212432025/0", "name": "Palm Avenue", "ward": "Bellanduru", "roadClass": "tertiary", "lengthM": 15.4, "darkness": {"alpha": 2.973, "beta": 4.027, "mean": 0.5752, "var": 0.03054}, "exposure": {"activity": 0.558, "structural": 0.5151, "blended": 0.5259}, "confidence": 0.8925, "repairPriority": 0.26998, "routePenalty": 41.2, "reportValue": 0.01606, "evidence": {"osmLampsWorking": 2, "osmLampsBroken": 3, "osmLampsUntagged": 0, "nightBusTrips": 316.2, "wardComplaints2025": 250, "reports": 0}}}, {"type": "Feature", "geometry": {"type": "LineString", "coordinates": [[77.6697577, 12.9262056], [77.6697364, 12.9272535]]}, "properties": {"segID": "way1212554489/0", "name": "Palm Avenue", "ward": "Bellanduru", "roadClass": "tertiary", "lengthM": 116.5, "darkness": {"alpha": 0.973, "beta": 1.027, "mean": 0.5133, "var": 0.08327}, "exposure": {"activity": 0.8985, "structural": 0.3985, "blended": 0.5235}, "confidence": 0.0133, "repairPriority": 0.00357, "routePenalty": 350.4, "reportValue": 0.04359, "evidence": {"osmLampsWorking": 0, "osmLampsBroken": 0, "osmLampsUntagged": 0, "nightBusTrips": 148.0, "wardComplaints2025": 250, "reports": 0}}}, {"type": "Feature", "geometry": {"type": "LineString", "coordinates": [[77.669684, 12.9251794], [77.6697269, 12.925271], [77.6697477, 12.9253279], [77.6697605, 12.9253847], [77.6697638, 12.9254801], [77.6697595, 12.9259919], [77.6697577, 12.9262056]]}, "properties": {"segID": "way1212554490/0", "name": "Palm Avenue", "ward": "Bellanduru", "roadClass": "tertiary", "lengthM": 115.7, "darkness": {"alpha": 0.973, "beta": 1.027, "mean": 0.5133, "var": 0.08327}, "exposure": {"activity": 0.8022, "structural": 0.467, "blended": 0.5508}, "confidence": 0.0133, "repairPriority": 0.00376, "routePenalty": 344.8, "reportValue": 0.04587, "evidence": {"osmLampsWorking": 0, "osmLampsBroken": 0, "osmLampsUntagged": 0, "nightBusTrips": 221.1, "wardComplaints2025": 250, "reports": 0}}}, {"type": "Feature", "geometry": {"type": "LineString", "coordinates": [[77.633791, 12.9226717], [77.6342225, 12.9225891]]}, "properties": {"segID": "way1214465712/0", "name": "4th Cross Road", "ward": "Jakkasandra", "roadClass": "residential", "lengthM": 47.7, "darkness": {"alpha": 1.748, "beta": 0.252, "mean": 0.126, "var": 0.03671}, "exposure": {"activity": 0.5916, "structural": 0.5975, "blended": 0.596}, "confidence": 0.4966, "repairPriority": 0.03729, "routePenalty": 94.7, "reportValue": 0.02188, "evidence": {"osmLampsWorking": 0, "osmLampsBroken": 0, "osmLampsUntagged": 0, "nightBusTrips": 104.8, "wardComplaints2025": 62, "reports": 0}}}, {"type": "Feature", "geometry": {"type": "LineString", "coordinates": [[77.6322938, 12.9161823], [77.6322941, 12.916315], [77.6322941, 12.916337]]}, "properties": {"segID": "way1226665354/0", "name": "5th Main Road", "ward": "HSR Layout", "roadClass": "tertiary", "lengthM": 17.2, "darkness": {"alpha": 4.748, "beta": 0.252, "mean": 0.0504, "var": 0.00798}, "exposure": {"activity": 0.8375, "structural": 0.434, "blended": 0.5348}, "confidence": 0.9875, "repairPriority": 0.02662, "routePenalty": 29.2, "reportValue": 0.00427, "evidence": {"osmLampsWorking": 3, "osmLampsBroken": 0, "osmLampsUntagged": 0, "nightBusTrips": 186.9, "wardComplaints2025": 252, "reports": 0}}}, {"type": "Feature", "geometry": {"type": "LineString", "coordinates": [[77.632364, 12.9163362], [77.6323597, 12.9161832]]}, "properties": {"segID": "way1226665356/0", "name": "5th Main Road", "ward": "HSR Layout", "roadClass": "tertiary", "lengthM": 17.0, "darkness": {"alpha": 4.748, "beta": 0.252, "mean": 0.0504, "var": 0.00798}, "exposure": {"activity": 0.8452, "structural": 0.4336, "blended": 0.5365}, "confidence": 0.9875, "repairPriority": 0.0267, "routePenalty": 28.9, "reportValue": 0.00428, "evidence": {"osmLampsWorking": 3, "osmLampsBroken": 0, "osmLampsUntagged": 0, "nightBusTrips": 186.7, "wardComplaints2025": 252, "reports": 0}}}, {"type": "Feature", "geometry": {"type": "LineString", "coordinates": [[77.6362504, 12.9204179], [77.6364739, 12.9203173]]}, "properties": {"segID": "way1227783081/0", "name": "8th Main Road", "ward": "Jakkasandra", "roadClass": "residential", "lengthM": 26.7, "darkness": {"alpha": 1.748, "beta": 0.252, "mean": 0.126, "var": 0.03671}, "exposure": {"activity": 0.2373, "structural": 0.5364, "blended": 0.4616}, "confidence": 0.4966, "repairPriority": 0.02888, "routePenalty": 56.9, "reportValue": 0.01695, "evidence": {"osmLampsWorking": 0, "osmLampsBroken": 0, "osmLampsUntagged": 0, "nightBusTrips": 129.7, "wardComplaints2025": 62, "reports": 0}}}, {"type": "Feature", "geometry": {"type": "LineString", "coordinates": [[77.6545584, 12.9204588], [77.6544595, 12.9197639], [77.6544202, 12.919313], [77.6542886, 12.9181752]]}, "properties": {"segID": "way1227939960/0", "name": "31st Main Road", "ward": "HSR Layout", "roadClass": "residential", "lengthM": 255.6, "darkness": {"alpha": 1.748, "beta": 0.252, "mean": 0.126, "var": 0.03671}, "exposure": {"activity": 0.1591, "structural": 0.2479, "blended": 0.2257}, "confidence": 0.4966, "repairPriority": 0.01412, "routePenalty": 717.2, "reportValue": 0.00829, "evidence": {"osmLampsWorking": 0, "osmLampsBroken": 0, "osmLampsUntagged": 0, "nightBusTrips": 70.3, "wardComplaints2025": 252, "reports": 0}}}, {"type": "Feature", "geometry": {"type": "LineString", "coordinates": [[77.651791, 12.9158511], [77.6518913, 12.9158531], [77.652225, 12.915864], [77.6525847, 12.9158757], [77.6527049, 12.9158795], [77.6541207, 12.9159245]]}, "properties": {"segID": "way1227940029/0", "name": "13th Cross Road", "ward": "HSR Layout", "roadClass": "residential", "lengthM": 252.6, "darkness": {"alpha": 1.748, "beta": 0.252, "mean": 0.126, "var": 0.03671}, "exposure": {"activity": 0.8409, "structural": 0.1423, "blended": 0.317}, "confidence": 0.4966, "repairPriority": 0.01984, "routePenalty": 612.8, "reportValue": 0.01164, "evidence": {"osmLampsWorking": 0, "osmLampsBroken": 0, "osmLampsUntagged": 0, "nightBusTrips": 25.1, "wardComplaints2025": 252, "reports": 0}}}, {"type": "Feature", "geometry": {"type": "LineString", "coordinates": [[77.651737, 12.9162058], [77.6517823, 12.9161425], [77.6517866, 12.9159969], [77.651791, 12.9158511]]}, "properties": {"segID": "way1227940030/0", "name": "27th Main Road", "ward": "HSR Layout", "roadClass": "secondary", "lengthM": 41.0, "darkness": {"alpha": 1.748, "beta": 0.252, "mean": 0.126, "var": 0.03671}, "exposure": {"activity": 0.9407, "structural": 0.1478, "blended": 0.346}, "confidence": 0.4966, "repairPriority": 0.02165, "routePenalty": 96.2, "reportValue": 0.0127, "evidence": {"osmLampsWorking": 0, "osmLampsBroken": 0, "osmLampsUntagged": 0, "nightBusTrips": 28.8, "wardComplaints2025": 252, "reports": 0}}}, {"type": "Feature", "geometry": {"type": "LineString", "coordinates": [[77.6517079, 12.9158503], [77.6516978, 12.9161432]]}, "properties": {"segID": "way1227940032/0", "name": "27th Main Road", "ward": "HSR Layout", "roadClass": "secondary", "lengthM": 32.6, "darkness": {"alpha": 1.748, "beta": 0.252, "mean": 0.126, "var": 0.03671}, "exposure": {"activity": 0.9372, "structural": 0.1475, "blended": 0.3449}, "confidence": 0.4966, "repairPriority": 0.02158, "routePenalty": 76.6, "reportValue": 0.01266, "evidence": {"osmLampsWorking": 0, "osmLampsBroken": 0, "osmLampsUntagged": 0, "nightBusTrips": 28.7, "wardComplaints2025": 252, "reports": 0}}}, {"type": "Feature", "geometry": {"type": "LineString", "coordinates": [[77.6370615, 12.9192731], [77.6369852, 12.9190922], [77.6369558, 12.9189329], [77.6369404, 12.9188387], [77.6369007, 12.9186139]]}, "properties": {"segID": "way1227998546/0", "name": "8th C Cross Road", "ward": "Jakkasandra", "roadClass": "residential", "lengthM": 75.7, "darkness": {"alpha": 1.748, "beta": 0.252, "mean": 0.126, "var": 0.03671}, "exposure": {"activity": 0.4463, "structural": 0.7866, "blended": 0.7015}, "confidence": 0.4966, "repairPriority": 0.04389, "routePenalty": 144.6, "reportValue": 0.02575, "evidence": {"osmLampsWorking": 0, "osmLampsBroken": 0, "osmLampsUntagged": 0, "nightBusTrips": 144.5, "wardComplaints2025": 62, "reports": 0}}}, {"type": "Feature", "geometry": {"type": "LineString", "coordinates": [[77.6668497, 12.930528], [77.6673564, 12.9304484], [77.6681991, 12.9303208], [77.6688342, 12.930256]]}, "properties": {"segID": "way1231984765/0", "name": "Sri Doddamma Devi Temple Road", "ward": "HSR Layout", "roadClass": "residential", "lengthM": 217.3, "darkness": {"alpha": 1.748, "beta": 0.252, "mean": 0.126, "var": 0.03671}, "exposure": {"activity": 0.1238, "structural": 0.1664, "blended": 0.1557}, "confidence": 0.4966, "repairPriority": 0.00974, "routePenalty": 738.2, "reportValue": 0.00572, "evidence": {"osmLampsWorking": 0, "osmLampsBroken": 0, "osmLampsUntagged": 0, "nightBusTrips": 41.2, "wardComplaints2025": 252, "reports": 0}}}, {"type": "Feature", "geometry": {"type": "LineString", "coordinates": [[77.6688342, 12.930256], [77.6691585, 12.9302213]]}, "properties": {"segID": "way1231984765/1", "name": "Sri Doddamma Devi Temple Road", "ward": "HSR Layout", "roadClass": "residential", "lengthM": 35.4, "darkness": {"alpha": 1.748, "beta": 0.252, "mean": 0.126, "var": 0.03671}, "exposure": {"activity": 0.1556, "structural": 0.1794, "blended": 0.1735}, "confidence": 0.4966, "repairPriority": 0.01086, "routePenalty": 113.3, "reportValue": 0.00637, "evidence": {"osmLampsWorking": 0, "osmLampsBroken": 0, "osmLampsUntagged": 0, "nightBusTrips": 47.2, "wardComplaints2025": 252, "reports": 0}}}, {"type": "Feature", "geometry": {"type": "LineString", "coordinates": [[77.6516305, 12.9197921], [77.6516252, 12.9199817], [77.6516244, 12.9200111]]}, "properties": {"segID": "way1234788247/0", "name": "27th Main Road", "ward": "HSR Layout", "roadClass": "secondary", "lengthM": 24.4, "darkness": {"alpha": 1.748, "beta": 0.252, "mean": 0.126, "var": 0.03671}, "exposure": {"activity": 0.8323, "structural": 0.2995, "blended": 0.4327}, "confidence": 0.4966, "repairPriority": 0.02707, "routePenalty": 53.1, "reportValue": 0.01588, "evidence": {"osmLampsWorking": 0, "osmLampsBroken": 0, "osmLampsUntagged": 0, "nightBusTrips": 87.8, "wardComplaints2025": 252, "reports": 0}}}, {"type": "Feature", "geometry": {"type": "LineString", "coordinates": [[77.6296147, 12.934432], [77.6296526, 12.9344996], [77.6297026, 12.934537], [77.6298927, 12.9346789], [77.6299342, 12.9346844]]}, "properties": {"segID": "way1237434601/0", "name": "1st Cross Road", "ward": "Ejipura", "roadClass": "residential", "lengthM": 45.9, "darkness": {"alpha": 1.748, "beta": 0.252, "mean": 0.126, "var": 0.03671}, "exposure": {"activity": 0.9708, "structural": 0.6404, "blended": 0.723}, "confidence": 0.4966, "repairPriority": 0.04524, "routePenalty": 87.1, "reportValue": 0.02654, "evidence": {"osmLampsWorking": 0, "osmLampsBroken": 0, "osmLampsUntagged": 0, "nightBusTrips": 52.5, "wardComplaints2025": 78, "reports": 0}}}, {"type": "Feature", "geometry": {"type": "LineString", "coordinates": [[77.6676455, 12.9275337], [77.6678176, 12.9288125]]}, "properties": {"segID": "way1239433611/0", "name": "Swagger Road", "ward": "HSR Layout", "roadClass": "residential", "lengthM": 143.4, "darkness": {"alpha": 1.748, "beta": 0.252, "mean": 0.126, "var": 0.03671}, "exposure": {"activity": 0.3525, "structural": 0.3098, "blended": 0.3205}, "confidence": 0.4966, "repairPriority": 0.02005, "routePenalty": 346.4, "reportValue": 0.01177, "evidence": {"osmLampsWorking": 0, "osmLampsBroken": 0, "osmLampsUntagged": 0, "nightBusTrips": 91.5, "wardComplaints2025": 252, "reports": 0}}}, {"type": "Feature", "geometry": {"type": "LineString", "coordinates": [[77.6648463, 12.9208114], [77.6649445, 12.9208265], [77.6650507, 12.9208412], [77.6651733, 12.9208528], [77.6652688, 12.9208738], [77.6653164, 12.9208872], [77.6654482, 12.9209153]]}, "properties": {"segID": "way1240374873/0", "name": "Outer Ring Road", "ward": "Bellanduru", "roadClass": "trunk", "lengthM": 66.4, "darkness": {"alpha": 1.46, "beta": 1.54, "mean": 0.5133, "var": 0.06246}, "exposure": {"activity": 0.7085, "structural": 0.7663, "blended": 0.7518}, "confidence": 0.0714, "repairPriority": 0.02755, "routePenalty": 177.2, "reportValue": 0.04696, "evidence": {"osmLampsWorking": 0, "osmLampsBroken": 1, "osmLampsUntagged": 0, "nightBusTrips": 246.6, "wardComplaints2025": 250, "reports": 0}}}, {"type": "Feature", "geometry": {"type": "LineString", "coordinates": [[77.6515431, 12.919701], [77.6515213, 12.9197003], [77.6506033, 12.9196997], [77.6504072, 12.9196813], [77.6503153, 12.9196697], [77.6500457, 12.9196356]]}, "properties": {"segID": "way1241308581/0", "name": "7th Cross Road", "ward": "HSR Layout", "roadClass": "tertiary", "lengthM": 162.7, "darkness": {"alpha": 1.748, "beta": 0.252, "mean": 0.126, "var": 0.03671}, "exposure": {"activity": 0.8822, "structural": 0.3408, "blended": 0.4761}, "confidence": 0.4966, "repairPriority": 0.02979, "routePenalty": 343.5, "reportValue": 0.01748, "evidence": {"osmLampsWorking": 0, "osmLampsBroken": 0, "osmLampsUntagged": 0, "nightBusTrips": 107.3, "wardComplaints2025": 252, "reports": 0}}}, {"type": "Feature", "geometry": {"type": "LineString", "coordinates": [[77.6500457, 12.9196356], [77.6492385, 12.9195152]]}, "properties": {"segID": "way1241308581/1", "name": "7th Cross Road", "ward": "HSR Layout", "roadClass": "tertiary", "lengthM": 88.5, "darkness": {"alpha": 1.748, "beta": 0.252, "mean": 0.126, "var": 0.03671}, "exposure": {"activity": 0.8874, "structural": 0.3487, "blended": 0.4833}, "confidence": 0.4966, "repairPriority": 0.03024, "routePenalty": 186.0, "reportValue": 0.01774, "evidence": {"osmLampsWorking": 0, "osmLampsBroken": 0, "osmLampsUntagged": 0, "nightBusTrips": 111.6, "wardComplaints2025": 252, "reports": 0}}}, {"type": "Feature", "geometry": {"type": "LineString", "coordinates": [[77.6512389, 12.9163399], [77.6512305, 12.9166643], [77.6512214, 12.9170172], [77.6512187, 12.9173178]]}, "properties": {"segID": "way1241317267/0", "name": "26th Main Road", "ward": "HSR Layout", "roadClass": "residential", "lengthM": 108.8, "darkness": {"alpha": 1.748, "beta": 0.252, "mean": 0.126, "var": 0.03671}, "exposure": {"activity": 0.8598, "structural": 0.1977, "blended": 0.3632}, "confidence": 0.4966, "repairPriority": 0.02273, "routePenalty": 250.9, "reportValue": 0.01333, "evidence": {"osmLampsWorking": 0, "osmLampsBroken": 0, "osmLampsUntagged": 0, "nightBusTrips": 52.9, "wardComplaints2025": 252, "reports": 0}}}, {"type": "Feature", "geometry": {"type": "LineString", "coordinates": [[77.6391844, 12.9241332], [77.638604, 12.9243521], [77.6384252, 12.9244592], [77.638424, 12.9244599], [77.6383216, 12.9245212], [77.6381526, 12.9246321], [77.6379823, 12.9247557], [77.6379409, 12.9247783]]}, "properties": {"segID": "way1246426788/0", "name": "Sarjapur Road", "ward": "Jakkasandra", "roadClass": "primary", "lengthM": 153.6, "darkness": {"alpha": 1.748, "beta": 0.252, "mean": 0.126, "var": 0.03671}, "exposure": {"activity": 0.3371, "structural": 0.6987, "blended": 0.6083}, "confidence": 0.4966, "repairPriority": 0.03806, "routePenalty": 303.4, "reportValue": 0.02233, "evidence": {"osmLampsWorking": 0, "osmLampsBroken": 0, "osmLampsUntagged": 0, "nightBusTrips": 86.8, "wardComplaints2025": 62, "reports": 0}}}, {"type": "Feature", "geometry": {"type": "LineString", "coordinates": [[77.6379409, 12.9247783], [77.6378675, 12.9248185], [77.6377633, 12.9248756], [77.6377274, 12.9248952], [77.6375786, 12.924974], [77.6373698, 12.9250709]]}, "properties": {"segID": "way1246426788/1", "name": "Sarjapur Road", "ward": "Jakkasandra", "roadClass": "primary", "lengthM": 70.0, "darkness": {"alpha": 1.748, "beta": 0.252, "mean": 0.126, "var": 0.03671}, "exposure": {"activity": 0.4506, "structural": 0.6292, "blended": 0.5846}, "confidence": 0.4966, "repairPriority": 0.03658, "routePenalty": 139.6, "reportValue": 0.02146, "evidence": {"osmLampsWorking": 0, "osmLampsBroken": 0, "osmLampsUntagged": 0, "nightBusTrips": 83.4, "wardComplaints2025": 62, "reports": 0}}}, {"type": "Feature", "geometry": {"type": "LineString", "coordinates": [[77.6373952, 12.925166], [77.6377334, 12.9249877], [77.6380222, 12.9248118], [77.6382135, 12.9246913], [77.6383732, 12.9245866], [77.6386112, 12.9244338]]}, "properties": {"segID": "way1246426789/0", "name": "Sarjapur Road", "ward": "Koramangala", "roadClass": "primary", "lengthM": 155.0, "darkness": {"alpha": 1.748, "beta": 0.252, "mean": 0.126, "var": 0.03671}, "exposure": {"activity": 0.3568, "structural": 0.7706, "blended": 0.6672}, "confidence": 0.4966, "repairPriority": 0.04175, "routePenalty": 299.4, "reportValue": 0.02449, "evidence": {"osmLampsWorking": 0, "osmLampsBroken": 0, "osmLampsUntagged": 0, "nightBusTrips": 86.4, "wardComplaints2025": 136, "reports": 0}}}, {"type": "Feature", "geometry": {"type": "LineString", "coordinates": [[77.6386112, 12.9244338], [77.6389482, 12.924298], [77.6391957, 12.9242078]]}, "properties": {"segID": "way1246426789/1", "name": "Sarjapur Road", "ward": "Koramangala", "roadClass": "primary", "lengthM": 68.2, "darkness": {"alpha": 1.748, "beta": 0.252, "mean": 0.126, "var": 0.03671}, "exposure": {"activity": 0.3173, "structural": 0.7697, "blended": 0.6566}, "confidence": 0.4966, "repairPriority": 0.04108, "routePenalty": 132.2, "reportValue": 0.0241, "evidence": {"osmLampsWorking": 0, "osmLampsBroken": 0, "osmLampsUntagged": 0, "nightBusTrips": 86.4, "wardComplaints2025": 136, "reports": 0}}}, {"type": "Feature", "geometry": {"type": "LineString", "coordinates": [[77.6243016, 12.916147], [77.6248265, 12.9162982]]}, "properties": {"segID": "way1262069472/0", "name": "14th Cross Road", "ward": "HSR Layout", "roadClass": "residential", "lengthM": 59.3, "darkness": {"alpha": 1.748, "beta": 0.252, "mean": 0.126, "var": 0.03671}, "exposure": {"activity": 0.1642, "structural": 0.5021, "blended": 0.4176}, "confidence": 0.4966, "repairPriority": 0.02613, "routePenalty": 130.4, "reportValue": 0.01533, "evidence": {"osmLampsWorking": 0, "osmLampsBroken": 0, "osmLampsUntagged": 0, "nightBusTrips": 273.4, "wardComplaints2025": 252, "reports": 0}}}, {"type": "Feature", "geometry": {"type": "LineString", "coordinates": [[77.6288623, 12.9241419], [77.6287288, 12.9241909]]}, "properties": {"segID": "way1271765832/0", "name": "Sarjapura Road", "ward": "Koramangala", "roadClass": "primary", "lengthM": 15.5, "darkness": {"alpha": 1.748, "beta": 0.252, "mean": 0.126, "var": 0.03671}, "exposure": {"activity": 0.2003, "structural": 0.8717, "blended": 0.7039}, "confidence": 0.4966, "repairPriority": 0.04404, "routePenalty": 29.6, "reportValue": 0.02584, "evidence": {"osmLampsWorking": 0, "osmLampsBroken": 0, "osmLampsUntagged": 0, "nightBusTrips": 195.7, "wardComplaints2025": 136, "reports": 0}}}, {"type": "Feature", "geometry": {"type": "LineString", "coordinates": [[77.661829, 12.9222986], [77.6618559, 12.9225531]]}, "properties": {"segID": "way1273047470/0", "name": "2nd Main Road", "ward": "HSR Layout", "roadClass": "residential", "lengthM": 28.4, "darkness": {"alpha": 1.748, "beta": 0.252, "mean": 0.126, "var": 0.03671}, "exposure": {"activity": 0.2726, "structural": 0.4216, "blended": 0.3843}, "confidence": 0.4966, "repairPriority": 0.02405, "routePenalty": 64.2, "reportValue": 0.01411, "evidence": {"osmLampsWorking": 0, "osmLampsBroken": 0, "osmLampsUntagged": 0, "nightBusTrips": 174.3, "wardComplaints2025": 252, "reports": 0}}}, {"type": "Feature", "geometry": {"type": "LineString", "coordinates": [[77.661466, 12.9217362], [77.661621, 12.9223207]]}, "properties": {"segID": "way1273047471/0", "name": "1st Main Road", "ward": "HSR Layout", "roadClass": "residential", "lengthM": 67.1, "darkness": {"alpha": 4.748, "beta": 2.252, "mean": 0.3217, "var": 0.02728}, "exposure": {"activity": 0.2949, "structural": 0.4254, "blended": 0.3928}, "confidence": 0.9007, "repairPriority": 0.11382, "routePenalty": 165.2, "reportValue": 0.01072, "evidence": {"osmLampsWorking": 3, "osmLampsBroken": 2, "osmLampsUntagged": 0, "nightBusTrips": 178.6, "wardComplaints2025": 252, "reports": 0}}}, {"type": "Feature", "geometry": {"type": "LineString", "coordinates": [[77.6548266, 12.9235804], [77.6543682, 12.9236679]]}, "properties": {"segID": "way1278098618/0", "name": "Outer Ring Road", "ward": "Agaram", "roadClass": "trunk", "lengthM": 50.6, "darkness": {"alpha": 6.762, "beta": 1.238, "mean": 0.1547, "var": 0.01453}, "exposure": {"activity": 0.374, "structural": 0.3239, "blended": 0.3364}, "confidence": 0.9518, "repairPriority": 0.04953, "routePenalty": 113.2, "reportValue": 0.00489, "evidence": {"osmLampsWorking": 6, "osmLampsBroken": 0, "osmLampsUntagged": 0, "nightBusTrips": 99.8, "wardComplaints2025": 71, "reports": 0}}}, {"type": "Feature", "geometry": {"type": "LineString", "coordinates": [[77.6653207, 12.920419], [77.6651699, 12.9204555], [77.6648998, 12.9205222]]}, "properties": {"segID": "way1278098619/0", "name": "Sarjapura Road", "ward": "Bellanduru", "roadClass": "primary", "lengthM": 47.0, "darkness": {"alpha": 1.363, "beta": 0.637, "mean": 0.3186, "var": 0.07236}, "exposure": {"activity": 0.6543, "structural": 0.4801, "blended": 0.5236}, "confidence": 0.058, "repairPriority": 0.00968, "routePenalty": 123.5, "reportValue": 0.03789, "evidence": {"osmLampsWorking": 0, "osmLampsBroken": 0, "osmLampsUntagged": 0, "nightBusTrips": 238.7, "wardComplaints2025": 250, "reports": 0}}}, {"type": "Feature", "geometry": {"type": "LineString", "coordinates": [[77.6680148, 12.9272615], [77.6686763, 12.9273154], [77.6687133, 12.9273184], [77.6687616, 12.9273117], [77.668836, 12.9272695], [77.6688894, 12.927252], [77.6689785, 12.9272499], [77.6691979, 12.9272295], [77.6692643, 12.927231], [77.6693034, 12.9272318]]}, "properties": {"segID": "way1281547535/0", "name": "Cherry Lane", "ward": "HSR Layout", "roadClass": "residential", "lengthM": 141.7, "darkness": {"alpha": 1.748, "beta": 0.252, "mean": 0.126, "var": 0.03671}, "exposure": {"activity": 0.8908, "structural": 0.392, "blended": 0.5167}, "confidence": 0.4966, "repairPriority": 0.03233, "routePenalty": 292.2, "reportValue": 0.01897, "evidence": {"osmLampsWorking": 0, "osmLampsBroken": 0, "osmLampsUntagged": 0, "nightBusTrips": 141.3, "wardComplaints2025": 252, "reports": 0}}}, {"type": "Feature", "geometry": {"type": "LineString", "coordinates": [[77.6693034, 12.9272318], [77.6693496, 12.9272341], [77.6697364, 12.9272535]]}, "properties": {"segID": "way1281547536/0", "name": "Cherry Lane", "ward": "Bellanduru", "roadClass": "tertiary", "lengthM": 47.0, "darkness": {"alpha": 0.973, "beta": 1.027, "mean": 0.5133, "var": 0.08327}, "exposure": {"activity": 0.9235, "structural": 0.3979, "blended": 0.5293}, "confidence": 0.0133, "repairPriority": 0.00361, "routePenalty": 141.1, "reportValue": 0.04407, "evidence": {"osmLampsWorking": 0, "osmLampsBroken": 0, "osmLampsUntagged": 0, "nightBusTrips": 145.7, "wardComplaints2025": 250, "reports": 0}}}, {"type": "Feature", "geometry": {"type": "LineString", "coordinates": [[77.6659924, 12.9211461], [77.6662615, 12.9212738]]}, "properties": {"segID": "way1289252169/0", "name": "Outer Ring Road", "ward": "Bellanduru", "roadClass": "trunk", "lengthM": 32.4, "darkness": {"alpha": 1.46, "beta": 3.54, "mean": 0.708, "var": 0.03446}, "exposure": {"activity": 0.6758, "structural": 0.8736, "blended": 0.8242}, "confidence": 0.8813, "repairPriority": 0.51427, "routePenalty": 87.5, "reportValue": 0.0284, "evidence": {"osmLampsWorking": 0, "osmLampsBroken": 3, "osmLampsUntagged": 0, "nightBusTrips": 283.6, "wardComplaints2025": 250, "reports": 0}}}, {"type": "Feature", "geometry": {"type": "LineString", "coordinates": [[77.618962, 12.9283525], [77.6195392, 12.9281294], [77.6203089, 12.927832]]}, "properties": {"segID": "way1290479888/0", "name": "Sarjapura Road", "ward": "Koramangala", "roadClass": "primary", "lengthM": 157.0, "darkness": {"alpha": 1.748, "beta": 0.252, "mean": 0.126, "var": 0.03671}, "exposure": {"activity": 0.0877, "structural": 0.4515, "blended": 0.3606}, "confidence": 0.4966, "repairPriority": 0.02256, "routePenalty": 363.0, "reportValue": 0.01324, "evidence": {"osmLampsWorking": 0, "osmLampsBroken": 0, "osmLampsUntagged": 0, "nightBusTrips": 207.3, "wardComplaints2025": 136, "reports": 0}}}, {"type": "Feature", "geometry": {"type": "LineString", "coordinates": [[77.6203089, 12.927832], [77.620768, 12.9276546], [77.6207932, 12.9276451], [77.6208265, 12.9276325]]}, "properties": {"segID": "way1290479888/1", "name": "Sarjapura Road", "ward": "Koramangala", "roadClass": "primary", "lengthM": 60.3, "darkness": {"alpha": 1.748, "beta": 0.252, "mean": 0.126, "var": 0.03671}, "exposure": {"activity": 0.1694, "structural": 0.4763, "blended": 0.3995}, "confidence": 0.4966, "repairPriority": 0.025, "routePenalty": 134.6, "reportValue": 0.01467, "evidence": {"osmLampsWorking": 0, "osmLampsBroken": 0, "osmLampsUntagged": 0, "nightBusTrips": 232.5, "wardComplaints2025": 136, "reports": 0}}}, {"type": "Feature", "geometry": {"type": "LineString", "coordinates": [[77.6348395, 12.9250739], [77.6353253, 12.9251496]]}, "properties": {"segID": "way1298944071/0", "name": "Sarjapura Road", "ward": "Koramangala", "roadClass": "primary", "lengthM": 53.3, "darkness": {"alpha": 1.748, "beta": 0.252, "mean": 0.126, "var": 0.03671}, "exposure": {"activity": 0.5606, "structural": 0.5708, "blended": 0.5682}, "confidence": 0.4966, "repairPriority": 0.03555, "routePenalty": 107.1, "reportValue": 0.02086, "evidence": {"osmLampsWorking": 0, "osmLampsBroken": 0, "osmLampsUntagged": 0, "nightBusTrips": 88.6, "wardComplaints2025": 136, "reports": 0}}}, {"type": "Feature", "geometry": {"type": "LineString", "coordinates": [[77.6350856, 12.9249774], [77.634244, 12.9248491], [77.6342272, 12.9248465], [77.6342055, 12.9248432], [77.6340832, 12.9248246]]}, "properties": {"segID": "way1298944072/0", "name": "Sarjapura Road", "ward": "Jakkasandra", "roadClass": "primary", "lengthM": 110.0, "darkness": {"alpha": 1.748, "beta": 0.252, "mean": 0.126, "var": 0.03671}, "exposure": {"activity": 0.6767, "structural": 0.6089, "blended": 0.6259}, "confidence": 0.4966, "repairPriority": 0.03916, "routePenalty": 215.7, "reportValue": 0.02298, "evidence": {"osmLampsWorking": 0, "osmLampsBroken": 0, "osmLampsUntagged": 0, "nightBusTrips": 82.6, "wardComplaints2025": 62, "reports": 0}}}, {"type": "Feature", "geometry": {"type": "LineString", "coordinates": [[77.6227173, 12.9181046], [77.6229179, 12.9176988], [77.6233245, 12.9168819]]}, "properties": {"segID": "way1299917512/0", "name": "Silkboard Double Decker Flyover", "ward": "Jakkasandra", "roadClass": "primary", "lengthM": 151.0, "darkness": {"alpha": 1.748, "beta": 0.252, "mean": 0.126, "var": 0.03671}, "exposure": {"activity": 0.3138, "structural": 0.5224, "blended": 0.4702}, "confidence": 0.4966, "repairPriority": 0.02942, "routePenalty": 320.0, "reportValue": 0.01726, "evidence": {"osmLampsWorking": 0, "osmLampsBroken": 0, "osmLampsUntagged": 0, "nightBusTrips": 343.9, "wardComplaints2025": 62, "reports": 0}}}, {"type": "Feature", "geometry": {"type": "LineString", "coordinates": [[77.6233245, 12.9168819], [77.6234745, 12.9163879], [77.6237162, 12.9159263], [77.6240067, 12.9153976]]}, "properties": {"segID": "way1299917512/1", "name": "Silkboard Double Decker Flyover", "ward": "HSR Layout", "roadClass": "primary", "lengthM": 181.6, "darkness": {"alpha": 1.748, "beta": 0.252, "mean": 0.126, "var": 0.03671}, "exposure": {"activity": 0.1273, "structural": 0.5093, "blended": 0.4138}, "confidence": 0.4966, "repairPriority": 0.02589, "routePenalty": 400.6, "reportValue": 0.01519, "evidence": {"osmLampsWorking": 0, "osmLampsBroken": 0, "osmLampsUntagged": 0, "nightBusTrips": 295.5, "wardComplaints2025": 252, "reports": 0}}}, {"type": "Feature", "geometry": {"type": "LineString", "coordinates": [[77.6240067, 12.9153976], [77.6242747, 12.9149255]]}, "properties": {"segID": "way1299917512/2", "name": "Silkboard Double Decker Flyover", "ward": "HSR Layout", "roadClass": "primary", "lengthM": 60.0, "darkness": {"alpha": 1.748, "beta": 0.252, "mean": 0.126, "var": 0.03671}, "exposure": {"activity": 0.08, "structural": 0.4866, "blended": 0.3849}, "confidence": 0.4966, "repairPriority": 0.02408, "routePenalty": 135.6, "reportValue": 0.01413, "evidence": {"osmLampsWorking": 0, "osmLampsBroken": 0, "osmLampsUntagged": 0, "nightBusTrips": 246.5, "wardComplaints2025": 252, "reports": 0}}}, {"type": "Feature", "geometry": {"type": "LineString", "coordinates": [[77.6200533, 12.9164729], [77.6201806, 12.9165054], [77.6202964, 12.9165539], [77.620411, 12.9167374], [77.6204767, 12.9168316], [77.6206199, 12.9170095], [77.6208749, 12.9172765], [77.6211381, 12.9176181]]}, "properties": {"segID": "way1299917514/0", "name": "Ramp A", "ward": "Madivala", "roadClass": "primary", "lengthM": 177.7, "darkness": {"alpha": 1.748, "beta": 0.252, "mean": 0.126, "var": 0.03671}, "exposure": {"activity": 0.0714, "structural": 0.5028, "blended": 0.3949}, "confidence": 0.4966, "repairPriority": 0.02471, "routePenalty": 398.1, "reportValue": 0.0145, "evidence": {"osmLampsWorking": 0, "osmLampsBroken": 0, "osmLampsUntagged": 0, "nightBusTrips": 275.1, "wardComplaints2025": 180, "reports": 0}}}, {"type": "Feature", "geometry": {"type": "LineString", "coordinates": [[77.6211381, 12.9176181], [77.6212072, 12.9177134], [77.6213385, 12.9179236], [77.6214024, 12.9181096], [77.6214176, 12.918259], [77.6214203, 12.9185249], [77.6214199, 12.918769]]}, "properties": {"segID": "way1299917514/1", "name": "Ramp A", "ward": "Madivala", "roadClass": "primary", "lengthM": 135.6, "darkness": {"alpha": 1.748, "beta": 0.252, "mean": 0.126, "var": 0.03671}, "exposure": {"activity": 0.1539, "structural": 0.5165, "blended": 0.4259}, "confidence": 0.4966, "repairPriority": 0.02665, "routePenalty": 296.3, "reportValue": 0.01563, "evidence": {"osmLampsWorking": 0, "osmLampsBroken": 0, "osmLampsUntagged": 0, "nightBusTrips": 325.8, "wardComplaints2025": 180, "reports": 0}}}, {"type": "Feature", "geometry": {"type": "LineString", "coordinates": [[77.6243708, 12.9352411], [77.6254105, 12.9361127]]}, "properties": {"segID": "way1302194006/0", "name": "Mahayogi Vemana Road", "ward": "Koramangala", "roadClass": "primary", "lengthM": 148.6, "darkness": {"alpha": 1.748, "beta": 0.252, "mean": 0.126, "var": 0.03671}, "exposure": {"activity": 0.9699, "structural": 0.6433, "blended": 0.725}, "confidence": 0.4966, "repairPriority": 0.04536, "routePenalty": 281.7, "reportValue": 0.02661, "evidence": {"osmLampsWorking": 0, "osmLampsBroken": 0, "osmLampsUntagged": 0, "nightBusTrips": 72.7, "wardComplaints2025": 136, "reports": 0}}}, {"type": "Feature", "geometry": {"type": "LineString", "coordinates": [[77.6255428, 12.9360846], [77.6244413, 12.9351903]]}, "properties": {"segID": "way1302194007/0", "name": "Mahayogi Vemana Road", "ward": "Koramangala", "roadClass": "primary", "lengthM": 155.4, "darkness": {"alpha": 1.748, "beta": 0.252, "mean": 0.126, "var": 0.03671}, "exposure": {"activity": 0.9433, "structural": 0.4072, "blended": 0.5412}, "confidence": 0.4966, "repairPriority": 0.03386, "routePenalty": 316.4, "reportValue": 0.01987, "evidence": {"osmLampsWorking": 0, "osmLampsBroken": 0, "osmLampsUntagged": 0, "nightBusTrips": 74.7, "wardComplaints2025": 136, "reports": 0}}}, {"type": "Feature", "geometry": {"type": "LineString", "coordinates": [[77.6266698, 12.9376733], [77.6268399, 12.9374466], [77.6268582, 12.937425], [77.6269369, 12.9373325]]}, "properties": {"segID": "way1302415903/0", "name": "Srinivagilu Main Road", "ward": "Ejipura", "roadClass": "secondary", "lengthM": 47.7, "darkness": {"alpha": 1.748, "beta": 0.252, "mean": 0.126, "var": 0.03671}, "exposure": {"activity": 0.9923, "structural": 0.7427, "blended": 0.8051}, "confidence": 0.4966, "repairPriority": 0.05038, "routePenalty": 88.5, "reportValue": 0.02956, "evidence": {"osmLampsWorking": 0, "osmLampsBroken": 0, "osmLampsUntagged": 0, "nightBusTrips": 80.6, "wardComplaints2025": 78, "reports": 0}}}, {"type": "Feature", "geometry": {"type": "LineString", "coordinates": [[77.6229543, 12.9165505], [77.6228902, 12.9167603], [77.6228536, 12.9168664], [77.6228375, 12.9169462], [77.6228348, 12.91699], [77.6228392, 12.9170482], [77.6228463, 12.917099], [77.6228631, 12.9171577], [77.6228991, 12.917215]]}, "properties": {"segID": "way1303068639/0", "name": "Srinagar - Kanyakumari Highway", "ward": "Bommanahalli", "roadClass": "trunk", "lengthM": 77.1, "darkness": {"alpha": 1.748, "beta": 0.252, "mean": 0.126, "var": 0.03671}, "exposure": {"activity": 0.2124, "structural": 0.5182, "blended": 0.4418}, "confidence": 0.4966, "repairPriority": 0.02764, "routePenalty": 166.6, "reportValue": 0.01622, "evidence": {"osmLampsWorking": 0, "osmLampsBroken": 0, "osmLampsUntagged": 0, "nightBusTrips": 332.6, "wardComplaints2025": 254, "reports": 0}}}, {"type": "Feature", "geometry": {"type": "LineString", "coordinates": [[77.6629056, 12.921278], [77.6630783, 12.9212384], [77.6635896, 12.9211189]]}, "properties": {"segID": "way1303669679/0", "name": "Outer Ring Road", "ward": "HSR Layout", "roadClass": "trunk", "lengthM": 76.2, "darkness": {"alpha": 1.748, "beta": 0.252, "mean": 0.126, "var": 0.03671}, "exposure": {"activity": 0.411, "structural": 0.8894, "blended": 0.7698}, "confidence": 0.4966, "repairPriority": 0.04817, "routePenalty": 142.6, "reportValue": 0.02826, "evidence": {"osmLampsWorking": 0, "osmLampsBroken": 0, "osmLampsUntagged": 0, "nightBusTrips": 222.4, "wardComplaints2025": 252, "reports": 0}}}, {"type": "Feature", "geometry": {"type": "LineString", "coordinates": [[77.6371092, 12.9162245], [77.637279, 12.9162052], [77.6375826, 12.9161569], [77.6379671, 12.9161256]]}, "properties": {"segID": "way1303669687/0", "name": "Service Road", "ward": "Jakkasandra", "roadClass": "tertiary", "lengthM": 93.7, "darkness": {"alpha": 10.748, "beta": 9.252, "mean": 0.4626, "var": 0.01184}, "exposure": {"activity": 0.6784, "structural": 0.5725, "blended": 0.599}, "confidence": 0.9673, "repairPriority": 0.26804, "routePenalty": 214.4, "reportValue": 0.00709, "evidence": {"osmLampsWorking": 9, "osmLampsBroken": 9, "osmLampsUntagged": 0, "nightBusTrips": 135.0, "wardComplaints2025": 62, "reports": 0}}}, {"type": "Feature", "geometry": {"type": "LineString", "coordinates": [[77.6629848, 12.921113], [77.6627792, 12.9211689], [77.6625996, 12.9212181]]}, "properties": {"segID": "way1303900275/0", "name": "Outer Ring Road", "ward": "Agaram", "roadClass": "trunk", "lengthM": 43.4, "darkness": {"alpha": 0.762, "beta": 1.238, "mean": 0.6188, "var": 0.07862}, "exposure": {"activity": 0.3577, "structural": 0.4704, "blended": 0.4422}, "confidence": 0.0275, "repairPriority": 0.00752, "routePenalty": 140.4, "reportValue": 0.03477, "evidence": {"osmLampsWorking": 0, "osmLampsBroken": 0, "osmLampsUntagged": 0, "nightBusTrips": 224.7, "wardComplaints2025": 71, "reports": 0}}}, {"type": "Feature", "geometry": {"type": "LineString", "coordinates": [[77.6282817, 12.9244971], [77.6284461, 12.9244249], [77.6284733, 12.9244159], [77.628792, 12.9242826], [77.6289059, 12.9242381]]}, "properties": {"segID": "way1311812959/0", "name": "Sarjapura Road", "ward": "Koramangala", "roadClass": "primary", "lengthM": 73.5, "darkness": {"alpha": 1.748, "beta": 0.252, "mean": 0.126, "var": 0.03671}, "exposure": {"activity": 0.2683, "structural": 0.8119, "blended": 0.676}, "confidence": 0.4966, "repairPriority": 0.0423, "routePenalty": 141.5, "reportValue": 0.02482, "evidence": {"osmLampsWorking": 0, "osmLampsBroken": 0, "osmLampsUntagged": 0, "nightBusTrips": 198.7, "wardComplaints2025": 136, "reports": 0}}}, {"type": "Feature", "geometry": {"type": "LineString", "coordinates": [[77.6625996, 12.9212181], [77.662394, 12.9212807]]}, "properties": {"segID": "way1314359318/0", "name": "Outer Ring Road", "ward": "Agaram", "roadClass": "trunk", "lengthM": 23.3, "darkness": {"alpha": 0.762, "beta": 4.238, "mean": 0.8475, "var": 0.02154}, "exposure": {"activity": 0.3457, "structural": 0.4684, "blended": 0.4377}, "confidence": 0.9252, "repairPriority": 0.3432, "routePenalty": 72.9, "reportValue": 0.00943, "evidence": {"osmLampsWorking": 0, "osmLampsBroken": 3, "osmLampsUntagged": 0, "nightBusTrips": 222.6, "wardComplaints2025": 71, "reports": 0}}}, {"type": "Feature", "geometry": {"type": "LineString", "coordinates": [[77.6330992, 12.9298679], [77.633094, 12.9299208], [77.6330477, 12.9303988]]}, "properties": {"segID": "way1329264860/0", "name": "80 Feet Road", "ward": "Koramangala", "roadClass": "secondary", "lengthM": 59.3, "darkness": {"alpha": 1.748, "beta": 0.252, "mean": 0.126, "var": 0.03671}, "exposure": {"activity": 0.7773, "structural": 0.4603, "blended": 0.5395}, "confidence": 0.4966, "repairPriority": 0.03376, "routePenalty": 120.8, "reportValue": 0.01981, "evidence": {"osmLampsWorking": 0, "osmLampsBroken": 0, "osmLampsUntagged": 0, "nightBusTrips": 55.4, "wardComplaints2025": 136, "reports": 0}}}, {"type": "Feature", "geometry": {"type": "LineString", "coordinates": [[77.6202471, 12.9210144], [77.6201733, 12.9211609]]}, "properties": {"segID": "way1331247892/0", "name": "Hosur Road", "ward": "Madivala", "roadClass": "trunk", "lengthM": 18.1, "darkness": {"alpha": 1.748, "beta": 0.252, "mean": 0.126, "var": 0.03671}, "exposure": {"activity": 0.7524, "structural": 0.4993, "blended": 0.5626}, "confidence": 0.4966, "repairPriority": 0.0352, "routePenalty": 36.5, "reportValue": 0.02065, "evidence": {"osmLampsWorking": 0, "osmLampsBroken": 0, "osmLampsUntagged": 0, "nightBusTrips": 269.7, "wardComplaints2025": 180, "reports": 0}}}, {"type": "Feature", "geometry": {"type": "LineString", "coordinates": [[77.6317897, 12.9385825], [77.6320374, 12.9385822]]}, "properties": {"segID": "way1335879545/0", "name": "Inner Ring Road", "ward": "Ejipura", "roadClass": "primary", "lengthM": 26.8, "darkness": {"alpha": 1.748, "beta": 0.252, "mean": 0.126, "var": 0.03671}, "exposure": {"activity": 0.2958, "structural": 0.6301, "blended": 0.5465}, "confidence": 0.4966, "repairPriority": 0.0342, "routePenalty": 54.4, "reportValue": 0.02006, "evidence": {"osmLampsWorking": 0, "osmLampsBroken": 0, "osmLampsUntagged": 0, "nightBusTrips": 40.8, "wardComplaints2025": 78, "reports": 0}}}, {"type": "Feature", "geometry": {"type": "LineString", "coordinates": [[77.638251, 12.9155402], [77.6382491, 12.9154889], [77.6382359, 12.9152702], [77.6382242, 12.9151224], [77.6381897, 12.9145027], [77.6381877, 12.9144661]]}, "properties": {"segID": "way1335927786/0", "name": "14th Main Road", "ward": "HSR Layout", "roadClass": "secondary", "lengthM": 119.6, "darkness": {"alpha": 1.748, "beta": 0.252, "mean": 0.126, "var": 0.03671}, "exposure": {"activity": 0.3586, "structural": 0.3693, "blended": 0.3666}, "confidence": 0.4966, "repairPriority": 0.02294, "routePenalty": 274.9, "reportValue": 0.01346, "evidence": {"osmLampsWorking": 0, "osmLampsBroken": 0, "osmLampsUntagged": 0, "nightBusTrips": 127.8, "wardComplaints2025": 252, "reports": 0}}}, {"type": "Feature", "geometry": {"type": "LineString", "coordinates": [[77.641843, 12.9172868], [77.6411991, 12.9173183], [77.6411017, 12.917323], [77.6410596, 12.9173675]]}, "properties": {"segID": "way1340140110/0", "name": "11th Cross Road", "ward": "HSR Layout", "roadClass": "tertiary", "lengthM": 87.2, "darkness": {"alpha": 4.748, "beta": 1.252, "mean": 0.2087, "var": 0.02359}, "exposure": {"activity": 0.1307, "structural": 0.3934, "blended": 0.3277}, "confidence": 0.914, "repairPriority": 0.06251, "routePenalty": 210.5, "reportValue": 0.00773, "evidence": {"osmLampsWorking": 3, "osmLampsBroken": 1, "osmLampsUntagged": 0, "nightBusTrips": 142.0, "wardComplaints2025": 252, "reports": 0}}}, {"type": "Feature", "geometry": {"type": "LineString", "coordinates": [[77.642425, 12.9172606], [77.641843, 12.9172868]]}, "properties": {"segID": "way1340140111/0", "name": "11th Cross Road", "ward": "HSR Layout", "roadClass": "tertiary", "lengthM": 63.1, "darkness": {"alpha": 1.748, "beta": 0.252, "mean": 0.126, "var": 0.03671}, "exposure": {"activity": 0.1453, "structural": 0.3982, "blended": 0.335}, "confidence": 0.4966, "repairPriority": 0.02096, "routePenalty": 149.9, "reportValue": 0.0123, "evidence": {"osmLampsWorking": 0, "osmLampsBroken": 0, "osmLampsUntagged": 0, "nightBusTrips": 147.2, "wardComplaints2025": 252, "reports": 0}}}, {"type": "Feature", "geometry": {"type": "LineString", "coordinates": [[77.6207556, 12.9212926], [77.6205247, 12.92116]]}, "properties": {"segID": "way1362809475/0", "name": "Madiwala Sarjapura Road", "ward": "Jakkasandra", "roadClass": "primary", "lengthM": 29.0, "darkness": {"alpha": 1.748, "beta": 0.252, "mean": 0.126, "var": 0.03671}, "exposure": {"activity": 0.73, "structural": 0.8884, "blended": 0.8488}, "confidence": 0.4966, "repairPriority": 0.05311, "routePenalty": 53.2, "reportValue": 0.03116, "evidence": {"osmLampsWorking": 0, "osmLampsBroken": 0, "osmLampsUntagged": 0, "nightBusTrips": 286.8, "wardComplaints2025": 62, "reports": 0}}}, {"type": "Feature", "geometry": {"type": "LineString", "coordinates": [[77.6214105, 12.9360656], [77.6213856, 12.9360149], [77.6212025, 12.9356429]]}, "properties": {"segID": "way1364200066/0", "name": "17th B Main Road", "ward": "Koramangala", "roadClass": "residential", "lengthM": 52.1, "darkness": {"alpha": 1.748, "beta": 0.252, "mean": 0.126, "var": 0.03671}, "exposure": {"activity": 0.9802, "structural": 0.5539, "blended": 0.6605}, "confidence": 0.4966, "repairPriority": 0.04133, "routePenalty": 100.9, "reportValue": 0.02425, "evidence": {"osmLampsWorking": 0, "osmLampsBroken": 0, "osmLampsUntagged": 0, "nightBusTrips": 60.6, "wardComplaints2025": 136, "reports": 0}}}, {"type": "Feature", "geometry": {"type": "LineString", "coordinates": [[77.6325523, 12.9373769], [77.6326126, 12.9375008], [77.6326293, 12.9375355], [77.6328508, 12.9379832], [77.6328795, 12.9380634], [77.6329292, 12.938119]]}, "properties": {"segID": "way1367650465/0", "name": "Srinivagilu Main Road", "ward": "Ejipura", "roadClass": "residential", "lengthM": 92.4, "darkness": {"alpha": 1.748, "beta": 0.252, "mean": 0.126, "var": 0.03671}, "exposure": {"activity": 0.3224, "structural": 0.5403, "blended": 0.4859}, "confidence": 0.4966, "repairPriority": 0.0304, "routePenalty": 193.9, "reportValue": 0.01784, "evidence": {"osmLampsWorking": 0, "osmLampsBroken": 0, "osmLampsUntagged": 0, "nightBusTrips": 36.0, "wardComplaints2025": 78, "reports": 0}}}, {"type": "Feature", "geometry": {"type": "LineString", "coordinates": [[77.6209692, 12.9274085], [77.620899, 12.9272267]]}, "properties": {"segID": "way1387944292/0", "name": "Mahayogi Vemana Road", "ward": "Koramangala", "roadClass": "primary", "lengthM": 21.6, "darkness": {"alpha": 1.748, "beta": 0.252, "mean": 0.126, "var": 0.03671}, "exposure": {"activity": 0.1788, "structural": 0.4766, "blended": 0.4022}, "confidence": 0.4966, "repairPriority": 0.02517, "routePenalty": 48.1, "reportValue": 0.01476, "evidence": {"osmLampsWorking": 0, "osmLampsBroken": 0, "osmLampsUntagged": 0, "nightBusTrips": 232.5, "wardComplaints2025": 136, "reports": 0}}}, {"type": "Feature", "geometry": {"type": "LineString", "coordinates": [[77.6292344, 12.93001], [77.6303354, 12.9297646], [77.6313425, 12.9295532]]}, "properties": {"segID": "way1391305617/0", "name": "7th Cross Road", "ward": "Koramangala", "roadClass": "tertiary", "lengthM": 234.0, "darkness": {"alpha": 1.748, "beta": 0.252, "mean": 0.126, "var": 0.03671}, "exposure": {"activity": 0.5692, "structural": 0.6604, "blended": 0.6376}, "confidence": 0.4966, "repairPriority": 0.0399, "routePenalty": 456.9, "reportValue": 0.02341, "evidence": {"osmLampsWorking": 0, "osmLampsBroken": 0, "osmLampsUntagged": 0, "nightBusTrips": 63.9, "wardComplaints2025": 136, "reports": 0}}}, {"type": "Feature", "geometry": {"type": "LineString", "coordinates": [[77.6313425, 12.9295532], [77.6319416, 12.9294358], [77.6320645, 12.929442], [77.6325113, 12.9296196], [77.6329031, 12.9297835]]}, "properties": {"segID": "way1391305617/1", "name": "7th Cross Road", "ward": "Koramangala", "roadClass": "tertiary", "lengthM": 178.1, "darkness": {"alpha": 1.748, "beta": 0.252, "mean": 0.126, "var": 0.03671}, "exposure": {"activity": 0.6621, "structural": 0.6593, "blended": 0.66}, "confidence": 0.4966, "repairPriority": 0.0413, "routePenalty": 344.9, "reportValue": 0.02423, "evidence": {"osmLampsWorking": 0, "osmLampsBroken": 0, "osmLampsUntagged": 0, "nightBusTrips": 60.3, "wardComplaints2025": 136, "reports": 0}}}, {"type": "Feature", "geometry": {"type": "LineString", "coordinates": [[77.6205247, 12.92116], [77.6204844, 12.9211388], [77.6204297, 12.9211101], [77.620374, 12.9210808]]}, "properties": {"segID": "way1393474724/0", "name": "Madiwala Sarjapura Road", "ward": "Jakkasandra", "roadClass": "primary", "lengthM": 18.6, "darkness": {"alpha": 1.748, "beta": 0.252, "mean": 0.126, "var": 0.03671}, "exposure": {"activity": 0.7395, "structural": 0.8813, "blended": 0.8459}, "confidence": 0.4966, "repairPriority": 0.05293, "routePenalty": 34.2, "reportValue": 0.03105, "evidence": {"osmLampsWorking": 0, "osmLampsBroken": 0, "osmLampsUntagged": 0, "nightBusTrips": 277.5, "wardComplaints2025": 62, "reports": 0}}}, {"type": "Feature", "geometry": {"type": "LineString", "coordinates": [[77.6287288, 12.9241909], [77.6284284, 12.9243272], [77.628217, 12.9244232], [77.6271089, 12.9248823]]}, "properties": {"segID": "way1411121774/0", "name": "Sarjapura Road", "ward": "Koramangala", "roadClass": "primary", "lengthM": 191.7, "darkness": {"alpha": 1.748, "beta": 0.252, "mean": 0.126, "var": 0.03671}, "exposure": {"activity": 0.319, "structural": 0.8091, "blended": 0.6866}, "confidence": 0.4966, "repairPriority": 0.04296, "routePenalty": 367.9, "reportValue": 0.02521, "evidence": {"osmLampsWorking": 0, "osmLampsBroken": 0, "osmLampsUntagged": 0, "nightBusTrips": 202.2, "wardComplaints2025": 136, "reports": 0}}}, {"type": "Feature", "geometry": {"type": "LineString", "coordinates": [[77.6271089, 12.9248823], [77.6269803, 12.9249321], [77.6253416, 12.9256193]]}, "properties": {"segID": "way1411121774/1", "name": "Sarjapura Road", "ward": "Koramangala", "roadClass": "primary", "lengthM": 208.3, "darkness": {"alpha": 1.748, "beta": 0.252, "mean": 0.126, "var": 0.03671}, "exposure": {"activity": 0.3534, "structural": 0.7868, "blended": 0.6785}, "confidence": 0.4966, "repairPriority": 0.04245, "routePenalty": 400.8, "reportValue": 0.02491, "evidence": {"osmLampsWorking": 0, "osmLampsBroken": 0, "osmLampsUntagged": 0, "nightBusTrips": 182.4, "wardComplaints2025": 136, "reports": 0}}}, {"type": "Feature", "geometry": {"type": "LineString", "coordinates": [[77.6253416, 12.9256193], [77.6251884, 12.9256836], [77.6251492, 12.9257]]}, "properties": {"segID": "way1411121774/2", "name": "Sarjapura Road", "ward": "Koramangala", "roadClass": "primary", "lengthM": 22.7, "darkness": {"alpha": 1.748, "beta": 0.252, "mean": 0.126, "var": 0.03671}, "exposure": {"activity": 0.5899, "structural": 0.8077, "blended": 0.7533}, "confidence": 0.4966, "repairPriority": 0.04714, "routePenalty": 42.7, "reportValue": 0.02765, "evidence": {"osmLampsWorking": 0, "osmLampsBroken": 0, "osmLampsUntagged": 0, "nightBusTrips": 208.0, "wardComplaints2025": 136, "reports": 0}}}, {"type": "Feature", "geometry": {"type": "LineString", "coordinates": [[77.6518489, 12.9125414], [77.6518362, 12.9129905], [77.6518151, 12.9137348], [77.6518057, 12.914053]]}, "properties": {"segID": "way1415385667/0", "name": "27th Main Road", "ward": "HSR Layout", "roadClass": "secondary", "lengthM": 168.1, "darkness": {"alpha": 1.748, "beta": 0.252, "mean": 0.126, "var": 0.03671}, "exposure": {"activity": 0.4936, "structural": 0.1526, "blended": 0.2379}, "confidence": 0.4966, "repairPriority": 0.01489, "routePenalty": 460.3, "reportValue": 0.00873, "evidence": {"osmLampsWorking": 0, "osmLampsBroken": 0, "osmLampsUntagged": 0, "nightBusTrips": 32.8, "wardComplaints2025": 252, "reports": 0}}}, {"type": "Feature", "geometry": {"type": "LineString", "coordinates": [[77.6518057, 12.914053], [77.6517954, 12.9144253], [77.6517702, 12.9153187], [77.6517675, 12.9154157]]}, "properties": {"segID": "way1415385667/1", "name": "27th Main Road", "ward": "HSR Layout", "roadClass": "secondary", "lengthM": 151.6, "darkness": {"alpha": 1.748, "beta": 0.252, "mean": 0.126, "var": 0.03671}, "exposure": {"activity": 0.9149, "structural": 0.1482, "blended": 0.3398}, "confidence": 0.4966, "repairPriority": 0.02126, "routePenalty": 358.2, "reportValue": 0.01247, "evidence": {"osmLampsWorking": 0, "osmLampsBroken": 0, "osmLampsUntagged": 0, "nightBusTrips": 29.0, "wardComplaints2025": 252, "reports": 0}}}, {"type": "Feature", "geometry": {"type": "LineString", "coordinates": [[77.6247366, 12.9177084], [77.6250219, 12.9177105], [77.625459, 12.9177069], [77.6257316, 12.9176757], [77.6259616, 12.91763], [77.6267966, 12.9174011]]}, "properties": {"segID": "way1421955575/0", "name": "Outer Ring Road", "ward": "Jakkasandra", "roadClass": "trunk", "lengthM": 227.5, "darkness": {"alpha": 5.748, "beta": 14.252, "mean": 0.7126, "var": 0.00975}, "exposure": {"activity": 0.1995, "structural": 0.4972, "blended": 0.4228}, "confidence": 0.9776, "repairPriority": 0.29454, "routePenalty": 649.5, "reportValue": 0.00412, "evidence": {"osmLampsWorking": 4, "osmLampsBroken": 14, "osmLampsUntagged": 0, "nightBusTrips": 266.3, "wardComplaints2025": 62, "reports": 0}}}, {"type": "Feature", "geometry": {"type": "LineString", "coordinates": [[77.6267966, 12.9174011], [77.6283946, 12.9169273]]}, "properties": {"segID": "way1421955575/1", "name": "Outer Ring Road", "ward": "Jakkasandra", "roadClass": "trunk", "lengthM": 181.0, "darkness": {"alpha": 2.748, "beta": 5.252, "mean": 0.6565, "var": 0.02506}, "exposure": {"activity": 0.5133, "structural": 0.5038, "blended": 0.5062}, "confidence": 0.9058, "repairPriority": 0.30102, "routePenalty": 502.6, "reportValue": 0.01269, "evidence": {"osmLampsWorking": 1, "osmLampsBroken": 5, "osmLampsUntagged": 0, "nightBusTrips": 280.2, "wardComplaints2025": 62, "reports": 0}}}, {"type": "Feature", "geometry": {"type": "LineString", "coordinates": [[77.6283946, 12.9169273], [77.6285971, 12.9168787], [77.6288171, 12.9168603], [77.629255, 12.9168241]]}, "properties": {"segID": "way1421955575/2", "name": "Outer Ring Road", "ward": "Jakkasandra", "roadClass": "trunk", "lengthM": 94.2, "darkness": {"alpha": 5.748, "beta": 6.252, "mean": 0.521, "var": 0.0192}, "exposure": {"activity": 0.6053, "structural": 0.5052, "blended": 0.5302}, "confidence": 0.9338, "repairPriority": 0.25795, "routePenalty": 235.5, "reportValue": 0.01018, "evidence": {"osmLampsWorking": 4, "osmLampsBroken": 6, "osmLampsUntagged": 0, "nightBusTrips": 281.7, "wardComplaints2025": 62, "reports": 0}}}, {"type": "Feature", "geometry": {"type": "LineString", "coordinates": [[77.651712, 12.9173361], [77.6516287, 12.917332], [77.6512187, 12.9173178], [77.6511952, 12.917317], [77.650068, 12.9172867]]}, "properties": {"segID": "way1425834266/0", "name": "11th Cross Road", "ward": "HSR Layout", "roadClass": "residential", "lengthM": 178.3, "darkness": {"alpha": 1.748, "beta": 0.252, "mean": 0.126, "var": 0.03671}, "exposure": {"activity": 0.8383, "structural": 0.2018, "blended": 0.3609}, "confidence": 0.4966, "repairPriority": 0.02258, "routePenalty": 412.2, "reportValue": 0.01325, "evidence": {"osmLampsWorking": 0, "osmLampsBroken": 0, "osmLampsUntagged": 0, "nightBusTrips": 54.8, "wardComplaints2025": 252, "reports": 0}}}, {"type": "Feature", "geometry": {"type": "LineString", "coordinates": [[77.650068, 12.9172867], [77.6497519, 12.9172829], [77.6491762, 12.917292]]}, "properties": {"segID": "way1425834266/1", "name": "11th Cross Road", "ward": "HSR Layout", "roadClass": "residential", "lengthM": 96.7, "darkness": {"alpha": 1.748, "beta": 0.252, "mean": 0.126, "var": 0.03671}, "exposure": {"activity": 0.7678, "structural": 0.2802, "blended": 0.4021}, "confidence": 0.4966, "repairPriority": 0.02516, "routePenalty": 215.3, "reportValue": 0.01476, "evidence": {"osmLampsWorking": 0, "osmLampsBroken": 0, "osmLampsUntagged": 0, "nightBusTrips": 79.6, "wardComplaints2025": 252, "reports": 0}}}, {"type": "Feature", "geometry": {"type": "LineString", "coordinates": [[77.6213613, 12.9246031], [77.6213828, 12.9245221], [77.6213613, 12.9244489], [77.6209691, 12.9242435]]}, "properties": {"segID": "way1427479668/0", "name": "Visveswaraya GH Lane", "ward": "Koramangala", "roadClass": "residential", "lengthM": 66.0, "darkness": {"alpha": 1.748, "beta": 0.252, "mean": 0.126, "var": 0.03671}, "exposure": {"activity": 0.1608, "structural": 0.7389, "blended": 0.5943}, "confidence": 0.4966, "repairPriority": 0.03719, "routePenalty": 131.1, "reportValue": 0.02182, "evidence": {"osmLampsWorking": 0, "osmLampsBroken": 0, "osmLampsUntagged": 0, "nightBusTrips": 233.5, "wardComplaints2025": 136, "reports": 0}}}, {"type": "Feature", "geometry": {"type": "LineString", "coordinates": [[77.6469308, 12.9211026], [77.646305, 12.9211739], [77.6458987, 12.9212202]]}, "properties": {"segID": "way1428213746/0", "name": "2nd Cross Road", "ward": "HSR Layout", "roadClass": "residential", "lengthM": 112.6, "darkness": {"alpha": 1.748, "beta": 0.252, "mean": 0.126, "var": 0.03671}, "exposure": {"activity": 0.4445, "structural": 0.3827, "blended": 0.3982}, "confidence": 0.4966, "repairPriority": 0.02492, "routePenalty": 251.6, "reportValue": 0.01462, "evidence": {"osmLampsWorking": 0, "osmLampsBroken": 0, "osmLampsUntagged": 0, "nightBusTrips": 134.0, "wardComplaints2025": 252, "reports": 0}}}, {"type": "Feature", "geometry": {"type": "LineString", "coordinates": [[77.6663247, 12.9259456], [77.6662234, 12.9259486], [77.6661615, 12.9259508]]}, "properties": {"segID": "way1429957267/0", "name": "Genesis Suncity Road", "ward": "HSR Layout", "roadClass": "residential", "lengthM": 17.7, "darkness": {"alpha": 1.748, "beta": 0.252, "mean": 0.126, "var": 0.03671}, "exposure": {"activity": 0.2227, "structural": 0.4068, "blended": 0.3608}, "confidence": 0.4966, "repairPriority": 0.02258, "routePenalty": 40.9, "reportValue": 0.01324, "evidence": {"osmLampsWorking": 0, "osmLampsBroken": 0, "osmLampsUntagged": 0, "nightBusTrips": 155.7, "wardComplaints2025": 252, "reports": 0}}}, {"type": "Feature", "geometry": {"type": "LineString", "coordinates": [[77.6394635, 12.9241012], [77.6394931, 12.9240909], [77.6397693, 12.923984], [77.6399533, 12.9239127], [77.6400267, 12.9238842]]}, "properties": {"segID": "way1434254320/0", "name": "Sarjapur Road", "ward": "Agaram", "roadClass": "primary", "lengthM": 65.6, "darkness": {"alpha": 1.711, "beta": 2.289, "mean": 0.5721, "var": 0.04896}, "exposure": {"activity": 0.4213, "structural": 0.7797, "blended": 0.6901}, "confidence": 0.0851, "repairPriority": 0.0336, "routePenalty": 176.1, "reportValue": 0.03379, "evidence": {"osmLampsWorking": 1, "osmLampsBroken": 1, "osmLampsUntagged": 0, "nightBusTrips": 90.9, "wardComplaints2025": 71, "reports": 0}}}, {"type": "Feature", "geometry": {"type": "LineString", "coordinates": [[77.6342459, 12.9295357], [77.6344313, 12.9294457], [77.6344884, 12.929418]]}, "properties": {"segID": "way1441887562/0", "name": "1st Main Road", "ward": "Koramangala", "roadClass": "tertiary", "lengthM": 29.4, "darkness": {"alpha": 1.748, "beta": 0.252, "mean": 0.126, "var": 0.03671}, "exposure": {"activity": 0.6225, "structural": 0.6454, "blended": 0.6397}, "confidence": 0.4966, "repairPriority": 0.04003, "routePenalty": 57.4, "reportValue": 0.02348, "evidence": {"osmLampsWorking": 0, "osmLampsBroken": 0, "osmLampsUntagged": 0, "nightBusTrips": 46.0, "wardComplaints2025": 136, "reports": 0}}}, {"type": "Feature", "geometry": {"type": "LineString", "coordinates": [[77.6346741, 12.9292838], [77.6345342, 12.9293176], [77.634222, 12.9294741]]}, "properties": {"segID": "way1441887563/0", "name": "1st Main Road", "ward": "Koramangala", "roadClass": "tertiary", "lengthM": 53.7, "darkness": {"alpha": 1.748, "beta": 0.252, "mean": 0.126, "var": 0.03671}, "exposure": {"activity": 0.6165, "structural": 0.6196, "blended": 0.6188}, "confidence": 0.4966, "repairPriority": 0.03872, "routePenalty": 105.6, "reportValue": 0.02272, "evidence": {"osmLampsWorking": 0, "osmLampsBroken": 0, "osmLampsUntagged": 0, "nightBusTrips": 46.5, "wardComplaints2025": 136, "reports": 0}}}, {"type": "Feature", "geometry": {"type": "LineString", "coordinates": [[77.6344884, 12.929418], [77.6345955, 12.9293632], [77.6346741, 12.9292838]]}, "properties": {"segID": "way1441887564/0", "name": "1st Main Road", "ward": "Koramangala", "roadClass": "tertiary", "lengthM": 25.4, "darkness": {"alpha": 1.748, "beta": 0.252, "mean": 0.126, "var": 0.03671}, "exposure": {"activity": 0.6174, "structural": 0.6409, "blended": 0.635}, "confidence": 0.4966, "repairPriority": 0.03973, "routePenalty": 49.6, "reportValue": 0.02331, "evidence": {"osmLampsWorking": 0, "osmLampsBroken": 0, "osmLampsUntagged": 0, "nightBusTrips": 45.2, "wardComplaints2025": 136, "reports": 0}}}, {"type": "Feature", "geometry": {"type": "LineString", "coordinates": [[77.6516422, 12.9193736], [77.651633, 12.9196937]]}, "properties": {"segID": "way1447303986/0", "name": "27th Main Road", "ward": "HSR Layout", "roadClass": "secondary", "lengthM": 35.6, "darkness": {"alpha": 1.748, "beta": 0.252, "mean": 0.126, "var": 0.03671}, "exposure": {"activity": 0.8194, "structural": 0.2933, "blended": 0.4248}, "confidence": 0.4966, "repairPriority": 0.02658, "routePenalty": 77.9, "reportValue": 0.01559, "evidence": {"osmLampsWorking": 0, "osmLampsBroken": 0, "osmLampsUntagged": 0, "nightBusTrips": 83.9, "wardComplaints2025": 252, "reports": 0}}}, {"type": "Feature", "geometry": {"type": "LineString", "coordinates": [[77.6516244, 12.9200111], [77.6516083, 12.9205873], [77.6515866, 12.9210288], [77.6515786, 12.921204], [77.6515237, 12.9226787]]}, "properties": {"segID": "way1447303987/0", "name": "27th Main Road", "ward": "HSR Layout", "roadClass": "secondary", "lengthM": 296.8, "darkness": {"alpha": 2.548, "beta": 0.252, "mean": 0.09, "var": 0.02155}, "exposure": {"activity": 0.8564, "structural": 0.3304, "blended": 0.4619}, "confidence": 0.9226, "repairPriority": 0.03835, "routePenalty": 580.4, "reportValue": 0.00995, "evidence": {"osmLampsWorking": 0, "osmLampsBroken": 0, "osmLampsUntagged": 2, "nightBusTrips": 102.7, "wardComplaints2025": 252, "reports": 0}}}, {"type": "Feature", "geometry": {"type": "LineString", "coordinates": [[77.6379671, 12.9161256], [77.6380625, 12.9161178], [77.6381623, 12.9161156]]}, "properties": {"segID": "way1459470038/0", "name": "Service Road", "ward": "Jakkasandra", "roadClass": "tertiary", "lengthM": 21.2, "darkness": {"alpha": 4.748, "beta": 4.252, "mean": 0.4724, "var": 0.02492}, "exposure": {"activity": 0.5924, "structural": 0.5964, "blended": 0.5954}, "confidence": 0.9101, "repairPriority": 0.25598, "routePenalty": 51.1, "reportValue": 0.01484, "evidence": {"osmLampsWorking": 3, "osmLampsBroken": 4, "osmLampsUntagged": 0, "nightBusTrips": 130.5, "wardComplaints2025": 62, "reports": 0}}}, {"type": "Feature", "geometry": {"type": "LineString", "coordinates": [[77.6382595, 12.9157429], [77.638251, 12.9155402]]}, "properties": {"segID": "way1473496400/0", "name": "14th Main Road", "ward": "HSR Layout", "roadClass": "secondary", "lengthM": 22.6, "darkness": {"alpha": 2.748, "beta": 2.252, "mean": 0.4504, "var": 0.04126}, "exposure": {"activity": 0.4239, "structural": 0.3703, "blended": 0.3837}, "confidence": 0.1088, "repairPriority": 0.0188, "routePenalty": 63.0, "reportValue": 0.01583, "evidence": {"osmLampsWorking": 1, "osmLampsBroken": 2, "osmLampsUntagged": 0, "nightBusTrips": 128.0, "wardComplaints2025": 252, "reports": 0}}}, {"type": "Feature", "geometry": {"type": "LineString", "coordinates": [[77.627084, 12.9374592], [77.62723, 12.9375825], [77.6273983, 12.9377023], [77.6274367, 12.9377256], [77.6276162, 12.9378348], [77.6278228, 12.9379459], [77.6278873, 12.9379776], [77.6282821, 12.9381715]]}, "properties": {"segID": "way1474589842/0", "name": "Inner Ring Road", "ward": "Ejipura", "roadClass": "primary", "lengthM": 152.7, "darkness": {"alpha": 1.748, "beta": 0.252, "mean": 0.126, "var": 0.03671}, "exposure": {"activity": 0.9587, "structural": 0.7338, "blended": 0.79}, "confidence": 0.4966, "repairPriority": 0.04943, "routePenalty": 284.3, "reportValue": 0.029, "evidence": {"osmLampsWorking": 0, "osmLampsBroken": 0, "osmLampsUntagged": 0, "nightBusTrips": 77.0, "wardComplaints2025": 78, "reports": 0}}}, {"type": "Feature", "geometry": {"type": "LineString", "coordinates": [[77.6282821, 12.9381715], [77.6285082, 12.9382733]]}, "properties": {"segID": "way1474589842/1", "name": "Inner Ring Road", "ward": "Ejipura", "roadClass": "primary", "lengthM": 27.0, "darkness": {"alpha": 1.748, "beta": 0.252, "mean": 0.126, "var": 0.03671}, "exposure": {"activity": 0.8891, "structural": 0.6982, "blended": 0.7459}, "confidence": 0.4966, "repairPriority": 0.04667, "routePenalty": 50.9, "reportValue": 0.02738, "evidence": {"osmLampsWorking": 0, "osmLampsBroken": 0, "osmLampsUntagged": 0, "nightBusTrips": 66.2, "wardComplaints2025": 78, "reports": 0}}}, {"type": "Feature", "geometry": {"type": "LineString", "coordinates": [[77.6199288, 12.9211585], [77.6201122, 12.9212668]]}, "properties": {"segID": "way1474602160/0", "name": "1st Main Road", "ward": "Madivala", "roadClass": "residential", "lengthM": 23.2, "darkness": {"alpha": 1.748, "beta": 0.252, "mean": 0.126, "var": 0.03671}, "exposure": {"activity": 0.7592, "structural": 0.4969, "blended": 0.5625}, "confidence": 0.4966, "repairPriority": 0.0352, "routePenalty": 46.7, "reportValue": 0.02065, "evidence": {"osmLampsWorking": 0, "osmLampsBroken": 0, "osmLampsUntagged": 0, "nightBusTrips": 266.3, "wardComplaints2025": 180, "reports": 0}}}, {"type": "Feature", "geometry": {"type": "LineString", "coordinates": [[77.6381607, 12.9159469], [77.6381623, 12.9161156]]}, "properties": {"segID": "way1509685698/0", "name": "14th Main Road", "ward": "Jakkasandra", "roadClass": "secondary", "lengthM": 18.8, "darkness": {"alpha": 4.748, "beta": 3.252, "mean": 0.4065, "var": 0.02681}, "exposure": {"activity": 0.5701, "structural": 0.6841, "blended": 0.6556}, "confidence": 0.9033, "repairPriority": 0.24073, "routePenalty": 42.9, "reportValue": 0.01758, "evidence": {"osmLampsWorking": 3, "osmLampsBroken": 3, "osmLampsUntagged": 0, "nightBusTrips": 129.7, "wardComplaints2025": 62, "reports": 0}}}, {"type": "Feature", "geometry": {"type": "LineString", "coordinates": [[77.6382568, 12.9159469], [77.6382597, 12.9157863]]}, "properties": {"segID": "way1509685699/0", "name": "14th Main Road", "ward": "HSR Layout", "roadClass": "secondary", "lengthM": 17.9, "darkness": {"alpha": 5.748, "beta": 4.252, "mean": 0.4252, "var": 0.02222}, "exposure": {"activity": 0.4746, "structural": 0.3721, "blended": 0.3977}, "confidence": 0.92, "repairPriority": 0.15557, "routePenalty": 46.0, "reportValue": 0.00884, "evidence": {"osmLampsWorking": 4, "osmLampsBroken": 4, "osmLampsUntagged": 0, "nightBusTrips": 128.5, "wardComplaints2025": 252, "reports": 0}}}, {"type": "Feature", "geometry": {"type": "LineString", "coordinates": [[77.6201826, 12.9165508], [77.620235, 12.9169618]]}, "properties": {"segID": "way1528397623/0", "name": "36th Main Road", "ward": "Madivala", "roadClass": "residential", "lengthM": 46.1, "darkness": {"alpha": 1.748, "beta": 0.252, "mean": 0.126, "var": 0.03671}, "exposure": {"activity": 0.0722, "structural": 0.4986, "blended": 0.392}, "confidence": 0.4966, "repairPriority": 0.02453, "routePenalty": 103.5, "reportValue": 0.01439, "evidence": {"osmLampsWorking": 0, "osmLampsBroken": 0, "osmLampsUntagged": 0, "nightBusTrips": 268.3, "wardComplaints2025": 180, "reports": 0}}}, {"type": "Feature", "geometry": {"type": "LineString", "coordinates": [[77.6496388, 12.9162944], [77.6512389, 12.9163399]]}, "properties": {"segID": "way1531594653/0", "name": "12th Cross Road", "ward": "HSR Layout", "roadClass": "residential", "lengthM": 173.5, "darkness": {"alpha": 1.748, "beta": 0.252, "mean": 0.126, "var": 0.03671}, "exposure": {"activity": 0.9071, "structural": 0.1643, "blended": 0.35}, "confidence": 0.4966, "repairPriority": 0.0219, "routePenalty": 405.5, "reportValue": 0.01285, "evidence": {"osmLampsWorking": 0, "osmLampsBroken": 0, "osmLampsUntagged": 0, "nightBusTrips": 40.4, "wardComplaints2025": 252, "reports": 0}}}, {"type": "Feature", "geometry": {"type": "LineString", "coordinates": [[77.6512389, 12.9163399], [77.6515989, 12.9163444], [77.6516451, 12.9163446]]}, "properties": {"segID": "way1531594653/1", "name": "12th Cross Road", "ward": "HSR Layout", "roadClass": "residential", "lengthM": 44.0, "darkness": {"alpha": 1.748, "beta": 0.252, "mean": 0.126, "var": 0.03671}, "exposure": {"activity": 0.9175, "structural": 0.1633, "blended": 0.3518}, "confidence": 0.4966, "repairPriority": 0.02201, "routePenalty": 102.7, "reportValue": 0.01291, "evidence": {"osmLampsWorking": 0, "osmLampsBroken": 0, "osmLampsUntagged": 0, "nightBusTrips": 39.9, "wardComplaints2025": 252, "reports": 0}}}, {"type": "Feature", "geometry": {"type": "LineString", "coordinates": [[77.651737, 12.9162058], [77.6517382, 12.9163447]]}, "properties": {"segID": "way1531594654/0", "name": "27th Main Road", "ward": "HSR Layout", "roadClass": "secondary", "lengthM": 15.4, "darkness": {"alpha": 1.748, "beta": 0.252, "mean": 0.126, "var": 0.03671}, "exposure": {"activity": 0.9157, "structural": 0.1619, "blended": 0.3504}, "confidence": 0.4966, "repairPriority": 0.02193, "routePenalty": 36.0, "reportValue": 0.01286, "evidence": {"osmLampsWorking": 0, "osmLampsBroken": 0, "osmLampsUntagged": 0, "nightBusTrips": 39.6, "wardComplaints2025": 252, "reports": 0}}}, {"type": "Feature", "geometry": {"type": "LineString", "coordinates": [[77.629255, 12.9168241], [77.6298974, 12.9167787], [77.6306363, 12.91673]]}, "properties": {"segID": "way1534247766/0", "name": "Outer Ring Road", "ward": "Jakkasandra", "roadClass": "trunk", "lengthM": 150.1, "darkness": {"alpha": 7.748, "beta": 8.252, "mean": 0.5158, "var": 0.01469}, "exposure": {"activity": 0.7498, "structural": 0.4945, "blended": 0.5583}, "confidence": 0.9493, "repairPriority": 0.27337, "routePenalty": 364.4, "reportValue": 0.0082, "evidence": {"osmLampsWorking": 6, "osmLampsBroken": 8, "osmLampsUntagged": 0, "nightBusTrips": 258.7, "wardComplaints2025": 62, "reports": 0}}}, {"type": "Feature", "geometry": {"type": "LineString", "coordinates": [[77.6306363, 12.91673], [77.6310658, 12.9167093], [77.6322048, 12.9165984]]}, "properties": {"segID": "way1534247766/1", "name": "Outer Ring Road", "ward": "Jakkasandra", "roadClass": "trunk", "lengthM": 170.7, "darkness": {"alpha": 8.748, "beta": 5.252, "mean": 0.3751, "var": 0.01563}, "exposure": {"activity": 0.8083, "structural": 0.468, "blended": 0.5531}, "confidence": 0.9441, "repairPriority": 0.19587, "routePenalty": 380.5, "reportValue": 0.00864, "evidence": {"osmLampsWorking": 7, "osmLampsBroken": 5, "osmLampsUntagged": 0, "nightBusTrips": 222.5, "wardComplaints2025": 62, "reports": 0}}}, {"type": "Feature", "geometry": {"type": "LineString", "coordinates": [[77.6373698, 12.9250709], [77.6371461, 12.9251429], [77.6369691, 12.9251913], [77.6368055, 12.9252213], [77.6367015, 12.9252241], [77.6365189, 12.9251952]]}, "properties": {"segID": "way1548763786/0", "name": "Sarjapura Road", "ward": "Jakkasandra", "roadClass": "primary", "lengthM": 94.8, "darkness": {"alpha": 1.748, "beta": 0.252, "mean": 0.126, "var": 0.03671}, "exposure": {"activity": 0.5314, "structural": 0.5482, "blended": 0.544}, "confidence": 0.4966, "repairPriority": 0.03404, "routePenalty": 192.7, "reportValue": 0.01997, "evidence": {"osmLampsWorking": 0, "osmLampsBroken": 0, "osmLampsUntagged": 0, "nightBusTrips": 75.3, "wardComplaints2025": 62, "reports": 0}}}, {"type": "Feature", "geometry": {"type": "LineString", "coordinates": [[77.6365006, 12.9253137], [77.6366906, 12.9253333], [77.6368224, 12.9253292], [77.6369785, 12.9252998], [77.6371646, 12.9252461], [77.6373952, 12.925166]]}, "properties": {"segID": "way1548763788/0", "name": "Sarjapura Road", "ward": "Koramangala", "roadClass": "primary", "lengthM": 99.8, "darkness": {"alpha": 1.748, "beta": 0.252, "mean": 0.126, "var": 0.03671}, "exposure": {"activity": 0.5494, "structural": 0.5749, "blended": 0.5685}, "confidence": 0.4966, "repairPriority": 0.03557, "routePenalty": 200.5, "reportValue": 0.02087, "evidence": {"osmLampsWorking": 0, "osmLampsBroken": 0, "osmLampsUntagged": 0, "nightBusTrips": 76.0, "wardComplaints2025": 136, "reports": 0}}}, {"type": "Feature", "geometry": {"type": "LineString", "coordinates": [[77.6517368, 12.9163971], [77.651712, 12.9173361]]}, "properties": {"segID": "way1548813756/0", "name": "27th Main Road", "ward": "HSR Layout", "roadClass": "secondary", "lengthM": 104.4, "darkness": {"alpha": 1.748, "beta": 0.252, "mean": 0.126, "var": 0.03671}, "exposure": {"activity": 0.8495, "structural": 0.1997, "blended": 0.3622}, "confidence": 0.4966, "repairPriority": 0.02266, "routePenalty": 241.0, "reportValue": 0.0133, "evidence": {"osmLampsWorking": 0, "osmLampsBroken": 0, "osmLampsUntagged": 0, "nightBusTrips": 53.7, "wardComplaints2025": 252, "reports": 0}}}, {"type": "Feature", "geometry": {"type": "LineString", "coordinates": [[77.651712, 12.9173361], [77.6516868, 12.9180536]]}, "properties": {"segID": "way1548813757/0", "name": "27th Main Road", "ward": "HSR Layout", "roadClass": "secondary", "lengthM": 79.8, "darkness": {"alpha": 1.748, "beta": 0.252, "mean": 0.126, "var": 0.03671}, "exposure": {"activity": 0.8057, "structural": 0.2218, "blended": 0.3677}, "confidence": 0.4966, "repairPriority": 0.02301, "routePenalty": 183.2, "reportValue": 0.0135, "evidence": {"osmLampsWorking": 0, "osmLampsBroken": 0, "osmLampsUntagged": 0, "nightBusTrips": 60.6, "wardComplaints2025": 252, "reports": 0}}}, {"type": "Feature", "geometry": {"type": "LineString", "coordinates": [[77.6516868, 12.9180536], [77.651777, 12.918056], [77.6517866, 12.9180563], [77.6522078, 12.9180676]]}, "properties": {"segID": "way1548813758/0", "name": "10th Cross Road", "ward": "HSR Layout", "roadClass": "residential", "lengthM": 56.5, "darkness": {"alpha": 1.748, "beta": 0.252, "mean": 0.126, "var": 0.03671}, "exposure": {"activity": 0.7971, "structural": 0.2197, "blended": 0.364}, "confidence": 0.4966, "repairPriority": 0.02278, "routePenalty": 130.2, "reportValue": 0.01336, "evidence": {"osmLampsWorking": 0, "osmLampsBroken": 0, "osmLampsUntagged": 0, "nightBusTrips": 60.2, "wardComplaints2025": 252, "reports": 0}}}, {"type": "Feature", "geometry": {"type": "LineString", "coordinates": [[77.6522078, 12.9180676], [77.6522458, 12.9166864]]}, "properties": {"segID": "way1548813759/0", "name": "28th Main Road", "ward": "HSR Layout", "roadClass": "residential", "lengthM": 153.6, "darkness": {"alpha": 1.748, "beta": 0.252, "mean": 0.126, "var": 0.03671}, "exposure": {"activity": 0.8521, "structural": 0.1832, "blended": 0.3505}, "confidence": 0.4966, "repairPriority": 0.02193, "routePenalty": 358.8, "reportValue": 0.01287, "evidence": {"osmLampsWorking": 0, "osmLampsBroken": 0, "osmLampsUntagged": 0, "nightBusTrips": 48.2, "wardComplaints2025": 252, "reports": 0}}}, {"type": "Feature", "geometry": {"type": "LineString", "coordinates": [[77.6522458, 12.9166864], [77.652254, 12.9163563]]}, "properties": {"segID": "way1548813759/1", "name": "28th Main Road", "ward": "HSR Layout", "roadClass": "residential", "lengthM": 36.7, "darkness": {"alpha": 1.748, "beta": 0.252, "mean": 0.126, "var": 0.03671}, "exposure": {"activity": 0.8813, "structural": 0.1595, "blended": 0.34}, "confidence": 0.4966, "repairPriority": 0.02127, "routePenalty": 86.7, "reportValue": 0.01248, "evidence": {"osmLampsWorking": 0, "osmLampsBroken": 0, "osmLampsUntagged": 0, "nightBusTrips": 38.1, "wardComplaints2025": 252, "reports": 0}}}]}