<?xml version="1.0" encoding="utf-8"?>
<kml xmlns="http://www.opengis.net/kml/2.2" xmlns:atom="http://www.w3.org/2005/Atom" xmlns:gx="http://www.google.com/kml/ext/2.2" xmlns:kml="http://www.opengis.net/kml/2.2">
<Document>
<name>Bellandur HSR.kml</name>
<Schema id="S_Bellandur_HSR_SSSSSSDDS" name="Bellandur HSR">
<SimpleField name="features__type" type="string"><displayName><b>features__type</b></displayName>
</SimpleField>
<SimpleField name="features__properties___id" type="string"><displayName><b>features__properties__@id</b></displayName>
</SimpleField>
<SimpleField name="features__properties__highway" type="string"><displayName><b>features__properties__highway</b></displayName>
</SimpleField>
<SimpleField name="features__properties__name" type="string"><displayName><b>features__properties__name</b></displayName>
</SimpleField>
<SimpleField name="features__properties__working" type="string"><displayName><b>features__properties__working</b></displayName>
</SimpleField>
<SimpleField name="features__geometry__type" type="string"><displayName><b>features__geometry__type</b></displayName>
</SimpleField>
<SimpleField name="Longitude" type="double"><displayName><b>Longitude</b></displayName>
</SimpleField>
<SimpleField name="Latitude" type="double"><displayName><b>Latitude</b></displayName>
</SimpleField>
<SimpleField name="features__id" type="string"><displayName><b>features__id</b></displayName>
</SimpleField>
</Schema>
<Style id="normPointStyle">
<IconStyle>
<Icon>
<href>http://maps.google.com/mapfiles/kml/shapes/placemark_circle.png</href>
</Icon>
</IconStyle>
<BalloonStyle>
<text>&lt;table border="0"&gt;
  &lt;tr&gt;&lt;td&gt;&lt;b&gt;features__type&lt;/b&gt;&lt;/td&gt;&lt;td&gt;$[Bellandur HSR/features__type]&lt;/td&gt;&lt;/tr&gt;
  &lt;tr&gt;&lt;td&gt;&lt;b&gt;features__properties__@id&lt;/b&gt;&lt;/td&gt;&lt;td&gt;$[Bellandur HSR/features__properties___id]&lt;/td&gt;&lt;/tr&gt;
  &lt;tr&gt;&lt;td&gt;&lt;b&gt;features__properties__highway&lt;/b&gt;&lt;/td&gt;&lt;td&gt;$[Bellandur HSR/features__properties__highway]&lt;/td&gt;&lt;/tr&gt;
  &lt;tr&gt;&lt;td&gt;&lt;b&gt;features__properties__name&lt;/b&gt;&lt;/td&gt;&lt;td&gt;$[Bellandur HSR/features__properties__name]&lt;/td&gt;&lt;/tr&gt;
  &lt;tr&gt;&lt;td&gt;&lt;b&gt;features__properties__working&lt;/b&gt;&lt;/td&gt;&lt;td&gt;$[Bellandur HSR/features__properties__working]&lt;/td&gt;&lt;/tr&gt;
  &lt;tr&gt;&lt;td&gt;&lt;b&gt;features__geometry__type&lt;/b&gt;&lt;/td&gt;&lt;td&gt;$[Bellandur HSR/features__geometry__type]&lt;/td&gt;&lt;/tr&gt;
  &lt;tr&gt;&lt;td&gt;&lt;b&gt;Longitude&lt;/b&gt;&lt;/td&gt;&lt;td&gt;$[Bellandur HSR/Longitude]&lt;/td&gt;&lt;/tr&gt;
  &lt;tr&gt;&lt;td&gt;&lt;b&gt;Latitude&lt;/b&gt;&lt;/td&gt;&lt;td&gt;$[Bellandur HSR/Latitude]&lt;/td&gt;&lt;/tr&gt;
  &lt;tr&gt;&lt;td&gt;&lt;b&gt;features__id&lt;/b&gt;&lt;/td&gt;&lt;td&gt;$[Bellandur HSR/features__id]&lt;/td&gt;&lt;/tr&gt;
&lt;/table&gt;
</text>
</BalloonStyle>
</Style>
<Style id="hlightPointStyle">
<IconStyle>
<Icon>
<href>http://maps.google.com/mapfiles/kml/shapes/placemark_circle_highlight.png</href>
</Icon>
</IconStyle>
<BalloonStyle>
<text>&lt;table border="0"&gt;
  &lt;tr&gt;&lt;td&gt;&lt;b&gt;features__type&lt;/b&gt;&lt;/td&gt;&lt;td&gt;$[Bellandur HSR/features__type]&lt;/td&gt;&lt;/tr&gt;
  &lt;tr&gt;&lt;td&gt;&lt;b&gt;features__properties__@id&lt;/b&gt;&lt;/td&gt;&lt;td&gt;$[Bellandur HSR/features__properties___id]&lt;/td&gt;&lt;/tr&gt;
  &lt;tr&gt;&lt;td&gt;&lt;b&gt;features__properties__highway&lt;/b&gt;&lt;/td&gt;&lt;td&gt;$[Bellandur HSR/features__properties__highway]&lt;/td&gt;&lt;/tr&gt;
  &lt;tr&gt;&lt;td&gt;&lt;b&gt;features__properties__name&lt;/b&gt;&lt;/td&gt;&lt;td&gt;$[Bellandur HSR/features__properties__name]&lt;/td&gt;&lt;/tr&gt;
  &lt;tr&gt;&lt;td&gt;&lt;b&gt;features__properties__working&lt;/b&gt;&lt;/td&gt;&lt;td&gt;$[Bellandur HSR/features__properties__working]&lt;/td&gt;&lt;/tr&gt;
  &lt;tr&gt;&lt;td&gt;&lt;b&gt;features__geometry__type&lt;/b&gt;&lt;/td&gt;&lt;td&gt;$[Bellandur HSR/features__geometry__type]&lt;/td&gt;&lt;/tr&gt;
  &lt;tr&gt;&lt;td&gt;&lt;b&gt;Longitude&lt;/b&gt;&lt;/td&gt;&lt;td&gt;$[Bellandur HSR/Longitude]&lt;/td&gt;&lt;/tr&gt;
  &lt;tr&gt;&lt;td&gt;&lt;b&gt;Latitude&lt;/b&gt;&lt;/td&gt;&lt;td&gt;$[Bellandur HSR/Latitude]&lt;/td&gt;&lt;/tr&gt;
  &lt;tr&gt;&lt;td&gt;&lt;b&gt;features__id&lt;/b&gt;&lt;/td&gt;&lt;td&gt;$[Bellandur HSR/features__id]&lt;/td&gt;&lt;/tr&gt;
&lt;/table&gt;
</text>
</BalloonStyle>
</Style>
<StyleMap id="pointStyleMap">
<Pair>
<key>normal</key>
<styleUrl>#normPointStyle</styleUrl>
</Pair>
<Pair>
<key>highlight</key>
<styleUrl>#hlightPointStyle</styleUrl>
</Pair>
</StyleMap>
<Folder id="layer 0">
<name>Bellandur HSR</name>
<open>1</open>
<Placemark>
<styleUrl>#pointStyleMap</styleUrl><name>node/4374357051</name>
<ExtendedData>
<SchemaData schemaUrl="#S_Bellandur_HSR_SSSSSSDDS">
<SimpleData name="features__type">Feature</SimpleData>
<SimpleData name="features__properties___id">node/4374357051</SimpleData>
<SimpleData name="features__properties__highway">street_lamp</SimpleData>
<SimpleData name="features__properties__name">Street Lamp</SimpleData>
<SimpleData name="features__properties__working">no</SimpleData>
<SimpleData name="features__geometry__type">Point</SimpleData>
<SimpleData name="Longitude">77.6401</SimpleData>
<SimpleData name="Latitude">12.9171</SimpleData>
<SimpleData name="features__id">node/4374357051</SimpleData>
</SchemaData>
</ExtendedData>
<Point>
<coordinates>77.64013399999997,12.91707100000001,0</coordinates>
</Point>
</Placemark>
<Placemark>
<styleUrl>#pointStyleMap</styleUrl><name>node/4374357052</name>
<ExtendedData>
<SchemaData schemaUrl="#S_Bellandur_HSR_SSSSSSDDS">
<SimpleData name="features__type">Feature</SimpleData>
<SimpleData name="features__properties___id">node/4374357052</SimpleData>
<SimpleData name="features__properties__highway">street_lamp</SimpleData>
<SimpleData name="features__properties__name">Street Lamp</SimpleData>
<SimpleData name="features__properties__working">no</SimpleData>
<SimpleData name="features__geometry__type">Point</SimpleData>
<SimpleData name="Longitude">77.6405</SimpleData>
<SimpleData name="Latitude">12.9174</SimpleData>
<SimpleData name="features__id">node/4374357052</SimpleData>
</SchemaData>
</ExtendedData>
<Point>
<coordinates>77.64046389999997,12.9173612,0</coordinates>
</Point>
</Placemark>
<Placemark>
<styleUrl>#pointStyleMap</styleUrl><name>node/4374357053</name>
<ExtendedData>
<SchemaData schemaUrl="#S_Bellandur_HSR_SSSSSSDDS">
<SimpleData name="features__type">Feature</SimpleData>
<SimpleData name="features__properties___id">node/4374357053</SimpleData>
<SimpleData name="features__properties__highway">street_lamp</SimpleData>
<SimpleData name="features__properties__name">Street Lamp</SimpleData>
<SimpleData name="features__properties__working">no</SimpleData>
<SimpleData name="features__geometry__type">Point</SimpleData>
<SimpleData name="Longitude">77.6409</SimpleData>
<SimpleData name="Latitude">12.9178</SimpleData>
<SimpleData name="features__id">node/4374357053</SimpleData>
</SchemaData>
</ExtendedData>
<Point>
<coordinates>77.64088769999999,12.91776180000001,0</coordinates>
</Point>
</Placemark>
<Placemark>
<styleUrl>#pointStyleMap</styleUrl><name>node/4374357054</name>
<ExtendedData>
<SchemaData schemaUrl="#S_Bellandur_HSR_SSSSSSDDS">
<SimpleData name="features__type">Feature</SimpleData>
<SimpleData name="features__properties___id">node/4374357054</SimpleData>
<SimpleData name="features__properties__highway">street_lamp</SimpleData>
<SimpleData name="features__properties__name">Street Lamp</SimpleData>
<SimpleData name="features__properties__working">no</SimpleData>
<SimpleData name="features__geometry__type">Point</SimpleData>
<SimpleData name="Longitude">77.6414</SimpleData>
<SimpleData name="Latitude">12.9182</SimpleData>
<SimpleData name="features__id">node/4374357054</SimpleData>
</SchemaData>
</ExtendedData>
<Point>
<coordinates>77.64135169999997,12.91822450000001,0</coordinates>
</Point>
</Placemark>
<Placemark>
<styleUrl>#pointStyleMap</styleUrl><name>node/4374357055</name>
<ExtendedData>
<SchemaData schemaUrl="#S_Bellandur_HSR_SSSSSSDDS">
<SimpleData name="features__type">Feature</SimpleData>
<SimpleData name="features__properties___id">node/4374357055</SimpleData>
<SimpleData name="features__properties__highway">street_lamp</SimpleData>
<SimpleData name="features__properties__name">Street Lamp</SimpleData>
<SimpleData name="features__properties__working">no</SimpleData>
<SimpleData name="features__geometry__type">Point</SimpleData>
<SimpleData name="Longitude">77.6417</SimpleData>
<SimpleData name="Latitude">12.9186</SimpleData>
<SimpleData name="features__id">node/4374357055</SimpleData>
</SchemaData>
</ExtendedData>
<Point>
<coordinates>77.6417158,12.91860099999998,0</coordinates>
</Point>
</Placemark>
<Placemark>
<styleUrl>#pointStyleMap</styleUrl><name>node/4374357056</name>
<ExtendedData>
<SchemaData schemaUrl="#S_Bellandur_HSR_SSSSSSDDS">
<SimpleData name="features__type">Feature</SimpleData>
<SimpleData name="features__properties___id">node/4374357056</SimpleData>
<SimpleData name="features__properties__highway">street_lamp</SimpleData>
<SimpleData name="features__properties__name">Street Lamp</SimpleData>
<SimpleData name="features__properties__working">no</SimpleData>
<SimpleData name="features__geometry__type">Point</SimpleData>
<SimpleData name="Longitude">77.6421</SimpleData>
<SimpleData name="Latitude">12.9191</SimpleData>
<SimpleData name="features__id">node/4374357056</SimpleData>
</SchemaData>
</ExtendedData>
<Point>
<coordinates>77.64206509999997,12.91905070000002,0</coordinates>
</Point>
</Placemark>
<Placemark>
<styleUrl>#pointStyleMap</styleUrl><name>node/4374357057</name>
<ExtendedData>
<SchemaData schemaUrl="#S_Bellandur_HSR_SSSSSSDDS">
<SimpleData name="features__type">Feature</SimpleData>
<SimpleData name="features__properties___id">node/4374357057</SimpleData>
<SimpleData name="features__properties__highway">street_lamp</SimpleData>
<SimpleData name="features__properties__name">Street Lamp</SimpleData>
<SimpleData name="features__properties__working">no</SimpleData>
<SimpleData name="features__geometry__type">Point</SimpleData>
<SimpleData name="Longitude">77.6424</SimpleData>
<SimpleData name="Latitude">12.9195</SimpleData>
<SimpleData name="features__id">node/4374357057</SimpleData>
</SchemaData>
</ExtendedData>
<Point>
<coordinates>77.64242790000004,12.91950819999999,0</coordinates>
</Point>
</Placemark>
<Placemark>
<styleUrl>#pointStyleMap</styleUrl><name>node/4374357058</name>
<ExtendedData>
<SchemaData schemaUrl="#S_Bellandur_HSR_SSSSSSDDS">
<SimpleData name="features__type">Feature</SimpleData>
<SimpleData name="features__properties___id">node/4374357058</SimpleData>
<SimpleData name="features__properties__highway">street_lamp</SimpleData>
<SimpleData name="features__properties__name">Street Lamp</SimpleData>
<SimpleData name="features__properties__working">no</SimpleData>
<SimpleData name="features__geometry__type">Point</SimpleData>
<SimpleData name="Longitude">77.6427</SimpleData>
<SimpleData name="Latitude">12.9199</SimpleData>
<SimpleData name="features__id">node/4374357058</SimpleData>
</SchemaData>
</ExtendedData>
<Point>
<coordinates>77.64271889999999,12.91991830000002,0</coordinates>
</Point>
</Placemark>
<Placemark>
<styleUrl>#pointStyleMap</styleUrl><name>node/4374357059</name>
<ExtendedData>
<SchemaData schemaUrl="#S_Bellandur_HSR_SSSSSSDDS">
<SimpleData name="features__type">Feature</SimpleData>
<SimpleData name="features__properties___id">node/4374357059</SimpleData>
<SimpleData name="features__properties__highway">street_lamp</SimpleData>
<SimpleData name="features__properties__name">Street Lamp</SimpleData>
<SimpleData name="features__properties__working">no</SimpleData>
<SimpleData name="features__geometry__type">Point</SimpleData>
<SimpleData name="Longitude">77.6431</SimpleData>
<SimpleData name="Latitude">12.9204</SimpleData>
<SimpleData name="features__id">node/4374357059</SimpleData>
</SchemaData>
</ExtendedData>
<Point>
<coordinates>77.64310579999999,12.92040909999999,0</coordinates>
</Point>
</Placemark>
<Placemark>
<styleUrl>#pointStyleMap</styleUrl><name>node/4374357060</name>
<ExtendedData>
<SchemaData schemaUrl="#S_Bellandur_HSR_SSSSSSDDS">
<SimpleData name="features__type">Feature</SimpleData>
<SimpleData name="features__properties___id">node/4374357060</SimpleData>
<SimpleData name="features__properties__highway">street_lamp</SimpleData>
<SimpleData name="features__properties__name">Street Lamp</SimpleData>
<SimpleData name="features__properties__working">no</SimpleData>
<SimpleData name="features__geometry__type">Point</SimpleData>
<SimpleData name="Longitude">77.6434</SimpleData>
<SimpleData name="Latitude">12.9208</SimpleData>
<SimpleData name="features__id">node/4374357060</SimpleData>
</SchemaData>
</ExtendedData>
<Point>
<coordinates>77.64344249999998,12.92081730000003,0</coordinates>
</Point>
</Placemark>
<Placemark>
<styleUrl>#pointStyleMap</styleUrl><name>node/4374357061</name>
<ExtendedData>
<SchemaData schemaUrl="#S_Bellandur_HSR_SSSSSSDDS">
<SimpleData name="features__type">Feature</SimpleData>
<SimpleData name="features__properties___id">node/4374357061</SimpleData>
<SimpleData name="features__properties__highway">street_lamp</SimpleData>
<SimpleData name="features__properties__name">Street Lamp</SimpleData>
<SimpleData name="features__properties__working">no</SimpleData>
<SimpleData name="features__geometry__type">Point</SimpleData>
<SimpleData name="Longitude">77.6438</SimpleData>
<SimpleData name="Latitude">12.9212</SimpleData>
<SimpleData name="features__id">node/4374357061</SimpleData>
</SchemaData>
</ExtendedData>
<Point>
<coordinates>77.6437828,12.92123520000003,0</coordinates>
</Point>
</Placemark>
<Placemark>
<styleUrl>#pointStyleMap</styleUrl><name>node/4374357063</name>
<ExtendedData>
<SchemaData schemaUrl="#S_Bellandur_HSR_SSSSSSDDS">
<SimpleData name="features__type">Feature</SimpleData>
<SimpleData name="features__properties___id">node/4374357063</SimpleData>
<SimpleData name="features__properties__highway">street_lamp</SimpleData>
<SimpleData name="features__properties__name">Street Lamp</SimpleData>
<SimpleData name="features__properties__working">no</SimpleData>
<SimpleData name="features__geometry__type">Point</SimpleData>
<SimpleData name="Longitude">77.6445</SimpleData>
<SimpleData name="Latitude">12.922</SimpleData>
<SimpleData name="features__id">node/4374357063</SimpleData>
</SchemaData>
</ExtendedData>
<Point>
<coordinates>77.64450340000003,12.92203849999999,0</coordinates>
</Point>
</Placemark>
<Placemark>
<styleUrl>#pointStyleMap</styleUrl><name>node/5489546298</name>
<ExtendedData>
<SchemaData schemaUrl="#S_Bellandur_HSR_SSSSSSDDS">
<SimpleData name="features__type">Feature</SimpleData>
<SimpleData name="features__properties___id">node/5489546298</SimpleData>
<SimpleData name="features__properties__highway">street_lamp</SimpleData>
<SimpleData name="features__properties__name">Street Lamp</SimpleData>
<SimpleData name="features__properties__working">yes</SimpleData>
<SimpleData name="features__geometry__type">Point</SimpleData>
<SimpleData name="Longitude">77.6721</SimpleData>
<SimpleData name="Latitude">12.9176</SimpleData>
<SimpleData name="features__id">node/5489546298</SimpleData>
</SchemaData>
</ExtendedData>
<Point>
<coordinates>77.67211429999996,12.91756820000002,0</coordinates>
</Point>
</Placemark>
<Placemark>
<styleUrl>#pointStyleMap</styleUrl><name>node/5489546299</name>
<ExtendedData>
<SchemaData schemaUrl="#S_Bellandur_HSR_SSSSSSDDS">
<SimpleData name="features__type">Feature</SimpleData>
<SimpleData name="features__properties___id">node/5489546299</SimpleData>
<SimpleData name="features__properties__highway">street_lamp</SimpleData>
<SimpleData name="features__properties__name">Street Lamp</SimpleData>
<SimpleData name="features__properties__working">no</SimpleData>
<SimpleData name="features__geometry__type">Point</SimpleData>
<SimpleData name="Longitude">77.6682</SimpleData>
<SimpleData name="Latitude">12.9192</SimpleData>
<SimpleData name="features__id">node/5489546299</SimpleData>
</SchemaData>
</ExtendedData>
<Point>
<coordinates>77.6682253,12.91917480000002,0</coordinates>
</Point>
</Placemark>
<Placemark>
<styleUrl>#pointStyleMap</styleUrl><name>node/5489546300</name>
<ExtendedData>
<SchemaData schemaUrl="#S_Bellandur_HSR_SSSSSSDDS">
<SimpleData name="features__type">Feature</SimpleData>
<SimpleData name="features__properties___id">node/5489546300</SimpleData>
<SimpleData name="features__properties__highway">street_lamp</SimpleData>
<SimpleData name="features__properties__name">Street Lamp</SimpleData>
<SimpleData name="features__properties__working">no</SimpleData>
<SimpleData name="features__geometry__type">Point</SimpleData>
<SimpleData name="Longitude">77.6665</SimpleData>
<SimpleData name="Latitude">12.9212</SimpleData>
<SimpleData name="features__id">node/5489546300</SimpleData>
</SchemaData>
</ExtendedData>
<Point>
<coordinates>77.6664887,12.9211841,0</coordinates>
</Point>
</Placemark>
<Placemark>
<styleUrl>#pointStyleMap</styleUrl><name>node/5489546301</name>
<ExtendedData>
<SchemaData schemaUrl="#S_Bellandur_HSR_SSSSSSDDS">
<SimpleData name="features__type">Feature</SimpleData>
<SimpleData name="features__properties___id">node/5489546301</SimpleData>
<SimpleData name="features__properties__highway">street_lamp</SimpleData>
<SimpleData name="features__properties__name">Street Lamp</SimpleData>
<SimpleData name="features__properties__working">no</SimpleData>
<SimpleData name="features__geometry__type">Point</SimpleData>
<SimpleData name="Longitude">77.6693</SimpleData>
<SimpleData name="Latitude">12.9228</SimpleData>
<SimpleData name="features__id">node/5489546301</SimpleData>
</SchemaData>
</ExtendedData>
<Point>
<coordinates>77.6692604,12.92277599999998,0</coordinates>
</Point>
</Placemark>
<Placemark>
<styleUrl>#pointStyleMap</styleUrl><name>node/5489546302</name>
<ExtendedData>
<SchemaData schemaUrl="#S_Bellandur_HSR_SSSSSSDDS">
<SimpleData name="features__type">Feature</SimpleData>
<SimpleData name="features__properties___id">node/5489546302</SimpleData>
<SimpleData name="features__properties__highway">street_lamp</SimpleData>
<SimpleData name="features__properties__name">Street Lamp</SimpleData>
<SimpleData name="features__properties__working">no</SimpleData>
<SimpleData name="features__geometry__type">Point</SimpleData>
<SimpleData name="Longitude">77.6722</SimpleData>
<SimpleData name="Latitude">12.9241</SimpleData>
<SimpleData name="features__id">node/5489546302</SimpleData>
</SchemaData>
</ExtendedData>
<Point>
<coordinates>77.67220839999999,12.92414629999997,0</coordinates>
</Point>
</Placemark>
<Placemark>
<styleUrl>#pointStyleMap</styleUrl><name>node/5489546303</name>
<ExtendedData>
<SchemaData schemaUrl="#S_Bellandur_HSR_SSSSSSDDS">
<SimpleData name="features__type">Feature</SimpleData>
<SimpleData name="features__properties___id">node/5489546303</SimpleData>
<SimpleData name="features__properties__highway">street_lamp</SimpleData>
<SimpleData name="features__properties__name">Street Lamp</SimpleData>
<SimpleData name="features__properties__working">no</SimpleData>
<SimpleData name="features__geometry__type">Point</SimpleData>
<SimpleData name="Longitude">77.6811</SimpleData>
<SimpleData name="Latitude">12.9284</SimpleData>
<SimpleData name="features__id">node/5489546303</SimpleData>
</SchemaData>
</ExtendedData>
<Point>
<coordinates>77.68112050000001,12.9283671,0</coordinates>
</Point>
</Placemark>
<Placemark>
<styleUrl>#pointStyleMap</styleUrl><name>node/5489546304</name>
<ExtendedData>
<SchemaData schemaUrl="#S_Bellandur_HSR_SSSSSSDDS">
<SimpleData name="features__type">Feature</SimpleData>
<SimpleData name="features__properties___id">node/5489546304</SimpleData>
<SimpleData name="features__properties__highway">street_lamp</SimpleData>
<SimpleData name="features__properties__name">Street Lamp</SimpleData>
<SimpleData name="features__properties__working">no</SimpleData>
<SimpleData name="features__geometry__type">Point</SimpleData>
<SimpleData name="Longitude">77.684</SimpleData>
<SimpleData name="Latitude">12.9298</SimpleData>
<SimpleData name="features__id">node/5489546304</SimpleData>
</SchemaData>
</ExtendedData>
<Point>
<coordinates>77.68402370000001,12.9297704,0</coordinates>
</Point>
</Placemark>
<Placemark>
<styleUrl>#pointStyleMap</styleUrl><name>node/5489546305</name>
<ExtendedData>
<SchemaData schemaUrl="#S_Bellandur_HSR_SSSSSSDDS">
<SimpleData name="features__type">Feature</SimpleData>
<SimpleData name="features__properties___id">node/5489546305</SimpleData>
<SimpleData name="features__properties__highway">street_lamp</SimpleData>
<SimpleData name="features__properties__name">Street Lamp</SimpleData>
<SimpleData name="features__properties__working">no</SimpleData>
<SimpleData name="features__geometry__type">Point</SimpleData>
<SimpleData name="Longitude">77.6875</SimpleData>
<SimpleData name="Latitude">12.9323</SimpleData>
<SimpleData name="features__id">node/5489546305</SimpleData>
</SchemaData>
</ExtendedData>
<Point>
<coordinates>77.68746690000002,12.93233939999997,0</coordinates>
</Point>
</Placemark>
<Placemark>
<styleUrl>#pointStyleMap</styleUrl><name>node/5489546306</name>
<ExtendedData>
<SchemaData schemaUrl="#S_Bellandur_HSR_SSSSSSDDS">
<SimpleData name="features__type">Feature</SimpleData>
<SimpleData name="features__properties___id">node/5489546306</SimpleData>
<SimpleData name="features__properties__highway">street_lamp</SimpleData>
<SimpleData name="features__properties__name">Street Lamp</SimpleData>
<SimpleData name="features__properties__working">no</SimpleData>
<SimpleData name="features__geometry__type">Point</SimpleData>
<SimpleData name="Longitude">77.6903</SimpleData>
<SimpleData name="Latitude">12.935</SimpleData>
<SimpleData name="features__id">node/5489546306</SimpleData>
</SchemaData>
</ExtendedData>
<Point>
<coordinates>77.69030620000001,12.93499500000003,0</coordinates>
</Point>
</Placemark>
<Placemark>
<styleUrl>#pointStyleMap</styleUrl><name>node/5489546307</name>
<ExtendedData>
<SchemaData schemaUrl="#S_Bellandur_HSR_SSSSSSDDS">
<SimpleData name="features__type">Feature</SimpleData>
<SimpleData name="features__properties___id">node/5489546307</SimpleData>
<SimpleData name="features__properties__highway">street_lamp</SimpleData>
<SimpleData name="features__properties__name">Street Lamp</SimpleData>
<SimpleData name="features__properties__working">no</SimpleData>
<SimpleData name="features__geometry__type">Point</SimpleData>
<SimpleData name="Longitude">77.6938</SimpleData>
<SimpleData name="Latitude">12.9381</SimpleData>
<SimpleData name="features__id">node/5489546307</SimpleData>
</SchemaData>
</ExtendedData>
<Point>
<coordinates>77.69377769999998,12.93813180000002,0</coordinates>
</Point>
</Placemark>
<Placemark>
<styleUrl>#pointStyleMap</styleUrl><name>node/5489546308</name>
<ExtendedData>
<SchemaData schemaUrl="#S_Bellandur_HSR_SSSSSSDDS">
<SimpleData name="features__type">Feature</SimpleData>
<SimpleData name="features__properties___id">node/5489546308</SimpleData>
<SimpleData name="features__properties__highway">street_lamp</SimpleData>
<SimpleData name="features__properties__name">Street Lamp</SimpleData>
<SimpleData name="features__properties__working">no</SimpleData>
<SimpleData name="features__geometry__type">Point</SimpleData>
<SimpleData name="Longitude">77.6933</SimpleData>
<SimpleData name="Latitude">12.9372</SimpleData>
<SimpleData name="features__id">node/5489546308</SimpleData>
</SchemaData>
</ExtendedData>
<Point>
<coordinates>77.69328210000003,12.937206,0</coordinates>
</Point>
</Placemark>
<Placemark>
<styleUrl>#pointStyleMap</styleUrl><name>node/5489546309</name>
<ExtendedData>
<SchemaData schemaUrl="#S_Bellandur_HSR_SSSSSSDDS">
<SimpleData name="features__type">Feature</SimpleData>
<SimpleData name="features__properties___id">node/5489546309</SimpleData>
<SimpleData name="features__properties__highway">street_lamp</SimpleData>
<SimpleData name="features__properties__name">Street Lamp</SimpleData>
<SimpleData name="features__properties__working">yes</SimpleData>
<SimpleData name="features__geometry__type">Point</SimpleData>
<SimpleData name="Longitude">77.6904</SimpleData>
<SimpleData name="Latitude">12.9346</SimpleData>
<SimpleData name="features__id">node/5489546309</SimpleData>
</SchemaData>
</ExtendedData>
<Point>
<coordinates>77.69036960000001,12.93456249999998,0</coordinates>
</Point>
</Placemark>
<Placemark>
<styleUrl>#pointStyleMap</styleUrl><name>node/5489546310</name>
<ExtendedData>
<SchemaData schemaUrl="#S_Bellandur_HSR_SSSSSSDDS">
<SimpleData name="features__type">Feature</SimpleData>
<SimpleData name="features__properties___id">node/5489546310</SimpleData>
<SimpleData name="features__properties__highway">street_lamp</SimpleData>
<SimpleData name="features__properties__name">Street Lamp</SimpleData>
<SimpleData name="features__properties__working">no</SimpleData>
<SimpleData name="features__geometry__type">Point</SimpleData>
<SimpleData name="Longitude">77.6874</SimpleData>
<SimpleData name="Latitude">12.9318</SimpleData>
<SimpleData name="features__id">node/5489546310</SimpleData>
</SchemaData>
</ExtendedData>
<Point>
<coordinates>77.68740560000002,12.93183610000002,0</coordinates>
</Point>
</Placemark>
<Placemark>
<styleUrl>#pointStyleMap</styleUrl><name>node/5489546311</name>
<ExtendedData>
<SchemaData schemaUrl="#S_Bellandur_HSR_SSSSSSDDS">
<SimpleData name="features__type">Feature</SimpleData>
<SimpleData name="features__properties___id">node/5489546311</SimpleData>
<SimpleData name="features__properties__highway">street_lamp</SimpleData>
<SimpleData name="features__properties__name">Street Lamp</SimpleData>
<SimpleData name="features__properties__working">yes</SimpleData>
<SimpleData name="features__geometry__type">Point</SimpleData>
<SimpleData name="Longitude">77.684</SimpleData>
<SimpleData name="Latitude">12.9293</SimpleData>
<SimpleData name="features__id">node/5489546311</SimpleData>
</SchemaData>
</ExtendedData>
<Point>
<coordinates>77.68396370000001,12.92931400000001,0</coordinates>
</Point>
</Placemark>
<Placemark>
<styleUrl>#pointStyleMap</styleUrl><name>node/5489546312</name>
<ExtendedData>
<SchemaData schemaUrl="#S_Bellandur_HSR_SSSSSSDDS">
<SimpleData name="features__type">Feature</SimpleData>
<SimpleData name="features__properties___id">node/5489546312</SimpleData>
<SimpleData name="features__properties__highway">street_lamp</SimpleData>
<SimpleData name="features__properties__name">Street Lamp</SimpleData>
<SimpleData name="features__properties__working">no</SimpleData>
<SimpleData name="features__geometry__type">Point</SimpleData>
<SimpleData name="Longitude">77.6783</SimpleData>
<SimpleData name="Latitude">12.9266</SimpleData>
<SimpleData name="features__id">node/5489546312</SimpleData>
</SchemaData>
</ExtendedData>
<Point>
<coordinates>77.6782506,12.92659850000003,0</coordinates>
</Point>
</Placemark>
<Placemark>
<styleUrl>#pointStyleMap</styleUrl><name>node/5489546313</name>
<ExtendedData>
<SchemaData schemaUrl="#S_Bellandur_HSR_SSSSSSDDS">
<SimpleData name="features__type">Feature</SimpleData>
<SimpleData name="features__properties___id">node/5489546313</SimpleData>
<SimpleData name="features__properties__highway">street_lamp</SimpleData>
<SimpleData name="features__properties__name">Street Lamp</SimpleData>
<SimpleData name="features__properties__working">no</SimpleData>
<SimpleData name="features__geometry__type">Point</SimpleData>
<SimpleData name="Longitude">77.6743</SimpleData>
<SimpleData name="Latitude">12.9247</SimpleData>
<SimpleData name="features__id">node/5489546313</SimpleData>
</SchemaData>
</ExtendedData>
<Point>
<coordinates>77.67433269999998,12.92471499999998,0</coordinates>
</Point>
</Placemark>
<Placemark>
<styleUrl>#pointStyleMap</styleUrl><name>node/5489546314</name>
<ExtendedData>
<SchemaData schemaUrl="#S_Bellandur_HSR_SSSSSSDDS">
<SimpleData name="features__type">Feature</SimpleData>
<SimpleData name="features__properties___id">node/5489546314</SimpleData>
<SimpleData name="features__properties__highway">street_lamp</SimpleData>
<SimpleData name="features__properties__name">Street Lamp</SimpleData>
<SimpleData name="features__properties__working">no</SimpleData>
<SimpleData name="features__geometry__type">Point</SimpleData>
<SimpleData name="Longitude">77.6705</SimpleData>
<SimpleData name="Latitude">12.923</SimpleData>
<SimpleData name="features__id">node/5489546314</SimpleData>
</SchemaData>
</ExtendedData>
<Point>
<coordinates>77.67053340000001,12.92300539999998,0</coordinates>
</Point>
</Placemark>
<Placemark>
<styleUrl>#pointStyleMap</styleUrl><name>node/5489546315</name>
<ExtendedData>
<SchemaData schemaUrl="#S_Bellandur_HSR_SSSSSSDDS">
<SimpleData name="features__type">Feature</SimpleData>
<SimpleData name="features__properties___id">node/5489546315</SimpleData>
<SimpleData name="features__properties__highway">street_lamp</SimpleData>
<SimpleData name="features__properties__name">Street Lamp</SimpleData>
<SimpleData name="features__properties__working">no</SimpleData>
<SimpleData name="features__geometry__type">Point</SimpleData>
<SimpleData name="Longitude">77.6754</SimpleData>
<SimpleData name="Latitude">12.9256</SimpleData>
<SimpleData name="features__id">node/5489546315</SimpleData>
</SchemaData>
</ExtendedData>
<Point>
<coordinates>77.6754117,12.9256374,0</coordinates>
</Point>
</Placemark>
<Placemark>
<styleUrl>#pointStyleMap</styleUrl><name>node/5489546316</name>
<ExtendedData>
<SchemaData schemaUrl="#S_Bellandur_HSR_SSSSSSDDS">
<SimpleData name="features__type">Feature</SimpleData>
<SimpleData name="features__properties___id">node/5489546316</SimpleData>
<SimpleData name="features__properties__highway">street_lamp</SimpleData>
<SimpleData name="features__properties__name">Street Lamp</SimpleData>
<SimpleData name="features__properties__working">yes</SimpleData>
<SimpleData name="features__geometry__type">Point</SimpleData>
<SimpleData name="Longitude">77.6729</SimpleData>
<SimpleData name="Latitude">12.9172</SimpleData>
<SimpleData name="features__id">node/5489546316</SimpleData>
</SchemaData>
</ExtendedData>
<Point>
<coordinates>77.67291929999998,12.9171665,0</coordinates>
</Point>
</Placemark>
<Placemark>
<styleUrl>#pointStyleMap</styleUrl><name>node/5489546317</name>
<ExtendedData>
<SchemaData schemaUrl="#S_Bellandur_HSR_SSSSSSDDS">
<SimpleData name="features__type">Feature</SimpleData>
<SimpleData name="features__properties___id">node/5489546317</SimpleData>
<SimpleData name="features__properties__highway">street_lamp</SimpleData>
<SimpleData name="features__properties__name">Street Lamp</SimpleData>
<SimpleData name="features__properties__working">no</SimpleData>
<SimpleData name="features__geometry__type">Point</SimpleData>
<SimpleData name="Longitude">77.669</SimpleData>
<SimpleData name="Latitude">12.9189</SimpleData>
<SimpleData name="features__id">node/5489546317</SimpleData>
</SchemaData>
</ExtendedData>
<Point>
<coordinates>77.6689609,12.91885229999999,0</coordinates>
</Point>
</Placemark>
<Placemark>
<styleUrl>#pointStyleMap</styleUrl><name>node/5489546318</name>
<ExtendedData>
<SchemaData schemaUrl="#S_Bellandur_HSR_SSSSSSDDS">
<SimpleData name="features__type">Feature</SimpleData>
<SimpleData name="features__properties___id">node/5489546318</SimpleData>
<SimpleData name="features__properties__highway">street_lamp</SimpleData>
<SimpleData name="features__properties__name">Street Lamp</SimpleData>
<SimpleData name="features__properties__working">no</SimpleData>
<SimpleData name="features__geometry__type">Point</SimpleData>
<SimpleData name="Longitude">77.6659</SimpleData>
<SimpleData name="Latitude">12.9209</SimpleData>
<SimpleData name="features__id">node/5489546318</SimpleData>
</SchemaData>
</ExtendedData>
<Point>
<coordinates>77.66585459999997,12.92089390000001,0</coordinates>
</Point>
</Placemark>
<Placemark>
<styleUrl>#pointStyleMap</styleUrl><name>node/5489546319</name>
<ExtendedData>
<SchemaData schemaUrl="#S_Bellandur_HSR_SSSSSSDDS">
<SimpleData name="features__type">Feature</SimpleData>
<SimpleData name="features__properties___id">node/5489546319</SimpleData>
<SimpleData name="features__properties__highway">street_lamp</SimpleData>
<SimpleData name="features__properties__name">Street Lamp</SimpleData>
<SimpleData name="features__properties__working">no</SimpleData>
<SimpleData name="features__geometry__type">Point</SimpleData>
<SimpleData name="Longitude">77.6686</SimpleData>
<SimpleData name="Latitude">12.9225</SimpleData>
<SimpleData name="features__id">node/5489546319</SimpleData>
</SchemaData>
</ExtendedData>
<Point>
<coordinates>77.66862020000002,12.9224758,0</coordinates>
</Point>
</Placemark>
<Placemark>
<styleUrl>#pointStyleMap</styleUrl><name>node/5489546320</name>
<ExtendedData>
<SchemaData schemaUrl="#S_Bellandur_HSR_SSSSSSDDS">
<SimpleData name="features__type">Feature</SimpleData>
<SimpleData name="features__properties___id">node/5489546320</SimpleData>
<SimpleData name="features__properties__highway">street_lamp</SimpleData>
<SimpleData name="features__properties__name">Street Lamp</SimpleData>
<SimpleData name="features__properties__working">no</SimpleData>
<SimpleData name="features__geometry__type">Point</SimpleData>
<SimpleData name="Longitude">77.6715</SimpleData>
<SimpleData name="Latitude">12.9238</SimpleData>
<SimpleData name="features__id">node/5489546320</SimpleData>
</SchemaData>
</ExtendedData>
<Point>
<coordinates>77.67151790000001,12.92382439999999,0</coordinates>
</Point>
</Placemark>
<Placemark>
<styleUrl>#pointStyleMap</styleUrl><name>node/5489548421</name>
<ExtendedData>
<SchemaData schemaUrl="#S_Bellandur_HSR_SSSSSSDDS">
<SimpleData name="features__type">Feature</SimpleData>
<SimpleData name="features__properties___id">node/5489548421</SimpleData>
<SimpleData name="features__properties__highway">street_lamp</SimpleData>
<SimpleData name="features__properties__name">Street Lamp</SimpleData>
<SimpleData name="features__properties__working">no</SimpleData>
<SimpleData name="features__geometry__type">Point</SimpleData>
<SimpleData name="Longitude">77.6803</SimpleData>
<SimpleData name="Latitude">12.928</SimpleData>
<SimpleData name="features__id">node/5489548421</SimpleData>
</SchemaData>
</ExtendedData>
<Point>
<coordinates>77.6802881,12.92797749999998,0</coordinates>
</Point>
</Placemark>
<Placemark>
<styleUrl>#pointStyleMap</styleUrl><name>node/5489548422</name>
<ExtendedData>
<SchemaData schemaUrl="#S_Bellandur_HSR_SSSSSSDDS">
<SimpleData name="features__type">Feature</SimpleData>
<SimpleData name="features__properties___id">node/5489548422</SimpleData>
<SimpleData name="features__properties__highway">street_lamp</SimpleData>
<SimpleData name="features__properties__name">Street Lamp</SimpleData>
<SimpleData name="features__properties__working">no</SimpleData>
<SimpleData name="features__geometry__type">Point</SimpleData>
<SimpleData name="Longitude">77.6833</SimpleData>
<SimpleData name="Latitude">12.9294</SimpleData>
<SimpleData name="features__id">node/5489548422</SimpleData>
</SchemaData>
</ExtendedData>
<Point>
<coordinates>77.68325179999998,12.92940309999999,0</coordinates>
</Point>
</Placemark>
<Placemark>
<styleUrl>#pointStyleMap</styleUrl><name>node/5489548423</name>
<ExtendedData>
<SchemaData schemaUrl="#S_Bellandur_HSR_SSSSSSDDS">
<SimpleData name="features__type">Feature</SimpleData>
<SimpleData name="features__properties___id">node/5489548423</SimpleData>
<SimpleData name="features__properties__highway">street_lamp</SimpleData>
<SimpleData name="features__properties__name">Street Lamp</SimpleData>
<SimpleData name="features__properties__working">yes</SimpleData>
<SimpleData name="features__geometry__type">Point</SimpleData>
<SimpleData name="Longitude">77.6869</SimpleData>
<SimpleData name="Latitude">12.9319</SimpleData>
<SimpleData name="features__id">node/5489548423</SimpleData>
</SchemaData>
</ExtendedData>
<Point>
<coordinates>77.68691299999999,12.9318567,0</coordinates>
</Point>
</Placemark>
<Placemark>
<styleUrl>#pointStyleMap</styleUrl><name>node/5489548424</name>
<ExtendedData>
<SchemaData schemaUrl="#S_Bellandur_HSR_SSSSSSDDS">
<SimpleData name="features__type">Feature</SimpleData>
<SimpleData name="features__properties___id">node/5489548424</SimpleData>
<SimpleData name="features__properties__highway">street_lamp</SimpleData>
<SimpleData name="features__properties__name">Street Lamp</SimpleData>
<SimpleData name="features__properties__working">no</SimpleData>
<SimpleData name="features__geometry__type">Point</SimpleData>
<SimpleData name="Longitude">77.6899</SimpleData>
<SimpleData name="Latitude">12.9345</SimpleData>
<SimpleData name="features__id">node/5489548424</SimpleData>
</SchemaData>
</ExtendedData>
<Point>
<coordinates>77.68985050000003,12.93453500000002,0</coordinates>
</Point>
</Placemark>
<Placemark>
<styleUrl>#pointStyleMap</styleUrl><name>node/5489548425</name>
<ExtendedData>
<SchemaData schemaUrl="#S_Bellandur_HSR_SSSSSSDDS">
<SimpleData name="features__type">Feature</SimpleData>
<SimpleData name="features__properties___id">node/5489548425</SimpleData>
<SimpleData name="features__properties__highway">street_lamp</SimpleData>
<SimpleData name="features__properties__name">Street Lamp</SimpleData>
<SimpleData name="features__properties__working">no</SimpleData>
<SimpleData name="features__geometry__type">Point</SimpleData>
<SimpleData name="Longitude">77.6927</SimpleData>
<SimpleData name="Latitude">12.9372</SimpleData>
<SimpleData name="features__id">node/5489548425</SimpleData>
</SchemaData>
</ExtendedData>
<Point>
<coordinates>77.69273429999998,12.9371659,0</coordinates>
</Point>
</Placemark>
<Placemark>
<styleUrl>#pointStyleMap</styleUrl><name>node/5489548426</name>
<ExtendedData>
<SchemaData schemaUrl="#S_Bellandur_HSR_SSSSSSDDS">
<SimpleData name="features__type">Feature</SimpleData>
<SimpleData name="features__properties___id">node/5489548426</SimpleData>
<SimpleData name="features__properties__highway">street_lamp</SimpleData>
<SimpleData name="features__properties__name">Street Lamp</SimpleData>
<SimpleData name="features__properties__working">no</SimpleData>
<SimpleData name="features__geometry__type">Point</SimpleData>
<SimpleData name="Longitude">77.6939</SimpleData>
<SimpleData name="Latitude">12.9378</SimpleData>
<SimpleData name="features__id">node/5489548426</SimpleData>
</SchemaData>
</ExtendedData>
<Point>
<coordinates>77.69389549999998,12.93776790000001,0</coordinates>
</Point>
</Placemark>
<Placemark>
<styleUrl>#pointStyleMap</styleUrl><name>node/5489548427</name>
<ExtendedData>
<SchemaData schemaUrl="#S_Bellandur_HSR_SSSSSSDDS">
<SimpleData name="features__type">Feature</SimpleData>
<SimpleData name="features__properties___id">node/5489548427</SimpleData>
<SimpleData name="features__properties__highway">street_lamp</SimpleData>
<SimpleData name="features__properties__name">Street Lamp</SimpleData>
<SimpleData name="features__properties__working">no</SimpleData>
<SimpleData name="features__geometry__type">Point</SimpleData>
<SimpleData name="Longitude">77.6911</SimpleData>
<SimpleData name="Latitude">12.9352</SimpleData>
<SimpleData name="features__id">node/5489548427</SimpleData>
</SchemaData>
</ExtendedData>
<Point>
<coordinates>77.69112589999996,12.93517129999999,0</coordinates>
</Point>
</Placemark>
<Placemark>
<styleUrl>#pointStyleMap</styleUrl><name>node/5489548428</name>
<ExtendedData>
<SchemaData schemaUrl="#S_Bellandur_HSR_SSSSSSDDS">
<SimpleData name="features__type">Feature</SimpleData>
<SimpleData name="features__properties___id">node/5489548428</SimpleData>
<SimpleData name="features__properties__highway">street_lamp</SimpleData>
<SimpleData name="features__properties__name">Street Lamp</SimpleData>
<SimpleData name="features__properties__working">yes</SimpleData>
<SimpleData name="features__geometry__type">Point</SimpleData>
<SimpleData name="Longitude">77.688</SimpleData>
<SimpleData name="Latitude">12.9324</SimpleData>
<SimpleData name="features__id">node/5489548428</SimpleData>
</SchemaData>
</ExtendedData>
<Point>
<coordinates>77.68803789999997,12.93240839999997,0</coordinates>
</Point>
</Placemark>
<Placemark>
<styleUrl>#pointStyleMap</styleUrl><name>node/5489548429</name>
<ExtendedData>
<SchemaData schemaUrl="#S_Bellandur_HSR_SSSSSSDDS">
<SimpleData name="features__type">Feature</SimpleData>
<SimpleData name="features__properties___id">node/5489548429</SimpleData>
<SimpleData name="features__properties__highway">street_lamp</SimpleData>
<SimpleData name="features__properties__name">Street Lamp</SimpleData>
<SimpleData name="features__properties__working">no</SimpleData>
<SimpleData name="features__geometry__type">Point</SimpleData>
<SimpleData name="Longitude">77.6848</SimpleData>
<SimpleData name="Latitude">12.9297</SimpleData>
<SimpleData name="features__id">node/5489548429</SimpleData>
</SchemaData>
</ExtendedData>
<Point>
<coordinates>77.6848351,12.9297163,0</coordinates>
</Point>
</Placemark>
<Placemark>
<styleUrl>#pointStyleMap</styleUrl><name>node/5489548430</name>
<ExtendedData>
<SchemaData schemaUrl="#S_Bellandur_HSR_SSSSSSDDS">
<SimpleData name="features__type">Feature</SimpleData>
<SimpleData name="features__properties___id">node/5489548430</SimpleData>
<SimpleData name="features__properties__highway">street_lamp</SimpleData>
<SimpleData name="features__properties__name">Street Lamp</SimpleData>
<SimpleData name="features__properties__working">no</SimpleData>
<SimpleData name="features__geometry__type">Point</SimpleData>
<SimpleData name="Longitude">77.679</SimpleData>
<SimpleData name="Latitude">12.927</SimpleData>
<SimpleData name="features__id">node/5489548430</SimpleData>
</SchemaData>
</ExtendedData>
<Point>
<coordinates>77.67903999999997,12.9269779,0</coordinates>
</Point>
</Placemark>
<Placemark>
<styleUrl>#pointStyleMap</styleUrl><name>node/5489548431</name>
<ExtendedData>
<SchemaData schemaUrl="#S_Bellandur_HSR_SSSSSSDDS">
<SimpleData name="features__type">Feature</SimpleData>
<SimpleData name="features__properties___id">node/5489548431</SimpleData>
<SimpleData name="features__properties__highway">street_lamp</SimpleData>
<SimpleData name="features__properties__name">Street Lamp</SimpleData>
<SimpleData name="features__properties__working">no</SimpleData>
<SimpleData name="features__geometry__type">Point</SimpleData>
<SimpleData name="Longitude">77.6751</SimpleData>
<SimpleData name="Latitude">12.9251</SimpleData>
<SimpleData name="features__id">node/5489548431</SimpleData>
</SchemaData>
</ExtendedData>
<Point>
<coordinates>77.67508770000002,12.92507879999999,0</coordinates>
</Point>
</Placemark>
<Placemark>
<styleUrl>#pointStyleMap</styleUrl><name>node/5489548432</name>
<ExtendedData>
<SchemaData schemaUrl="#S_Bellandur_HSR_SSSSSSDDS">
<SimpleData name="features__type">Feature</SimpleData>
<SimpleData name="features__properties___id">node/5489548432</SimpleData>
<SimpleData name="features__properties__highway">street_lamp</SimpleData>
<SimpleData name="features__properties__name">Street Lamp</SimpleData>
<SimpleData name="features__properties__working">no</SimpleData>
<SimpleData name="features__geometry__type">Point</SimpleData>
<SimpleData name="Longitude">77.6712</SimpleData>
<SimpleData name="Latitude">12.9233</SimpleData>
<SimpleData name="features__id">node/5489548432</SimpleData>
</SchemaData>
</ExtendedData>
<Point>
<coordinates>77.67124089999999,12.9233216,0</coordinates>
</Point>
</Placemark>
<Placemark>
<styleUrl>#pointStyleMap</styleUrl><name>node/5489548433</name>
<ExtendedData>
<SchemaData schemaUrl="#S_Bellandur_HSR_SSSSSSDDS">
<SimpleData name="features__type">Feature</SimpleData>
<SimpleData name="features__properties___id">node/5489548433</SimpleData>
<SimpleData name="features__properties__highway">street_lamp</SimpleData>
<SimpleData name="features__properties__name">Street Lamp</SimpleData>
<SimpleData name="features__properties__working">no</SimpleData>
<SimpleData name="features__geometry__type">Point</SimpleData>
<SimpleData name="Longitude">77.6749</SimpleData>
<SimpleData name="Latitude">12.9254</SimpleData>
<SimpleData name="features__id">node/5489548433</SimpleData>
</SchemaData>
</ExtendedData>
<Point>
<coordinates>77.674888,12.92537370000001,0</coordinates>
</Point>
</Placemark>
<Placemark>
<styleUrl>#pointStyleMap</styleUrl><name>node/5489548434</name>
<ExtendedData>
<SchemaData schemaUrl="#S_Bellandur_HSR_SSSSSSDDS">
<SimpleData name="features__type">Feature</SimpleData>
<SimpleData name="features__properties___id">node/5489548434</SimpleData>
<SimpleData name="features__properties__highway">street_lamp</SimpleData>
<SimpleData name="features__properties__name">Street Lamp</SimpleData>
<SimpleData name="features__properties__working">no</SimpleData>
<SimpleData name="features__geometry__type">Point</SimpleData>
<SimpleData name="Longitude">77.6788</SimpleData>
<SimpleData name="Latitude">12.9273</SimpleData>
<SimpleData name="features__id">node/5489548434</SimpleData>
</SchemaData>
</ExtendedData>
<Point>
<coordinates>77.67883710000001,12.9273305,0</coordinates>
</Point>
</Placemark>
<Placemark>
<styleUrl>#pointStyleMap</styleUrl><name>node/5489548435</name>
<ExtendedData>
<SchemaData schemaUrl="#S_Bellandur_HSR_SSSSSSDDS">
<SimpleData name="features__type">Feature</SimpleData>
<SimpleData name="features__properties___id">node/5489548435</SimpleData>
<SimpleData name="features__properties__highway">street_lamp</SimpleData>
<SimpleData name="features__properties__name">Street Lamp</SimpleData>
<SimpleData name="features__properties__working">yes</SimpleData>
<SimpleData name="features__geometry__type">Point</SimpleData>
<SimpleData name="Longitude">77.6738</SimpleData>
<SimpleData name="Latitude">12.9161</SimpleData>
<SimpleData name="features__id">node/5489548435</SimpleData>
</SchemaData>
</ExtendedData>
<Point>
<coordinates>77.6737842,12.91609399999999,0</coordinates>
</Point>
</Placemark>
<Placemark>
<styleUrl>#pointStyleMap</styleUrl><name>node/5489548436</name>
<ExtendedData>
<SchemaData schemaUrl="#S_Bellandur_HSR_SSSSSSDDS">
<SimpleData name="features__type">Feature</SimpleData>
<SimpleData name="features__properties___id">node/5489548436</SimpleData>
<SimpleData name="features__properties__highway">street_lamp</SimpleData>
<SimpleData name="features__properties__name">Street Lamp</SimpleData>
<SimpleData name="features__properties__working">no</SimpleData>
<SimpleData name="features__geometry__type">Point</SimpleData>
<SimpleData name="Longitude">77.6695</SimpleData>
<SimpleData name="Latitude">12.9187</SimpleData>
<SimpleData name="features__id">node/5489548436</SimpleData>
</SchemaData>
</ExtendedData>
<Point>
<coordinates>77.66954339999999,12.91867200000002,0</coordinates>
</Point>
</Placemark>
<Placemark>
<styleUrl>#pointStyleMap</styleUrl><name>node/5489548437</name>
<ExtendedData>
<SchemaData schemaUrl="#S_Bellandur_HSR_SSSSSSDDS">
<SimpleData name="features__type">Feature</SimpleData>
<SimpleData name="features__properties___id">node/5489548437</SimpleData>
<SimpleData name="features__properties__highway">street_lamp</SimpleData>
<SimpleData name="features__properties__name">Street Lamp</SimpleData>
<SimpleData name="features__properties__working">no</SimpleData>
<SimpleData name="features__geometry__type">Point</SimpleData>
<SimpleData name="Longitude">77.6661</SimpleData>
<SimpleData name="Latitude">12.9202</SimpleData>
<SimpleData name="features__id">node/5489548437</SimpleData>
</SchemaData>
</ExtendedData>
<Point>
<coordinates>77.66608459999998,12.92024179999997,0</coordinates>
</Point>
</Placemark>
<Placemark>
<styleUrl>#pointStyleMap</styleUrl><name>node/5489548438</name>
<ExtendedData>
<SchemaData schemaUrl="#S_Bellandur_HSR_SSSSSSDDS">
<SimpleData name="features__type">Feature</SimpleData>
<SimpleData name="features__properties___id">node/5489548438</SimpleData>
<SimpleData name="features__properties__highway">street_lamp</SimpleData>
<SimpleData name="features__properties__name">Street Lamp</SimpleData>
<SimpleData name="features__properties__working">no</SimpleData>
<SimpleData name="features__geometry__type">Point</SimpleData>
<SimpleData name="Longitude">77.6679</SimpleData>
<SimpleData name="Latitude">12.9221</SimpleData>
<SimpleData name="features__id">node/5489548438</SimpleData>
</SchemaData>
</ExtendedData>
<Point>
<coordinates>77.66791100000002,12.92214650000001,0</coordinates>
</Point>
</Placemark>
<Placemark>
<styleUrl>#pointStyleMap</styleUrl><name>node/5489548439</name>
<ExtendedData>
<SchemaData schemaUrl="#S_Bellandur_HSR_SSSSSSDDS">
<SimpleData name="features__type">Feature</SimpleData>
<SimpleData name="features__properties___id">node/5489548439</SimpleData>
<SimpleData name="features__properties__highway">street_lamp</SimpleData>
<SimpleData name="features__properties__name">Street Lamp</SimpleData>
<SimpleData name="features__properties__working">no</SimpleData>
<SimpleData name="features__geometry__type">Point</SimpleData>
<SimpleData name="Longitude">77.6797</SimpleData>
<SimpleData name="Latitude">12.9277</SimpleData>
<SimpleData name="features__id">node/5489548439</SimpleData>
</SchemaData>
</ExtendedData>
<Point>
<coordinates>77.6796746,12.92768489999999,0</coordinates>
</Point>
</Placemark>
<Placemark>
<styleUrl>#pointStyleMap</styleUrl><name>node/5489548440</name>
<ExtendedData>
<SchemaData schemaUrl="#S_Bellandur_HSR_SSSSSSDDS">
<SimpleData name="features__type">Feature</SimpleData>
<SimpleData name="features__properties___id">node/5489548440</SimpleData>
<SimpleData name="features__properties__highway">street_lamp</SimpleData>
<SimpleData name="features__properties__name">Street Lamp</SimpleData>
<SimpleData name="features__properties__working">no</SimpleData>
<SimpleData name="features__geometry__type">Point</SimpleData>
<SimpleData name="Longitude">77.6825</SimpleData>
<SimpleData name="Latitude">12.929</SimpleData>
<SimpleData name="features__id">node/5489548440</SimpleData>
</SchemaData>
</ExtendedData>
<Point>
<coordinates>77.68251989999997,12.92904550000002,0</coordinates>
</Point>
</Placemark>
<Placemark>
<styleUrl>#pointStyleMap</styleUrl><name>node/5489548441</name>
<ExtendedData>
<SchemaData schemaUrl="#S_Bellandur_HSR_SSSSSSDDS">
<SimpleData name="features__type">Feature</SimpleData>
<SimpleData name="features__properties___id">node/5489548441</SimpleData>
<SimpleData name="features__properties__highway">street_lamp</SimpleData>
<SimpleData name="features__properties__name">Street Lamp</SimpleData>
<SimpleData name="features__properties__working">no</SimpleData>
<SimpleData name="features__geometry__type">Point</SimpleData>
<SimpleData name="Longitude">77.6862</SimpleData>
<SimpleData name="Latitude">12.9313</SimpleData>
<SimpleData name="features__id">node/5489548441</SimpleData>
</SchemaData>
</ExtendedData>
<Point>
<coordinates>77.68623609999997,12.93127589999999,0</coordinates>
</Point>
</Placemark>
<Placemark>
<styleUrl>#pointStyleMap</styleUrl><name>node/5489548442</name>
<ExtendedData>
<SchemaData schemaUrl="#S_Bellandur_HSR_SSSSSSDDS">
<SimpleData name="features__type">Feature</SimpleData>
<SimpleData name="features__properties___id">node/5489548442</SimpleData>
<SimpleData name="features__properties__highway">street_lamp</SimpleData>
<SimpleData name="features__properties__name">Street Lamp</SimpleData>
<SimpleData name="features__properties__working">no</SimpleData>
<SimpleData name="features__geometry__type">Point</SimpleData>
<SimpleData name="Longitude">77.6892</SimpleData>
<SimpleData name="Latitude">12.9339</SimpleData>
<SimpleData name="features__id">node/5489548442</SimpleData>
</SchemaData>
</ExtendedData>
<Point>
<coordinates>77.68922739999999,12.93394669999999,0</coordinates>
</Point>
</Placemark>
<Placemark>
<styleUrl>#pointStyleMap</styleUrl><name>node/5489548443</name>
<ExtendedData>
<SchemaData schemaUrl="#S_Bellandur_HSR_SSSSSSDDS">
<SimpleData name="features__type">Feature</SimpleData>
<SimpleData name="features__properties___id">node/5489548443</SimpleData>
<SimpleData name="features__properties__highway">street_lamp</SimpleData>
<SimpleData name="features__properties__name">Street Lamp</SimpleData>
<SimpleData name="features__properties__working">no</SimpleData>
<SimpleData name="features__geometry__type">Point</SimpleData>
<SimpleData name="Longitude">77.6922</SimpleData>
<SimpleData name="Latitude">12.9367</SimpleData>
<SimpleData name="features__id">node/5489548443</SimpleData>
</SchemaData>
</ExtendedData>
<Point>
<coordinates>77.69218590000001,12.9366722,0</coordinates>
</Point>
</Placemark>
<Placemark>
<styleUrl>#pointStyleMap</styleUrl><name>node/5489548444</name>
<ExtendedData>
<SchemaData schemaUrl="#S_Bellandur_HSR_SSSSSSDDS">
<SimpleData name="features__type">Feature</SimpleData>
<SimpleData name="features__properties___id">node/5489548444</SimpleData>
<SimpleData name="features__properties__highway">street_lamp</SimpleData>
<SimpleData name="features__properties__name">Street Lamp</SimpleData>
<SimpleData name="features__properties__working">no</SimpleData>
<SimpleData name="features__geometry__type">Point</SimpleData>
<SimpleData name="Longitude">77.6945</SimpleData>
<SimpleData name="Latitude">12.9384</SimpleData>
<SimpleData name="features__id">node/5489548444</SimpleData>
</SchemaData>
</ExtendedData>
<Point>
<coordinates>77.6945237,12.93836079999998,0</coordinates>
</Point>
</Placemark>
<Placemark>
<styleUrl>#pointStyleMap</styleUrl><name>node/5489548445</name>
<ExtendedData>
<SchemaData schemaUrl="#S_Bellandur_HSR_SSSSSSDDS">
<SimpleData name="features__type">Feature</SimpleData>
<SimpleData name="features__properties___id">node/5489548445</SimpleData>
<SimpleData name="features__properties__highway">street_lamp</SimpleData>
<SimpleData name="features__properties__name">Street Lamp</SimpleData>
<SimpleData name="features__properties__working">yes</SimpleData>
<SimpleData name="features__geometry__type">Point</SimpleData>
<SimpleData name="Longitude">77.6916</SimpleData>
<SimpleData name="Latitude">12.9357</SimpleData>
<SimpleData name="features__id">node/5489548445</SimpleData>
</SchemaData>
</ExtendedData>
<Point>
<coordinates>77.69163439999998,12.93569959999998,0</coordinates>
</Point>
</Placemark>
<Placemark>
<styleUrl>#pointStyleMap</styleUrl><name>node/5489548446</name>
<ExtendedData>
<SchemaData schemaUrl="#S_Bellandur_HSR_SSSSSSDDS">
<SimpleData name="features__type">Feature</SimpleData>
<SimpleData name="features__properties___id">node/5489548446</SimpleData>
<SimpleData name="features__properties__highway">street_lamp</SimpleData>
<SimpleData name="features__properties__name">Street Lamp</SimpleData>
<SimpleData name="features__properties__working">yes</SimpleData>
<SimpleData name="features__geometry__type">Point</SimpleData>
<SimpleData name="Longitude">77.6886</SimpleData>
<SimpleData name="Latitude">12.9329</SimpleData>
<SimpleData name="features__id">node/5489548446</SimpleData>
</SchemaData>
</ExtendedData>
<Point>
<coordinates>77.68857700000001,12.93289799999999,0</coordinates>
</Point>
</Placemark>
<Placemark>
<styleUrl>#pointStyleMap</styleUrl><name>node/5489548447</name>
<ExtendedData>
<SchemaData schemaUrl="#S_Bellandur_HSR_SSSSSSDDS">
<SimpleData name="features__type">Feature</SimpleData>
<SimpleData name="features__properties___id">node/5489548447</SimpleData>
<SimpleData name="features__properties__highway">street_lamp</SimpleData>
<SimpleData name="features__properties__name">Street Lamp</SimpleData>
<SimpleData name="features__properties__working">no</SimpleData>
<SimpleData name="features__geometry__type">Point</SimpleData>
<SimpleData name="Longitude">77.6855</SimpleData>
<SimpleData name="Latitude">12.9302</SimpleData>
<SimpleData name="features__id">node/5489548447</SimpleData>
</SchemaData>
</ExtendedData>
<Point>
<coordinates>77.68549400000001,12.93018839999998,0</coordinates>
</Point>
</Placemark>
<Placemark>
<styleUrl>#pointStyleMap</styleUrl><name>node/5489548448</name>
<ExtendedData>
<SchemaData schemaUrl="#S_Bellandur_HSR_SSSSSSDDS">
<SimpleData name="features__type">Feature</SimpleData>
<SimpleData name="features__properties___id">node/5489548448</SimpleData>
<SimpleData name="features__properties__highway">street_lamp</SimpleData>
<SimpleData name="features__properties__name">Street Lamp</SimpleData>
<SimpleData name="features__properties__working">no</SimpleData>
<SimpleData name="features__geometry__type">Point</SimpleData>
<SimpleData name="Longitude">77.6812</SimpleData>
<SimpleData name="Latitude">12.928</SimpleData>
<SimpleData name="features__id">node/5489548448</SimpleData>
</SchemaData>
</ExtendedData>
<Point>
<coordinates>77.68116619999999,12.92798669999998,0</coordinates>
</Point>
</Placemark>
<Placemark>
<styleUrl>#pointStyleMap</styleUrl><name>node/5489548449</name>
<ExtendedData>
<SchemaData schemaUrl="#S_Bellandur_HSR_SSSSSSDDS">
<SimpleData name="features__type">Feature</SimpleData>
<SimpleData name="features__properties___id">node/5489548449</SimpleData>
<SimpleData name="features__properties__highway">street_lamp</SimpleData>
<SimpleData name="features__properties__name">Street Lamp</SimpleData>
<SimpleData name="features__properties__working">no</SimpleData>
<SimpleData name="features__geometry__type">Point</SimpleData>
<SimpleData name="Longitude">77.6758</SimpleData>
<SimpleData name="Latitude">12.9255</SimpleData>
<SimpleData name="features__id">node/5489548449</SimpleData>
</SchemaData>
</ExtendedData>
<Point>
<coordinates>77.67579860000001,12.92545300000001,0</coordinates>
</Point>
</Placemark>
<Placemark>
<styleUrl>#pointStyleMap</styleUrl><name>node/5489548450</name>
<ExtendedData>
<SchemaData schemaUrl="#S_Bellandur_HSR_SSSSSSDDS">
<SimpleData name="features__type">Feature</SimpleData>
<SimpleData name="features__properties___id">node/5489548450</SimpleData>
<SimpleData name="features__properties__highway">street_lamp</SimpleData>
<SimpleData name="features__properties__name">Street Lamp</SimpleData>
<SimpleData name="features__properties__working">no</SimpleData>
<SimpleData name="features__geometry__type">Point</SimpleData>
<SimpleData name="Longitude">77.6719</SimpleData>
<SimpleData name="Latitude">12.9236</SimpleData>
<SimpleData name="features__id">node/5489548450</SimpleData>
</SchemaData>
</ExtendedData>
<Point>
<coordinates>77.67186759999997,12.9236148,0</coordinates>
</Point>
</Placemark>
<Placemark>
<styleUrl>#pointStyleMap</styleUrl><name>node/5489548451</name>
<ExtendedData>
<SchemaData schemaUrl="#S_Bellandur_HSR_SSSSSSDDS">
<SimpleData name="features__type">Feature</SimpleData>
<SimpleData name="features__properties___id">node/5489548451</SimpleData>
<SimpleData name="features__properties__highway">street_lamp</SimpleData>
<SimpleData name="features__properties__name">Street Lamp</SimpleData>
<SimpleData name="features__properties__working">no</SimpleData>
<SimpleData name="features__geometry__type">Point</SimpleData>
<SimpleData name="Longitude">77.6743</SimpleData>
<SimpleData name="Latitude">12.9251</SimpleData>
<SimpleData name="features__id">node/5489548451</SimpleData>
</SchemaData>
</ExtendedData>
<Point>
<coordinates>77.67426269999999,12.92505999999999,0</coordinates>
</Point>
</Placemark>
<Placemark>
<styleUrl>#pointStyleMap</styleUrl><name>node/5489548452</name>
<ExtendedData>
<SchemaData schemaUrl="#S_Bellandur_HSR_SSSSSSDDS">
<SimpleData name="features__type">Feature</SimpleData>
<SimpleData name="features__properties___id">node/5489548452</SimpleData>
<SimpleData name="features__properties__highway">street_lamp</SimpleData>
<SimpleData name="features__properties__name">Street Lamp</SimpleData>
<SimpleData name="features__properties__working">no</SimpleData>
<SimpleData name="features__geometry__type">Point</SimpleData>
<SimpleData name="Longitude">77.678</SimpleData>
<SimpleData name="Latitude">12.927</SimpleData>
<SimpleData name="features__id">node/5489548452</SimpleData>
</SchemaData>
</ExtendedData>
<Point>
<coordinates>77.6779626,12.9269508,0</coordinates>
</Point>
</Placemark>
<Placemark>
<styleUrl>#pointStyleMap</styleUrl><name>node/5489548453</name>
<ExtendedData>
<SchemaData schemaUrl="#S_Bellandur_HSR_SSSSSSDDS">
<SimpleData name="features__type">Feature</SimpleData>
<SimpleData name="features__properties___id">node/5489548453</SimpleData>
<SimpleData name="features__properties__highway">street_lamp</SimpleData>
<SimpleData name="features__properties__name">Street Lamp</SimpleData>
<SimpleData name="features__properties__working">yes</SimpleData>
<SimpleData name="features__geometry__type">Point</SimpleData>
<SimpleData name="Longitude">77.6744</SimpleData>
<SimpleData name="Latitude">12.9154</SimpleData>
<SimpleData name="features__id">node/5489548453</SimpleData>
</SchemaData>
</ExtendedData>
<Point>
<coordinates>77.6743929,12.91542630000002,0</coordinates>
</Point>
</Placemark>
<Placemark>
<styleUrl>#pointStyleMap</styleUrl><name>node/5489548454</name>
<ExtendedData>
<SchemaData schemaUrl="#S_Bellandur_HSR_SSSSSSDDS">
<SimpleData name="features__type">Feature</SimpleData>
<SimpleData name="features__properties___id">node/5489548454</SimpleData>
<SimpleData name="features__properties__highway">street_lamp</SimpleData>
<SimpleData name="features__properties__name">Street Lamp</SimpleData>
<SimpleData name="features__properties__working">yes</SimpleData>
<SimpleData name="features__geometry__type">Point</SimpleData>
<SimpleData name="Longitude">77.6703</SimpleData>
<SimpleData name="Latitude">12.9184</SimpleData>
<SimpleData name="features__id">node/5489548454</SimpleData>
</SchemaData>
</ExtendedData>
<Point>
<coordinates>77.67031270000001,12.91841199999997,0</coordinates>
</Point>
</Placemark>
<Placemark>
<styleUrl>#pointStyleMap</styleUrl><name>node/5489548455</name>
<ExtendedData>
<SchemaData schemaUrl="#S_Bellandur_HSR_SSSSSSDDS">
<SimpleData name="features__type">Feature</SimpleData>
<SimpleData name="features__properties___id">node/5489548455</SimpleData>
<SimpleData name="features__properties__highway">street_lamp</SimpleData>
<SimpleData name="features__properties__name">Street Lamp</SimpleData>
<SimpleData name="features__properties__working">no</SimpleData>
<SimpleData name="features__geometry__type">Point</SimpleData>
<SimpleData name="Longitude">77.6667</SimpleData>
<SimpleData name="Latitude">12.92</SimpleData>
<SimpleData name="features__id">node/5489548455</SimpleData>
</SchemaData>
</ExtendedData>
<Point>
<coordinates>77.66671229999996,12.91996169999998,0</coordinates>
</Point>
</Placemark>
<Placemark>
<styleUrl>#pointStyleMap</styleUrl><name>node/5489548456</name>
<ExtendedData>
<SchemaData schemaUrl="#S_Bellandur_HSR_SSSSSSDDS">
<SimpleData name="features__type">Feature</SimpleData>
<SimpleData name="features__properties___id">node/5489548456</SimpleData>
<SimpleData name="features__properties__highway">street_lamp</SimpleData>
<SimpleData name="features__properties__name">Street Lamp</SimpleData>
<SimpleData name="features__properties__working">no</SimpleData>
<SimpleData name="features__geometry__type">Point</SimpleData>
<SimpleData name="Longitude">77.6672</SimpleData>
<SimpleData name="Latitude">12.9218</SimpleData>
<SimpleData name="features__id">node/5489548456</SimpleData>
</SchemaData>
</ExtendedData>
<Point>
<coordinates>77.6672114,12.9218208,0</coordinates>
</Point>
</Placemark>
<Placemark>
<styleUrl>#pointStyleMap</styleUrl><name>node/5489548457</name>
<ExtendedData>
<SchemaData schemaUrl="#S_Bellandur_HSR_SSSSSSDDS">
<SimpleData name="features__type">Feature</SimpleData>
<SimpleData name="features__properties___id">node/5489548457</SimpleData>
<SimpleData name="features__properties__highway">street_lamp</SimpleData>
<SimpleData name="features__properties__name">Street Lamp</SimpleData>
<SimpleData name="features__properties__working">no</SimpleData>
<SimpleData name="features__geometry__type">Point</SimpleData>
<SimpleData name="Longitude">77.6709</SimpleData>
<SimpleData name="Latitude">12.9235</SimpleData>
<SimpleData name="features__id">node/5489548457</SimpleData>
</SchemaData>
</ExtendedData>
<Point>
<coordinates>77.67085959999999,12.92350939999999,0</coordinates>
</Point>
</Placemark>
<Placemark>
<styleUrl>#pointStyleMap</styleUrl><name>node/5489548458</name>
<ExtendedData>
<SchemaData schemaUrl="#S_Bellandur_HSR_SSSSSSDDS">
<SimpleData name="features__type">Feature</SimpleData>
<SimpleData name="features__properties___id">node/5489548458</SimpleData>
<SimpleData name="features__properties__highway">street_lamp</SimpleData>
<SimpleData name="features__properties__name">Street Lamp</SimpleData>
<SimpleData name="features__properties__working">no</SimpleData>
<SimpleData name="features__geometry__type">Point</SimpleData>
<SimpleData name="Longitude">77.6737</SimpleData>
<SimpleData name="Latitude">12.9248</SimpleData>
<SimpleData name="features__id">node/5489548458</SimpleData>
</SchemaData>
</ExtendedData>
<Point>
<coordinates>77.67372310000002,12.92479909999999,0</coordinates>
</Point>
</Placemark>
<Placemark>
<styleUrl>#pointStyleMap</styleUrl><name>node/5489548459</name>
<ExtendedData>
<SchemaData schemaUrl="#S_Bellandur_HSR_SSSSSSDDS">
<SimpleData name="features__type">Feature</SimpleData>
<SimpleData name="features__properties___id">node/5489548459</SimpleData>
<SimpleData name="features__properties__highway">street_lamp</SimpleData>
<SimpleData name="features__properties__name">Street Lamp</SimpleData>
<SimpleData name="features__properties__working">no</SimpleData>
<SimpleData name="features__geometry__type">Point</SimpleData>
<SimpleData name="Longitude">77.6856</SimpleData>
<SimpleData name="Latitude">12.9307</SimpleData>
<SimpleData name="features__id">node/5489548459</SimpleData>
</SchemaData>
</ExtendedData>
<Point>
<coordinates>77.68562850000002,12.93072470000002,0</coordinates>
</Point>
</Placemark>
<Placemark>
<styleUrl>#pointStyleMap</styleUrl><name>node/5489548460</name>
<ExtendedData>
<SchemaData schemaUrl="#S_Bellandur_HSR_SSSSSSDDS">
<SimpleData name="features__type">Feature</SimpleData>
<SimpleData name="features__properties___id">node/5489548460</SimpleData>
<SimpleData name="features__properties__highway">street_lamp</SimpleData>
<SimpleData name="features__properties__name">Street Lamp</SimpleData>
<SimpleData name="features__properties__working">no</SimpleData>
<SimpleData name="features__geometry__type">Point</SimpleData>
<SimpleData name="Longitude">77.6887</SimpleData>
<SimpleData name="Latitude">12.9335</SimpleData>
<SimpleData name="features__id">node/5489548460</SimpleData>
</SchemaData>
</ExtendedData>
<Point>
<coordinates>77.68873359999998,12.93349190000001,0</coordinates>
</Point>
</Placemark>
<Placemark>
<styleUrl>#pointStyleMap</styleUrl><name>node/5489548461</name>
<ExtendedData>
<SchemaData schemaUrl="#S_Bellandur_HSR_SSSSSSDDS">
<SimpleData name="features__type">Feature</SimpleData>
<SimpleData name="features__properties___id">node/5489548461</SimpleData>
<SimpleData name="features__properties__highway">street_lamp</SimpleData>
<SimpleData name="features__properties__name">Street Lamp</SimpleData>
<SimpleData name="features__properties__working">no</SimpleData>
<SimpleData name="features__geometry__type">Point</SimpleData>
<SimpleData name="Longitude">77.6916</SimpleData>
<SimpleData name="Latitude">12.9361</SimpleData>
<SimpleData name="features__id">node/5489548461</SimpleData>
</SchemaData>
</ExtendedData>
<Point>
<coordinates>77.69158979999997,12.93612469999998,0</coordinates>
</Point>
</Placemark>
<Placemark>
<styleUrl>#pointStyleMap</styleUrl><name>node/5489548462</name>
<ExtendedData>
<SchemaData schemaUrl="#S_Bellandur_HSR_SSSSSSDDS">
<SimpleData name="features__type">Feature</SimpleData>
<SimpleData name="features__properties___id">node/5489548462</SimpleData>
<SimpleData name="features__properties__highway">street_lamp</SimpleData>
<SimpleData name="features__properties__name">Street Lamp</SimpleData>
<SimpleData name="features__properties__working">no</SimpleData>
<SimpleData name="features__geometry__type">Point</SimpleData>
<SimpleData name="Longitude">77.6951</SimpleData>
<SimpleData name="Latitude">12.9389</SimpleData>
<SimpleData name="features__id">node/5489548462</SimpleData>
</SchemaData>
</ExtendedData>
<Point>
<coordinates>77.6950511,12.9389494,0</coordinates>
</Point>
</Placemark>
<Placemark>
<styleUrl>#pointStyleMap</styleUrl><name>node/5489548463</name>
<ExtendedData>
<SchemaData schemaUrl="#S_Bellandur_HSR_SSSSSSDDS">
<SimpleData name="features__type">Feature</SimpleData>
<SimpleData name="features__properties___id">node/5489548463</SimpleData>
<SimpleData name="features__properties__highway">street_lamp</SimpleData>
<SimpleData name="features__properties__name">Street Lamp</SimpleData>
<SimpleData name="features__properties__working">no</SimpleData>
<SimpleData name="features__geometry__type">Point</SimpleData>
<SimpleData name="Longitude">77.6922</SimpleData>
<SimpleData name="Latitude">12.9362</SimpleData>
<SimpleData name="features__id">node/5489548463</SimpleData>
</SchemaData>
</ExtendedData>
<Point>
<coordinates>77.69217919999998,12.93619700000001,0</coordinates>
</Point>
</Placemark>
<Placemark>
<styleUrl>#pointStyleMap</styleUrl><name>node/5489548464</name>
<ExtendedData>
<SchemaData schemaUrl="#S_Bellandur_HSR_SSSSSSDDS">
<SimpleData name="features__type">Feature</SimpleData>
<SimpleData name="features__properties___id">node/5489548464</SimpleData>
<SimpleData name="features__properties__highway">street_lamp</SimpleData>
<SimpleData name="features__properties__name">Street Lamp</SimpleData>
<SimpleData name="features__properties__working">yes</SimpleData>
<SimpleData name="features__geometry__type">Point</SimpleData>
<SimpleData name="Longitude">77.6891</SimpleData>
<SimpleData name="Latitude">12.9334</SimpleData>
<SimpleData name="features__id">node/5489548464</SimpleData>
</SchemaData>
</ExtendedData>
<Point>
<coordinates>77.68911809999999,12.93339889999999,0</coordinates>
</Point>
</Placemark>
<Placemark>
<styleUrl>#pointStyleMap</styleUrl><name>node/5489548465</name>
<ExtendedData>
<SchemaData schemaUrl="#S_Bellandur_HSR_SSSSSSDDS">
<SimpleData name="features__type">Feature</SimpleData>
<SimpleData name="features__properties___id">node/5489548465</SimpleData>
<SimpleData name="features__properties__highway">street_lamp</SimpleData>
<SimpleData name="features__properties__name">Street Lamp</SimpleData>
<SimpleData name="features__properties__working">yes</SimpleData>
<SimpleData name="features__geometry__type">Point</SimpleData>
<SimpleData name="Longitude">77.6861</SimpleData>
<SimpleData name="Latitude">12.9307</SimpleData>
<SimpleData name="features__id">node/5489548465</SimpleData>
</SchemaData>
</ExtendedData>
<Point>
<coordinates>77.68614939999999,12.93072260000001,0</coordinates>
</Point>
</Placemark>
<Placemark>
<styleUrl>#pointStyleMap</styleUrl><name>node/5489548466</name>
<ExtendedData>
<SchemaData schemaUrl="#S_Bellandur_HSR_SSSSSSDDS">
<SimpleData name="features__type">Feature</SimpleData>
<SimpleData name="features__properties___id">node/5489548466</SimpleData>
<SimpleData name="features__properties__highway">street_lamp</SimpleData>
<SimpleData name="features__properties__name">Street Lamp</SimpleData>
<SimpleData name="features__properties__working">yes</SimpleData>
<SimpleData name="features__geometry__type">Point</SimpleData>
<SimpleData name="Longitude">77.6822</SimpleData>
<SimpleData name="Latitude">12.9285</SimpleData>
<SimpleData name="features__id">node/5489548466</SimpleData>
</SchemaData>
</ExtendedData>
<Point>
<coordinates>77.68221670000003,12.9284738,0</coordinates>
</Point>
</Placemark>
<Placemark>
<styleUrl>#pointStyleMap</styleUrl><name>node/5489548467</name>
<ExtendedData>
<SchemaData schemaUrl="#S_Bellandur_HSR_SSSSSSDDS">
<SimpleData name="features__type">Feature</SimpleData>
<SimpleData name="features__properties___id">node/5489548467</SimpleData>
<SimpleData name="features__properties__highway">street_lamp</SimpleData>
<SimpleData name="features__properties__name">Street Lamp</SimpleData>
<SimpleData name="features__properties__working">yes</SimpleData>
<SimpleData name="features__geometry__type">Point</SimpleData>
<SimpleData name="Longitude">77.6765</SimpleData>
<SimpleData name="Latitude">12.9258</SimpleData>
<SimpleData name="features__id">node/5489548467</SimpleData>
</SchemaData>
</ExtendedData>
<Point>
<coordinates>77.67654279999999,12.92582699999998,0</coordinates>
</Point>
</Placemark>
<Placemark>
<styleUrl>#pointStyleMap</styleUrl><name>node/5489548468</name>
<ExtendedData>
<SchemaData schemaUrl="#S_Bellandur_HSR_SSSSSSDDS">
<SimpleData name="features__type">Feature</SimpleData>
<SimpleData name="features__properties___id">node/5489548468</SimpleData>
<SimpleData name="features__properties__highway">street_lamp</SimpleData>
<SimpleData name="features__properties__name">Street Lamp</SimpleData>
<SimpleData name="features__properties__working">no</SimpleData>
<SimpleData name="features__geometry__type">Point</SimpleData>
<SimpleData name="Longitude">77.6726</SimpleData>
<SimpleData name="Latitude">12.9239</SimpleData>
<SimpleData name="features__id">node/5489548468</SimpleData>
</SchemaData>
</ExtendedData>
<Point>
<coordinates>77.67260479999997,12.92394899999999,0</coordinates>
</Point>
</Placemark>
<Placemark>
<styleUrl>#pointStyleMap</styleUrl><name>node/5489548469</name>
<ExtendedData>
<SchemaData schemaUrl="#S_Bellandur_HSR_SSSSSSDDS">
<SimpleData name="features__type">Feature</SimpleData>
<SimpleData name="features__properties___id">node/5489548469</SimpleData>
<SimpleData name="features__properties__highway">street_lamp</SimpleData>
<SimpleData name="features__properties__name">Street Lamp</SimpleData>
<SimpleData name="features__properties__working">no</SimpleData>
<SimpleData name="features__geometry__type">Point</SimpleData>
<SimpleData name="Longitude">77.6687</SimpleData>
<SimpleData name="Latitude">12.9221</SimpleData>
<SimpleData name="features__id">node/5489548469</SimpleData>
</SchemaData>
</ExtendedData>
<Point>
<coordinates>77.66874349999999,12.9221067,0</coordinates>
</Point>
</Placemark>
<Placemark>
<styleUrl>#pointStyleMap</styleUrl><name>node/5489548470</name>
<ExtendedData>
<SchemaData schemaUrl="#S_Bellandur_HSR_SSSSSSDDS">
<SimpleData name="features__type">Feature</SimpleData>
<SimpleData name="features__properties___id">node/5489548470</SimpleData>
<SimpleData name="features__properties__highway">street_lamp</SimpleData>
<SimpleData name="features__properties__name">Street Lamp</SimpleData>
<SimpleData name="features__properties__working">no</SimpleData>
<SimpleData name="features__geometry__type">Point</SimpleData>
<SimpleData name="Longitude">77.6772</SimpleData>
<SimpleData name="Latitude">12.9266</SimpleData>
<SimpleData name="features__id">node/5489548470</SimpleData>
</SchemaData>
</ExtendedData>
<Point>
<coordinates>77.6772438,12.92661090000001,0</coordinates>
</Point>
</Placemark>
<Placemark>
<styleUrl>#pointStyleMap</styleUrl><name>node/5489548471</name>
<ExtendedData>
<SchemaData schemaUrl="#S_Bellandur_HSR_SSSSSSDDS">
<SimpleData name="features__type">Feature</SimpleData>
<SimpleData name="features__properties___id">node/5489548471</SimpleData>
<SimpleData name="features__properties__highway">street_lamp</SimpleData>
<SimpleData name="features__properties__name">Street Lamp</SimpleData>
<SimpleData name="features__properties__working">yes</SimpleData>
<SimpleData name="features__geometry__type">Point</SimpleData>
<SimpleData name="Longitude">77.6755</SimpleData>
<SimpleData name="Latitude">12.9148</SimpleData>
<SimpleData name="features__id">node/5489548471</SimpleData>
</SchemaData>
</ExtendedData>
<Point>
<coordinates>77.67549059999997,12.91482599999999,0</coordinates>
</Point>
</Placemark>
<Placemark>
<styleUrl>#pointStyleMap</styleUrl><name>node/5489548472</name>
<ExtendedData>
<SchemaData schemaUrl="#S_Bellandur_HSR_SSSSSSDDS">
<SimpleData name="features__type">Feature</SimpleData>
<SimpleData name="features__properties___id">node/5489548472</SimpleData>
<SimpleData name="features__properties__highway">street_lamp</SimpleData>
<SimpleData name="features__properties__name">Street Lamp</SimpleData>
<SimpleData name="features__properties__working">yes</SimpleData>
<SimpleData name="features__geometry__type">Point</SimpleData>
<SimpleData name="Longitude">77.6711</SimpleData>
<SimpleData name="Latitude">12.9181</SimpleData>
<SimpleData name="features__id">node/5489548472</SimpleData>
</SchemaData>
</ExtendedData>
<Point>
<coordinates>77.67105460000001,12.91810720000001,0</coordinates>
</Point>
</Placemark>
<Placemark>
<styleUrl>#pointStyleMap</styleUrl><name>node/5489548473</name>
<ExtendedData>
<SchemaData schemaUrl="#S_Bellandur_HSR_SSSSSSDDS">
<SimpleData name="features__type">Feature</SimpleData>
<SimpleData name="features__properties___id">node/5489548473</SimpleData>
<SimpleData name="features__properties__highway">street_lamp</SimpleData>
<SimpleData name="features__properties__name">Street Lamp</SimpleData>
<SimpleData name="features__properties__working">no</SimpleData>
<SimpleData name="features__geometry__type">Point</SimpleData>
<SimpleData name="Longitude">77.6673</SimpleData>
<SimpleData name="Latitude">12.9197</SimpleData>
<SimpleData name="features__id">node/5489548473</SimpleData>
</SchemaData>
</ExtendedData>
<Point>
<coordinates>77.66733469999997,12.9196552,0</coordinates>
</Point>
</Placemark>
<Placemark>
<styleUrl>#pointStyleMap</styleUrl><name>node/5489548474</name>
<ExtendedData>
<SchemaData schemaUrl="#S_Bellandur_HSR_SSSSSSDDS">
<SimpleData name="features__type">Feature</SimpleData>
<SimpleData name="features__properties___id">node/5489548474</SimpleData>
<SimpleData name="features__properties__highway">street_lamp</SimpleData>
<SimpleData name="features__properties__name">Street Lamp</SimpleData>
<SimpleData name="features__properties__working">yes</SimpleData>
<SimpleData name="features__geometry__type">Point</SimpleData>
<SimpleData name="Longitude">77.6673</SimpleData>
<SimpleData name="Latitude">12.9216</SimpleData>
<SimpleData name="features__id">node/5489548474</SimpleData>
</SchemaData>
</ExtendedData>
<Point>
<coordinates>77.6672717,12.92155249999999,0</coordinates>
</Point>
</Placemark>
<Placemark>
<styleUrl>#pointStyleMap</styleUrl><name>node/5489548475</name>
<ExtendedData>
<SchemaData schemaUrl="#S_Bellandur_HSR_SSSSSSDDS">
<SimpleData name="features__type">Feature</SimpleData>
<SimpleData name="features__properties___id">node/5489548475</SimpleData>
<SimpleData name="features__properties__highway">street_lamp</SimpleData>
<SimpleData name="features__properties__name">Street Lamp</SimpleData>
<SimpleData name="features__properties__working">no</SimpleData>
<SimpleData name="features__geometry__type">Point</SimpleData>
<SimpleData name="Longitude">77.6702</SimpleData>
<SimpleData name="Latitude">12.9232</SimpleData>
<SimpleData name="features__id">node/5489548475</SimpleData>
</SchemaData>
</ExtendedData>
<Point>
<coordinates>77.67017980000004,12.92321,0</coordinates>
</Point>
</Placemark>
<Placemark>
<styleUrl>#pointStyleMap</styleUrl><name>node/5489548476</name>
<ExtendedData>
<SchemaData schemaUrl="#S_Bellandur_HSR_SSSSSSDDS">
<SimpleData name="features__type">Feature</SimpleData>
<SimpleData name="features__properties___id">node/5489548476</SimpleData>
<SimpleData name="features__properties__highway">street_lamp</SimpleData>
<SimpleData name="features__properties__name">Street Lamp</SimpleData>
<SimpleData name="features__properties__working">no</SimpleData>
<SimpleData name="features__geometry__type">Point</SimpleData>
<SimpleData name="Longitude">77.6731</SimpleData>
<SimpleData name="Latitude">12.9245</SimpleData>
<SimpleData name="features__id">node/5489548476</SimpleData>
</SchemaData>
</ExtendedData>
<Point>
<coordinates>77.67308430000004,12.92454150000001,0</coordinates>
</Point>
</Placemark>
<Placemark>
<styleUrl>#pointStyleMap</styleUrl><name>node/5489548478</name>
<ExtendedData>
<SchemaData schemaUrl="#S_Bellandur_HSR_SSSSSSDDS">
<SimpleData name="features__type">Feature</SimpleData>
<SimpleData name="features__properties___id">node/5489548478</SimpleData>
<SimpleData name="features__properties__highway">street_lamp</SimpleData>
<SimpleData name="features__properties__name">Street Lamp</SimpleData>
<SimpleData name="features__properties__working">no</SimpleData>
<SimpleData name="features__geometry__type">Point</SimpleData>
<SimpleData name="Longitude">77.685</SimpleData>
<SimpleData name="Latitude">12.9303</SimpleData>
<SimpleData name="features__id">node/5489548478</SimpleData>
</SchemaData>
</ExtendedData>
<Point>
<coordinates>77.68498339999996,12.93026679999999,0</coordinates>
</Point>
</Placemark>
<Placemark>
<styleUrl>#pointStyleMap</styleUrl><name>node/5489548479</name>
<ExtendedData>
<SchemaData schemaUrl="#S_Bellandur_HSR_SSSSSSDDS">
<SimpleData name="features__type">Feature</SimpleData>
<SimpleData name="features__properties___id">node/5489548479</SimpleData>
<SimpleData name="features__properties__highway">street_lamp</SimpleData>
<SimpleData name="features__properties__name">Street Lamp</SimpleData>
<SimpleData name="features__properties__working">no</SimpleData>
<SimpleData name="features__geometry__type">Point</SimpleData>
<SimpleData name="Longitude">77.6882</SimpleData>
<SimpleData name="Latitude">12.933</SimpleData>
<SimpleData name="features__id">node/5489548479</SimpleData>
</SchemaData>
</ExtendedData>
<Point>
<coordinates>77.68819310000002,12.93299799999999,0</coordinates>
</Point>
</Placemark>
<Placemark>
<styleUrl>#pointStyleMap</styleUrl><name>node/5489548480</name>
<ExtendedData>
<SchemaData schemaUrl="#S_Bellandur_HSR_SSSSSSDDS">
<SimpleData name="features__type">Feature</SimpleData>
<SimpleData name="features__properties___id">node/5489548480</SimpleData>
<SimpleData name="features__properties__highway">street_lamp</SimpleData>
<SimpleData name="features__properties__name">Street Lamp</SimpleData>
<SimpleData name="features__properties__working">no</SimpleData>
<SimpleData name="features__geometry__type">Point</SimpleData>
<SimpleData name="Longitude">77.6911</SimpleData>
<SimpleData name="Latitude">12.9357</SimpleData>
<SimpleData name="features__id">node/5489548480</SimpleData>
</SchemaData>
</ExtendedData>
<Point>
<coordinates>77.69108219999998,12.93565410000001,0</coordinates>
</Point>
</Placemark>
<Placemark>
<styleUrl>#pointStyleMap</styleUrl><name>node/5489548481</name>
<ExtendedData>
<SchemaData schemaUrl="#S_Bellandur_HSR_SSSSSSDDS">
<SimpleData name="features__type">Feature</SimpleData>
<SimpleData name="features__properties___id">node/5489548481</SimpleData>
<SimpleData name="features__properties__highway">street_lamp</SimpleData>
<SimpleData name="features__properties__name">Street Lamp</SimpleData>
<SimpleData name="features__properties__working">no</SimpleData>
<SimpleData name="features__geometry__type">Point</SimpleData>
<SimpleData name="Longitude">77.6945</SimpleData>
<SimpleData name="Latitude">12.9389</SimpleData>
<SimpleData name="features__id">node/5489548481</SimpleData>
</SchemaData>
</ExtendedData>
<Point>
<coordinates>77.6945449,12.93888689999999,0</coordinates>
</Point>
</Placemark>
<Placemark>
<styleUrl>#pointStyleMap</styleUrl><name>node/5489548482</name>
<ExtendedData>
<SchemaData schemaUrl="#S_Bellandur_HSR_SSSSSSDDS">
<SimpleData name="features__type">Feature</SimpleData>
<SimpleData name="features__properties___id">node/5489548482</SimpleData>
<SimpleData name="features__properties__highway">street_lamp</SimpleData>
<SimpleData name="features__properties__name">Street Lamp</SimpleData>
<SimpleData name="features__properties__working">no</SimpleData>
<SimpleData name="features__geometry__type">Point</SimpleData>
<SimpleData name="Longitude">77.6926</SimpleData>
<SimpleData name="Latitude">12.9366</SimpleData>
<SimpleData name="features__id">node/5489548482</SimpleData>
</SchemaData>
</ExtendedData>
<Point>
<coordinates>77.69256550000001,12.9365563,0</coordinates>
</Point>
</Placemark>
<Placemark>
<styleUrl>#pointStyleMap</styleUrl><name>node/5489548483</name>
<ExtendedData>
<SchemaData schemaUrl="#S_Bellandur_HSR_SSSSSSDDS">
<SimpleData name="features__type">Feature</SimpleData>
<SimpleData name="features__properties___id">node/5489548483</SimpleData>
<SimpleData name="features__properties__highway">street_lamp</SimpleData>
<SimpleData name="features__properties__name">Street Lamp</SimpleData>
<SimpleData name="features__properties__working">yes</SimpleData>
<SimpleData name="features__geometry__type">Point</SimpleData>
<SimpleData name="Longitude">77.6896</SimpleData>
<SimpleData name="Latitude">12.9339</SimpleData>
<SimpleData name="features__id">node/5489548483</SimpleData>
</SchemaData>
</ExtendedData>
<Point>
<coordinates>77.68962710000001,12.93385770000002,0</coordinates>
</Point>
</Placemark>
<Placemark>
<styleUrl>#pointStyleMap</styleUrl><name>node/5489548484</name>
<ExtendedData>
<SchemaData schemaUrl="#S_Bellandur_HSR_SSSSSSDDS">
<SimpleData name="features__type">Feature</SimpleData>
<SimpleData name="features__properties___id">node/5489548484</SimpleData>
<SimpleData name="features__properties__highway">street_lamp</SimpleData>
<SimpleData name="features__properties__name">Street Lamp</SimpleData>
<SimpleData name="features__properties__working">yes</SimpleData>
<SimpleData name="features__geometry__type">Point</SimpleData>
<SimpleData name="Longitude">77.6867</SimpleData>
<SimpleData name="Latitude">12.9312</SimpleData>
<SimpleData name="features__id">node/5489548484</SimpleData>
</SchemaData>
</ExtendedData>
<Point>
<coordinates>77.68674520000002,12.93124430000001,0</coordinates>
</Point>
</Placemark>
<Placemark>
<styleUrl>#pointStyleMap</styleUrl><name>node/5489548485</name>
<ExtendedData>
<SchemaData schemaUrl="#S_Bellandur_HSR_SSSSSSDDS">
<SimpleData name="features__type">Feature</SimpleData>
<SimpleData name="features__properties___id">node/5489548485</SimpleData>
<SimpleData name="features__properties__highway">street_lamp</SimpleData>
<SimpleData name="features__properties__name">Street Lamp</SimpleData>
<SimpleData name="features__properties__working">yes</SimpleData>
<SimpleData name="features__geometry__type">Point</SimpleData>
<SimpleData name="Longitude">77.683</SimpleData>
<SimpleData name="Latitude">12.9288</SimpleData>
<SimpleData name="features__id">node/5489548485</SimpleData>
</SchemaData>
</ExtendedData>
<Point>
<coordinates>77.6829535,12.92884599999998,0</coordinates>
</Point>
</Placemark>
<Placemark>
<styleUrl>#pointStyleMap</styleUrl><name>node/5489548486</name>
<ExtendedData>
<SchemaData schemaUrl="#S_Bellandur_HSR_SSSSSSDDS">
<SimpleData name="features__type">Feature</SimpleData>
<SimpleData name="features__properties___id">node/5489548486</SimpleData>
<SimpleData name="features__properties__highway">street_lamp</SimpleData>
<SimpleData name="features__properties__name">Street Lamp</SimpleData>
<SimpleData name="features__properties__working">no</SimpleData>
<SimpleData name="features__geometry__type">Point</SimpleData>
<SimpleData name="Longitude">77.6773</SimpleData>
<SimpleData name="Latitude">12.9262</SimpleData>
<SimpleData name="features__id">node/5489548486</SimpleData>
</SchemaData>
</ExtendedData>
<Point>
<coordinates>77.6772666,12.92616169999998,0</coordinates>
</Point>
</Placemark>
<Placemark>
<styleUrl>#pointStyleMap</styleUrl><name>node/5489548487</name>
<ExtendedData>
<SchemaData schemaUrl="#S_Bellandur_HSR_SSSSSSDDS">
<SimpleData name="features__type">Feature</SimpleData>
<SimpleData name="features__properties___id">node/5489548487</SimpleData>
<SimpleData name="features__properties__highway">street_lamp</SimpleData>
<SimpleData name="features__properties__name">Street Lamp</SimpleData>
<SimpleData name="features__properties__working">no</SimpleData>
<SimpleData name="features__geometry__type">Point</SimpleData>
<SimpleData name="Longitude">77.6732</SimpleData>
<SimpleData name="Latitude">12.9242</SimpleData>
<SimpleData name="features__id">node/5489548487</SimpleData>
</SchemaData>
</ExtendedData>
<Point>
<coordinates>77.67323120000005,12.92423199999999,0</coordinates>
</Point>
</Placemark>
<Placemark>
<styleUrl>#pointStyleMap</styleUrl><name>node/5489548488</name>
<ExtendedData>
<SchemaData schemaUrl="#S_Bellandur_HSR_SSSSSSDDS">
<SimpleData name="features__type">Feature</SimpleData>
<SimpleData name="features__properties___id">node/5489548488</SimpleData>
<SimpleData name="features__properties__highway">street_lamp</SimpleData>
<SimpleData name="features__properties__name">Street Lamp</SimpleData>
<SimpleData name="features__properties__working">no</SimpleData>
<SimpleData name="features__geometry__type">Point</SimpleData>
<SimpleData name="Longitude">77.6696</SimpleData>
<SimpleData name="Latitude">12.9226</SimpleData>
<SimpleData name="features__id">node/5489548488</SimpleData>
</SchemaData>
</ExtendedData>
<Point>
<coordinates>77.6696116,12.9225748,0</coordinates>
</Point>
</Placemark>
<Placemark>
<styleUrl>#pointStyleMap</styleUrl><name>node/5489548489</name>
<ExtendedData>
<SchemaData schemaUrl="#S_Bellandur_HSR_SSSSSSDDS">
<SimpleData name="features__type">Feature</SimpleData>
<SimpleData name="features__properties___id">node/5489548489</SimpleData>
<SimpleData name="features__properties__highway">street_lamp</SimpleData>
<SimpleData name="features__properties__name">Street Lamp</SimpleData>
<SimpleData name="features__properties__working">no</SimpleData>
<SimpleData name="features__geometry__type">Point</SimpleData>
<SimpleData name="Longitude">77.6764</SimpleData>
<SimpleData name="Latitude">12.9261</SimpleData>
<SimpleData name="features__id">node/5489548489</SimpleData>
</SchemaData>
</ExtendedData>
<Point>
<coordinates>77.67636800000002,12.92611880000003,0</coordinates>
</Point>
</Placemark>
<Placemark>
<styleUrl>#pointStyleMap</styleUrl><name>node/5489548490</name>
<ExtendedData>
<SchemaData schemaUrl="#S_Bellandur_HSR_SSSSSSDDS">
<SimpleData name="features__type">Feature</SimpleData>
<SimpleData name="features__properties___id">node/5489548490</SimpleData>
<SimpleData name="features__properties__highway">street_lamp</SimpleData>
<SimpleData name="features__properties__name">Street Lamp</SimpleData>
<SimpleData name="features__properties__working">yes</SimpleData>
<SimpleData name="features__geometry__type">Point</SimpleData>
<SimpleData name="Longitude">77.6763</SimpleData>
<SimpleData name="Latitude">12.9144</SimpleData>
<SimpleData name="features__id">node/5489548490</SimpleData>
</SchemaData>
</ExtendedData>
<Point>
<coordinates>77.6762686,12.91436749999998,0</coordinates>
</Point>
</Placemark>
<Placemark>
<styleUrl>#pointStyleMap</styleUrl><name>node/5489548491</name>
<ExtendedData>
<SchemaData schemaUrl="#S_Bellandur_HSR_SSSSSSDDS">
<SimpleData name="features__type">Feature</SimpleData>
<SimpleData name="features__properties___id">node/5489548491</SimpleData>
<SimpleData name="features__properties__highway">street_lamp</SimpleData>
<SimpleData name="features__properties__name">Street Lamp</SimpleData>
<SimpleData name="features__properties__working">yes</SimpleData>
<SimpleData name="features__geometry__type">Point</SimpleData>
<SimpleData name="Longitude">77.6718</SimpleData>
<SimpleData name="Latitude">12.9177</SimpleData>
<SimpleData name="features__id">node/5489548491</SimpleData>
</SchemaData>
</ExtendedData>
<Point>
<coordinates>77.67182370000002,12.91773000000002,0</coordinates>
</Point>
</Placemark>
<Placemark>
<styleUrl>#pointStyleMap</styleUrl><name>node/5489548493</name>
<ExtendedData>
<SchemaData schemaUrl="#S_Bellandur_HSR_SSSSSSDDS">
<SimpleData name="features__type">Feature</SimpleData>
<SimpleData name="features__properties___id">node/5489548493</SimpleData>
<SimpleData name="features__properties__highway">street_lamp</SimpleData>
<SimpleData name="features__properties__name">Street Lamp</SimpleData>
<SimpleData name="features__properties__working">yes</SimpleData>
<SimpleData name="features__geometry__type">Point</SimpleData>
<SimpleData name="Longitude">77.6667</SimpleData>
<SimpleData name="Latitude">12.9213</SimpleData>
<SimpleData name="features__id">node/5489548493</SimpleData>
</SchemaData>
</ExtendedData>
<Point>
<coordinates>77.6666553,12.92125879999999,0</coordinates>
</Point>
</Placemark>
<Placemark>
<styleUrl>#pointStyleMap</styleUrl><name>node/5489548494</name>
<ExtendedData>
<SchemaData schemaUrl="#S_Bellandur_HSR_SSSSSSDDS">
<SimpleData name="features__type">Feature</SimpleData>
<SimpleData name="features__properties___id">node/5489548494</SimpleData>
<SimpleData name="features__properties__highway">street_lamp</SimpleData>
<SimpleData name="features__properties__name">Street Lamp</SimpleData>
<SimpleData name="features__properties__working">no</SimpleData>
<SimpleData name="features__geometry__type">Point</SimpleData>
<SimpleData name="Longitude">77.6695</SimpleData>
<SimpleData name="Latitude">12.9229</SimpleData>
<SimpleData name="features__id">node/5489548494</SimpleData>
</SchemaData>
</ExtendedData>
<Point>
<coordinates>77.66950409999997,12.922883,0</coordinates>
</Point>
</Placemark>
<Placemark>
<styleUrl>#pointStyleMap</styleUrl><name>node/5489548495</name>
<ExtendedData>
<SchemaData schemaUrl="#S_Bellandur_HSR_SSSSSSDDS">
<SimpleData name="features__type">Feature</SimpleData>
<SimpleData name="features__properties___id">node/5489548495</SimpleData>
<SimpleData name="features__properties__highway">street_lamp</SimpleData>
<SimpleData name="features__properties__name">Street Lamp</SimpleData>
<SimpleData name="features__properties__working">no</SimpleData>
<SimpleData name="features__geometry__type">Point</SimpleData>
<SimpleData name="Longitude">77.6725</SimpleData>
<SimpleData name="Latitude">12.9242</SimpleData>
<SimpleData name="features__id">node/5489548495</SimpleData>
</SchemaData>
</ExtendedData>
<Point>
<coordinates>77.67245120000001,12.9242462,0</coordinates>
</Point>
</Placemark>
<Placemark>
<styleUrl>#pointStyleMap</styleUrl><name>node/5489548496</name>
<ExtendedData>
<SchemaData schemaUrl="#S_Bellandur_HSR_SSSSSSDDS">
<SimpleData name="features__type">Feature</SimpleData>
<SimpleData name="features__properties___id">node/5489548496</SimpleData>
<SimpleData name="features__properties__highway">street_lamp</SimpleData>
<SimpleData name="features__properties__name">Street Lamp</SimpleData>
<SimpleData name="features__properties__working">no</SimpleData>
<SimpleData name="features__geometry__type">Point</SimpleData>
<SimpleData name="Longitude">77.6813</SimpleData>
<SimpleData name="Latitude">12.9285</SimpleData>
<SimpleData name="features__id">node/5489548496</SimpleData>
</SchemaData>
</ExtendedData>
<Point>
<coordinates>77.68132179999996,12.9284657,0</coordinates>
</Point>
</Placemark>
<Placemark>
<styleUrl>#pointStyleMap</styleUrl><name>node/5489548497</name>
<ExtendedData>
<SchemaData schemaUrl="#S_Bellandur_HSR_SSSSSSDDS">
<SimpleData name="features__type">Feature</SimpleData>
<SimpleData name="features__properties___id">node/5489548497</SimpleData>
<SimpleData name="features__properties__highway">street_lamp</SimpleData>
<SimpleData name="features__properties__name">Street Lamp</SimpleData>
<SimpleData name="features__properties__working">no</SimpleData>
<SimpleData name="features__geometry__type">Point</SimpleData>
<SimpleData name="Longitude">77.6842</SimpleData>
<SimpleData name="Latitude">12.9299</SimpleData>
<SimpleData name="features__id">node/5489548497</SimpleData>
</SchemaData>
</ExtendedData>
<Point>
<coordinates>77.68424600000002,12.92987480000001,0</coordinates>
</Point>
</Placemark>
<Placemark>
<styleUrl>#pointStyleMap</styleUrl><name>node/5489548498</name>
<ExtendedData>
<SchemaData schemaUrl="#S_Bellandur_HSR_SSSSSSDDS">
<SimpleData name="features__type">Feature</SimpleData>
<SimpleData name="features__properties___id">node/5489548498</SimpleData>
<SimpleData name="features__properties__highway">street_lamp</SimpleData>
<SimpleData name="features__properties__name">Street Lamp</SimpleData>
<SimpleData name="features__properties__working">no</SimpleData>
<SimpleData name="features__geometry__type">Point</SimpleData>
<SimpleData name="Longitude">77.6877</SimpleData>
<SimpleData name="Latitude">12.9325</SimpleData>
<SimpleData name="features__id">node/5489548498</SimpleData>
</SchemaData>
</ExtendedData>
<Point>
<coordinates>77.68765570000001,12.93251499999999,0</coordinates>
</Point>
</Placemark>
<Placemark>
<styleUrl>#pointStyleMap</styleUrl><name>node/5489548499</name>
<ExtendedData>
<SchemaData schemaUrl="#S_Bellandur_HSR_SSSSSSDDS">
<SimpleData name="features__type">Feature</SimpleData>
<SimpleData name="features__properties___id">node/5489548499</SimpleData>
<SimpleData name="features__properties__highway">street_lamp</SimpleData>
<SimpleData name="features__properties__name">Street Lamp</SimpleData>
<SimpleData name="features__properties__working">no</SimpleData>
<SimpleData name="features__geometry__type">Point</SimpleData>
<SimpleData name="Longitude">77.6905</SimpleData>
<SimpleData name="Latitude">12.9352</SimpleData>
<SimpleData name="features__id">node/5489548499</SimpleData>
</SchemaData>
</ExtendedData>
<Point>
<coordinates>77.69049270000001,12.93519589999999,0</coordinates>
</Point>
</Placemark>
<Placemark>
<styleUrl>#pointStyleMap</styleUrl><name>node/5489548500</name>
<ExtendedData>
<SchemaData schemaUrl="#S_Bellandur_HSR_SSSSSSDDS">
<SimpleData name="features__type">Feature</SimpleData>
<SimpleData name="features__properties___id">node/5489548500</SimpleData>
<SimpleData name="features__properties__highway">street_lamp</SimpleData>
<SimpleData name="features__properties__name">Street Lamp</SimpleData>
<SimpleData name="features__properties__working">no</SimpleData>
<SimpleData name="features__geometry__type">Point</SimpleData>
<SimpleData name="Longitude">77.694</SimpleData>
<SimpleData name="Latitude">12.9383</SimpleData>
<SimpleData name="features__id">node/5489548500</SimpleData>
</SchemaData>
</ExtendedData>
<Point>
<coordinates>77.69399269999995,12.93832789999998,0</coordinates>
</Point>
</Placemark>
<Placemark>
<styleUrl>#pointStyleMap</styleUrl><name>node/5489548501</name>
<ExtendedData>
<SchemaData schemaUrl="#S_Bellandur_HSR_SSSSSSDDS">
<SimpleData name="features__type">Feature</SimpleData>
<SimpleData name="features__properties___id">node/5489548501</SimpleData>
<SimpleData name="features__properties__highway">street_lamp</SimpleData>
<SimpleData name="features__properties__name">Street Lamp</SimpleData>
<SimpleData name="features__properties__working">no</SimpleData>
<SimpleData name="features__geometry__type">Point</SimpleData>
<SimpleData name="Longitude">77.6931</SimpleData>
<SimpleData name="Latitude">12.937</SimpleData>
<SimpleData name="features__id">node/5489548501</SimpleData>
</SchemaData>
</ExtendedData>
<Point>
<coordinates>77.69309920000001,12.93703859999998,0</coordinates>
</Point>
</Placemark>
<Placemark>
<styleUrl>#pointStyleMap</styleUrl><name>node/5489548502</name>
<ExtendedData>
<SchemaData schemaUrl="#S_Bellandur_HSR_SSSSSSDDS">
<SimpleData name="features__type">Feature</SimpleData>
<SimpleData name="features__properties___id">node/5489548502</SimpleData>
<SimpleData name="features__properties__highway">street_lamp</SimpleData>
<SimpleData name="features__properties__name">Street Lamp</SimpleData>
<SimpleData name="features__properties__working">yes</SimpleData>
<SimpleData name="features__geometry__type">Point</SimpleData>
<SimpleData name="Longitude">77.6902</SimpleData>
<SimpleData name="Latitude">12.9344</SimpleData>
<SimpleData name="features__id">node/5489548502</SimpleData>
</SchemaData>
</ExtendedData>
<Point>
<coordinates>77.69019249999995,12.93438890000001,0</coordinates>
</Point>
</Placemark>
<Placemark>
<styleUrl>#pointStyleMap</styleUrl><name>node/5489548503</name>
<ExtendedData>
<SchemaData schemaUrl="#S_Bellandur_HSR_SSSSSSDDS">
<SimpleData name="features__type">Feature</SimpleData>
<SimpleData name="features__properties___id">node/5489548503</SimpleData>
<SimpleData name="features__properties__highway">street_lamp</SimpleData>
<SimpleData name="features__properties__name">Street Lamp</SimpleData>
<SimpleData name="features__properties__working">no</SimpleData>
<SimpleData name="features__geometry__type">Point</SimpleData>
<SimpleData name="Longitude">77.6872</SimpleData>
<SimpleData name="Latitude">12.9317</SimpleData>
<SimpleData name="features__id">node/5489548503</SimpleData>
</SchemaData>
</ExtendedData>
<Point>
<coordinates>77.68722780000002,12.93169649999998,0</coordinates>
</Point>
</Placemark>
<Placemark>
<styleUrl>#pointStyleMap</styleUrl><name>node/5489548504</name>
<ExtendedData>
<SchemaData schemaUrl="#S_Bellandur_HSR_SSSSSSDDS">
<SimpleData name="features__type">Feature</SimpleData>
<SimpleData name="features__properties___id">node/5489548504</SimpleData>
<SimpleData name="features__properties__highway">street_lamp</SimpleData>
<SimpleData name="features__properties__name">Street Lamp</SimpleData>
<SimpleData name="features__properties__working">no</SimpleData>
<SimpleData name="features__geometry__type">Point</SimpleData>
<SimpleData name="Longitude">77.6837</SimpleData>
<SimpleData name="Latitude">12.9292</SimpleData>
<SimpleData name="features__id">node/5489548504</SimpleData>
</SchemaData>
</ExtendedData>
<Point>
<coordinates>77.68369180000001,12.92918549999997,0</coordinates>
</Point>
</Placemark>
<Placemark>
<styleUrl>#pointStyleMap</styleUrl><name>node/5489548505</name>
<ExtendedData>
<SchemaData schemaUrl="#S_Bellandur_HSR_SSSSSSDDS">
<SimpleData name="features__type">Feature</SimpleData>
<SimpleData name="features__properties___id">node/5489548505</SimpleData>
<SimpleData name="features__properties__highway">street_lamp</SimpleData>
<SimpleData name="features__properties__name">Street Lamp</SimpleData>
<SimpleData name="features__properties__working">no</SimpleData>
<SimpleData name="features__geometry__type">Point</SimpleData>
<SimpleData name="Longitude">77.678</SimpleData>
<SimpleData name="Latitude">12.9265</SimpleData>
<SimpleData name="features__id">node/5489548505</SimpleData>
</SchemaData>
</ExtendedData>
<Point>
<coordinates>77.6780318,12.9264953,0</coordinates>
</Point>
</Placemark>
<Placemark>
<styleUrl>#pointStyleMap</styleUrl><name>node/5489548506</name>
<ExtendedData>
<SchemaData schemaUrl="#S_Bellandur_HSR_SSSSSSDDS">
<SimpleData name="features__type">Feature</SimpleData>
<SimpleData name="features__properties___id">node/5489548506</SimpleData>
<SimpleData name="features__properties__highway">street_lamp</SimpleData>
<SimpleData name="features__properties__name">Street Lamp</SimpleData>
<SimpleData name="features__properties__working">no</SimpleData>
<SimpleData name="features__geometry__type">Point</SimpleData>
<SimpleData name="Longitude">77.6741</SimpleData>
<SimpleData name="Latitude">12.9246</SimpleData>
<SimpleData name="features__id">node/5489548506</SimpleData>
</SchemaData>
</ExtendedData>
<Point>
<coordinates>77.67412360000002,12.92463820000002,0</coordinates>
</Point>
</Placemark>
<Placemark>
<styleUrl>#pointStyleMap</styleUrl><name>node/5489548507</name>
<ExtendedData>
<SchemaData schemaUrl="#S_Bellandur_HSR_SSSSSSDDS">
<SimpleData name="features__type">Feature</SimpleData>
<SimpleData name="features__properties___id">node/5489548507</SimpleData>
<SimpleData name="features__properties__highway">street_lamp</SimpleData>
<SimpleData name="features__properties__name">Street Lamp</SimpleData>
<SimpleData name="features__properties__working">no</SimpleData>
<SimpleData name="features__geometry__type">Point</SimpleData>
<SimpleData name="Longitude">77.6703</SimpleData>
<SimpleData name="Latitude">12.9229</SimpleData>
<SimpleData name="features__id">node/5489548507</SimpleData>
</SchemaData>
</ExtendedData>
<Point>
<coordinates>77.6702614,12.92286430000001,0</coordinates>
</Point>
</Placemark>
<Placemark>
<styleUrl>#pointStyleMap</styleUrl><name>node/5489548508</name>
<ExtendedData>
<SchemaData schemaUrl="#S_Bellandur_HSR_SSSSSSDDS">
<SimpleData name="features__type">Feature</SimpleData>
<SimpleData name="features__properties___id">node/5489548508</SimpleData>
<SimpleData name="features__properties__highway">street_lamp</SimpleData>
<SimpleData name="features__properties__name">Street Lamp</SimpleData>
<SimpleData name="features__properties__working">no</SimpleData>
<SimpleData name="features__geometry__type">Point</SimpleData>
<SimpleData name="Longitude">77.6756</SimpleData>
<SimpleData name="Latitude">12.9257</SimpleData>
<SimpleData name="features__id">node/5489548508</SimpleData>
</SchemaData>
</ExtendedData>
<Point>
<coordinates>77.67563450000002,12.92574639999999,0</coordinates>
</Point>
</Placemark>
<Placemark>
<styleUrl>#pointStyleMap</styleUrl><name>node/5489548509</name>
<ExtendedData>
<SchemaData schemaUrl="#S_Bellandur_HSR_SSSSSSDDS">
<SimpleData name="features__type">Feature</SimpleData>
<SimpleData name="features__properties___id">node/5489548509</SimpleData>
<SimpleData name="features__properties__highway">street_lamp</SimpleData>
<SimpleData name="features__properties__name">Street Lamp</SimpleData>
<SimpleData name="features__properties__working">yes</SimpleData>
<SimpleData name="features__geometry__type">Point</SimpleData>
<SimpleData name="Longitude">77.6726</SimpleData>
<SimpleData name="Latitude">12.9173</SimpleData>
<SimpleData name="features__id">node/5489548509</SimpleData>
</SchemaData>
</ExtendedData>
<Point>
<coordinates>77.67261559999999,12.91732379999998,0</coordinates>
</Point>
</Placemark>
<Placemark>
<styleUrl>#pointStyleMap</styleUrl><name>node/5489548510</name>
<ExtendedData>
<SchemaData schemaUrl="#S_Bellandur_HSR_SSSSSSDDS">
<SimpleData name="features__type">Feature</SimpleData>
<SimpleData name="features__properties___id">node/5489548510</SimpleData>
<SimpleData name="features__properties__highway">street_lamp</SimpleData>
<SimpleData name="features__properties__name">Street Lamp</SimpleData>
<SimpleData name="features__properties__working">no</SimpleData>
<SimpleData name="features__geometry__type">Point</SimpleData>
<SimpleData name="Longitude">77.6687</SimpleData>
<SimpleData name="Latitude">12.919</SimpleData>
<SimpleData name="features__id">node/5489548510</SimpleData>
</SchemaData>
</ExtendedData>
<Point>
<coordinates>77.66868210000003,12.91895269999999,0</coordinates>
</Point>
</Placemark>
<Placemark>
<styleUrl>#pointStyleMap</styleUrl><name>node/5489548511</name>
<ExtendedData>
<SchemaData schemaUrl="#S_Bellandur_HSR_SSSSSSDDS">
<SimpleData name="features__type">Feature</SimpleData>
<SimpleData name="features__properties___id">node/5489548511</SimpleData>
<SimpleData name="features__properties__highway">street_lamp</SimpleData>
<SimpleData name="features__properties__name">Street Lamp</SimpleData>
<SimpleData name="features__properties__working">no</SimpleData>
<SimpleData name="features__geometry__type">Point</SimpleData>
<SimpleData name="Longitude">77.6661</SimpleData>
<SimpleData name="Latitude">12.921</SimpleData>
<SimpleData name="features__id">node/5489548511</SimpleData>
</SchemaData>
</ExtendedData>
<Point>
<coordinates>77.66610760000005,12.9210035,0</coordinates>
</Point>
</Placemark>
<Placemark>
<styleUrl>#pointStyleMap</styleUrl><name>node/5489548512</name>
<ExtendedData>
<SchemaData schemaUrl="#S_Bellandur_HSR_SSSSSSDDS">
<SimpleData name="features__type">Feature</SimpleData>
<SimpleData name="features__properties___id">node/5489548512</SimpleData>
<SimpleData name="features__properties__highway">street_lamp</SimpleData>
<SimpleData name="features__properties__name">Street Lamp</SimpleData>
<SimpleData name="features__properties__working">no</SimpleData>
<SimpleData name="features__geometry__type">Point</SimpleData>
<SimpleData name="Longitude">77.6689</SimpleData>
<SimpleData name="Latitude">12.9226</SimpleData>
<SimpleData name="features__id">node/5489548512</SimpleData>
</SchemaData>
</ExtendedData>
<Point>
<coordinates>77.66885450000002,12.92259150000002,0</coordinates>
</Point>
</Placemark>
<Placemark>
<styleUrl>#pointStyleMap</styleUrl><name>node/5489548513</name>
<ExtendedData>
<SchemaData schemaUrl="#S_Bellandur_HSR_SSSSSSDDS">
<SimpleData name="features__type">Feature</SimpleData>
<SimpleData name="features__properties___id">node/5489548513</SimpleData>
<SimpleData name="features__properties__highway">street_lamp</SimpleData>
<SimpleData name="features__properties__name">Street Lamp</SimpleData>
<SimpleData name="features__properties__working">no</SimpleData>
<SimpleData name="features__geometry__type">Point</SimpleData>
<SimpleData name="Longitude">77.6717</SimpleData>
<SimpleData name="Latitude">12.9239</SimpleData>
<SimpleData name="features__id">node/5489548513</SimpleData>
</SchemaData>
</ExtendedData>
<Point>
<coordinates>77.67169949999997,12.92390580000001,0</coordinates>
</Point>
</Placemark>
<Placemark>
<styleUrl>#pointStyleMap</styleUrl><name>node/5489548514</name>
<ExtendedData>
<SchemaData schemaUrl="#S_Bellandur_HSR_SSSSSSDDS">
<SimpleData name="features__type">Feature</SimpleData>
<SimpleData name="features__properties___id">node/5489548514</SimpleData>
<SimpleData name="features__properties__highway">street_lamp</SimpleData>
<SimpleData name="features__properties__name">Street Lamp</SimpleData>
<SimpleData name="features__properties__working">no</SimpleData>
<SimpleData name="features__geometry__type">Point</SimpleData>
<SimpleData name="Longitude">77.6806</SimpleData>
<SimpleData name="Latitude">12.9281</SimpleData>
<SimpleData name="features__id">node/5489548514</SimpleData>
</SchemaData>
</ExtendedData>
<Point>
<coordinates>77.68056780000001,12.92810680000001,0</coordinates>
</Point>
</Placemark>
<Placemark>
<styleUrl>#pointStyleMap</styleUrl><name>node/5489548515</name>
<ExtendedData>
<SchemaData schemaUrl="#S_Bellandur_HSR_SSSSSSDDS">
<SimpleData name="features__type">Feature</SimpleData>
<SimpleData name="features__properties___id">node/5489548515</SimpleData>
<SimpleData name="features__properties__highway">street_lamp</SimpleData>
<SimpleData name="features__properties__name">Street Lamp</SimpleData>
<SimpleData name="features__properties__working">no</SimpleData>
<SimpleData name="features__geometry__type">Point</SimpleData>
<SimpleData name="Longitude">77.6835</SimpleData>
<SimpleData name="Latitude">12.9295</SimpleData>
<SimpleData name="features__id">node/5489548515</SimpleData>
</SchemaData>
</ExtendedData>
<Point>
<coordinates>77.68353869999997,12.92954399999998,0</coordinates>
</Point>
</Placemark>
<Placemark>
<styleUrl>#pointStyleMap</styleUrl><name>node/5489548516</name>
<ExtendedData>
<SchemaData schemaUrl="#S_Bellandur_HSR_SSSSSSDDS">
<SimpleData name="features__type">Feature</SimpleData>
<SimpleData name="features__properties___id">node/5489548516</SimpleData>
<SimpleData name="features__properties__highway">street_lamp</SimpleData>
<SimpleData name="features__properties__name">Street Lamp</SimpleData>
<SimpleData name="features__properties__working">no</SimpleData>
<SimpleData name="features__geometry__type">Point</SimpleData>
<SimpleData name="Longitude">77.6871</SimpleData>
<SimpleData name="Latitude">12.932</SimpleData>
<SimpleData name="features__id">node/5489548516</SimpleData>
</SchemaData>
</ExtendedData>
<Point>
<coordinates>77.68709790000001,12.93201359999999,0</coordinates>
</Point>
</Placemark>
<Placemark>
<styleUrl>#pointStyleMap</styleUrl><name>node/5489548517</name>
<ExtendedData>
<SchemaData schemaUrl="#S_Bellandur_HSR_SSSSSSDDS">
<SimpleData name="features__type">Feature</SimpleData>
<SimpleData name="features__properties___id">node/5489548517</SimpleData>
<SimpleData name="features__properties__highway">street_lamp</SimpleData>
<SimpleData name="features__properties__name">Street Lamp</SimpleData>
<SimpleData name="features__properties__working">no</SimpleData>
<SimpleData name="features__geometry__type">Point</SimpleData>
<SimpleData name="Longitude">77.69</SimpleData>
<SimpleData name="Latitude">12.9347</SimpleData>
<SimpleData name="features__id">node/5489548517</SimpleData>
</SchemaData>
</ExtendedData>
<Point>
<coordinates>77.69000670000004,12.93468600000001,0</coordinates>
</Point>
</Placemark>
<Placemark>
<styleUrl>#pointStyleMap</styleUrl><name>node/5489548518</name>
<ExtendedData>
<SchemaData schemaUrl="#S_Bellandur_HSR_SSSSSSDDS">
<SimpleData name="features__type">Feature</SimpleData>
<SimpleData name="features__properties___id">node/5489548518</SimpleData>
<SimpleData name="features__properties__highway">street_lamp</SimpleData>
<SimpleData name="features__properties__name">Street Lamp</SimpleData>
<SimpleData name="features__properties__working">no</SimpleData>
<SimpleData name="features__geometry__type">Point</SimpleData>
<SimpleData name="Longitude">77.6933</SimpleData>
<SimpleData name="Latitude">12.9377</SimpleData>
<SimpleData name="features__id">node/5489548518</SimpleData>
</SchemaData>
</ExtendedData>
<Point>
<coordinates>77.69331999999997,12.93771140000001,0</coordinates>
</Point>
</Placemark>
<Placemark>
<styleUrl>#pointStyleMap</styleUrl><name>node/5489548519</name>
<ExtendedData>
<SchemaData schemaUrl="#S_Bellandur_HSR_SSSSSSDDS">
<SimpleData name="features__type">Feature</SimpleData>
<SimpleData name="features__properties___id">node/5489548519</SimpleData>
<SimpleData name="features__properties__highway">street_lamp</SimpleData>
<SimpleData name="features__properties__name">Street Lamp</SimpleData>
<SimpleData name="features__properties__working">no</SimpleData>
<SimpleData name="features__geometry__type">Point</SimpleData>
<SimpleData name="Longitude">77.6937</SimpleData>
<SimpleData name="Latitude">12.9376</SimpleData>
<SimpleData name="features__id">node/5489548519</SimpleData>
</SchemaData>
</ExtendedData>
<Point>
<coordinates>77.6936966,12.93758059999998,0</coordinates>
</Point>
</Placemark>
<Placemark>
<styleUrl>#pointStyleMap</styleUrl><name>node/5489548520</name>
<ExtendedData>
<SchemaData schemaUrl="#S_Bellandur_HSR_SSSSSSDDS">
<SimpleData name="features__type">Feature</SimpleData>
<SimpleData name="features__properties___id">node/5489548520</SimpleData>
<SimpleData name="features__properties__highway">street_lamp</SimpleData>
<SimpleData name="features__properties__name">Street Lamp</SimpleData>
<SimpleData name="features__properties__working">no</SimpleData>
<SimpleData name="features__geometry__type">Point</SimpleData>
<SimpleData name="Longitude">77.6909</SimpleData>
<SimpleData name="Latitude">12.9351</SimpleData>
<SimpleData name="features__id">node/5489548520</SimpleData>
</SchemaData>
</ExtendedData>
<Point>
<coordinates>77.6909443,12.93506679999998,0</coordinates>
</Point>
</Placemark>
<Placemark>
<styleUrl>#pointStyleMap</styleUrl><name>node/5489548721</name>
<ExtendedData>
<SchemaData schemaUrl="#S_Bellandur_HSR_SSSSSSDDS">
<SimpleData name="features__type">Feature</SimpleData>
<SimpleData name="features__properties___id">node/5489548721</SimpleData>
<SimpleData name="features__properties__highway">street_lamp</SimpleData>
<SimpleData name="features__properties__name">Street Lamp</SimpleData>
<SimpleData name="features__properties__working">no</SimpleData>
<SimpleData name="features__geometry__type">Point</SimpleData>
<SimpleData name="Longitude">77.6879</SimpleData>
<SimpleData name="Latitude">12.9323</SimpleData>
<SimpleData name="features__id">node/5489548721</SimpleData>
</SchemaData>
</ExtendedData>
<Point>
<coordinates>77.68786969999996,12.93226559999998,0</coordinates>
</Point>
</Placemark>
<Placemark>
<styleUrl>#pointStyleMap</styleUrl><name>node/5489548722</name>
<ExtendedData>
<SchemaData schemaUrl="#S_Bellandur_HSR_SSSSSSDDS">
<SimpleData name="features__type">Feature</SimpleData>
<SimpleData name="features__properties___id">node/5489548722</SimpleData>
<SimpleData name="features__properties__highway">street_lamp</SimpleData>
<SimpleData name="features__properties__name">Street Lamp</SimpleData>
<SimpleData name="features__properties__working">no</SimpleData>
<SimpleData name="features__geometry__type">Point</SimpleData>
<SimpleData name="Longitude">77.6846</SimpleData>
<SimpleData name="Latitude">12.9296</SimpleData>
<SimpleData name="features__id">node/5489548722</SimpleData>
</SchemaData>
</ExtendedData>
<Point>
<coordinates>77.68459170000001,12.92958849999998,0</coordinates>
</Point>
</Placemark>
<Placemark>
<styleUrl>#pointStyleMap</styleUrl><name>node/5489548723</name>
<ExtendedData>
<SchemaData schemaUrl="#S_Bellandur_HSR_SSSSSSDDS">
<SimpleData name="features__type">Feature</SimpleData>
<SimpleData name="features__properties___id">node/5489548723</SimpleData>
<SimpleData name="features__properties__highway">street_lamp</SimpleData>
<SimpleData name="features__properties__name">Street Lamp</SimpleData>
<SimpleData name="features__properties__working">no</SimpleData>
<SimpleData name="features__geometry__type">Point</SimpleData>
<SimpleData name="Longitude">77.6788</SimpleData>
<SimpleData name="Latitude">12.9269</SimpleData>
<SimpleData name="features__id">node/5489548723</SimpleData>
</SchemaData>
</ExtendedData>
<Point>
<coordinates>77.67877399999999,12.92685240000001,0</coordinates>
</Point>
</Placemark>
<Placemark>
<styleUrl>#pointStyleMap</styleUrl><name>node/5489548724</name>
<ExtendedData>
<SchemaData schemaUrl="#S_Bellandur_HSR_SSSSSSDDS">
<SimpleData name="features__type">Feature</SimpleData>
<SimpleData name="features__properties___id">node/5489548724</SimpleData>
<SimpleData name="features__properties__highway">street_lamp</SimpleData>
<SimpleData name="features__properties__name">Street Lamp</SimpleData>
<SimpleData name="features__properties__working">no</SimpleData>
<SimpleData name="features__geometry__type">Point</SimpleData>
<SimpleData name="Longitude">77.6748</SimpleData>
<SimpleData name="Latitude">12.925</SimpleData>
<SimpleData name="features__id">node/5489548724</SimpleData>
</SchemaData>
</ExtendedData>
<Point>
<coordinates>77.67484330000002,12.9249548,0</coordinates>
</Point>
</Placemark>
<Placemark>
<styleUrl>#pointStyleMap</styleUrl><name>node/5489548725</name>
<ExtendedData>
<SchemaData schemaUrl="#S_Bellandur_HSR_SSSSSSDDS">
<SimpleData name="features__type">Feature</SimpleData>
<SimpleData name="features__properties___id">node/5489548725</SimpleData>
<SimpleData name="features__properties__highway">street_lamp</SimpleData>
<SimpleData name="features__properties__name">Street Lamp</SimpleData>
<SimpleData name="features__properties__working">no</SimpleData>
<SimpleData name="features__geometry__type">Point</SimpleData>
<SimpleData name="Longitude">77.671</SimpleData>
<SimpleData name="Latitude">12.9232</SimpleData>
<SimpleData name="features__id">node/5489548725</SimpleData>
</SchemaData>
</ExtendedData>
<Point>
<coordinates>77.67099150000003,12.92321509999998,0</coordinates>
</Point>
</Placemark>
<Placemark>
<styleUrl>#pointStyleMap</styleUrl><name>node/5489548726</name>
<ExtendedData>
<SchemaData schemaUrl="#S_Bellandur_HSR_SSSSSSDDS">
<SimpleData name="features__type">Feature</SimpleData>
<SimpleData name="features__properties___id">node/5489548726</SimpleData>
<SimpleData name="features__properties__highway">street_lamp</SimpleData>
<SimpleData name="features__properties__name">Street Lamp</SimpleData>
<SimpleData name="features__properties__working">no</SimpleData>
<SimpleData name="features__geometry__type">Point</SimpleData>
<SimpleData name="Longitude">77.6751</SimpleData>
<SimpleData name="Latitude">12.9255</SimpleData>
<SimpleData name="features__id">node/5489548726</SimpleData>
</SchemaData>
</ExtendedData>
<Point>
<coordinates>77.6750528,12.92545680000001,0</coordinates>
</Point>
</Placemark>
<Placemark>
<styleUrl>#pointStyleMap</styleUrl><name>node/5489548727</name>
<ExtendedData>
<SchemaData schemaUrl="#S_Bellandur_HSR_SSSSSSDDS">
<SimpleData name="features__type">Feature</SimpleData>
<SimpleData name="features__properties___id">node/5489548727</SimpleData>
<SimpleData name="features__properties__highway">street_lamp</SimpleData>
<SimpleData name="features__properties__name">Street Lamp</SimpleData>
<SimpleData name="features__properties__working">no</SimpleData>
<SimpleData name="features__geometry__type">Point</SimpleData>
<SimpleData name="Longitude">77.679</SimpleData>
<SimpleData name="Latitude">12.9274</SimpleData>
<SimpleData name="features__id">node/5489548727</SimpleData>
</SchemaData>
</ExtendedData>
<Point>
<coordinates>77.67902520000003,12.9274314,0</coordinates>
</Point>
</Placemark>
<Placemark>
<styleUrl>#pointStyleMap</styleUrl><name>node/5489548728</name>
<ExtendedData>
<SchemaData schemaUrl="#S_Bellandur_HSR_SSSSSSDDS">
<SimpleData name="features__type">Feature</SimpleData>
<SimpleData name="features__properties___id">node/5489548728</SimpleData>
<SimpleData name="features__properties__highway">street_lamp</SimpleData>
<SimpleData name="features__properties__name">Street Lamp</SimpleData>
<SimpleData name="features__properties__working">no</SimpleData>
<SimpleData name="features__geometry__type">Point</SimpleData>
<SimpleData name="Longitude">77.6735</SimpleData>
<SimpleData name="Latitude">12.9166</SimpleData>
<SimpleData name="features__id">node/5489548728</SimpleData>
</SchemaData>
</ExtendedData>
<Point>
<coordinates>77.67350859999998,12.91656050000002,0</coordinates>
</Point>
</Placemark>
<Placemark>
<styleUrl>#pointStyleMap</styleUrl><name>node/5489548729</name>
<ExtendedData>
<SchemaData schemaUrl="#S_Bellandur_HSR_SSSSSSDDS">
<SimpleData name="features__type">Feature</SimpleData>
<SimpleData name="features__properties___id">node/5489548729</SimpleData>
<SimpleData name="features__properties__highway">street_lamp</SimpleData>
<SimpleData name="features__properties__name">Street Lamp</SimpleData>
<SimpleData name="features__properties__working">no</SimpleData>
<SimpleData name="features__geometry__type">Point</SimpleData>
<SimpleData name="Longitude">77.6694</SimpleData>
<SimpleData name="Latitude">12.9187</SimpleData>
<SimpleData name="features__id">node/5489548729</SimpleData>
</SchemaData>
</ExtendedData>
<Point>
<coordinates>77.66938490000003,12.91872189999999,0</coordinates>
</Point>
</Placemark>
<Placemark>
<styleUrl>#pointStyleMap</styleUrl><name>node/5489548730</name>
<ExtendedData>
<SchemaData schemaUrl="#S_Bellandur_HSR_SSSSSSDDS">
<SimpleData name="features__type">Feature</SimpleData>
<SimpleData name="features__properties___id">node/5489548730</SimpleData>
<SimpleData name="features__properties__highway">street_lamp</SimpleData>
<SimpleData name="features__properties__name">Street Lamp</SimpleData>
<SimpleData name="features__properties__working">no</SimpleData>
<SimpleData name="features__geometry__type">Point</SimpleData>
<SimpleData name="Longitude">77.6681</SimpleData>
<SimpleData name="Latitude">12.9222</SimpleData>
<SimpleData name="features__id">node/5489548730</SimpleData>
</SchemaData>
</ExtendedData>
<Point>
<coordinates>77.66810859999998,12.92224110000001,0</coordinates>
</Point>
</Placemark>
<Placemark>
<styleUrl>#pointStyleMap</styleUrl><name>node/5489548731</name>
<ExtendedData>
<SchemaData schemaUrl="#S_Bellandur_HSR_SSSSSSDDS">
<SimpleData name="features__type">Feature</SimpleData>
<SimpleData name="features__properties___id">node/5489548731</SimpleData>
<SimpleData name="features__properties__highway">street_lamp</SimpleData>
<SimpleData name="features__properties__name">Street Lamp</SimpleData>
<SimpleData name="features__properties__working">no</SimpleData>
<SimpleData name="features__geometry__type">Point</SimpleData>
<SimpleData name="Longitude">77.6799</SimpleData>
<SimpleData name="Latitude">12.9278</SimpleData>
<SimpleData name="features__id">node/5489548731</SimpleData>
</SchemaData>
</ExtendedData>
<Point>
<coordinates>77.67993569999999,12.9277957,0</coordinates>
</Point>
</Placemark>
<Placemark>
<styleUrl>#pointStyleMap</styleUrl><name>node/5489548732</name>
<ExtendedData>
<SchemaData schemaUrl="#S_Bellandur_HSR_SSSSSSDDS">
<SimpleData name="features__type">Feature</SimpleData>
<SimpleData name="features__properties___id">node/5489548732</SimpleData>
<SimpleData name="features__properties__highway">street_lamp</SimpleData>
<SimpleData name="features__properties__name">Street Lamp</SimpleData>
<SimpleData name="features__properties__working">no</SimpleData>
<SimpleData name="features__geometry__type">Point</SimpleData>
<SimpleData name="Longitude">77.6828</SimpleData>
<SimpleData name="Latitude">12.9292</SimpleData>
<SimpleData name="features__id">node/5489548732</SimpleData>
</SchemaData>
</ExtendedData>
<Point>
<coordinates>77.68276730000001,12.92916980000003,0</coordinates>
</Point>
</Placemark>
<Placemark>
<styleUrl>#pointStyleMap</styleUrl><name>node/5489548733</name>
<ExtendedData>
<SchemaData schemaUrl="#S_Bellandur_HSR_SSSSSSDDS">
<SimpleData name="features__type">Feature</SimpleData>
<SimpleData name="features__properties___id">node/5489548733</SimpleData>
<SimpleData name="features__properties__highway">street_lamp</SimpleData>
<SimpleData name="features__properties__name">Street Lamp</SimpleData>
<SimpleData name="features__properties__working">no</SimpleData>
<SimpleData name="features__geometry__type">Point</SimpleData>
<SimpleData name="Longitude">77.6864</SimpleData>
<SimpleData name="Latitude">12.9315</SimpleData>
<SimpleData name="features__id">node/5489548733</SimpleData>
</SchemaData>
</ExtendedData>
<Point>
<coordinates>77.68643110000001,12.9314586,0</coordinates>
</Point>
</Placemark>
<Placemark>
<styleUrl>#pointStyleMap</styleUrl><name>node/5489548734</name>
<ExtendedData>
<SchemaData schemaUrl="#S_Bellandur_HSR_SSSSSSDDS">
<SimpleData name="features__type">Feature</SimpleData>
<SimpleData name="features__properties___id">node/5489548734</SimpleData>
<SimpleData name="features__properties__highway">street_lamp</SimpleData>
<SimpleData name="features__properties__name">Street Lamp</SimpleData>
<SimpleData name="features__properties__working">no</SimpleData>
<SimpleData name="features__geometry__type">Point</SimpleData>
<SimpleData name="Longitude">77.6894</SimpleData>
<SimpleData name="Latitude">12.9341</SimpleData>
<SimpleData name="features__id">node/5489548734</SimpleData>
</SchemaData>
</ExtendedData>
<Point>
<coordinates>77.68942779999999,12.93412779999998,0</coordinates>
</Point>
</Placemark>
<Placemark>
<styleUrl>#pointStyleMap</styleUrl><name>node/5489548735</name>
<ExtendedData>
<SchemaData schemaUrl="#S_Bellandur_HSR_SSSSSSDDS">
<SimpleData name="features__type">Feature</SimpleData>
<SimpleData name="features__properties___id">node/5489548735</SimpleData>
<SimpleData name="features__properties__highway">street_lamp</SimpleData>
<SimpleData name="features__properties__name">Street Lamp</SimpleData>
<SimpleData name="features__properties__working">no</SimpleData>
<SimpleData name="features__geometry__type">Point</SimpleData>
<SimpleData name="Longitude">77.6924</SimpleData>
<SimpleData name="Latitude">12.9368</SimpleData>
<SimpleData name="features__id">node/5489548735</SimpleData>
</SchemaData>
</ExtendedData>
<Point>
<coordinates>77.6923678,12.93684830000002,0</coordinates>
</Point>
</Placemark>
<Placemark>
<styleUrl>#pointStyleMap</styleUrl><name>node/5489548736</name>
<ExtendedData>
<SchemaData schemaUrl="#S_Bellandur_HSR_SSSSSSDDS">
<SimpleData name="features__type">Feature</SimpleData>
<SimpleData name="features__properties___id">node/5489548736</SimpleData>
<SimpleData name="features__properties__highway">street_lamp</SimpleData>
<SimpleData name="features__properties__name">Street Lamp</SimpleData>
<SimpleData name="features__properties__working">no</SimpleData>
<SimpleData name="features__geometry__type">Point</SimpleData>
<SimpleData name="Longitude">77.6943</SimpleData>
<SimpleData name="Latitude">12.9381</SimpleData>
<SimpleData name="features__id">node/5489548736</SimpleData>
</SchemaData>
</ExtendedData>
<Point>
<coordinates>77.69430060000001,12.93814190000002,0</coordinates>
</Point>
</Placemark>
<Placemark>
<styleUrl>#pointStyleMap</styleUrl><name>node/5489548737</name>
<ExtendedData>
<SchemaData schemaUrl="#S_Bellandur_HSR_SSSSSSDDS">
<SimpleData name="features__type">Feature</SimpleData>
<SimpleData name="features__properties___id">node/5489548737</SimpleData>
<SimpleData name="features__properties__highway">street_lamp</SimpleData>
<SimpleData name="features__properties__name">Street Lamp</SimpleData>
<SimpleData name="features__properties__working">no</SimpleData>
<SimpleData name="features__geometry__type">Point</SimpleData>
<SimpleData name="Longitude">77.6915</SimpleData>
<SimpleData name="Latitude">12.9355</SimpleData>
<SimpleData name="features__id">node/5489548737</SimpleData>
</SchemaData>
</ExtendedData>
<Point>
<coordinates>77.6914949,12.93554709999999,0</coordinates>
</Point>
</Placemark>
<Placemark>
<styleUrl>#pointStyleMap</styleUrl><name>node/5489548738</name>
<ExtendedData>
<SchemaData schemaUrl="#S_Bellandur_HSR_SSSSSSDDS">
<SimpleData name="features__type">Feature</SimpleData>
<SimpleData name="features__properties___id">node/5489548738</SimpleData>
<SimpleData name="features__properties__highway">street_lamp</SimpleData>
<SimpleData name="features__properties__name">Street Lamp</SimpleData>
<SimpleData name="features__properties__working">yes</SimpleData>
<SimpleData name="features__geometry__type">Point</SimpleData>
<SimpleData name="Longitude">77.6884</SimpleData>
<SimpleData name="Latitude">12.9327</SimpleData>
<SimpleData name="features__id">node/5489548738</SimpleData>
</SchemaData>
</ExtendedData>
<Point>
<coordinates>77.68836839999999,12.93271130000001,0</coordinates>
</Point>
</Placemark>
<Placemark>
<styleUrl>#pointStyleMap</styleUrl><name>node/5489548739</name>
<ExtendedData>
<SchemaData schemaUrl="#S_Bellandur_HSR_SSSSSSDDS">
<SimpleData name="features__type">Feature</SimpleData>
<SimpleData name="features__properties___id">node/5489548739</SimpleData>
<SimpleData name="features__properties__highway">street_lamp</SimpleData>
<SimpleData name="features__properties__name">Street Lamp</SimpleData>
<SimpleData name="features__properties__working">no</SimpleData>
<SimpleData name="features__geometry__type">Point</SimpleData>
<SimpleData name="Longitude">77.6853</SimpleData>
<SimpleData name="Latitude">12.93</SimpleData>
<SimpleData name="features__id">node/5489548739</SimpleData>
</SchemaData>
</ExtendedData>
<Point>
<coordinates>77.685266,12.9300215,0</coordinates>
</Point>
</Placemark>
<Placemark>
<styleUrl>#pointStyleMap</styleUrl><name>node/5489548740</name>
<ExtendedData>
<SchemaData schemaUrl="#S_Bellandur_HSR_SSSSSSDDS">
<SimpleData name="features__type">Feature</SimpleData>
<SimpleData name="features__properties___id">node/5489548740</SimpleData>
<SimpleData name="features__properties__highway">street_lamp</SimpleData>
<SimpleData name="features__properties__name">Street Lamp</SimpleData>
<SimpleData name="features__properties__working">no</SimpleData>
<SimpleData name="features__geometry__type">Point</SimpleData>
<SimpleData name="Longitude">77.6795</SimpleData>
<SimpleData name="Latitude">12.9272</SimpleData>
<SimpleData name="features__id">node/5489548740</SimpleData>
</SchemaData>
</ExtendedData>
<Point>
<coordinates>77.67948939999998,12.92718730000002,0</coordinates>
</Point>
</Placemark>
<Placemark>
<styleUrl>#pointStyleMap</styleUrl><name>node/5489548741</name>
<ExtendedData>
<SchemaData schemaUrl="#S_Bellandur_HSR_SSSSSSDDS">
<SimpleData name="features__type">Feature</SimpleData>
<SimpleData name="features__properties___id">node/5489548741</SimpleData>
<SimpleData name="features__properties__highway">street_lamp</SimpleData>
<SimpleData name="features__properties__name">Street Lamp</SimpleData>
<SimpleData name="features__properties__working">no</SimpleData>
<SimpleData name="features__geometry__type">Point</SimpleData>
<SimpleData name="Longitude">77.6756</SimpleData>
<SimpleData name="Latitude">12.9253</SimpleData>
<SimpleData name="features__id">node/5489548741</SimpleData>
</SchemaData>
</ExtendedData>
<Point>
<coordinates>77.67558819999998,12.9253282,0</coordinates>
</Point>
</Placemark>
<Placemark>
<styleUrl>#pointStyleMap</styleUrl><name>node/5489548742</name>
<ExtendedData>
<SchemaData schemaUrl="#S_Bellandur_HSR_SSSSSSDDS">
<SimpleData name="features__type">Feature</SimpleData>
<SimpleData name="features__properties___id">node/5489548742</SimpleData>
<SimpleData name="features__properties__highway">street_lamp</SimpleData>
<SimpleData name="features__properties__name">Street Lamp</SimpleData>
<SimpleData name="features__properties__working">no</SimpleData>
<SimpleData name="features__geometry__type">Point</SimpleData>
<SimpleData name="Longitude">77.6716</SimpleData>
<SimpleData name="Latitude">12.9235</SimpleData>
<SimpleData name="features__id">node/5489548742</SimpleData>
</SchemaData>
</ExtendedData>
<Point>
<coordinates>77.67164980000001,12.9235042,0</coordinates>
</Point>
</Placemark>
<Placemark>
<styleUrl>#pointStyleMap</styleUrl><name>node/5489548743</name>
<ExtendedData>
<SchemaData schemaUrl="#S_Bellandur_HSR_SSSSSSDDS">
<SimpleData name="features__type">Feature</SimpleData>
<SimpleData name="features__properties___id">node/5489548743</SimpleData>
<SimpleData name="features__properties__highway">street_lamp</SimpleData>
<SimpleData name="features__properties__name">Street Lamp</SimpleData>
<SimpleData name="features__properties__working">no</SimpleData>
<SimpleData name="features__geometry__type">Point</SimpleData>
<SimpleData name="Longitude">77.6745</SimpleData>
<SimpleData name="Latitude">12.9252</SimpleData>
<SimpleData name="features__id">node/5489548743</SimpleData>
</SchemaData>
</ExtendedData>
<Point>
<coordinates>77.67447019999996,12.9251669,0</coordinates>
</Point>
</Placemark>
<Placemark>
<styleUrl>#pointStyleMap</styleUrl><name>node/5489548744</name>
<ExtendedData>
<SchemaData schemaUrl="#S_Bellandur_HSR_SSSSSSDDS">
<SimpleData name="features__type">Feature</SimpleData>
<SimpleData name="features__properties___id">node/5489548744</SimpleData>
<SimpleData name="features__properties__highway">street_lamp</SimpleData>
<SimpleData name="features__properties__name">Street Lamp</SimpleData>
<SimpleData name="features__properties__working">no</SimpleData>
<SimpleData name="features__geometry__type">Point</SimpleData>
<SimpleData name="Longitude">77.6783</SimpleData>
<SimpleData name="Latitude">12.9271</SimpleData>
<SimpleData name="features__id">node/5489548744</SimpleData>
</SchemaData>
</ExtendedData>
<Point>
<coordinates>77.67826009999999,12.92708200000003,0</coordinates>
</Point>
</Placemark>
<Placemark>
<styleUrl>#pointStyleMap</styleUrl><name>node/5489548745</name>
<ExtendedData>
<SchemaData schemaUrl="#S_Bellandur_HSR_SSSSSSDDS">
<SimpleData name="features__type">Feature</SimpleData>
<SimpleData name="features__properties___id">node/5489548745</SimpleData>
<SimpleData name="features__properties__highway">street_lamp</SimpleData>
<SimpleData name="features__properties__name">Street Lamp</SimpleData>
<SimpleData name="features__properties__working">yes</SimpleData>
<SimpleData name="features__geometry__type">Point</SimpleData>
<SimpleData name="Longitude">77.6741</SimpleData>
<SimpleData name="Latitude">12.9156</SimpleData>
<SimpleData name="features__id">node/5489548745</SimpleData>
</SchemaData>
</ExtendedData>
<Point>
<coordinates>77.67414819999998,12.91562540000002,0</coordinates>
</Point>
</Placemark>
<Placemark>
<styleUrl>#pointStyleMap</styleUrl><name>node/5489548746</name>
<ExtendedData>
<SchemaData schemaUrl="#S_Bellandur_HSR_SSSSSSDDS">
<SimpleData name="features__type">Feature</SimpleData>
<SimpleData name="features__properties___id">node/5489548746</SimpleData>
<SimpleData name="features__properties__highway">street_lamp</SimpleData>
<SimpleData name="features__properties__name">Street Lamp</SimpleData>
<SimpleData name="features__properties__working">no</SimpleData>
<SimpleData name="features__geometry__type">Point</SimpleData>
<SimpleData name="Longitude">77.6701</SimpleData>
<SimpleData name="Latitude">12.9185</SimpleData>
<SimpleData name="features__id">node/5489548746</SimpleData>
</SchemaData>
</ExtendedData>
<Point>
<coordinates>77.67011150000003,12.91849039999999,0</coordinates>
</Point>
</Placemark>
<Placemark>
<styleUrl>#pointStyleMap</styleUrl><name>node/5489548747</name>
<ExtendedData>
<SchemaData schemaUrl="#S_Bellandur_HSR_SSSSSSDDS">
<SimpleData name="features__type">Feature</SimpleData>
<SimpleData name="features__properties___id">node/5489548747</SimpleData>
<SimpleData name="features__properties__highway">street_lamp</SimpleData>
<SimpleData name="features__properties__name">Street Lamp</SimpleData>
<SimpleData name="features__properties__working">no</SimpleData>
<SimpleData name="features__geometry__type">Point</SimpleData>
<SimpleData name="Longitude">77.6665</SimpleData>
<SimpleData name="Latitude">12.9201</SimpleData>
<SimpleData name="features__id">node/5489548747</SimpleData>
</SchemaData>
</ExtendedData>
<Point>
<coordinates>77.66649789999997,12.92006280000003,0</coordinates>
</Point>
</Placemark>
<Placemark>
<styleUrl>#pointStyleMap</styleUrl><name>node/5489548748</name>
<ExtendedData>
<SchemaData schemaUrl="#S_Bellandur_HSR_SSSSSSDDS">
<SimpleData name="features__type">Feature</SimpleData>
<SimpleData name="features__properties___id">node/5489548748</SimpleData>
<SimpleData name="features__properties__highway">street_lamp</SimpleData>
<SimpleData name="features__properties__name">Street Lamp</SimpleData>
<SimpleData name="features__properties__working">no</SimpleData>
<SimpleData name="features__geometry__type">Point</SimpleData>
<SimpleData name="Longitude">77.6675</SimpleData>
<SimpleData name="Latitude">12.9219</SimpleData>
<SimpleData name="features__id">node/5489548748</SimpleData>
</SchemaData>
</ExtendedData>
<Point>
<coordinates>77.66748489999998,12.92194409999997,0</coordinates>
</Point>
</Placemark>
<Placemark>
<styleUrl>#pointStyleMap</styleUrl><name>node/5489548749</name>
<ExtendedData>
<SchemaData schemaUrl="#S_Bellandur_HSR_SSSSSSDDS">
<SimpleData name="features__type">Feature</SimpleData>
<SimpleData name="features__properties___id">node/5489548749</SimpleData>
<SimpleData name="features__properties__highway">street_lamp</SimpleData>
<SimpleData name="features__properties__name">Street Lamp</SimpleData>
<SimpleData name="features__properties__working">no</SimpleData>
<SimpleData name="features__geometry__type">Point</SimpleData>
<SimpleData name="Longitude">77.6711</SimpleData>
<SimpleData name="Latitude">12.9236</SimpleData>
<SimpleData name="features__id">node/5489548749</SimpleData>
</SchemaData>
</ExtendedData>
<Point>
<coordinates>77.6710617,12.92361039999999,0</coordinates>
</Point>
</Placemark>
<Placemark>
<styleUrl>#pointStyleMap</styleUrl><name>node/5489548750</name>
<ExtendedData>
<SchemaData schemaUrl="#S_Bellandur_HSR_SSSSSSDDS">
<SimpleData name="features__type">Feature</SimpleData>
<SimpleData name="features__properties___id">node/5489548750</SimpleData>
<SimpleData name="features__properties__highway">street_lamp</SimpleData>
<SimpleData name="features__properties__name">Street Lamp</SimpleData>
<SimpleData name="features__properties__working">no</SimpleData>
<SimpleData name="features__geometry__type">Point</SimpleData>
<SimpleData name="Longitude">77.6739</SimpleData>
<SimpleData name="Latitude">12.9249</SimpleData>
<SimpleData name="features__id">node/5489548750</SimpleData>
</SchemaData>
</ExtendedData>
<Point>
<coordinates>77.6739156,12.9248848,0</coordinates>
</Point>
</Placemark>
<Placemark>
<styleUrl>#pointStyleMap</styleUrl><name>node/5489548751</name>
<ExtendedData>
<SchemaData schemaUrl="#S_Bellandur_HSR_SSSSSSDDS">
<SimpleData name="features__type">Feature</SimpleData>
<SimpleData name="features__properties___id">node/5489548751</SimpleData>
<SimpleData name="features__properties__highway">street_lamp</SimpleData>
<SimpleData name="features__properties__name">Street Lamp</SimpleData>
<SimpleData name="features__properties__working">no</SimpleData>
<SimpleData name="features__geometry__type">Point</SimpleData>
<SimpleData name="Longitude">77.682</SimpleData>
<SimpleData name="Latitude">12.9288</SimpleData>
<SimpleData name="features__id">node/5489548751</SimpleData>
</SchemaData>
</ExtendedData>
<Point>
<coordinates>77.682002,12.92879259999999,0</coordinates>
</Point>
</Placemark>
<Placemark>
<styleUrl>#pointStyleMap</styleUrl><name>node/5489548752</name>
<ExtendedData>
<SchemaData schemaUrl="#S_Bellandur_HSR_SSSSSSDDS">
<SimpleData name="features__type">Feature</SimpleData>
<SimpleData name="features__properties___id">node/5489548752</SimpleData>
<SimpleData name="features__properties__highway">street_lamp</SimpleData>
<SimpleData name="features__properties__name">Street Lamp</SimpleData>
<SimpleData name="features__properties__working">no</SimpleData>
<SimpleData name="features__geometry__type">Point</SimpleData>
<SimpleData name="Longitude">77.6858</SimpleData>
<SimpleData name="Latitude">12.9309</SimpleData>
<SimpleData name="features__id">node/5489548752</SimpleData>
</SchemaData>
</ExtendedData>
<Point>
<coordinates>77.68581100000002,12.93088609999999,0</coordinates>
</Point>
</Placemark>
<Placemark>
<styleUrl>#pointStyleMap</styleUrl><name>node/5489548753</name>
<ExtendedData>
<SchemaData schemaUrl="#S_Bellandur_HSR_SSSSSSDDS">
<SimpleData name="features__type">Feature</SimpleData>
<SimpleData name="features__properties___id">node/5489548753</SimpleData>
<SimpleData name="features__properties__highway">street_lamp</SimpleData>
<SimpleData name="features__properties__name">Street Lamp</SimpleData>
<SimpleData name="features__properties__working">no</SimpleData>
<SimpleData name="features__geometry__type">Point</SimpleData>
<SimpleData name="Longitude">77.6889</SimpleData>
<SimpleData name="Latitude">12.9337</SimpleData>
<SimpleData name="features__id">node/5489548753</SimpleData>
</SchemaData>
</ExtendedData>
<Point>
<coordinates>77.68892240000002,12.93366680000001,0</coordinates>
</Point>
</Placemark>
<Placemark>
<styleUrl>#pointStyleMap</styleUrl><name>node/5489548754</name>
<ExtendedData>
<SchemaData schemaUrl="#S_Bellandur_HSR_SSSSSSDDS">
<SimpleData name="features__type">Feature</SimpleData>
<SimpleData name="features__properties___id">node/5489548754</SimpleData>
<SimpleData name="features__properties__highway">street_lamp</SimpleData>
<SimpleData name="features__properties__name">Street Lamp</SimpleData>
<SimpleData name="features__properties__working">no</SimpleData>
<SimpleData name="features__geometry__type">Point</SimpleData>
<SimpleData name="Longitude">77.6918</SimpleData>
<SimpleData name="Latitude">12.9363</SimpleData>
<SimpleData name="features__id">node/5489548754</SimpleData>
</SchemaData>
</ExtendedData>
<Point>
<coordinates>77.69178530000001,12.93630259999999,0</coordinates>
</Point>
</Placemark>
<Placemark>
<styleUrl>#pointStyleMap</styleUrl><name>node/5489548755</name>
<ExtendedData>
<SchemaData schemaUrl="#S_Bellandur_HSR_SSSSSSDDS">
<SimpleData name="features__type">Feature</SimpleData>
<SimpleData name="features__properties___id">node/5489548755</SimpleData>
<SimpleData name="features__properties__highway">street_lamp</SimpleData>
<SimpleData name="features__properties__name">Street Lamp</SimpleData>
<SimpleData name="features__properties__working">no</SimpleData>
<SimpleData name="features__geometry__type">Point</SimpleData>
<SimpleData name="Longitude">77.6949</SimpleData>
<SimpleData name="Latitude">12.9387</SimpleData>
<SimpleData name="features__id">node/5489548755</SimpleData>
</SchemaData>
</ExtendedData>
<Point>
<coordinates>77.69487950000003,12.93873410000002,0</coordinates>
</Point>
</Placemark>
<Placemark>
<styleUrl>#pointStyleMap</styleUrl><name>node/5489548756</name>
<ExtendedData>
<SchemaData schemaUrl="#S_Bellandur_HSR_SSSSSSDDS">
<SimpleData name="features__type">Feature</SimpleData>
<SimpleData name="features__properties___id">node/5489548756</SimpleData>
<SimpleData name="features__properties__highway">street_lamp</SimpleData>
<SimpleData name="features__properties__name">Street Lamp</SimpleData>
<SimpleData name="features__properties__working">yes</SimpleData>
<SimpleData name="features__geometry__type">Point</SimpleData>
<SimpleData name="Longitude">77.692</SimpleData>
<SimpleData name="Latitude">12.9361</SimpleData>
<SimpleData name="features__id">node/5489548756</SimpleData>
</SchemaData>
</ExtendedData>
<Point>
<coordinates>77.6920214,12.93605210000001,0</coordinates>
</Point>
</Placemark>
<Placemark>
<styleUrl>#pointStyleMap</styleUrl><name>node/5489548757</name>
<ExtendedData>
<SchemaData schemaUrl="#S_Bellandur_HSR_SSSSSSDDS">
<SimpleData name="features__type">Feature</SimpleData>
<SimpleData name="features__properties___id">node/5489548757</SimpleData>
<SimpleData name="features__properties__highway">street_lamp</SimpleData>
<SimpleData name="features__properties__name">Street Lamp</SimpleData>
<SimpleData name="features__properties__working">yes</SimpleData>
<SimpleData name="features__geometry__type">Point</SimpleData>
<SimpleData name="Longitude">77.6889</SimpleData>
<SimpleData name="Latitude">12.9332</SimpleData>
<SimpleData name="features__id">node/5489548757</SimpleData>
</SchemaData>
</ExtendedData>
<Point>
<coordinates>77.6889236,12.93319930000002,0</coordinates>
</Point>
</Placemark>
<Placemark>
<styleUrl>#pointStyleMap</styleUrl><name>node/5489548758</name>
<ExtendedData>
<SchemaData schemaUrl="#S_Bellandur_HSR_SSSSSSDDS">
<SimpleData name="features__type">Feature</SimpleData>
<SimpleData name="features__properties___id">node/5489548758</SimpleData>
<SimpleData name="features__properties__highway">street_lamp</SimpleData>
<SimpleData name="features__properties__name">Street Lamp</SimpleData>
<SimpleData name="features__properties__working">no</SimpleData>
<SimpleData name="features__geometry__type">Point</SimpleData>
<SimpleData name="Longitude">77.6859</SimpleData>
<SimpleData name="Latitude">12.9305</SimpleData>
<SimpleData name="features__id">node/5489548758</SimpleData>
</SchemaData>
</ExtendedData>
<Point>
<coordinates>77.68592990000002,12.9305413,0</coordinates>
</Point>
</Placemark>
<Placemark>
<styleUrl>#pointStyleMap</styleUrl><name>node/5489548759</name>
<ExtendedData>
<SchemaData schemaUrl="#S_Bellandur_HSR_SSSSSSDDS">
<SimpleData name="features__type">Feature</SimpleData>
<SimpleData name="features__properties___id">node/5489548759</SimpleData>
<SimpleData name="features__properties__highway">street_lamp</SimpleData>
<SimpleData name="features__properties__name">Street Lamp</SimpleData>
<SimpleData name="features__properties__working">no</SimpleData>
<SimpleData name="features__geometry__type">Point</SimpleData>
<SimpleData name="Longitude">77.6819</SimpleData>
<SimpleData name="Latitude">12.9284</SimpleData>
<SimpleData name="features__id">node/5489548759</SimpleData>
</SchemaData>
</ExtendedData>
<Point>
<coordinates>77.68193669999999,12.92837,0</coordinates>
</Point>
</Placemark>
<Placemark>
<styleUrl>#pointStyleMap</styleUrl><name>node/5489548760</name>
<ExtendedData>
<SchemaData schemaUrl="#S_Bellandur_HSR_SSSSSSDDS">
<SimpleData name="features__type">Feature</SimpleData>
<SimpleData name="features__properties___id">node/5489548760</SimpleData>
<SimpleData name="features__properties__highway">street_lamp</SimpleData>
<SimpleData name="features__properties__name">Street Lamp</SimpleData>
<SimpleData name="features__properties__working">no</SimpleData>
<SimpleData name="features__geometry__type">Point</SimpleData>
<SimpleData name="Longitude">77.6763</SimpleData>
<SimpleData name="Latitude">12.9257</SimpleData>
<SimpleData name="features__id">node/5489548760</SimpleData>
</SchemaData>
</ExtendedData>
<Point>
<coordinates>77.67632200000003,12.92569350000001,0</coordinates>
</Point>
</Placemark>
<Placemark>
<styleUrl>#pointStyleMap</styleUrl><name>node/5489548761</name>
<ExtendedData>
<SchemaData schemaUrl="#S_Bellandur_HSR_SSSSSSDDS">
<SimpleData name="features__type">Feature</SimpleData>
<SimpleData name="features__properties___id">node/5489548761</SimpleData>
<SimpleData name="features__properties__highway">street_lamp</SimpleData>
<SimpleData name="features__properties__name">Street Lamp</SimpleData>
<SimpleData name="features__properties__working">no</SimpleData>
<SimpleData name="features__geometry__type">Point</SimpleData>
<SimpleData name="Longitude">77.6723</SimpleData>
<SimpleData name="Latitude">12.9238</SimpleData>
<SimpleData name="features__id">node/5489548761</SimpleData>
</SchemaData>
</ExtendedData>
<Point>
<coordinates>77.67233850000004,12.92382969999999,0</coordinates>
</Point>
</Placemark>
<Placemark>
<styleUrl>#pointStyleMap</styleUrl><name>node/5489548762</name>
<ExtendedData>
<SchemaData schemaUrl="#S_Bellandur_HSR_SSSSSSDDS">
<SimpleData name="features__type">Feature</SimpleData>
<SimpleData name="features__properties___id">node/5489548762</SimpleData>
<SimpleData name="features__properties__highway">street_lamp</SimpleData>
<SimpleData name="features__properties__name">Street Lamp</SimpleData>
<SimpleData name="features__properties__working">no</SimpleData>
<SimpleData name="features__geometry__type">Point</SimpleData>
<SimpleData name="Longitude">77.6685</SimpleData>
<SimpleData name="Latitude">12.922</SimpleData>
<SimpleData name="features__id">node/5489548762</SimpleData>
</SchemaData>
</ExtendedData>
<Point>
<coordinates>77.66850629999999,12.92201560000001,0</coordinates>
</Point>
</Placemark>
<Placemark>
<styleUrl>#pointStyleMap</styleUrl><name>node/5489548763</name>
<ExtendedData>
<SchemaData schemaUrl="#S_Bellandur_HSR_SSSSSSDDS">
<SimpleData name="features__type">Feature</SimpleData>
<SimpleData name="features__properties___id">node/5489548763</SimpleData>
<SimpleData name="features__properties__highway">street_lamp</SimpleData>
<SimpleData name="features__properties__name">Street Lamp</SimpleData>
<SimpleData name="features__properties__working">no</SimpleData>
<SimpleData name="features__geometry__type">Point</SimpleData>
<SimpleData name="Longitude">77.6775</SimpleData>
<SimpleData name="Latitude">12.9267</SimpleData>
<SimpleData name="features__id">node/5489548763</SimpleData>
</SchemaData>
</ExtendedData>
<Point>
<coordinates>77.67750360000002,12.92671970000002,0</coordinates>
</Point>
</Placemark>
<Placemark>
<styleUrl>#pointStyleMap</styleUrl><name>node/5489548764</name>
<ExtendedData>
<SchemaData schemaUrl="#S_Bellandur_HSR_SSSSSSDDS">
<SimpleData name="features__type">Feature</SimpleData>
<SimpleData name="features__properties___id">node/5489548764</SimpleData>
<SimpleData name="features__properties__highway">street_lamp</SimpleData>
<SimpleData name="features__properties__name">Street Lamp</SimpleData>
<SimpleData name="features__properties__working">no</SimpleData>
<SimpleData name="features__geometry__type">Point</SimpleData>
<SimpleData name="Longitude">77.6754</SimpleData>
<SimpleData name="Latitude">12.9148</SimpleData>
<SimpleData name="features__id">node/5489548764</SimpleData>
</SchemaData>
</ExtendedData>
<Point>
<coordinates>77.67544969999999,12.9147605,0</coordinates>
</Point>
</Placemark>
<Placemark>
<styleUrl>#pointStyleMap</styleUrl><name>node/5489548765</name>
<ExtendedData>
<SchemaData schemaUrl="#S_Bellandur_HSR_SSSSSSDDS">
<SimpleData name="features__type">Feature</SimpleData>
<SimpleData name="features__properties___id">node/5489548765</SimpleData>
<SimpleData name="features__properties__highway">street_lamp</SimpleData>
<SimpleData name="features__properties__name">Street Lamp</SimpleData>
<SimpleData name="features__properties__working">yes</SimpleData>
<SimpleData name="features__geometry__type">Point</SimpleData>
<SimpleData name="Longitude">77.6708</SimpleData>
<SimpleData name="Latitude">12.9182</SimpleData>
<SimpleData name="features__id">node/5489548765</SimpleData>
</SchemaData>
</ExtendedData>
<Point>
<coordinates>77.67082319999997,12.91823439999999,0</coordinates>
</Point>
</Placemark>
<Placemark>
<styleUrl>#pointStyleMap</styleUrl><name>node/5489548766</name>
<ExtendedData>
<SchemaData schemaUrl="#S_Bellandur_HSR_SSSSSSDDS">
<SimpleData name="features__type">Feature</SimpleData>
<SimpleData name="features__properties___id">node/5489548766</SimpleData>
<SimpleData name="features__properties__highway">street_lamp</SimpleData>
<SimpleData name="features__properties__name">Street Lamp</SimpleData>
<SimpleData name="features__properties__working">no</SimpleData>
<SimpleData name="features__geometry__type">Point</SimpleData>
<SimpleData name="Longitude">77.6671</SimpleData>
<SimpleData name="Latitude">12.9198</SimpleData>
<SimpleData name="features__id">node/5489548766</SimpleData>
</SchemaData>
</ExtendedData>
<Point>
<coordinates>77.6671253,12.91975780000001,0</coordinates>
</Point>
</Placemark>
<Placemark>
<styleUrl>#pointStyleMap</styleUrl><name>node/5489548767</name>
<ExtendedData>
<SchemaData schemaUrl="#S_Bellandur_HSR_SSSSSSDDS">
<SimpleData name="features__type">Feature</SimpleData>
<SimpleData name="features__properties___id">node/5489548767</SimpleData>
<SimpleData name="features__properties__highway">street_lamp</SimpleData>
<SimpleData name="features__properties__name">Street Lamp</SimpleData>
<SimpleData name="features__properties__working">no</SimpleData>
<SimpleData name="features__geometry__type">Point</SimpleData>
<SimpleData name="Longitude">77.6667</SimpleData>
<SimpleData name="Latitude">12.9216</SimpleData>
<SimpleData name="features__id">node/5489548767</SimpleData>
</SchemaData>
</ExtendedData>
<Point>
<coordinates>77.6666669,12.92156259999998,0</coordinates>
</Point>
</Placemark>
<Placemark>
<styleUrl>#pointStyleMap</styleUrl><name>node/5489548768</name>
<ExtendedData>
<SchemaData schemaUrl="#S_Bellandur_HSR_SSSSSSDDS">
<SimpleData name="features__type">Feature</SimpleData>
<SimpleData name="features__properties___id">node/5489548768</SimpleData>
<SimpleData name="features__properties__highway">street_lamp</SimpleData>
<SimpleData name="features__properties__name">Street Lamp</SimpleData>
<SimpleData name="features__properties__working">no</SimpleData>
<SimpleData name="features__geometry__type">Point</SimpleData>
<SimpleData name="Longitude">77.6704</SimpleData>
<SimpleData name="Latitude">12.9233</SimpleData>
<SimpleData name="features__id">node/5489548768</SimpleData>
</SchemaData>
</ExtendedData>
<Point>
<coordinates>77.67038189999998,12.92329489999999,0</coordinates>
</Point>
</Placemark>
<Placemark>
<styleUrl>#pointStyleMap</styleUrl><name>node/5489548769</name>
<ExtendedData>
<SchemaData schemaUrl="#S_Bellandur_HSR_SSSSSSDDS">
<SimpleData name="features__type">Feature</SimpleData>
<SimpleData name="features__properties___id">node/5489548769</SimpleData>
<SimpleData name="features__properties__highway">street_lamp</SimpleData>
<SimpleData name="features__properties__name">Street Lamp</SimpleData>
<SimpleData name="features__properties__working">no</SimpleData>
<SimpleData name="features__geometry__type">Point</SimpleData>
<SimpleData name="Longitude">77.6733</SimpleData>
<SimpleData name="Latitude">12.9246</SimpleData>
<SimpleData name="features__id">node/5489548769</SimpleData>
</SchemaData>
</ExtendedData>
<Point>
<coordinates>77.67332720000003,12.92464599999999,0</coordinates>
</Point>
</Placemark>
<Placemark>
<styleUrl>#pointStyleMap</styleUrl><name>node/5489548770</name>
<ExtendedData>
<SchemaData schemaUrl="#S_Bellandur_HSR_SSSSSSDDS">
<SimpleData name="features__type">Feature</SimpleData>
<SimpleData name="features__properties___id">node/5489548770</SimpleData>
<SimpleData name="features__properties__highway">street_lamp</SimpleData>
<SimpleData name="features__properties__name">Street Lamp</SimpleData>
<SimpleData name="features__properties__working">no</SimpleData>
<SimpleData name="features__geometry__type">Point</SimpleData>
<SimpleData name="Longitude">77.6852</SimpleData>
<SimpleData name="Latitude">12.9304</SimpleData>
<SimpleData name="features__id">node/5489548770</SimpleData>
</SchemaData>
</ExtendedData>
<Point>
<coordinates>77.68521499999999,12.93040259999999,0</coordinates>
</Point>
</Placemark>
<Placemark>
<styleUrl>#pointStyleMap</styleUrl><name>node/5489548771</name>
<ExtendedData>
<SchemaData schemaUrl="#S_Bellandur_HSR_SSSSSSDDS">
<SimpleData name="features__type">Feature</SimpleData>
<SimpleData name="features__properties___id">node/5489548771</SimpleData>
<SimpleData name="features__properties__highway">street_lamp</SimpleData>
<SimpleData name="features__properties__name">Street Lamp</SimpleData>
<SimpleData name="features__properties__working">no</SimpleData>
<SimpleData name="features__geometry__type">Point</SimpleData>
<SimpleData name="Longitude">77.6884</SimpleData>
<SimpleData name="Latitude">12.9332</SimpleData>
<SimpleData name="features__id">node/5489548771</SimpleData>
</SchemaData>
</ExtendedData>
<Point>
<coordinates>77.68837689999997,12.93316999999999,0</coordinates>
</Point>
</Placemark>
<Placemark>
<styleUrl>#pointStyleMap</styleUrl><name>node/5489548772</name>
<ExtendedData>
<SchemaData schemaUrl="#S_Bellandur_HSR_SSSSSSDDS">
<SimpleData name="features__type">Feature</SimpleData>
<SimpleData name="features__properties___id">node/5489548772</SimpleData>
<SimpleData name="features__properties__highway">street_lamp</SimpleData>
<SimpleData name="features__properties__name">Street Lamp</SimpleData>
<SimpleData name="features__properties__working">no</SimpleData>
<SimpleData name="features__geometry__type">Point</SimpleData>
<SimpleData name="Longitude">77.6912</SimpleData>
<SimpleData name="Latitude">12.9358</SimpleData>
<SimpleData name="features__id">node/5489548772</SimpleData>
</SchemaData>
</ExtendedData>
<Point>
<coordinates>77.69124320000003,12.93580040000001,0</coordinates>
</Point>
</Placemark>
<Placemark>
<styleUrl>#pointStyleMap</styleUrl><name>node/5489548773</name>
<ExtendedData>
<SchemaData schemaUrl="#S_Bellandur_HSR_SSSSSSDDS">
<SimpleData name="features__type">Feature</SimpleData>
<SimpleData name="features__properties___id">node/5489548773</SimpleData>
<SimpleData name="features__properties__highway">street_lamp</SimpleData>
<SimpleData name="features__properties__name">Street Lamp</SimpleData>
<SimpleData name="features__properties__working">no</SimpleData>
<SimpleData name="features__geometry__type">Point</SimpleData>
<SimpleData name="Longitude">77.6947</SimpleData>
<SimpleData name="Latitude">12.9391</SimpleData>
<SimpleData name="features__id">node/5489548773</SimpleData>
</SchemaData>
</ExtendedData>
<Point>
<coordinates>77.69471190000003,12.93908789999999,0</coordinates>
</Point>
</Placemark>
<Placemark>
<styleUrl>#pointStyleMap</styleUrl><name>node/5489548774</name>
<ExtendedData>
<SchemaData schemaUrl="#S_Bellandur_HSR_SSSSSSDDS">
<SimpleData name="features__type">Feature</SimpleData>
<SimpleData name="features__properties___id">node/5489548774</SimpleData>
<SimpleData name="features__properties__highway">street_lamp</SimpleData>
<SimpleData name="features__properties__name">Street Lamp</SimpleData>
<SimpleData name="features__properties__working">yes</SimpleData>
<SimpleData name="features__geometry__type">Point</SimpleData>
<SimpleData name="Longitude">77.6924</SimpleData>
<SimpleData name="Latitude">12.9364</SimpleData>
<SimpleData name="features__id">node/5489548774</SimpleData>
</SchemaData>
</ExtendedData>
<Point>
<coordinates>77.6923977,12.9363959,0</coordinates>
</Point>
</Placemark>
<Placemark>
<styleUrl>#pointStyleMap</styleUrl><name>node/5489548775</name>
<ExtendedData>
<SchemaData schemaUrl="#S_Bellandur_HSR_SSSSSSDDS">
<SimpleData name="features__type">Feature</SimpleData>
<SimpleData name="features__properties___id">node/5489548775</SimpleData>
<SimpleData name="features__properties__highway">street_lamp</SimpleData>
<SimpleData name="features__properties__name">Street Lamp</SimpleData>
<SimpleData name="features__properties__working">yes</SimpleData>
<SimpleData name="features__geometry__type">Point</SimpleData>
<SimpleData name="Longitude">77.6894</SimpleData>
<SimpleData name="Latitude">12.9336</SimpleData>
<SimpleData name="features__id">node/5489548775</SimpleData>
</SchemaData>
</ExtendedData>
<Point>
<coordinates>77.6893903,12.93363369999999,0</coordinates>
</Point>
</Placemark>
<Placemark>
<styleUrl>#pointStyleMap</styleUrl><name>node/5489548776</name>
<ExtendedData>
<SchemaData schemaUrl="#S_Bellandur_HSR_SSSSSSDDS">
<SimpleData name="features__type">Feature</SimpleData>
<SimpleData name="features__properties___id">node/5489548776</SimpleData>
<SimpleData name="features__properties__highway">street_lamp</SimpleData>
<SimpleData name="features__properties__name">Street Lamp</SimpleData>
<SimpleData name="features__properties__working">no</SimpleData>
<SimpleData name="features__geometry__type">Point</SimpleData>
<SimpleData name="Longitude">77.6866</SimpleData>
<SimpleData name="Latitude">12.9311</SimpleData>
<SimpleData name="features__id">node/5489548776</SimpleData>
</SchemaData>
</ExtendedData>
<Point>
<coordinates>77.68657889999996,12.93110009999999,0</coordinates>
</Point>
</Placemark>
<Placemark>
<styleUrl>#pointStyleMap</styleUrl><name>node/5489548777</name>
<ExtendedData>
<SchemaData schemaUrl="#S_Bellandur_HSR_SSSSSSDDS">
<SimpleData name="features__type">Feature</SimpleData>
<SimpleData name="features__properties___id">node/5489548777</SimpleData>
<SimpleData name="features__properties__highway">street_lamp</SimpleData>
<SimpleData name="features__properties__name">Street Lamp</SimpleData>
<SimpleData name="features__properties__working">no</SimpleData>
<SimpleData name="features__geometry__type">Point</SimpleData>
<SimpleData name="Longitude">77.6827</SimpleData>
<SimpleData name="Latitude">12.9287</SimpleData>
<SimpleData name="features__id">node/5489548777</SimpleData>
</SchemaData>
</ExtendedData>
<Point>
<coordinates>77.68266590000002,12.92869549999999,0</coordinates>
</Point>
</Placemark>
<Placemark>
<styleUrl>#pointStyleMap</styleUrl><name>node/5489548778</name>
<ExtendedData>
<SchemaData schemaUrl="#S_Bellandur_HSR_SSSSSSDDS">
<SimpleData name="features__type">Feature</SimpleData>
<SimpleData name="features__properties___id">node/5489548778</SimpleData>
<SimpleData name="features__properties__highway">street_lamp</SimpleData>
<SimpleData name="features__properties__name">Street Lamp</SimpleData>
<SimpleData name="features__properties__working">no</SimpleData>
<SimpleData name="features__geometry__type">Point</SimpleData>
<SimpleData name="Longitude">77.677</SimpleData>
<SimpleData name="Latitude">12.926</SimpleData>
<SimpleData name="features__id">node/5489548778</SimpleData>
</SchemaData>
</ExtendedData>
<Point>
<coordinates>77.6770274,12.92604929999999,0</coordinates>
</Point>
</Placemark>
<Placemark>
<styleUrl>#pointStyleMap</styleUrl><name>node/5489548779</name>
<ExtendedData>
<SchemaData schemaUrl="#S_Bellandur_HSR_SSSSSSDDS">
<SimpleData name="features__type">Feature</SimpleData>
<SimpleData name="features__properties___id">node/5489548779</SimpleData>
<SimpleData name="features__properties__highway">street_lamp</SimpleData>
<SimpleData name="features__properties__name">Street Lamp</SimpleData>
<SimpleData name="features__properties__working">no</SimpleData>
<SimpleData name="features__geometry__type">Point</SimpleData>
<SimpleData name="Longitude">77.673</SimpleData>
<SimpleData name="Latitude">12.9241</SimpleData>
<SimpleData name="features__id">node/5489548779</SimpleData>
</SchemaData>
</ExtendedData>
<Point>
<coordinates>77.67300899999996,12.9241471,0</coordinates>
</Point>
</Placemark>
<Placemark>
<styleUrl>#pointStyleMap</styleUrl><name>node/5489548780</name>
<ExtendedData>
<SchemaData schemaUrl="#S_Bellandur_HSR_SSSSSSDDS">
<SimpleData name="features__type">Feature</SimpleData>
<SimpleData name="features__properties___id">node/5489548780</SimpleData>
<SimpleData name="features__properties__highway">street_lamp</SimpleData>
<SimpleData name="features__properties__name">Street Lamp</SimpleData>
<SimpleData name="features__properties__working">no</SimpleData>
<SimpleData name="features__geometry__type">Point</SimpleData>
<SimpleData name="Longitude">77.6694</SimpleData>
<SimpleData name="Latitude">12.9225</SimpleData>
<SimpleData name="features__id">node/5489548780</SimpleData>
</SchemaData>
</ExtendedData>
<Point>
<coordinates>77.66942890000003,12.92251270000002,0</coordinates>
</Point>
</Placemark>
<Placemark>
<styleUrl>#pointStyleMap</styleUrl><name>node/5489548781</name>
<ExtendedData>
<SchemaData schemaUrl="#S_Bellandur_HSR_SSSSSSDDS">
<SimpleData name="features__type">Feature</SimpleData>
<SimpleData name="features__properties___id">node/5489548781</SimpleData>
<SimpleData name="features__properties__highway">street_lamp</SimpleData>
<SimpleData name="features__properties__name">Street Lamp</SimpleData>
<SimpleData name="features__properties__working">no</SimpleData>
<SimpleData name="features__geometry__type">Point</SimpleData>
<SimpleData name="Longitude">77.6766</SimpleData>
<SimpleData name="Latitude">12.9263</SimpleData>
<SimpleData name="features__id">node/5489548781</SimpleData>
</SchemaData>
</ExtendedData>
<Point>
<coordinates>77.67659500000003,12.92625509999999,0</coordinates>
</Point>
</Placemark>
<Placemark>
<styleUrl>#pointStyleMap</styleUrl><name>node/5489548782</name>
<ExtendedData>
<SchemaData schemaUrl="#S_Bellandur_HSR_SSSSSSDDS">
<SimpleData name="features__type">Feature</SimpleData>
<SimpleData name="features__properties___id">node/5489548782</SimpleData>
<SimpleData name="features__properties__highway">street_lamp</SimpleData>
<SimpleData name="features__properties__name">Street Lamp</SimpleData>
<SimpleData name="features__properties__working">no</SimpleData>
<SimpleData name="features__geometry__type">Point</SimpleData>
<SimpleData name="Longitude">77.676</SimpleData>
<SimpleData name="Latitude">12.9145</SimpleData>
<SimpleData name="features__id">node/5489548782</SimpleData>
</SchemaData>
</ExtendedData>
<Point>
<coordinates>77.67600950000002,12.91446150000001,0</coordinates>
</Point>
</Placemark>
<Placemark>
<styleUrl>#pointStyleMap</styleUrl><name>node/5489548783</name>
<ExtendedData>
<SchemaData schemaUrl="#S_Bellandur_HSR_SSSSSSDDS">
<SimpleData name="features__type">Feature</SimpleData>
<SimpleData name="features__properties___id">node/5489548783</SimpleData>
<SimpleData name="features__properties__highway">street_lamp</SimpleData>
<SimpleData name="features__properties__name">Street Lamp</SimpleData>
<SimpleData name="features__properties__working">yes</SimpleData>
<SimpleData name="features__geometry__type">Point</SimpleData>
<SimpleData name="Longitude">77.6716</SimpleData>
<SimpleData name="Latitude">12.9178</SimpleData>
<SimpleData name="features__id">node/5489548783</SimpleData>
</SchemaData>
</ExtendedData>
<Point>
<coordinates>77.6715713,12.91784119999999,0</coordinates>
</Point>
</Placemark>
<Placemark>
<styleUrl>#pointStyleMap</styleUrl><name>node/5489548784</name>
<ExtendedData>
<SchemaData schemaUrl="#S_Bellandur_HSR_SSSSSSDDS">
<SimpleData name="features__type">Feature</SimpleData>
<SimpleData name="features__properties___id">node/5489548784</SimpleData>
<SimpleData name="features__properties__highway">street_lamp</SimpleData>
<SimpleData name="features__properties__name">Street Lamp</SimpleData>
<SimpleData name="features__properties__working">no</SimpleData>
<SimpleData name="features__geometry__type">Point</SimpleData>
<SimpleData name="Longitude">77.668</SimpleData>
<SimpleData name="Latitude">12.9193</SimpleData>
<SimpleData name="features__id">node/5489548784</SimpleData>
</SchemaData>
</ExtendedData>
<Point>
<coordinates>77.66798289999997,12.9193069,0</coordinates>
</Point>
</Placemark>
<Placemark>
<styleUrl>#pointStyleMap</styleUrl><name>node/5489548785</name>
<ExtendedData>
<SchemaData schemaUrl="#S_Bellandur_HSR_SSSSSSDDS">
<SimpleData name="features__type">Feature</SimpleData>
<SimpleData name="features__properties___id">node/5489548785</SimpleData>
<SimpleData name="features__properties__highway">street_lamp</SimpleData>
<SimpleData name="features__properties__name">Street Lamp</SimpleData>
<SimpleData name="features__properties__working">no</SimpleData>
<SimpleData name="features__geometry__type">Point</SimpleData>
<SimpleData name="Longitude">77.6669</SimpleData>
<SimpleData name="Latitude">12.9214</SimpleData>
<SimpleData name="features__id">node/5489548785</SimpleData>
</SchemaData>
</ExtendedData>
<Point>
<coordinates>77.66690729999998,12.92138470000001,0</coordinates>
</Point>
</Placemark>
<Placemark>
<styleUrl>#pointStyleMap</styleUrl><name>node/5489548786</name>
<ExtendedData>
<SchemaData schemaUrl="#S_Bellandur_HSR_SSSSSSDDS">
<SimpleData name="features__type">Feature</SimpleData>
<SimpleData name="features__properties___id">node/5489548786</SimpleData>
<SimpleData name="features__properties__highway">street_lamp</SimpleData>
<SimpleData name="features__properties__name">Street Lamp</SimpleData>
<SimpleData name="features__properties__working">no</SimpleData>
<SimpleData name="features__geometry__type">Point</SimpleData>
<SimpleData name="Longitude">77.6697</SimpleData>
<SimpleData name="Latitude">12.923</SimpleData>
<SimpleData name="features__id">node/5489548786</SimpleData>
</SchemaData>
</ExtendedData>
<Point>
<coordinates>77.66972209999999,12.92299520000001,0</coordinates>
</Point>
</Placemark>
<Placemark>
<styleUrl>#pointStyleMap</styleUrl><name>node/5489548787</name>
<ExtendedData>
<SchemaData schemaUrl="#S_Bellandur_HSR_SSSSSSDDS">
<SimpleData name="features__type">Feature</SimpleData>
<SimpleData name="features__properties___id">node/5489548787</SimpleData>
<SimpleData name="features__properties__highway">street_lamp</SimpleData>
<SimpleData name="features__properties__name">Street Lamp</SimpleData>
<SimpleData name="features__properties__working">no</SimpleData>
<SimpleData name="features__geometry__type">Point</SimpleData>
<SimpleData name="Longitude">77.6727</SimpleData>
<SimpleData name="Latitude">12.9243</SimpleData>
<SimpleData name="features__id">node/5489548787</SimpleData>
</SchemaData>
</ExtendedData>
<Point>
<coordinates>77.67267060000002,12.9243495,0</coordinates>
</Point>
</Placemark>
<Placemark>
<styleUrl>#pointStyleMap</styleUrl><name>node/5489548788</name>
<ExtendedData>
<SchemaData schemaUrl="#S_Bellandur_HSR_SSSSSSDDS">
<SimpleData name="features__type">Feature</SimpleData>
<SimpleData name="features__properties___id">node/5489548788</SimpleData>
<SimpleData name="features__properties__highway">street_lamp</SimpleData>
<SimpleData name="features__properties__name">Street Lamp</SimpleData>
<SimpleData name="features__properties__working">no</SimpleData>
<SimpleData name="features__geometry__type">Point</SimpleData>
<SimpleData name="Longitude">77.6816</SimpleData>
<SimpleData name="Latitude">12.9286</SimpleData>
<SimpleData name="features__id">node/5489548788</SimpleData>
</SchemaData>
</ExtendedData>
<Point>
<coordinates>77.68156550000002,12.92859340000002,0</coordinates>
</Point>
</Placemark>
<Placemark>
<styleUrl>#pointStyleMap</styleUrl><name>node/5489548789</name>
<ExtendedData>
<SchemaData schemaUrl="#S_Bellandur_HSR_SSSSSSDDS">
<SimpleData name="features__type">Feature</SimpleData>
<SimpleData name="features__properties___id">node/5489548789</SimpleData>
<SimpleData name="features__properties__highway">street_lamp</SimpleData>
<SimpleData name="features__properties__name">Street Lamp</SimpleData>
<SimpleData name="features__properties__working">no</SimpleData>
<SimpleData name="features__geometry__type">Point</SimpleData>
<SimpleData name="Longitude">77.6845</SimpleData>
<SimpleData name="Latitude">12.93</SimpleData>
<SimpleData name="features__id">node/5489548789</SimpleData>
</SchemaData>
</ExtendedData>
<Point>
<coordinates>77.68449079999998,12.9300042,0</coordinates>
</Point>
</Placemark>
<Placemark>
<styleUrl>#pointStyleMap</styleUrl><name>node/5489548790</name>
<ExtendedData>
<SchemaData schemaUrl="#S_Bellandur_HSR_SSSSSSDDS">
<SimpleData name="features__type">Feature</SimpleData>
<SimpleData name="features__properties___id">node/5489548790</SimpleData>
<SimpleData name="features__properties__highway">street_lamp</SimpleData>
<SimpleData name="features__properties__name">Street Lamp</SimpleData>
<SimpleData name="features__properties__working">no</SimpleData>
<SimpleData name="features__geometry__type">Point</SimpleData>
<SimpleData name="Longitude">77.6878</SimpleData>
<SimpleData name="Latitude">12.9327</SimpleData>
<SimpleData name="features__id">node/5489548790</SimpleData>
</SchemaData>
</ExtendedData>
<Point>
<coordinates>77.68784140000002,12.9326818,0</coordinates>
</Point>
</Placemark>
<Placemark>
<styleUrl>#pointStyleMap</styleUrl><name>node/5489548791</name>
<ExtendedData>
<SchemaData schemaUrl="#S_Bellandur_HSR_SSSSSSDDS">
<SimpleData name="features__type">Feature</SimpleData>
<SimpleData name="features__properties___id">node/5489548791</SimpleData>
<SimpleData name="features__properties__highway">street_lamp</SimpleData>
<SimpleData name="features__properties__name">Street Lamp</SimpleData>
<SimpleData name="features__properties__working">no</SimpleData>
<SimpleData name="features__geometry__type">Point</SimpleData>
<SimpleData name="Longitude">77.6907</SimpleData>
<SimpleData name="Latitude">12.9354</SimpleData>
<SimpleData name="features__id">node/5489548791</SimpleData>
</SchemaData>
</ExtendedData>
<Point>
<coordinates>77.69072540000003,12.93537259999998,0</coordinates>
</Point>
</Placemark>
<Placemark>
<styleUrl>#pointStyleMap</styleUrl><name>node/5489548792</name>
<ExtendedData>
<SchemaData schemaUrl="#S_Bellandur_HSR_SSSSSSDDS">
<SimpleData name="features__type">Feature</SimpleData>
<SimpleData name="features__properties___id">node/5489548792</SimpleData>
<SimpleData name="features__properties__highway">street_lamp</SimpleData>
<SimpleData name="features__properties__name">Street Lamp</SimpleData>
<SimpleData name="features__properties__working">no</SimpleData>
<SimpleData name="features__geometry__type">Point</SimpleData>
<SimpleData name="Longitude">77.6942</SimpleData>
<SimpleData name="Latitude">12.9385</SimpleData>
<SimpleData name="features__id">node/5489548792</SimpleData>
</SchemaData>
</ExtendedData>
<Point>
<coordinates>77.69416309999998,12.9384991,0</coordinates>
</Point>
</Placemark>
<Placemark>
<styleUrl>#pointStyleMap</styleUrl><name>node/5489548793</name>
<ExtendedData>
<SchemaData schemaUrl="#S_Bellandur_HSR_SSSSSSDDS">
<SimpleData name="features__type">Feature</SimpleData>
<SimpleData name="features__properties___id">node/5489548793</SimpleData>
<SimpleData name="features__properties__highway">street_lamp</SimpleData>
<SimpleData name="features__properties__name">Street Lamp</SimpleData>
<SimpleData name="features__properties__working">no</SimpleData>
<SimpleData name="features__geometry__type">Point</SimpleData>
<SimpleData name="Longitude">77.6929</SimpleData>
<SimpleData name="Latitude">12.9369</SimpleData>
<SimpleData name="features__id">node/5489548793</SimpleData>
</SchemaData>
</ExtendedData>
<Point>
<coordinates>77.69292419999999,12.93688069999998,0</coordinates>
</Point>
</Placemark>
<Placemark>
<styleUrl>#pointStyleMap</styleUrl><name>node/5489548794</name>
<ExtendedData>
<SchemaData schemaUrl="#S_Bellandur_HSR_SSSSSSDDS">
<SimpleData name="features__type">Feature</SimpleData>
<SimpleData name="features__properties___id">node/5489548794</SimpleData>
<SimpleData name="features__properties__highway">street_lamp</SimpleData>
<SimpleData name="features__properties__name">Street Lamp</SimpleData>
<SimpleData name="features__properties__working">yes</SimpleData>
<SimpleData name="features__geometry__type">Point</SimpleData>
<SimpleData name="Longitude">77.69</SimpleData>
<SimpleData name="Latitude">12.9342</SimpleData>
<SimpleData name="features__id">node/5489548794</SimpleData>
</SchemaData>
</ExtendedData>
<Point>
<coordinates>77.69001029999998,12.9342251,0</coordinates>
</Point>
</Placemark>
<Placemark>
<styleUrl>#pointStyleMap</styleUrl><name>node/5489548795</name>
<ExtendedData>
<SchemaData schemaUrl="#S_Bellandur_HSR_SSSSSSDDS">
<SimpleData name="features__type">Feature</SimpleData>
<SimpleData name="features__properties___id">node/5489548795</SimpleData>
<SimpleData name="features__properties__highway">street_lamp</SimpleData>
<SimpleData name="features__properties__name">Street Lamp</SimpleData>
<SimpleData name="features__properties__working">no</SimpleData>
<SimpleData name="features__geometry__type">Point</SimpleData>
<SimpleData name="Longitude">77.6871</SimpleData>
<SimpleData name="Latitude">12.9316</SimpleData>
<SimpleData name="features__id">node/5489548795</SimpleData>
</SchemaData>
</ExtendedData>
<Point>
<coordinates>77.68708530000005,12.93156379999999,0</coordinates>
</Point>
</Placemark>
<Placemark>
<styleUrl>#pointStyleMap</styleUrl><name>node/5489548796</name>
<ExtendedData>
<SchemaData schemaUrl="#S_Bellandur_HSR_SSSSSSDDS">
<SimpleData name="features__type">Feature</SimpleData>
<SimpleData name="features__properties___id">node/5489548796</SimpleData>
<SimpleData name="features__properties__highway">street_lamp</SimpleData>
<SimpleData name="features__properties__name">Street Lamp</SimpleData>
<SimpleData name="features__properties__working">no</SimpleData>
<SimpleData name="features__geometry__type">Point</SimpleData>
<SimpleData name="Longitude">77.6834</SimpleData>
<SimpleData name="Latitude">12.9291</SimpleData>
<SimpleData name="features__id">node/5489548796</SimpleData>
</SchemaData>
</ExtendedData>
<Point>
<coordinates>77.68344089999999,12.92907509999999,0</coordinates>
</Point>
</Placemark>
<Placemark>
<styleUrl>#pointStyleMap</styleUrl><name>node/5489548797</name>
<ExtendedData>
<SchemaData schemaUrl="#S_Bellandur_HSR_SSSSSSDDS">
<SimpleData name="features__type">Feature</SimpleData>
<SimpleData name="features__properties___id">node/5489548797</SimpleData>
<SimpleData name="features__properties__highway">street_lamp</SimpleData>
<SimpleData name="features__properties__name">Street Lamp</SimpleData>
<SimpleData name="features__properties__working">no</SimpleData>
<SimpleData name="features__geometry__type">Point</SimpleData>
<SimpleData name="Longitude">77.6778</SimpleData>
<SimpleData name="Latitude">12.9264</SimpleData>
<SimpleData name="features__id">node/5489548797</SimpleData>
</SchemaData>
</ExtendedData>
<Point>
<coordinates>77.67777449999998,12.9263793,0</coordinates>
</Point>
</Placemark>
<Placemark>
<styleUrl>#pointStyleMap</styleUrl><name>node/5489548798</name>
<ExtendedData>
<SchemaData schemaUrl="#S_Bellandur_HSR_SSSSSSDDS">
<SimpleData name="features__type">Feature</SimpleData>
<SimpleData name="features__properties___id">node/5489548798</SimpleData>
<SimpleData name="features__properties__highway">street_lamp</SimpleData>
<SimpleData name="features__properties__name">Street Lamp</SimpleData>
<SimpleData name="features__properties__working">no</SimpleData>
<SimpleData name="features__geometry__type">Point</SimpleData>
<SimpleData name="Longitude">77.6739</SimpleData>
<SimpleData name="Latitude">12.9245</SimpleData>
<SimpleData name="features__id">node/5489548798</SimpleData>
</SchemaData>
</ExtendedData>
<Point>
<coordinates>77.67391889999999,12.92452669999999,0</coordinates>
</Point>
</Placemark>
<Placemark>
<styleUrl>#pointStyleMap</styleUrl><name>node/5489548799</name>
<ExtendedData>
<SchemaData schemaUrl="#S_Bellandur_HSR_SSSSSSDDS">
<SimpleData name="features__type">Feature</SimpleData>
<SimpleData name="features__properties___id">node/5489548799</SimpleData>
<SimpleData name="features__properties__highway">street_lamp</SimpleData>
<SimpleData name="features__properties__name">Street Lamp</SimpleData>
<SimpleData name="features__properties__working">no</SimpleData>
<SimpleData name="features__geometry__type">Point</SimpleData>
<SimpleData name="Longitude">77.6701</SimpleData>
<SimpleData name="Latitude">12.9228</SimpleData>
<SimpleData name="features__id">node/5489548799</SimpleData>
</SchemaData>
</ExtendedData>
<Point>
<coordinates>77.67007319999998,12.92277020000002,0</coordinates>
</Point>
</Placemark>
<Placemark>
<styleUrl>#pointStyleMap</styleUrl><name>node/5489548800</name>
<ExtendedData>
<SchemaData schemaUrl="#S_Bellandur_HSR_SSSSSSDDS">
<SimpleData name="features__type">Feature</SimpleData>
<SimpleData name="features__properties___id">node/5489548800</SimpleData>
<SimpleData name="features__properties__highway">street_lamp</SimpleData>
<SimpleData name="features__properties__name">Street Lamp</SimpleData>
<SimpleData name="features__properties__working">no</SimpleData>
<SimpleData name="features__geometry__type">Point</SimpleData>
<SimpleData name="Longitude">77.6759</SimpleData>
<SimpleData name="Latitude">12.9259</SimpleData>
<SimpleData name="features__id">node/5489548800</SimpleData>
</SchemaData>
</ExtendedData>
<Point>
<coordinates>77.67589629999998,12.92589909999999,0</coordinates>
</Point>
</Placemark>
<Placemark>
<styleUrl>#pointStyleMap</styleUrl><name>node/5489548801</name>
<ExtendedData>
<SchemaData schemaUrl="#S_Bellandur_HSR_SSSSSSDDS">
<SimpleData name="features__type">Feature</SimpleData>
<SimpleData name="features__properties___id">node/5489548801</SimpleData>
<SimpleData name="features__properties__highway">street_lamp</SimpleData>
<SimpleData name="features__properties__name">Street Lamp</SimpleData>
<SimpleData name="features__properties__working">yes</SimpleData>
<SimpleData name="features__geometry__type">Point</SimpleData>
<SimpleData name="Longitude">77.6724</SimpleData>
<SimpleData name="Latitude">12.9175</SimpleData>
<SimpleData name="features__id">node/5489548801</SimpleData>
</SchemaData>
</ExtendedData>
<Point>
<coordinates>77.6723597,12.91746330000001,0</coordinates>
</Point>
</Placemark>
<Placemark>
<styleUrl>#pointStyleMap</styleUrl><name>node/5489548802</name>
<ExtendedData>
<SchemaData schemaUrl="#S_Bellandur_HSR_SSSSSSDDS">
<SimpleData name="features__type">Feature</SimpleData>
<SimpleData name="features__properties___id">node/5489548802</SimpleData>
<SimpleData name="features__properties__highway">street_lamp</SimpleData>
<SimpleData name="features__properties__name">Street Lamp</SimpleData>
<SimpleData name="features__properties__working">no</SimpleData>
<SimpleData name="features__geometry__type">Point</SimpleData>
<SimpleData name="Longitude">77.6684</SimpleData>
<SimpleData name="Latitude">12.9191</SimpleData>
<SimpleData name="features__id">node/5489548802</SimpleData>
</SchemaData>
</ExtendedData>
<Point>
<coordinates>77.66840919999999,12.91907610000001,0</coordinates>
</Point>
</Placemark>
<Placemark>
<styleUrl>#pointStyleMap</styleUrl><name>node/5489548803</name>
<ExtendedData>
<SchemaData schemaUrl="#S_Bellandur_HSR_SSSSSSDDS">
<SimpleData name="features__type">Feature</SimpleData>
<SimpleData name="features__properties___id">node/5489548803</SimpleData>
<SimpleData name="features__properties__highway">street_lamp</SimpleData>
<SimpleData name="features__properties__name">Street Lamp</SimpleData>
<SimpleData name="features__properties__working">no</SimpleData>
<SimpleData name="features__geometry__type">Point</SimpleData>
<SimpleData name="Longitude">77.6663</SimpleData>
<SimpleData name="Latitude">12.9211</SimpleData>
<SimpleData name="features__id">node/5489548803</SimpleData>
</SchemaData>
</ExtendedData>
<Point>
<coordinates>77.66630550000004,12.92110429999999,0</coordinates>
</Point>
</Placemark>
<Placemark>
<styleUrl>#pointStyleMap</styleUrl><name>node/5489548804</name>
<ExtendedData>
<SchemaData schemaUrl="#S_Bellandur_HSR_SSSSSSDDS">
<SimpleData name="features__type">Feature</SimpleData>
<SimpleData name="features__properties___id">node/5489548804</SimpleData>
<SimpleData name="features__properties__highway">street_lamp</SimpleData>
<SimpleData name="features__properties__name">Street Lamp</SimpleData>
<SimpleData name="features__properties__working">no</SimpleData>
<SimpleData name="features__geometry__type">Point</SimpleData>
<SimpleData name="Longitude">77.6691</SimpleData>
<SimpleData name="Latitude">12.9227</SimpleData>
<SimpleData name="features__id">node/5489548804</SimpleData>
</SchemaData>
</ExtendedData>
<Point>
<coordinates>77.66906059999997,12.9226873,0</coordinates>
</Point>
</Placemark>
<Placemark>
<styleUrl>#pointStyleMap</styleUrl><name>node/5489548805</name>
<ExtendedData>
<SchemaData schemaUrl="#S_Bellandur_HSR_SSSSSSDDS">
<SimpleData name="features__type">Feature</SimpleData>
<SimpleData name="features__properties___id">node/5489548805</SimpleData>
<SimpleData name="features__properties__highway">street_lamp</SimpleData>
<SimpleData name="features__properties__name">Street Lamp</SimpleData>
<SimpleData name="features__properties__working">no</SimpleData>
<SimpleData name="features__geometry__type">Point</SimpleData>
<SimpleData name="Longitude">77.6719</SimpleData>
<SimpleData name="Latitude">12.924</SimpleData>
<SimpleData name="features__id">node/5489548805</SimpleData>
</SchemaData>
</ExtendedData>
<Point>
<coordinates>77.67190099999998,12.92399810000002,0</coordinates>
</Point>
</Placemark>
<Placemark>
<styleUrl>#pointStyleMap</styleUrl><name>node/5489548806</name>
<ExtendedData>
<SchemaData schemaUrl="#S_Bellandur_HSR_SSSSSSDDS">
<SimpleData name="features__type">Feature</SimpleData>
<SimpleData name="features__properties___id">node/5489548806</SimpleData>
<SimpleData name="features__properties__highway">street_lamp</SimpleData>
<SimpleData name="features__properties__name">Street Lamp</SimpleData>
<SimpleData name="features__properties__working">no</SimpleData>
<SimpleData name="features__geometry__type">Point</SimpleData>
<SimpleData name="Longitude">77.6808</SimpleData>
<SimpleData name="Latitude">12.9282</SimpleData>
<SimpleData name="features__id">node/5489548806</SimpleData>
</SchemaData>
</ExtendedData>
<Point>
<coordinates>77.68082079999999,12.92823459999999,0</coordinates>
</Point>
</Placemark>
<Placemark>
<styleUrl>#pointStyleMap</styleUrl><name>node/5489548807</name>
<ExtendedData>
<SchemaData schemaUrl="#S_Bellandur_HSR_SSSSSSDDS">
<SimpleData name="features__type">Feature</SimpleData>
<SimpleData name="features__properties___id">node/5489548807</SimpleData>
<SimpleData name="features__properties__highway">street_lamp</SimpleData>
<SimpleData name="features__properties__name">Street Lamp</SimpleData>
<SimpleData name="features__properties__working">no</SimpleData>
<SimpleData name="features__geometry__type">Point</SimpleData>
<SimpleData name="Longitude">77.6837</SimpleData>
<SimpleData name="Latitude">12.9296</SimpleData>
<SimpleData name="features__id">node/5489548807</SimpleData>
</SchemaData>
</ExtendedData>
<Point>
<coordinates>77.68374749999998,12.92964019999998,0</coordinates>
</Point>
</Placemark>
<Placemark>
<styleUrl>#pointStyleMap</styleUrl><name>node/5489548808</name>
<ExtendedData>
<SchemaData schemaUrl="#S_Bellandur_HSR_SSSSSSDDS">
<SimpleData name="features__type">Feature</SimpleData>
<SimpleData name="features__properties___id">node/5489548808</SimpleData>
<SimpleData name="features__properties__highway">street_lamp</SimpleData>
<SimpleData name="features__properties__name">Street Lamp</SimpleData>
<SimpleData name="features__properties__working">no</SimpleData>
<SimpleData name="features__geometry__type">Point</SimpleData>
<SimpleData name="Longitude">77.6873</SimpleData>
<SimpleData name="Latitude">12.9322</SimpleData>
<SimpleData name="features__id">node/5489548808</SimpleData>
</SchemaData>
</ExtendedData>
<Point>
<coordinates>77.68726600000002,12.9321542,0</coordinates>
</Point>
</Placemark>
<Placemark>
<styleUrl>#pointStyleMap</styleUrl><name>node/5489548809</name>
<ExtendedData>
<SchemaData schemaUrl="#S_Bellandur_HSR_SSSSSSDDS">
<SimpleData name="features__type">Feature</SimpleData>
<SimpleData name="features__properties___id">node/5489548809</SimpleData>
<SimpleData name="features__properties__highway">street_lamp</SimpleData>
<SimpleData name="features__properties__name">Street Lamp</SimpleData>
<SimpleData name="features__properties__working">no</SimpleData>
<SimpleData name="features__geometry__type">Point</SimpleData>
<SimpleData name="Longitude">77.6902</SimpleData>
<SimpleData name="Latitude">12.9348</SimpleData>
<SimpleData name="features__id">node/5489548809</SimpleData>
</SchemaData>
</ExtendedData>
<Point>
<coordinates>77.69016220000005,12.9348415,0</coordinates>
</Point>
</Placemark>
<Placemark>
<styleUrl>#pointStyleMap</styleUrl><name>node/5489548810</name>
<ExtendedData>
<SchemaData schemaUrl="#S_Bellandur_HSR_SSSSSSDDS">
<SimpleData name="features__type">Feature</SimpleData>
<SimpleData name="features__properties___id">node/5489548810</SimpleData>
<SimpleData name="features__properties__highway">street_lamp</SimpleData>
<SimpleData name="features__properties__name">Street Lamp</SimpleData>
<SimpleData name="features__properties__working">no</SimpleData>
<SimpleData name="features__geometry__type">Point</SimpleData>
<SimpleData name="Longitude">77.6936</SimpleData>
<SimpleData name="Latitude">12.9379</SimpleData>
<SimpleData name="features__id">node/5489548810</SimpleData>
</SchemaData>
</ExtendedData>
<Point>
<coordinates>77.6935677,12.93794389999998,0</coordinates>
</Point>
</Placemark>
<Placemark>
<styleUrl>#pointStyleMap</styleUrl><name>node/5489548811</name>
<ExtendedData>
<SchemaData schemaUrl="#S_Bellandur_HSR_SSSSSSDDS">
<SimpleData name="features__type">Feature</SimpleData>
<SimpleData name="features__properties___id">node/5489548811</SimpleData>
<SimpleData name="features__properties__highway">street_lamp</SimpleData>
<SimpleData name="features__properties__name">Street Lamp</SimpleData>
<SimpleData name="features__properties__working">no</SimpleData>
<SimpleData name="features__geometry__type">Point</SimpleData>
<SimpleData name="Longitude">77.6935</SimpleData>
<SimpleData name="Latitude">12.9374</SimpleData>
<SimpleData name="features__id">node/5489548811</SimpleData>
</SchemaData>
</ExtendedData>
<Point>
<coordinates>77.69350710000002,12.93740489999999,0</coordinates>
</Point>
</Placemark>
<Placemark>
<styleUrl>#pointStyleMap</styleUrl><name>node/5489548812</name>
<ExtendedData>
<SchemaData schemaUrl="#S_Bellandur_HSR_SSSSSSDDS">
<SimpleData name="features__type">Feature</SimpleData>
<SimpleData name="features__properties___id">node/5489548812</SimpleData>
<SimpleData name="features__properties__highway">street_lamp</SimpleData>
<SimpleData name="features__properties__name">Street Lamp</SimpleData>
<SimpleData name="features__properties__working">no</SimpleData>
<SimpleData name="features__geometry__type">Point</SimpleData>
<SimpleData name="Longitude">77.6908</SimpleData>
<SimpleData name="Latitude">12.9349</SimpleData>
<SimpleData name="features__id">node/5489548812</SimpleData>
</SchemaData>
</ExtendedData>
<Point>
<coordinates>77.69076380000001,12.93491180000002,0</coordinates>
</Point>
</Placemark>
<Placemark>
<styleUrl>#pointStyleMap</styleUrl><name>node/5489548813</name>
<ExtendedData>
<SchemaData schemaUrl="#S_Bellandur_HSR_SSSSSSDDS">
<SimpleData name="features__type">Feature</SimpleData>
<SimpleData name="features__properties___id">node/5489548813</SimpleData>
<SimpleData name="features__properties__highway">street_lamp</SimpleData>
<SimpleData name="features__properties__name">Street Lamp</SimpleData>
<SimpleData name="features__properties__working">no</SimpleData>
<SimpleData name="features__geometry__type">Point</SimpleData>
<SimpleData name="Longitude">77.6877</SimpleData>
<SimpleData name="Latitude">12.932</SimpleData>
<SimpleData name="features__id">node/5489548813</SimpleData>
</SchemaData>
</ExtendedData>
<Point>
<coordinates>77.68765289999997,12.93203650000001,0</coordinates>
</Point>
</Placemark>
<Placemark>
<styleUrl>#pointStyleMap</styleUrl><name>node/5489548814</name>
<ExtendedData>
<SchemaData schemaUrl="#S_Bellandur_HSR_SSSSSSDDS">
<SimpleData name="features__type">Feature</SimpleData>
<SimpleData name="features__properties___id">node/5489548814</SimpleData>
<SimpleData name="features__properties__highway">street_lamp</SimpleData>
<SimpleData name="features__properties__name">Street Lamp</SimpleData>
<SimpleData name="features__properties__working">no</SimpleData>
<SimpleData name="features__geometry__type">Point</SimpleData>
<SimpleData name="Longitude">77.6843</SimpleData>
<SimpleData name="Latitude">12.9294</SimpleData>
<SimpleData name="features__id">node/5489548814</SimpleData>
</SchemaData>
</ExtendedData>
<Point>
<coordinates>77.68426950000004,12.92944949999999,0</coordinates>
</Point>
</Placemark>
<Placemark>
<styleUrl>#pointStyleMap</styleUrl><name>node/5489548815</name>
<ExtendedData>
<SchemaData schemaUrl="#S_Bellandur_HSR_SSSSSSDDS">
<SimpleData name="features__type">Feature</SimpleData>
<SimpleData name="features__properties___id">node/5489548815</SimpleData>
<SimpleData name="features__properties__highway">street_lamp</SimpleData>
<SimpleData name="features__properties__name">Street Lamp</SimpleData>
<SimpleData name="features__properties__working">no</SimpleData>
<SimpleData name="features__geometry__type">Point</SimpleData>
<SimpleData name="Longitude">77.6785</SimpleData>
<SimpleData name="Latitude">12.9267</SimpleData>
<SimpleData name="features__id">node/5489548815</SimpleData>
</SchemaData>
</ExtendedData>
<Point>
<coordinates>77.67851699999999,12.92673379999999,0</coordinates>
</Point>
</Placemark>
<Placemark>
<styleUrl>#pointStyleMap</styleUrl><name>node/5489548816</name>
<ExtendedData>
<SchemaData schemaUrl="#S_Bellandur_HSR_SSSSSSDDS">
<SimpleData name="features__type">Feature</SimpleData>
<SimpleData name="features__properties___id">node/5489548816</SimpleData>
<SimpleData name="features__properties__highway">street_lamp</SimpleData>
<SimpleData name="features__properties__name">Street Lamp</SimpleData>
<SimpleData name="features__properties__working">no</SimpleData>
<SimpleData name="features__geometry__type">Point</SimpleData>
<SimpleData name="Longitude">77.6746</SimpleData>
<SimpleData name="Latitude">12.9248</SimpleData>
<SimpleData name="features__id">node/5489548816</SimpleData>
</SchemaData>
</ExtendedData>
<Point>
<coordinates>77.67458249999999,12.9248384,0</coordinates>
</Point>
</Placemark>
<Placemark>
<styleUrl>#pointStyleMap</styleUrl><name>node/5489548817</name>
<ExtendedData>
<SchemaData schemaUrl="#S_Bellandur_HSR_SSSSSSDDS">
<SimpleData name="features__type">Feature</SimpleData>
<SimpleData name="features__properties___id">node/5489548817</SimpleData>
<SimpleData name="features__properties__highway">street_lamp</SimpleData>
<SimpleData name="features__properties__name">Street Lamp</SimpleData>
<SimpleData name="features__properties__working">no</SimpleData>
<SimpleData name="features__geometry__type">Point</SimpleData>
<SimpleData name="Longitude">77.6708</SimpleData>
<SimpleData name="Latitude">12.9231</SimpleData>
<SimpleData name="features__id">node/5489548817</SimpleData>
</SchemaData>
</ExtendedData>
<Point>
<coordinates>77.67075810000001,12.92311749999998,0</coordinates>
</Point>
</Placemark>
<Placemark>
<styleUrl>#pointStyleMap</styleUrl><name>node/5489548818</name>
<ExtendedData>
<SchemaData schemaUrl="#S_Bellandur_HSR_SSSSSSDDS">
<SimpleData name="features__type">Feature</SimpleData>
<SimpleData name="features__properties___id">node/5489548818</SimpleData>
<SimpleData name="features__properties__highway">street_lamp</SimpleData>
<SimpleData name="features__properties__name">Street Lamp</SimpleData>
<SimpleData name="features__properties__working">no</SimpleData>
<SimpleData name="features__geometry__type">Point</SimpleData>
<SimpleData name="Longitude">77.6752</SimpleData>
<SimpleData name="Latitude">12.9255</SimpleData>
<SimpleData name="features__id">node/5489548818</SimpleData>
</SchemaData>
</ExtendedData>
<Point>
<coordinates>77.6751956,12.92553049999999,0</coordinates>
</Point>
</Placemark>
<Placemark>
<styleUrl>#pointStyleMap</styleUrl><name>node/5489548819</name>
<ExtendedData>
<SchemaData schemaUrl="#S_Bellandur_HSR_SSSSSSDDS">
<SimpleData name="features__type">Feature</SimpleData>
<SimpleData name="features__properties___id">node/5489548819</SimpleData>
<SimpleData name="features__properties__highway">street_lamp</SimpleData>
<SimpleData name="features__properties__name">Street Lamp</SimpleData>
<SimpleData name="features__properties__working">no</SimpleData>
<SimpleData name="features__geometry__type">Point</SimpleData>
<SimpleData name="Longitude">77.6793</SimpleData>
<SimpleData name="Latitude">12.9275</SimpleData>
<SimpleData name="features__id">node/5489548819</SimpleData>
</SchemaData>
</ExtendedData>
<Point>
<coordinates>77.67926349999999,12.92751340000003,0</coordinates>
</Point>
</Placemark>
<Placemark>
<styleUrl>#pointStyleMap</styleUrl><name>node/5489548820</name>
<ExtendedData>
<SchemaData schemaUrl="#S_Bellandur_HSR_SSSSSSDDS">
<SimpleData name="features__type">Feature</SimpleData>
<SimpleData name="features__properties___id">node/5489548820</SimpleData>
<SimpleData name="features__properties__highway">street_lamp</SimpleData>
<SimpleData name="features__properties__name">Street Lamp</SimpleData>
<SimpleData name="features__properties__working">yes</SimpleData>
<SimpleData name="features__geometry__type">Point</SimpleData>
<SimpleData name="Longitude">77.6731</SimpleData>
<SimpleData name="Latitude">12.917</SimpleData>
<SimpleData name="features__id">node/5489548820</SimpleData>
</SchemaData>
</ExtendedData>
<Point>
<coordinates>77.67314810000001,12.9170438,0</coordinates>
</Point>
</Placemark>
<Placemark>
<styleUrl>#pointStyleMap</styleUrl><name>node/5489548821</name>
<ExtendedData>
<SchemaData schemaUrl="#S_Bellandur_HSR_SSSSSSDDS">
<SimpleData name="features__type">Feature</SimpleData>
<SimpleData name="features__properties___id">node/5489548821</SimpleData>
<SimpleData name="features__properties__highway">street_lamp</SimpleData>
<SimpleData name="features__properties__name">Street Lamp</SimpleData>
<SimpleData name="features__properties__working">no</SimpleData>
<SimpleData name="features__geometry__type">Point</SimpleData>
<SimpleData name="Longitude">77.6691</SimpleData>
<SimpleData name="Latitude">12.9188</SimpleData>
<SimpleData name="features__id">node/5489548821</SimpleData>
</SchemaData>
</ExtendedData>
<Point>
<coordinates>77.66912720000001,12.91880099999998,0</coordinates>
</Point>
</Placemark>
<Placemark>
<styleUrl>#pointStyleMap</styleUrl><name>node/5489548822</name>
<ExtendedData>
<SchemaData schemaUrl="#S_Bellandur_HSR_SSSSSSDDS">
<SimpleData name="features__type">Feature</SimpleData>
<SimpleData name="features__properties___id">node/5489548822</SimpleData>
<SimpleData name="features__properties__highway">street_lamp</SimpleData>
<SimpleData name="features__properties__name">Street Lamp</SimpleData>
<SimpleData name="features__properties__working">no</SimpleData>
<SimpleData name="features__geometry__type">Point</SimpleData>
<SimpleData name="Longitude">77.6656</SimpleData>
<SimpleData name="Latitude">12.9208</SimpleData>
<SimpleData name="features__id">node/5489548822</SimpleData>
</SchemaData>
</ExtendedData>
<Point>
<coordinates>77.66559199999999,12.92077940000001,0</coordinates>
</Point>
</Placemark>
<Placemark>
<styleUrl>#pointStyleMap</styleUrl><name>node/5489548823</name>
<ExtendedData>
<SchemaData schemaUrl="#S_Bellandur_HSR_SSSSSSDDS">
<SimpleData name="features__type">Feature</SimpleData>
<SimpleData name="features__properties___id">node/5489548823</SimpleData>
<SimpleData name="features__properties__highway">street_lamp</SimpleData>
<SimpleData name="features__properties__name">Street Lamp</SimpleData>
<SimpleData name="features__properties__working">no</SimpleData>
<SimpleData name="features__geometry__type">Point</SimpleData>
<SimpleData name="Longitude">77.6684</SimpleData>
<SimpleData name="Latitude">12.9224</SimpleData>
<SimpleData name="features__id">node/5489548823</SimpleData>
</SchemaData>
</ExtendedData>
<Point>
<coordinates>77.6684006,12.92237320000003,0</coordinates>
</Point>
</Placemark>
<Placemark>
<styleUrl>#pointStyleMap</styleUrl><name>node/5489548824</name>
<ExtendedData>
<SchemaData schemaUrl="#S_Bellandur_HSR_SSSSSSDDS">
<SimpleData name="features__type">Feature</SimpleData>
<SimpleData name="features__properties___id">node/5489548824</SimpleData>
<SimpleData name="features__properties__highway">street_lamp</SimpleData>
<SimpleData name="features__properties__name">Street Lamp</SimpleData>
<SimpleData name="features__properties__working">no</SimpleData>
<SimpleData name="features__geometry__type">Point</SimpleData>
<SimpleData name="Longitude">77.6801</SimpleData>
<SimpleData name="Latitude">12.9279</SimpleData>
<SimpleData name="features__id">node/5489548824</SimpleData>
</SchemaData>
</ExtendedData>
<Point>
<coordinates>77.68012520000003,12.92789479999997,0</coordinates>
</Point>
</Placemark>
<Placemark>
<styleUrl>#pointStyleMap</styleUrl><name>node/5489548825</name>
<ExtendedData>
<SchemaData schemaUrl="#S_Bellandur_HSR_SSSSSSDDS">
<SimpleData name="features__type">Feature</SimpleData>
<SimpleData name="features__properties___id">node/5489548825</SimpleData>
<SimpleData name="features__properties__highway">street_lamp</SimpleData>
<SimpleData name="features__properties__name">Street Lamp</SimpleData>
<SimpleData name="features__properties__working">no</SimpleData>
<SimpleData name="features__geometry__type">Point</SimpleData>
<SimpleData name="Longitude">77.683</SimpleData>
<SimpleData name="Latitude">12.9293</SimpleData>
<SimpleData name="features__id">node/5489548825</SimpleData>
</SchemaData>
</ExtendedData>
<Point>
<coordinates>77.683042,12.9292989,0</coordinates>
</Point>
</Placemark>
<Placemark>
<styleUrl>#pointStyleMap</styleUrl><name>node/5489548826</name>
<ExtendedData>
<SchemaData schemaUrl="#S_Bellandur_HSR_SSSSSSDDS">
<SimpleData name="features__type">Feature</SimpleData>
<SimpleData name="features__properties___id">node/5489548826</SimpleData>
<SimpleData name="features__properties__highway">street_lamp</SimpleData>
<SimpleData name="features__properties__name">Street Lamp</SimpleData>
<SimpleData name="features__properties__working">no</SimpleData>
<SimpleData name="features__geometry__type">Point</SimpleData>
<SimpleData name="Longitude">77.6867</SimpleData>
<SimpleData name="Latitude">12.9316</SimpleData>
<SimpleData name="features__id">node/5489548826</SimpleData>
</SchemaData>
</ExtendedData>
<Point>
<coordinates>77.68665069999999,12.93164180000001,0</coordinates>
</Point>
</Placemark>
<Placemark>
<styleUrl>#pointStyleMap</styleUrl><name>node/5489548827</name>
<ExtendedData>
<SchemaData schemaUrl="#S_Bellandur_HSR_SSSSSSDDS">
<SimpleData name="features__type">Feature</SimpleData>
<SimpleData name="features__properties___id">node/5489548827</SimpleData>
<SimpleData name="features__properties__highway">street_lamp</SimpleData>
<SimpleData name="features__properties__name">Street Lamp</SimpleData>
<SimpleData name="features__properties__working">no</SimpleData>
<SimpleData name="features__geometry__type">Point</SimpleData>
<SimpleData name="Longitude">77.6897</SimpleData>
<SimpleData name="Latitude">12.9344</SimpleData>
<SimpleData name="features__id">node/5489548827</SimpleData>
</SchemaData>
</ExtendedData>
<Point>
<coordinates>77.68965009999999,12.93435230000001,0</coordinates>
</Point>
</Placemark>
<Placemark>
<styleUrl>#pointStyleMap</styleUrl><name>node/5489548828</name>
<ExtendedData>
<SchemaData schemaUrl="#S_Bellandur_HSR_SSSSSSDDS">
<SimpleData name="features__type">Feature</SimpleData>
<SimpleData name="features__properties___id">node/5489548828</SimpleData>
<SimpleData name="features__properties__highway">street_lamp</SimpleData>
<SimpleData name="features__properties__name">Street Lamp</SimpleData>
<SimpleData name="features__properties__working">no</SimpleData>
<SimpleData name="features__geometry__type">Point</SimpleData>
<SimpleData name="Longitude">77.6926</SimpleData>
<SimpleData name="Latitude">12.937</SimpleData>
<SimpleData name="features__id">node/5489548828</SimpleData>
</SchemaData>
</ExtendedData>
<Point>
<coordinates>77.69256380000003,12.9370186,0</coordinates>
</Point>
</Placemark>
<Placemark>
<styleUrl>#pointStyleMap</styleUrl><name>node/5489548829</name>
<ExtendedData>
<SchemaData schemaUrl="#S_Bellandur_HSR_SSSSSSDDS">
<SimpleData name="features__type">Feature</SimpleData>
<SimpleData name="features__properties___id">node/5489548829</SimpleData>
<SimpleData name="features__properties__highway">street_lamp</SimpleData>
<SimpleData name="features__properties__name">Street Lamp</SimpleData>
<SimpleData name="features__properties__working">no</SimpleData>
<SimpleData name="features__geometry__type">Point</SimpleData>
<SimpleData name="Longitude">77.6941</SimpleData>
<SimpleData name="Latitude">12.938</SimpleData>
<SimpleData name="features__id">node/5489548829</SimpleData>
</SchemaData>
</ExtendedData>
<Point>
<coordinates>77.69410460000002,12.93796320000002,0</coordinates>
</Point>
</Placemark>
<Placemark>
<styleUrl>#pointStyleMap</styleUrl><name>node/5489548830</name>
<ExtendedData>
<SchemaData schemaUrl="#S_Bellandur_HSR_SSSSSSDDS">
<SimpleData name="features__type">Feature</SimpleData>
<SimpleData name="features__properties___id">node/5489548830</SimpleData>
<SimpleData name="features__properties__highway">street_lamp</SimpleData>
<SimpleData name="features__properties__name">Street Lamp</SimpleData>
<SimpleData name="features__properties__working">no</SimpleData>
<SimpleData name="features__geometry__type">Point</SimpleData>
<SimpleData name="Longitude">77.6914</SimpleData>
<SimpleData name="Latitude">12.9354</SimpleData>
<SimpleData name="features__id">node/5489548830</SimpleData>
</SchemaData>
</ExtendedData>
<Point>
<coordinates>77.69135379999999,12.93537920000001,0</coordinates>
</Point>
</Placemark>
<Placemark>
<styleUrl>#pointStyleMap</styleUrl><name>node/5489548831</name>
<ExtendedData>
<SchemaData schemaUrl="#S_Bellandur_HSR_SSSSSSDDS">
<SimpleData name="features__type">Feature</SimpleData>
<SimpleData name="features__properties___id">node/5489548831</SimpleData>
<SimpleData name="features__properties__highway">street_lamp</SimpleData>
<SimpleData name="features__properties__name">Street Lamp</SimpleData>
<SimpleData name="features__properties__working">yes</SimpleData>
<SimpleData name="features__geometry__type">Point</SimpleData>
<SimpleData name="Longitude">77.6882</SimpleData>
<SimpleData name="Latitude">12.9325</SimpleData>
<SimpleData name="features__id">node/5489548831</SimpleData>
</SchemaData>
</ExtendedData>
<Point>
<coordinates>77.68815669999998,12.93252709999999,0</coordinates>
</Point>
</Placemark>
<Placemark>
<styleUrl>#pointStyleMap</styleUrl><name>node/5489548832</name>
<ExtendedData>
<SchemaData schemaUrl="#S_Bellandur_HSR_SSSSSSDDS">
<SimpleData name="features__type">Feature</SimpleData>
<SimpleData name="features__properties___id">node/5489548832</SimpleData>
<SimpleData name="features__properties__highway">street_lamp</SimpleData>
<SimpleData name="features__properties__name">Street Lamp</SimpleData>
<SimpleData name="features__properties__working">no</SimpleData>
<SimpleData name="features__geometry__type">Point</SimpleData>
<SimpleData name="Longitude">77.6851</SimpleData>
<SimpleData name="Latitude">12.9299</SimpleData>
<SimpleData name="features__id">node/5489548832</SimpleData>
</SchemaData>
</ExtendedData>
<Point>
<coordinates>77.68506730000003,12.92987160000002,0</coordinates>
</Point>
</Placemark>
<Placemark>
<styleUrl>#pointStyleMap</styleUrl><name>node/5489548833</name>
<ExtendedData>
<SchemaData schemaUrl="#S_Bellandur_HSR_SSSSSSDDS">
<SimpleData name="features__type">Feature</SimpleData>
<SimpleData name="features__properties___id">node/5489548833</SimpleData>
<SimpleData name="features__properties__highway">street_lamp</SimpleData>
<SimpleData name="features__properties__name">Street Lamp</SimpleData>
<SimpleData name="features__properties__working">no</SimpleData>
<SimpleData name="features__geometry__type">Point</SimpleData>
<SimpleData name="Longitude">77.6792</SimpleData>
<SimpleData name="Latitude">12.9271</SimpleData>
<SimpleData name="features__id">node/5489548833</SimpleData>
</SchemaData>
</ExtendedData>
<Point>
<coordinates>77.67924210000002,12.9270653,0</coordinates>
</Point>
</Placemark>
<Placemark>
<styleUrl>#pointStyleMap</styleUrl><name>node/5489548834</name>
<ExtendedData>
<SchemaData schemaUrl="#S_Bellandur_HSR_SSSSSSDDS">
<SimpleData name="features__type">Feature</SimpleData>
<SimpleData name="features__properties___id">node/5489548834</SimpleData>
<SimpleData name="features__properties__highway">street_lamp</SimpleData>
<SimpleData name="features__properties__name">Street Lamp</SimpleData>
<SimpleData name="features__properties__working">no</SimpleData>
<SimpleData name="features__geometry__type">Point</SimpleData>
<SimpleData name="Longitude">77.6753</SimpleData>
<SimpleData name="Latitude">12.9252</SimpleData>
<SimpleData name="features__id">node/5489548834</SimpleData>
</SchemaData>
</ExtendedData>
<Point>
<coordinates>77.6753142,12.9252022,0</coordinates>
</Point>
</Placemark>
<Placemark>
<styleUrl>#pointStyleMap</styleUrl><name>node/5489548835</name>
<ExtendedData>
<SchemaData schemaUrl="#S_Bellandur_HSR_SSSSSSDDS">
<SimpleData name="features__type">Feature</SimpleData>
<SimpleData name="features__properties___id">node/5489548835</SimpleData>
<SimpleData name="features__properties__highway">street_lamp</SimpleData>
<SimpleData name="features__properties__name">Street Lamp</SimpleData>
<SimpleData name="features__properties__working">no</SimpleData>
<SimpleData name="features__geometry__type">Point</SimpleData>
<SimpleData name="Longitude">77.6714</SimpleData>
<SimpleData name="Latitude">12.9234</SimpleData>
<SimpleData name="features__id">node/5489548835</SimpleData>
</SchemaData>
</ExtendedData>
<Point>
<coordinates>77.67141809999998,12.92339900000001,0</coordinates>
</Point>
</Placemark>
<Placemark>
<styleUrl>#pointStyleMap</styleUrl><name>node/5489548836</name>
<ExtendedData>
<SchemaData schemaUrl="#S_Bellandur_HSR_SSSSSSDDS">
<SimpleData name="features__type">Feature</SimpleData>
<SimpleData name="features__properties___id">node/5489548836</SimpleData>
<SimpleData name="features__properties__highway">street_lamp</SimpleData>
<SimpleData name="features__properties__name">Street Lamp</SimpleData>
<SimpleData name="features__properties__working">no</SimpleData>
<SimpleData name="features__geometry__type">Point</SimpleData>
<SimpleData name="Longitude">77.6747</SimpleData>
<SimpleData name="Latitude">12.9253</SimpleData>
<SimpleData name="features__id">node/5489548836</SimpleData>
</SchemaData>
</ExtendedData>
<Point>
<coordinates>77.67468789999998,12.92527779999999,0</coordinates>
</Point>
</Placemark>
<Placemark>
<styleUrl>#pointStyleMap</styleUrl><name>node/5489548837</name>
<ExtendedData>
<SchemaData schemaUrl="#S_Bellandur_HSR_SSSSSSDDS">
<SimpleData name="features__type">Feature</SimpleData>
<SimpleData name="features__properties___id">node/5489548837</SimpleData>
<SimpleData name="features__properties__highway">street_lamp</SimpleData>
<SimpleData name="features__properties__name">Street Lamp</SimpleData>
<SimpleData name="features__properties__working">no</SimpleData>
<SimpleData name="features__geometry__type">Point</SimpleData>
<SimpleData name="Longitude">77.6786</SimpleData>
<SimpleData name="Latitude">12.9272</SimpleData>
<SimpleData name="features__id">node/5489548837</SimpleData>
</SchemaData>
</ExtendedData>
<Point>
<coordinates>77.67856280000001,12.92721479999998,0</coordinates>
</Point>
</Placemark>
<Placemark>
<styleUrl>#pointStyleMap</styleUrl><name>node/5489548838</name>
<ExtendedData>
<SchemaData schemaUrl="#S_Bellandur_HSR_SSSSSSDDS">
<SimpleData name="features__type">Feature</SimpleData>
<SimpleData name="features__properties___id">node/5489548838</SimpleData>
<SimpleData name="features__properties__highway">street_lamp</SimpleData>
<SimpleData name="features__properties__name">Street Lamp</SimpleData>
<SimpleData name="features__properties__working">yes</SimpleData>
<SimpleData name="features__geometry__type">Point</SimpleData>
<SimpleData name="Longitude">77.674</SimpleData>
<SimpleData name="Latitude">12.9159</SimpleData>
<SimpleData name="features__id">node/5489548838</SimpleData>
</SchemaData>
</ExtendedData>
<Point>
<coordinates>77.67396020000001,12.91585820000002,0</coordinates>
</Point>
</Placemark>
<Placemark>
<styleUrl>#pointStyleMap</styleUrl><name>node/5489548839</name>
<ExtendedData>
<SchemaData schemaUrl="#S_Bellandur_HSR_SSSSSSDDS">
<SimpleData name="features__type">Feature</SimpleData>
<SimpleData name="features__properties___id">node/5489548839</SimpleData>
<SimpleData name="features__properties__highway">street_lamp</SimpleData>
<SimpleData name="features__properties__name">Street Lamp</SimpleData>
<SimpleData name="features__properties__working">no</SimpleData>
<SimpleData name="features__geometry__type">Point</SimpleData>
<SimpleData name="Longitude">77.6699</SimpleData>
<SimpleData name="Latitude">12.9186</SimpleData>
<SimpleData name="features__id">node/5489548839</SimpleData>
</SchemaData>
</ExtendedData>
<Point>
<coordinates>77.66986689999997,12.91856149999999,0</coordinates>
</Point>
</Placemark>
<Placemark>
<styleUrl>#pointStyleMap</styleUrl><name>node/5489548840</name>
<ExtendedData>
<SchemaData schemaUrl="#S_Bellandur_HSR_SSSSSSDDS">
<SimpleData name="features__type">Feature</SimpleData>
<SimpleData name="features__properties___id">node/5489548840</SimpleData>
<SimpleData name="features__properties__highway">street_lamp</SimpleData>
<SimpleData name="features__properties__name">Street Lamp</SimpleData>
<SimpleData name="features__properties__working">no</SimpleData>
<SimpleData name="features__geometry__type">Point</SimpleData>
<SimpleData name="Longitude">77.6663</SimpleData>
<SimpleData name="Latitude">12.9202</SimpleData>
<SimpleData name="features__id">node/5489548840</SimpleData>
</SchemaData>
</ExtendedData>
<Point>
<coordinates>77.66629449999999,12.92015269999999,0</coordinates>
</Point>
</Placemark>
<Placemark>
<styleUrl>#pointStyleMap</styleUrl><name>node/5489548841</name>
<ExtendedData>
<SchemaData schemaUrl="#S_Bellandur_HSR_SSSSSSDDS">
<SimpleData name="features__type">Feature</SimpleData>
<SimpleData name="features__properties___id">node/5489548841</SimpleData>
<SimpleData name="features__properties__highway">street_lamp</SimpleData>
<SimpleData name="features__properties__name">Street Lamp</SimpleData>
<SimpleData name="features__properties__working">no</SimpleData>
<SimpleData name="features__geometry__type">Point</SimpleData>
<SimpleData name="Longitude">77.6677</SimpleData>
<SimpleData name="Latitude">12.922</SimpleData>
<SimpleData name="features__id">node/5489548841</SimpleData>
</SchemaData>
</ExtendedData>
<Point>
<coordinates>77.66769620000002,12.92204140000003,0</coordinates>
</Point>
</Placemark>
<Placemark>
<styleUrl>#pointStyleMap</styleUrl><name>node/5489548842</name>
<ExtendedData>
<SchemaData schemaUrl="#S_Bellandur_HSR_SSSSSSDDS">
<SimpleData name="features__type">Feature</SimpleData>
<SimpleData name="features__properties___id">node/5489548842</SimpleData>
<SimpleData name="features__properties__highway">street_lamp</SimpleData>
<SimpleData name="features__properties__name">Street Lamp</SimpleData>
<SimpleData name="features__properties__working">no</SimpleData>
<SimpleData name="features__geometry__type">Point</SimpleData>
<SimpleData name="Longitude">77.6713</SimpleData>
<SimpleData name="Latitude">12.9237</SimpleData>
<SimpleData name="features__id">node/5489548842</SimpleData>
</SchemaData>
</ExtendedData>
<Point>
<coordinates>77.67127909999999,12.92370249999998,0</coordinates>
</Point>
</Placemark>
<Placemark>
<styleUrl>#pointStyleMap</styleUrl><name>node/5489548843</name>
<ExtendedData>
<SchemaData schemaUrl="#S_Bellandur_HSR_SSSSSSDDS">
<SimpleData name="features__type">Feature</SimpleData>
<SimpleData name="features__properties___id">node/5489548843</SimpleData>
<SimpleData name="features__properties__highway">street_lamp</SimpleData>
<SimpleData name="features__properties__name">Street Lamp</SimpleData>
<SimpleData name="features__properties__working">no</SimpleData>
<SimpleData name="features__geometry__type">Point</SimpleData>
<SimpleData name="Longitude">77.6741</SimpleData>
<SimpleData name="Latitude">12.925</SimpleData>
<SimpleData name="features__id">node/5489548843</SimpleData>
</SchemaData>
</ExtendedData>
<Point>
<coordinates>77.67407980000003,12.92496579999999,0</coordinates>
</Point>
</Placemark>
<Placemark>
<styleUrl>#pointStyleMap</styleUrl><name>node/5489548844</name>
<ExtendedData>
<SchemaData schemaUrl="#S_Bellandur_HSR_SSSSSSDDS">
<SimpleData name="features__type">Feature</SimpleData>
<SimpleData name="features__properties___id">node/5489548844</SimpleData>
<SimpleData name="features__properties__highway">street_lamp</SimpleData>
<SimpleData name="features__properties__name">Street Lamp</SimpleData>
<SimpleData name="features__properties__working">no</SimpleData>
<SimpleData name="features__geometry__type">Point</SimpleData>
<SimpleData name="Longitude">77.6823</SimpleData>
<SimpleData name="Latitude">12.9289</SimpleData>
<SimpleData name="features__id">node/5489548844</SimpleData>
</SchemaData>
</ExtendedData>
<Point>
<coordinates>77.68230570000003,12.92894599999998,0</coordinates>
</Point>
</Placemark>
<Placemark>
<styleUrl>#pointStyleMap</styleUrl><name>node/5489548845</name>
<ExtendedData>
<SchemaData schemaUrl="#S_Bellandur_HSR_SSSSSSDDS">
<SimpleData name="features__type">Feature</SimpleData>
<SimpleData name="features__properties___id">node/5489548845</SimpleData>
<SimpleData name="features__properties__highway">street_lamp</SimpleData>
<SimpleData name="features__properties__name">Street Lamp</SimpleData>
<SimpleData name="features__properties__working">yes</SimpleData>
<SimpleData name="features__geometry__type">Point</SimpleData>
<SimpleData name="Longitude">77.686</SimpleData>
<SimpleData name="Latitude">12.9311</SimpleData>
<SimpleData name="features__id">node/5489548845</SimpleData>
</SchemaData>
</ExtendedData>
<Point>
<coordinates>77.68604170000003,12.93110519999997,0</coordinates>
</Point>
</Placemark>
<Placemark>
<styleUrl>#pointStyleMap</styleUrl><name>node/5489548846</name>
<ExtendedData>
<SchemaData schemaUrl="#S_Bellandur_HSR_SSSSSSDDS">
<SimpleData name="features__type">Feature</SimpleData>
<SimpleData name="features__properties___id">node/5489548846</SimpleData>
<SimpleData name="features__properties__highway">street_lamp</SimpleData>
<SimpleData name="features__properties__name">Street Lamp</SimpleData>
<SimpleData name="features__properties__working">no</SimpleData>
<SimpleData name="features__geometry__type">Point</SimpleData>
<SimpleData name="Longitude">77.6891</SimpleData>
<SimpleData name="Latitude">12.9338</SimpleData>
<SimpleData name="features__id">node/5489548846</SimpleData>
</SchemaData>
</ExtendedData>
<Point>
<coordinates>77.68906989999999,12.93379580000001,0</coordinates>
</Point>
</Placemark>
<Placemark>
<styleUrl>#pointStyleMap</styleUrl><name>node/5489548847</name>
<ExtendedData>
<SchemaData schemaUrl="#S_Bellandur_HSR_SSSSSSDDS">
<SimpleData name="features__type">Feature</SimpleData>
<SimpleData name="features__properties___id">node/5489548847</SimpleData>
<SimpleData name="features__properties__highway">street_lamp</SimpleData>
<SimpleData name="features__properties__name">Street Lamp</SimpleData>
<SimpleData name="features__properties__working">no</SimpleData>
<SimpleData name="features__geometry__type">Point</SimpleData>
<SimpleData name="Longitude">77.692</SimpleData>
<SimpleData name="Latitude">12.9365</SimpleData>
<SimpleData name="features__id">node/5489548847</SimpleData>
</SchemaData>
</ExtendedData>
<Point>
<coordinates>77.69199260000001,12.93649420000002,0</coordinates>
</Point>
</Placemark>
<Placemark>
<styleUrl>#pointStyleMap</styleUrl><name>node/5489548848</name>
<ExtendedData>
<SchemaData schemaUrl="#S_Bellandur_HSR_SSSSSSDDS">
<SimpleData name="features__type">Feature</SimpleData>
<SimpleData name="features__properties___id">node/5489548848</SimpleData>
<SimpleData name="features__properties__highway">street_lamp</SimpleData>
<SimpleData name="features__properties__name">Street Lamp</SimpleData>
<SimpleData name="features__properties__working">no</SimpleData>
<SimpleData name="features__geometry__type">Point</SimpleData>
<SimpleData name="Longitude">77.6947</SimpleData>
<SimpleData name="Latitude">12.9386</SimpleData>
<SimpleData name="features__id">node/5489548848</SimpleData>
</SchemaData>
</ExtendedData>
<Point>
<coordinates>77.69472050000002,12.9385649,0</coordinates>
</Point>
</Placemark>
<Placemark>
<styleUrl>#pointStyleMap</styleUrl><name>node/5489548849</name>
<ExtendedData>
<SchemaData schemaUrl="#S_Bellandur_HSR_SSSSSSDDS">
<SimpleData name="features__type">Feature</SimpleData>
<SimpleData name="features__properties___id">node/5489548849</SimpleData>
<SimpleData name="features__properties__highway">street_lamp</SimpleData>
<SimpleData name="features__properties__name">Street Lamp</SimpleData>
<SimpleData name="features__properties__working">yes</SimpleData>
<SimpleData name="features__geometry__type">Point</SimpleData>
<SimpleData name="Longitude">77.6918</SimpleData>
<SimpleData name="Latitude">12.9359</SimpleData>
<SimpleData name="features__id">node/5489548849</SimpleData>
</SchemaData>
</ExtendedData>
<Point>
<coordinates>77.69183479999998,12.93588139999999,0</coordinates>
</Point>
</Placemark>
<Placemark>
<styleUrl>#pointStyleMap</styleUrl><name>node/5489548850</name>
<ExtendedData>
<SchemaData schemaUrl="#S_Bellandur_HSR_SSSSSSDDS">
<SimpleData name="features__type">Feature</SimpleData>
<SimpleData name="features__properties___id">node/5489548850</SimpleData>
<SimpleData name="features__properties__highway">street_lamp</SimpleData>
<SimpleData name="features__properties__name">Street Lamp</SimpleData>
<SimpleData name="features__properties__working">yes</SimpleData>
<SimpleData name="features__geometry__type">Point</SimpleData>
<SimpleData name="Longitude">77.6888</SimpleData>
<SimpleData name="Latitude">12.9331</SimpleData>
<SimpleData name="features__id">node/5489548850</SimpleData>
</SchemaData>
</ExtendedData>
<Point>
<coordinates>77.68877380000004,12.93307099999999,0</coordinates>
</Point>
</Placemark>
<Placemark>
<styleUrl>#pointStyleMap</styleUrl><name>node/5489548851</name>
<ExtendedData>
<SchemaData schemaUrl="#S_Bellandur_HSR_SSSSSSDDS">
<SimpleData name="features__type">Feature</SimpleData>
<SimpleData name="features__properties___id">node/5489548851</SimpleData>
<SimpleData name="features__properties__highway">street_lamp</SimpleData>
<SimpleData name="features__properties__name">Street Lamp</SimpleData>
<SimpleData name="features__properties__working">no</SimpleData>
<SimpleData name="features__geometry__type">Point</SimpleData>
<SimpleData name="Longitude">77.6857</SimpleData>
<SimpleData name="Latitude">12.9304</SimpleData>
<SimpleData name="features__id">node/5489548851</SimpleData>
</SchemaData>
</ExtendedData>
<Point>
<coordinates>77.68573289999999,12.9303694,0</coordinates>
</Point>
</Placemark>
<Placemark>
<styleUrl>#pointStyleMap</styleUrl><name>node/5489548852</name>
<ExtendedData>
<SchemaData schemaUrl="#S_Bellandur_HSR_SSSSSSDDS">
<SimpleData name="features__type">Feature</SimpleData>
<SimpleData name="features__properties___id">node/5489548852</SimpleData>
<SimpleData name="features__properties__highway">street_lamp</SimpleData>
<SimpleData name="features__properties__name">Street Lamp</SimpleData>
<SimpleData name="features__properties__working">no</SimpleData>
<SimpleData name="features__geometry__type">Point</SimpleData>
<SimpleData name="Longitude">77.6815</SimpleData>
<SimpleData name="Latitude">12.9281</SimpleData>
<SimpleData name="features__id">node/5489548852</SimpleData>
</SchemaData>
</ExtendedData>
<Point>
<coordinates>77.68146590000005,12.92812530000002,0</coordinates>
</Point>
</Placemark>
<Placemark>
<styleUrl>#pointStyleMap</styleUrl><name>node/5489548853</name>
<ExtendedData>
<SchemaData schemaUrl="#S_Bellandur_HSR_SSSSSSDDS">
<SimpleData name="features__type">Feature</SimpleData>
<SimpleData name="features__properties___id">node/5489548853</SimpleData>
<SimpleData name="features__properties__highway">street_lamp</SimpleData>
<SimpleData name="features__properties__name">Street Lamp</SimpleData>
<SimpleData name="features__properties__working">no</SimpleData>
<SimpleData name="features__geometry__type">Point</SimpleData>
<SimpleData name="Longitude">77.6761</SimpleData>
<SimpleData name="Latitude">12.9256</SimpleData>
<SimpleData name="features__id">node/5489548853</SimpleData>
</SchemaData>
</ExtendedData>
<Point>
<coordinates>77.67605100000002,12.92555790000002,0</coordinates>
</Point>
</Placemark>
<Placemark>
<styleUrl>#pointStyleMap</styleUrl><name>node/5489548854</name>
<ExtendedData>
<SchemaData schemaUrl="#S_Bellandur_HSR_SSSSSSDDS">
<SimpleData name="features__type">Feature</SimpleData>
<SimpleData name="features__properties___id">node/5489548854</SimpleData>
<SimpleData name="features__properties__highway">street_lamp</SimpleData>
<SimpleData name="features__properties__name">Street Lamp</SimpleData>
<SimpleData name="features__properties__working">no</SimpleData>
<SimpleData name="features__geometry__type">Point</SimpleData>
<SimpleData name="Longitude">77.6721</SimpleData>
<SimpleData name="Latitude">12.9237</SimpleData>
<SimpleData name="features__id">node/5489548854</SimpleData>
</SchemaData>
</ExtendedData>
<Point>
<coordinates>77.67208479999999,12.92371619999999,0</coordinates>
</Point>
</Placemark>
<Placemark>
<styleUrl>#pointStyleMap</styleUrl><name>node/5489548855</name>
<ExtendedData>
<SchemaData schemaUrl="#S_Bellandur_HSR_SSSSSSDDS">
<SimpleData name="features__type">Feature</SimpleData>
<SimpleData name="features__properties___id">node/5489548855</SimpleData>
<SimpleData name="features__properties__highway">street_lamp</SimpleData>
<SimpleData name="features__properties__name">Street Lamp</SimpleData>
<SimpleData name="features__properties__working">no</SimpleData>
<SimpleData name="features__geometry__type">Point</SimpleData>
<SimpleData name="Longitude">77.6683</SimpleData>
<SimpleData name="Latitude">12.9219</SimpleData>
<SimpleData name="features__id">node/5489548855</SimpleData>
</SchemaData>
</ExtendedData>
<Point>
<coordinates>77.6682804,12.92192570000001,0</coordinates>
</Point>
</Placemark>
<Placemark>
<styleUrl>#pointStyleMap</styleUrl><name>node/5489548856</name>
<ExtendedData>
<SchemaData schemaUrl="#S_Bellandur_HSR_SSSSSSDDS">
<SimpleData name="features__type">Feature</SimpleData>
<SimpleData name="features__properties___id">node/5489548856</SimpleData>
<SimpleData name="features__properties__highway">street_lamp</SimpleData>
<SimpleData name="features__properties__name">Street Lamp</SimpleData>
<SimpleData name="features__properties__working">no</SimpleData>
<SimpleData name="features__geometry__type">Point</SimpleData>
<SimpleData name="Longitude">77.6777</SimpleData>
<SimpleData name="Latitude">12.9268</SimpleData>
<SimpleData name="features__id">node/5489548856</SimpleData>
</SchemaData>
</ExtendedData>
<Point>
<coordinates>77.6777283,12.92682740000002,0</coordinates>
</Point>
</Placemark>
<Placemark>
<styleUrl>#pointStyleMap</styleUrl><name>node/5489548857</name>
<ExtendedData>
<SchemaData schemaUrl="#S_Bellandur_HSR_SSSSSSDDS">
<SimpleData name="features__type">Feature</SimpleData>
<SimpleData name="features__properties___id">node/5489548857</SimpleData>
<SimpleData name="features__properties__highway">street_lamp</SimpleData>
<SimpleData name="features__properties__name">Street Lamp</SimpleData>
<SimpleData name="features__properties__working">yes</SimpleData>
<SimpleData name="features__geometry__type">Point</SimpleData>
<SimpleData name="Longitude">77.6749</SimpleData>
<SimpleData name="Latitude">12.9151</SimpleData>
<SimpleData name="features__id">node/5489548857</SimpleData>
</SchemaData>
</ExtendedData>
<Point>
<coordinates>77.6749286,12.91508449999999,0</coordinates>
</Point>
</Placemark>
<Placemark>
<styleUrl>#pointStyleMap</styleUrl><name>node/5489548858</name>
<ExtendedData>
<SchemaData schemaUrl="#S_Bellandur_HSR_SSSSSSDDS">
<SimpleData name="features__type">Feature</SimpleData>
<SimpleData name="features__properties___id">node/5489548858</SimpleData>
<SimpleData name="features__properties__highway">street_lamp</SimpleData>
<SimpleData name="features__properties__name">Street Lamp</SimpleData>
<SimpleData name="features__properties__working">yes</SimpleData>
<SimpleData name="features__geometry__type">Point</SimpleData>
<SimpleData name="Longitude">77.6706</SimpleData>
<SimpleData name="Latitude">12.9183</SimpleData>
<SimpleData name="features__id">node/5489548858</SimpleData>
</SchemaData>
</ExtendedData>
<Point>
<coordinates>77.67058329999998,12.91832819999999,0</coordinates>
</Point>
</Placemark>
<Placemark>
<styleUrl>#pointStyleMap</styleUrl><name>node/5489548859</name>
<ExtendedData>
<SchemaData schemaUrl="#S_Bellandur_HSR_SSSSSSDDS">
<SimpleData name="features__type">Feature</SimpleData>
<SimpleData name="features__properties___id">node/5489548859</SimpleData>
<SimpleData name="features__properties__highway">street_lamp</SimpleData>
<SimpleData name="features__properties__name">Street Lamp</SimpleData>
<SimpleData name="features__properties__working">no</SimpleData>
<SimpleData name="features__geometry__type">Point</SimpleData>
<SimpleData name="Longitude">77.6669</SimpleData>
<SimpleData name="Latitude">12.9199</SimpleData>
<SimpleData name="features__id">node/5489548859</SimpleData>
</SchemaData>
</ExtendedData>
<Point>
<coordinates>77.66691860000005,12.91986660000002,0</coordinates>
</Point>
</Placemark>
<Placemark>
<styleUrl>#pointStyleMap</styleUrl><name>node/5489548860</name>
<ExtendedData>
<SchemaData schemaUrl="#S_Bellandur_HSR_SSSSSSDDS">
<SimpleData name="features__type">Feature</SimpleData>
<SimpleData name="features__properties___id">node/5489548860</SimpleData>
<SimpleData name="features__properties__highway">street_lamp</SimpleData>
<SimpleData name="features__properties__name">Street Lamp</SimpleData>
<SimpleData name="features__properties__working">no</SimpleData>
<SimpleData name="features__geometry__type">Point</SimpleData>
<SimpleData name="Longitude">77.6668</SimpleData>
<SimpleData name="Latitude">12.9216</SimpleData>
<SimpleData name="features__id">node/5489548860</SimpleData>
</SchemaData>
</ExtendedData>
<Point>
<coordinates>77.66680489999999,12.92163630000001,0</coordinates>
</Point>
</Placemark>
<Placemark>
<styleUrl>#pointStyleMap</styleUrl><name>node/5489548861</name>
<ExtendedData>
<SchemaData schemaUrl="#S_Bellandur_HSR_SSSSSSDDS">
<SimpleData name="features__type">Feature</SimpleData>
<SimpleData name="features__properties___id">node/5489548861</SimpleData>
<SimpleData name="features__properties__highway">street_lamp</SimpleData>
<SimpleData name="features__properties__name">Street Lamp</SimpleData>
<SimpleData name="features__properties__working">no</SimpleData>
<SimpleData name="features__geometry__type">Point</SimpleData>
<SimpleData name="Longitude">77.6706</SimpleData>
<SimpleData name="Latitude">12.9234</SimpleData>
<SimpleData name="features__id">node/5489548861</SimpleData>
</SchemaData>
</ExtendedData>
<Point>
<coordinates>77.67061550000001,12.92340169999999,0</coordinates>
</Point>
</Placemark>
<Placemark>
<styleUrl>#pointStyleMap</styleUrl><name>node/5489548862</name>
<ExtendedData>
<SchemaData schemaUrl="#S_Bellandur_HSR_SSSSSSDDS">
<SimpleData name="features__type">Feature</SimpleData>
<SimpleData name="features__properties___id">node/5489548862</SimpleData>
<SimpleData name="features__properties__highway">street_lamp</SimpleData>
<SimpleData name="features__properties__name">Street Lamp</SimpleData>
<SimpleData name="features__properties__working">no</SimpleData>
<SimpleData name="features__geometry__type">Point</SimpleData>
<SimpleData name="Longitude">77.6735</SimpleData>
<SimpleData name="Latitude">12.9247</SimpleData>
<SimpleData name="features__id">node/5489548862</SimpleData>
</SchemaData>
</ExtendedData>
<Point>
<coordinates>77.6734944,12.92471829999998,0</coordinates>
</Point>
</Placemark>
<Placemark>
<styleUrl>#pointStyleMap</styleUrl><name>node/5489548863</name>
<ExtendedData>
<SchemaData schemaUrl="#S_Bellandur_HSR_SSSSSSDDS">
<SimpleData name="features__type">Feature</SimpleData>
<SimpleData name="features__properties___id">node/5489548863</SimpleData>
<SimpleData name="features__properties__highway">street_lamp</SimpleData>
<SimpleData name="features__properties__name">Street Lamp</SimpleData>
<SimpleData name="features__properties__working">no</SimpleData>
<SimpleData name="features__geometry__type">Point</SimpleData>
<SimpleData name="Longitude">77.6854</SimpleData>
<SimpleData name="Latitude">12.9306</SimpleData>
<SimpleData name="features__id">node/5489548863</SimpleData>
</SchemaData>
</ExtendedData>
<Point>
<coordinates>77.68542259999997,12.93055090000003,0</coordinates>
</Point>
</Placemark>
<Placemark>
<styleUrl>#pointStyleMap</styleUrl><name>node/5489548864</name>
<ExtendedData>
<SchemaData schemaUrl="#S_Bellandur_HSR_SSSSSSDDS">
<SimpleData name="features__type">Feature</SimpleData>
<SimpleData name="features__properties___id">node/5489548864</SimpleData>
<SimpleData name="features__properties__highway">street_lamp</SimpleData>
<SimpleData name="features__properties__name">Street Lamp</SimpleData>
<SimpleData name="features__properties__working">no</SimpleData>
<SimpleData name="features__geometry__type">Point</SimpleData>
<SimpleData name="Longitude">77.6886</SimpleData>
<SimpleData name="Latitude">12.9334</SimpleData>
<SimpleData name="features__id">node/5489548864</SimpleData>
</SchemaData>
</ExtendedData>
<Point>
<coordinates>77.68857860000003,12.93335049999998,0</coordinates>
</Point>
</Placemark>
<Placemark>
<styleUrl>#pointStyleMap</styleUrl><name>node/5489548865</name>
<ExtendedData>
<SchemaData schemaUrl="#S_Bellandur_HSR_SSSSSSDDS">
<SimpleData name="features__type">Feature</SimpleData>
<SimpleData name="features__properties___id">node/5489548865</SimpleData>
<SimpleData name="features__properties__highway">street_lamp</SimpleData>
<SimpleData name="features__properties__name">Street Lamp</SimpleData>
<SimpleData name="features__properties__working">no</SimpleData>
<SimpleData name="features__geometry__type">Point</SimpleData>
<SimpleData name="Longitude">77.6914</SimpleData>
<SimpleData name="Latitude">12.936</SimpleData>
<SimpleData name="features__id">node/5489548865</SimpleData>
</SchemaData>
</ExtendedData>
<Point>
<coordinates>77.69141059999998,12.935965,0</coordinates>
</Point>
</Placemark>
<Placemark>
<styleUrl>#pointStyleMap</styleUrl><name>node/5489548866</name>
<ExtendedData>
<SchemaData schemaUrl="#S_Bellandur_HSR_SSSSSSDDS">
<SimpleData name="features__type">Feature</SimpleData>
<SimpleData name="features__properties___id">node/5489548866</SimpleData>
<SimpleData name="features__properties__highway">street_lamp</SimpleData>
<SimpleData name="features__properties__name">Street Lamp</SimpleData>
<SimpleData name="features__properties__working">yes</SimpleData>
<SimpleData name="features__geometry__type">Point</SimpleData>
<SimpleData name="Longitude">77.695</SimpleData>
<SimpleData name="Latitude">12.9392</SimpleData>
<SimpleData name="features__id">node/5489548866</SimpleData>
</SchemaData>
</ExtendedData>
<Point>
<coordinates>77.69495149999999,12.93923509999998,0</coordinates>
</Point>
</Placemark>
<Placemark>
<styleUrl>#pointStyleMap</styleUrl><name>node/5489548867</name>
<ExtendedData>
<SchemaData schemaUrl="#S_Bellandur_HSR_SSSSSSDDS">
<SimpleData name="features__type">Feature</SimpleData>
<SimpleData name="features__properties___id">node/5489548867</SimpleData>
<SimpleData name="features__properties__highway">street_lamp</SimpleData>
<SimpleData name="features__properties__name">Street Lamp</SimpleData>
<SimpleData name="features__properties__working">no</SimpleData>
<SimpleData name="features__geometry__type">Point</SimpleData>
<SimpleData name="Longitude">77.6923</SimpleData>
<SimpleData name="Latitude">12.9363</SimpleData>
<SimpleData name="features__id">node/5489548867</SimpleData>
</SchemaData>
</ExtendedData>
<Point>
<coordinates>77.692275,12.93628939999998,0</coordinates>
</Point>
</Placemark>
<Placemark>
<styleUrl>#pointStyleMap</styleUrl><name>node/5489548868</name>
<ExtendedData>
<SchemaData schemaUrl="#S_Bellandur_HSR_SSSSSSDDS">
<SimpleData name="features__type">Feature</SimpleData>
<SimpleData name="features__properties___id">node/5489548868</SimpleData>
<SimpleData name="features__properties__highway">street_lamp</SimpleData>
<SimpleData name="features__properties__name">Street Lamp</SimpleData>
<SimpleData name="features__properties__working">yes</SimpleData>
<SimpleData name="features__geometry__type">Point</SimpleData>
<SimpleData name="Longitude">77.6892</SimpleData>
<SimpleData name="Latitude">12.9335</SimpleData>
<SimpleData name="features__id">node/5489548868</SimpleData>
</SchemaData>
</ExtendedData>
<Point>
<coordinates>77.6892477,12.93350840000001,0</coordinates>
</Point>
</Placemark>
<Placemark>
<styleUrl>#pointStyleMap</styleUrl><name>node/5489548869</name>
<ExtendedData>
<SchemaData schemaUrl="#S_Bellandur_HSR_SSSSSSDDS">
<SimpleData name="features__type">Feature</SimpleData>
<SimpleData name="features__properties___id">node/5489548869</SimpleData>
<SimpleData name="features__properties__highway">street_lamp</SimpleData>
<SimpleData name="features__properties__name">Street Lamp</SimpleData>
<SimpleData name="features__properties__working">yes</SimpleData>
<SimpleData name="features__geometry__type">Point</SimpleData>
<SimpleData name="Longitude">77.6864</SimpleData>
<SimpleData name="Latitude">12.931</SimpleData>
<SimpleData name="features__id">node/5489548869</SimpleData>
</SchemaData>
</ExtendedData>
<Point>
<coordinates>77.68640849999997,12.93095310000002,0</coordinates>
</Point>
</Placemark>
<Placemark>
<styleUrl>#pointStyleMap</styleUrl><name>node/5489548870</name>
<ExtendedData>
<SchemaData schemaUrl="#S_Bellandur_HSR_SSSSSSDDS">
<SimpleData name="features__type">Feature</SimpleData>
<SimpleData name="features__properties___id">node/5489548870</SimpleData>
<SimpleData name="features__properties__highway">street_lamp</SimpleData>
<SimpleData name="features__properties__name">Street Lamp</SimpleData>
<SimpleData name="features__properties__working">no</SimpleData>
<SimpleData name="features__geometry__type">Point</SimpleData>
<SimpleData name="Longitude">77.6824</SimpleData>
<SimpleData name="Latitude">12.9286</SimpleData>
<SimpleData name="features__id">node/5489548870</SimpleData>
</SchemaData>
</ExtendedData>
<Point>
<coordinates>77.68244779999996,12.92859580000002,0</coordinates>
</Point>
</Placemark>
<Placemark>
<styleUrl>#pointStyleMap</styleUrl><name>node/5489548871</name>
<ExtendedData>
<SchemaData schemaUrl="#S_Bellandur_HSR_SSSSSSDDS">
<SimpleData name="features__type">Feature</SimpleData>
<SimpleData name="features__properties___id">node/5489548871</SimpleData>
<SimpleData name="features__properties__highway">street_lamp</SimpleData>
<SimpleData name="features__properties__name">Street Lamp</SimpleData>
<SimpleData name="features__properties__working">no</SimpleData>
<SimpleData name="features__geometry__type">Point</SimpleData>
<SimpleData name="Longitude">77.6768</SimpleData>
<SimpleData name="Latitude">12.9259</SimpleData>
<SimpleData name="features__id">node/5489548871</SimpleData>
</SchemaData>
</ExtendedData>
<Point>
<coordinates>77.67679629999998,12.9259325,0</coordinates>
</Point>
</Placemark>
<Placemark>
<styleUrl>#pointStyleMap</styleUrl><name>node/5489548872</name>
<ExtendedData>
<SchemaData schemaUrl="#S_Bellandur_HSR_SSSSSSDDS">
<SimpleData name="features__type">Feature</SimpleData>
<SimpleData name="features__properties___id">node/5489548872</SimpleData>
<SimpleData name="features__properties__highway">street_lamp</SimpleData>
<SimpleData name="features__properties__name">Street Lamp</SimpleData>
<SimpleData name="features__properties__working">no</SimpleData>
<SimpleData name="features__geometry__type">Point</SimpleData>
<SimpleData name="Longitude">77.6728</SimpleData>
<SimpleData name="Latitude">12.924</SimpleData>
<SimpleData name="features__id">node/5489548872</SimpleData>
</SchemaData>
</ExtendedData>
<Point>
<coordinates>77.6728119,12.92404540000001,0</coordinates>
</Point>
</Placemark>
<Placemark>
<styleUrl>#pointStyleMap</styleUrl><name>node/5489548873</name>
<ExtendedData>
<SchemaData schemaUrl="#S_Bellandur_HSR_SSSSSSDDS">
<SimpleData name="features__type">Feature</SimpleData>
<SimpleData name="features__properties___id">node/5489548873</SimpleData>
<SimpleData name="features__properties__highway">street_lamp</SimpleData>
<SimpleData name="features__properties__name">Street Lamp</SimpleData>
<SimpleData name="features__properties__working">no</SimpleData>
<SimpleData name="features__geometry__type">Point</SimpleData>
<SimpleData name="Longitude">77.669</SimpleData>
<SimpleData name="Latitude">12.9222</SimpleData>
<SimpleData name="features__id">node/5489548873</SimpleData>
</SchemaData>
</ExtendedData>
<Point>
<coordinates>77.66897140000002,12.92221459999997,0</coordinates>
</Point>
</Placemark>
<Placemark>
<styleUrl>#pointStyleMap</styleUrl><name>node/5489548874</name>
<ExtendedData>
<SchemaData schemaUrl="#S_Bellandur_HSR_SSSSSSDDS">
<SimpleData name="features__type">Feature</SimpleData>
<SimpleData name="features__properties___id">node/5489548874</SimpleData>
<SimpleData name="features__properties__highway">street_lamp</SimpleData>
<SimpleData name="features__properties__name">Street Lamp</SimpleData>
<SimpleData name="features__properties__working">no</SimpleData>
<SimpleData name="features__geometry__type">Point</SimpleData>
<SimpleData name="Longitude">77.677</SimpleData>
<SimpleData name="Latitude">12.9265</SimpleData>
<SimpleData name="features__id">node/5489548874</SimpleData>
</SchemaData>
</ExtendedData>
<Point>
<coordinates>77.67701180000002,12.92648059999999,0</coordinates>
</Point>
</Placemark>
<Placemark>
<styleUrl>#pointStyleMap</styleUrl><name>node/5489548875</name>
<ExtendedData>
<SchemaData schemaUrl="#S_Bellandur_HSR_SSSSSSDDS">
<SimpleData name="features__type">Feature</SimpleData>
<SimpleData name="features__properties___id">node/5489548875</SimpleData>
<SimpleData name="features__properties__highway">street_lamp</SimpleData>
<SimpleData name="features__properties__name">Street Lamp</SimpleData>
<SimpleData name="features__properties__working">yes</SimpleData>
<SimpleData name="features__geometry__type">Point</SimpleData>
<SimpleData name="Longitude">77.6758</SimpleData>
<SimpleData name="Latitude">12.9146</SimpleData>
<SimpleData name="features__id">node/5489548875</SimpleData>
</SchemaData>
</ExtendedData>
<Point>
<coordinates>77.67575160000003,12.91457919999999,0</coordinates>
</Point>
</Placemark>
<Placemark>
<styleUrl>#pointStyleMap</styleUrl><name>node/5489548876</name>
<ExtendedData>
<SchemaData schemaUrl="#S_Bellandur_HSR_SSSSSSDDS">
<SimpleData name="features__type">Feature</SimpleData>
<SimpleData name="features__properties___id">node/5489548876</SimpleData>
<SimpleData name="features__properties__highway">street_lamp</SimpleData>
<SimpleData name="features__properties__name">Street Lamp</SimpleData>
<SimpleData name="features__properties__working">yes</SimpleData>
<SimpleData name="features__geometry__type">Point</SimpleData>
<SimpleData name="Longitude">77.6713</SimpleData>
<SimpleData name="Latitude">12.918</SimpleData>
<SimpleData name="features__id">node/5489548876</SimpleData>
</SchemaData>
</ExtendedData>
<Point>
<coordinates>77.67130739999998,12.91798370000003,0</coordinates>
</Point>
</Placemark>
<Placemark>
<styleUrl>#pointStyleMap</styleUrl><name>node/5489548877</name>
<ExtendedData>
<SchemaData schemaUrl="#S_Bellandur_HSR_SSSSSSDDS">
<SimpleData name="features__type">Feature</SimpleData>
<SimpleData name="features__properties___id">node/5489548877</SimpleData>
<SimpleData name="features__properties__highway">street_lamp</SimpleData>
<SimpleData name="features__properties__name">Street Lamp</SimpleData>
<SimpleData name="features__properties__working">no</SimpleData>
<SimpleData name="features__geometry__type">Point</SimpleData>
<SimpleData name="Longitude">77.6678</SimpleData>
<SimpleData name="Latitude">12.9194</SimpleData>
<SimpleData name="features__id">node/5489548877</SimpleData>
</SchemaData>
</ExtendedData>
<Point>
<coordinates>77.66783069999997,12.9193896,0</coordinates>
</Point>
</Placemark>
<Placemark>
<styleUrl>#pointStyleMap</styleUrl><name>node/5489548878</name>
<ExtendedData>
<SchemaData schemaUrl="#S_Bellandur_HSR_SSSSSSDDS">
<SimpleData name="features__type">Feature</SimpleData>
<SimpleData name="features__properties___id">node/5489548878</SimpleData>
<SimpleData name="features__properties__highway">street_lamp</SimpleData>
<SimpleData name="features__properties__name">Street Lamp</SimpleData>
<SimpleData name="features__properties__working">no</SimpleData>
<SimpleData name="features__geometry__type">Point</SimpleData>
<SimpleData name="Longitude">77.6671</SimpleData>
<SimpleData name="Latitude">12.9215</SimpleData>
<SimpleData name="features__id">node/5489548878</SimpleData>
</SchemaData>
</ExtendedData>
<Point>
<coordinates>77.66709479999999,12.92146539999997,0</coordinates>
</Point>
</Placemark>
<Placemark>
<styleUrl>#pointStyleMap</styleUrl><name>node/5489548879</name>
<ExtendedData>
<SchemaData schemaUrl="#S_Bellandur_HSR_SSSSSSDDS">
<SimpleData name="features__type">Feature</SimpleData>
<SimpleData name="features__properties___id">node/5489548879</SimpleData>
<SimpleData name="features__properties__highway">street_lamp</SimpleData>
<SimpleData name="features__properties__name">Street Lamp</SimpleData>
<SimpleData name="features__properties__working">no</SimpleData>
<SimpleData name="features__geometry__type">Point</SimpleData>
<SimpleData name="Longitude">77.6699</SimpleData>
<SimpleData name="Latitude">12.9231</SimpleData>
<SimpleData name="features__id">node/5489548879</SimpleData>
</SchemaData>
</ExtendedData>
<Point>
<coordinates>77.6699107,12.92308220000002,0</coordinates>
</Point>
</Placemark>
<Placemark>
<styleUrl>#pointStyleMap</styleUrl><name>node/5489548880</name>
<ExtendedData>
<SchemaData schemaUrl="#S_Bellandur_HSR_SSSSSSDDS">
<SimpleData name="features__type">Feature</SimpleData>
<SimpleData name="features__properties___id">node/5489548880</SimpleData>
<SimpleData name="features__properties__highway">street_lamp</SimpleData>
<SimpleData name="features__properties__name">Street Lamp</SimpleData>
<SimpleData name="features__properties__working">no</SimpleData>
<SimpleData name="features__geometry__type">Point</SimpleData>
<SimpleData name="Longitude">77.6729</SimpleData>
<SimpleData name="Latitude">12.9244</SimpleData>
<SimpleData name="features__id">node/5489548880</SimpleData>
</SchemaData>
</ExtendedData>
<Point>
<coordinates>77.67289219999998,12.92443979999999,0</coordinates>
</Point>
</Placemark>
<Placemark>
<styleUrl>#pointStyleMap</styleUrl><name>node/5489548881</name>
<ExtendedData>
<SchemaData schemaUrl="#S_Bellandur_HSR_SSSSSSDDS">
<SimpleData name="features__type">Feature</SimpleData>
<SimpleData name="features__properties___id">node/5489548881</SimpleData>
<SimpleData name="features__properties__highway">street_lamp</SimpleData>
<SimpleData name="features__properties__name">Street Lamp</SimpleData>
<SimpleData name="features__properties__working">no</SimpleData>
<SimpleData name="features__geometry__type">Point</SimpleData>
<SimpleData name="Longitude">77.6818</SimpleData>
<SimpleData name="Latitude">12.9287</SimpleData>
<SimpleData name="features__id">node/5489548881</SimpleData>
</SchemaData>
</ExtendedData>
<Point>
<coordinates>77.68179020000002,12.92869879999999,0</coordinates>
</Point>
</Placemark>
<Placemark>
<styleUrl>#pointStyleMap</styleUrl><name>node/5489548882</name>
<ExtendedData>
<SchemaData schemaUrl="#S_Bellandur_HSR_SSSSSSDDS">
<SimpleData name="features__type">Feature</SimpleData>
<SimpleData name="features__properties___id">node/5489548882</SimpleData>
<SimpleData name="features__properties__highway">street_lamp</SimpleData>
<SimpleData name="features__properties__name">Street Lamp</SimpleData>
<SimpleData name="features__properties__working">no</SimpleData>
<SimpleData name="features__geometry__type">Point</SimpleData>
<SimpleData name="Longitude">77.6847</SimpleData>
<SimpleData name="Latitude">12.9301</SimpleData>
<SimpleData name="features__id">node/5489548882</SimpleData>
</SchemaData>
</ExtendedData>
<Point>
<coordinates>77.68474120000003,12.9301356,0</coordinates>
</Point>
</Placemark>
<Placemark>
<styleUrl>#pointStyleMap</styleUrl><name>node/5489548883</name>
<ExtendedData>
<SchemaData schemaUrl="#S_Bellandur_HSR_SSSSSSDDS">
<SimpleData name="features__type">Feature</SimpleData>
<SimpleData name="features__properties___id">node/5489548883</SimpleData>
<SimpleData name="features__properties__highway">street_lamp</SimpleData>
<SimpleData name="features__properties__name">Street Lamp</SimpleData>
<SimpleData name="features__properties__working">no</SimpleData>
<SimpleData name="features__geometry__type">Point</SimpleData>
<SimpleData name="Longitude">77.688</SimpleData>
<SimpleData name="Latitude">12.9328</SimpleData>
<SimpleData name="features__id">node/5489548883</SimpleData>
</SchemaData>
</ExtendedData>
<Point>
<coordinates>77.68801129999997,12.93283080000002,0</coordinates>
</Point>
</Placemark>
<Placemark>
<styleUrl>#pointStyleMap</styleUrl><name>node/5489548884</name>
<ExtendedData>
<SchemaData schemaUrl="#S_Bellandur_HSR_SSSSSSDDS">
<SimpleData name="features__type">Feature</SimpleData>
<SimpleData name="features__properties___id">node/5489548884</SimpleData>
<SimpleData name="features__properties__highway">street_lamp</SimpleData>
<SimpleData name="features__properties__name">Street Lamp</SimpleData>
<SimpleData name="features__properties__working">no</SimpleData>
<SimpleData name="features__geometry__type">Point</SimpleData>
<SimpleData name="Longitude">77.6909</SimpleData>
<SimpleData name="Latitude">12.9355</SimpleData>
<SimpleData name="features__id">node/5489548884</SimpleData>
</SchemaData>
</ExtendedData>
<Point>
<coordinates>77.6909452,12.93552969999999,0</coordinates>
</Point>
</Placemark>
<Placemark>
<styleUrl>#pointStyleMap</styleUrl><name>node/5489548885</name>
<ExtendedData>
<SchemaData schemaUrl="#S_Bellandur_HSR_SSSSSSDDS">
<SimpleData name="features__type">Feature</SimpleData>
<SimpleData name="features__properties___id">node/5489548885</SimpleData>
<SimpleData name="features__properties__highway">street_lamp</SimpleData>
<SimpleData name="features__properties__name">Street Lamp</SimpleData>
<SimpleData name="features__properties__working">no</SimpleData>
<SimpleData name="features__geometry__type">Point</SimpleData>
<SimpleData name="Longitude">77.6944</SimpleData>
<SimpleData name="Latitude">12.9387</SimpleData>
<SimpleData name="features__id">node/5489548885</SimpleData>
</SchemaData>
</ExtendedData>
<Point>
<coordinates>77.6943643,12.93870260000001,0</coordinates>
</Point>
</Placemark>
<Placemark>
<styleUrl>#pointStyleMap</styleUrl><name>node/5489548886</name>
<ExtendedData>
<SchemaData schemaUrl="#S_Bellandur_HSR_SSSSSSDDS">
<SimpleData name="features__type">Feature</SimpleData>
<SimpleData name="features__properties___id">node/5489548886</SimpleData>
<SimpleData name="features__properties__highway">street_lamp</SimpleData>
<SimpleData name="features__properties__name">Street Lamp</SimpleData>
<SimpleData name="features__properties__working">no</SimpleData>
<SimpleData name="features__geometry__type">Point</SimpleData>
<SimpleData name="Longitude">77.6927</SimpleData>
<SimpleData name="Latitude">12.9367</SimpleData>
<SimpleData name="features__id">node/5489548886</SimpleData>
</SchemaData>
</ExtendedData>
<Point>
<coordinates>77.6927329,12.93670770000002,0</coordinates>
</Point>
</Placemark>
<Placemark>
<styleUrl>#pointStyleMap</styleUrl><name>node/5489548887</name>
<ExtendedData>
<SchemaData schemaUrl="#S_Bellandur_HSR_SSSSSSDDS">
<SimpleData name="features__type">Feature</SimpleData>
<SimpleData name="features__properties___id">node/5489548887</SimpleData>
<SimpleData name="features__properties__highway">street_lamp</SimpleData>
<SimpleData name="features__properties__name">Street Lamp</SimpleData>
<SimpleData name="features__properties__working">yes</SimpleData>
<SimpleData name="features__geometry__type">Point</SimpleData>
<SimpleData name="Longitude">77.6898</SimpleData>
<SimpleData name="Latitude">12.934</SimpleData>
<SimpleData name="features__id">node/5489548887</SimpleData>
</SchemaData>
</ExtendedData>
<Point>
<coordinates>77.6898115,12.934027,0</coordinates>
</Point>
</Placemark>
<Placemark>
<styleUrl>#pointStyleMap</styleUrl><name>node/5489548888</name>
<ExtendedData>
<SchemaData schemaUrl="#S_Bellandur_HSR_SSSSSSDDS">
<SimpleData name="features__type">Feature</SimpleData>
<SimpleData name="features__properties___id">node/5489548888</SimpleData>
<SimpleData name="features__properties__highway">street_lamp</SimpleData>
<SimpleData name="features__properties__name">Street Lamp</SimpleData>
<SimpleData name="features__properties__working">yes</SimpleData>
<SimpleData name="features__geometry__type">Point</SimpleData>
<SimpleData name="Longitude">77.6869</SimpleData>
<SimpleData name="Latitude">12.9314</SimpleData>
<SimpleData name="features__id">node/5489548888</SimpleData>
</SchemaData>
</ExtendedData>
<Point>
<coordinates>77.68688859999996,12.93138199999997,0</coordinates>
</Point>
</Placemark>
<Placemark>
<styleUrl>#pointStyleMap</styleUrl><name>node/5489548889</name>
<ExtendedData>
<SchemaData schemaUrl="#S_Bellandur_HSR_SSSSSSDDS">
<SimpleData name="features__type">Feature</SimpleData>
<SimpleData name="features__properties___id">node/5489548889</SimpleData>
<SimpleData name="features__properties__highway">street_lamp</SimpleData>
<SimpleData name="features__properties__name">Street Lamp</SimpleData>
<SimpleData name="features__properties__working">yes</SimpleData>
<SimpleData name="features__geometry__type">Point</SimpleData>
<SimpleData name="Longitude">77.6832</SimpleData>
<SimpleData name="Latitude">12.929</SimpleData>
<SimpleData name="features__id">node/5489548889</SimpleData>
</SchemaData>
</ExtendedData>
<Point>
<coordinates>77.68320790000001,12.92896490000002,0</coordinates>
</Point>
</Placemark>
<Placemark>
<styleUrl>#pointStyleMap</styleUrl><name>node/5489548890</name>
<ExtendedData>
<SchemaData schemaUrl="#S_Bellandur_HSR_SSSSSSDDS">
<SimpleData name="features__type">Feature</SimpleData>
<SimpleData name="features__properties___id">node/5489548890</SimpleData>
<SimpleData name="features__properties__highway">street_lamp</SimpleData>
<SimpleData name="features__properties__name">Street Lamp</SimpleData>
<SimpleData name="features__properties__working">no</SimpleData>
<SimpleData name="features__geometry__type">Point</SimpleData>
<SimpleData name="Longitude">77.6775</SimpleData>
<SimpleData name="Latitude">12.9262</SimpleData>
<SimpleData name="features__id">node/5489548890</SimpleData>
</SchemaData>
</ExtendedData>
<Point>
<coordinates>77.67751780000005,12.9262451,0</coordinates>
</Point>
</Placemark>
<Placemark>
<styleUrl>#pointStyleMap</styleUrl><name>node/5489548891</name>
<ExtendedData>
<SchemaData schemaUrl="#S_Bellandur_HSR_SSSSSSDDS">
<SimpleData name="features__type">Feature</SimpleData>
<SimpleData name="features__properties___id">node/5489548891</SimpleData>
<SimpleData name="features__properties__highway">street_lamp</SimpleData>
<SimpleData name="features__properties__name">Street Lamp</SimpleData>
<SimpleData name="features__properties__working">no</SimpleData>
<SimpleData name="features__geometry__type">Point</SimpleData>
<SimpleData name="Longitude">77.6734</SimpleData>
<SimpleData name="Latitude">12.9243</SimpleData>
<SimpleData name="features__id">node/5489548891</SimpleData>
</SchemaData>
</ExtendedData>
<Point>
<coordinates>77.6734494,12.92434000000001,0</coordinates>
</Point>
</Placemark>
<Placemark>
<styleUrl>#pointStyleMap</styleUrl><name>node/5489548892</name>
<ExtendedData>
<SchemaData schemaUrl="#S_Bellandur_HSR_SSSSSSDDS">
<SimpleData name="features__type">Feature</SimpleData>
<SimpleData name="features__properties___id">node/5489548892</SimpleData>
<SimpleData name="features__properties__highway">street_lamp</SimpleData>
<SimpleData name="features__properties__name">Street Lamp</SimpleData>
<SimpleData name="features__properties__working">no</SimpleData>
<SimpleData name="features__geometry__type">Point</SimpleData>
<SimpleData name="Longitude">77.6699</SimpleData>
<SimpleData name="Latitude">12.9227</SimpleData>
<SimpleData name="features__id">node/5489548892</SimpleData>
</SchemaData>
</ExtendedData>
<Point>
<coordinates>77.66985820000002,12.92268229999998,0</coordinates>
</Point>
</Placemark>
<Placemark>
<styleUrl>#pointStyleMap</styleUrl><name>node/5489548893</name>
<ExtendedData>
<SchemaData schemaUrl="#S_Bellandur_HSR_SSSSSSDDS">
<SimpleData name="features__type">Feature</SimpleData>
<SimpleData name="features__properties___id">node/5489548893</SimpleData>
<SimpleData name="features__properties__highway">street_lamp</SimpleData>
<SimpleData name="features__properties__name">Street Lamp</SimpleData>
<SimpleData name="features__properties__working">no</SimpleData>
<SimpleData name="features__geometry__type">Point</SimpleData>
<SimpleData name="Longitude">77.6762</SimpleData>
<SimpleData name="Latitude">12.926</SimpleData>
<SimpleData name="features__id">node/5489548893</SimpleData>
</SchemaData>
</ExtendedData>
<Point>
<coordinates>77.6761652,12.92600800000001,0</coordinates>
</Point>
</Placemark>
<Placemark>
<styleUrl>#pointStyleMap</styleUrl><name>node/5493654188</name>
<ExtendedData>
<SchemaData schemaUrl="#S_Bellandur_HSR_SSSSSSDDS">
<SimpleData name="features__type">Feature</SimpleData>
<SimpleData name="features__properties___id">node/5493654188</SimpleData>
<SimpleData name="features__properties__highway">street_lamp</SimpleData>
<SimpleData name="features__properties__name">Street Lamp</SimpleData>
<SimpleData name="features__properties__working">no</SimpleData>
<SimpleData name="features__geometry__type">Point</SimpleData>
<SimpleData name="Longitude">77.6814</SimpleData>
<SimpleData name="Latitude">12.9283</SimpleData>
<SimpleData name="features__id">node/5493654188</SimpleData>
</SchemaData>
</ExtendedData>
<Point>
<coordinates>77.68135259999995,12.92829240000001,0</coordinates>
</Point>
</Placemark>
<Placemark>
<styleUrl>#pointStyleMap</styleUrl><name>node/5493654189</name>
<ExtendedData>
<SchemaData schemaUrl="#S_Bellandur_HSR_SSSSSSDDS">
<SimpleData name="features__type">Feature</SimpleData>
<SimpleData name="features__properties___id">node/5493654189</SimpleData>
<SimpleData name="features__properties__highway">street_lamp</SimpleData>
<SimpleData name="features__properties__name">Street Lamp</SimpleData>
<SimpleData name="features__properties__working">no</SimpleData>
<SimpleData name="features__geometry__type">Point</SimpleData>
<SimpleData name="Longitude">77.6715</SimpleData>
<SimpleData name="Latitude">12.9236</SimpleData>
<SimpleData name="features__id">node/5493654189</SimpleData>
</SchemaData>
</ExtendedData>
<Point>
<coordinates>77.67148289999999,12.92362289999999,0</coordinates>
</Point>
</Placemark>
<Placemark>
<styleUrl>#pointStyleMap</styleUrl><name>node/5493654190</name>
<ExtendedData>
<SchemaData schemaUrl="#S_Bellandur_HSR_SSSSSSDDS">
<SimpleData name="features__type">Feature</SimpleData>
<SimpleData name="features__properties___id">node/5493654190</SimpleData>
<SimpleData name="features__properties__highway">street_lamp</SimpleData>
<SimpleData name="features__properties__name">Street Lamp</SimpleData>
<SimpleData name="features__properties__working">yes</SimpleData>
<SimpleData name="features__geometry__type">Point</SimpleData>
<SimpleData name="Longitude">77.6679</SimpleData>
<SimpleData name="Latitude">12.922</SimpleData>
<SimpleData name="features__id">node/5493654190</SimpleData>
</SchemaData>
</ExtendedData>
<Point>
<coordinates>77.6679441,12.9219565,0</coordinates>
</Point>
</Placemark>
<Placemark>
<styleUrl>#pointStyleMap</styleUrl><name>node/5493654191</name>
<ExtendedData>
<SchemaData schemaUrl="#S_Bellandur_HSR_SSSSSSDDS">
<SimpleData name="features__type">Feature</SimpleData>
<SimpleData name="features__properties___id">node/5493654191</SimpleData>
<SimpleData name="features__properties__highway">street_lamp</SimpleData>
<SimpleData name="features__properties__name">Street Lamp</SimpleData>
<SimpleData name="features__properties__working">no</SimpleData>
<SimpleData name="features__geometry__type">Point</SimpleData>
<SimpleData name="Longitude">77.6722</SimpleData>
<SimpleData name="Latitude">12.9239</SimpleData>
<SimpleData name="features__id">node/5493654191</SimpleData>
</SchemaData>
</ExtendedData>
<Point>
<coordinates>77.67220739999999,12.92392790000001,0</coordinates>
</Point>
</Placemark>
<Placemark>
<styleUrl>#pointStyleMap</styleUrl><name>node/5493654192</name>
<ExtendedData>
<SchemaData schemaUrl="#S_Bellandur_HSR_SSSSSSDDS">
<SimpleData name="features__type">Feature</SimpleData>
<SimpleData name="features__properties___id">node/5493654192</SimpleData>
<SimpleData name="features__properties__highway">street_lamp</SimpleData>
<SimpleData name="features__properties__name">Street Lamp</SimpleData>
<SimpleData name="features__properties__working">yes</SimpleData>
<SimpleData name="features__geometry__type">Point</SimpleData>
<SimpleData name="Longitude">77.6685</SimpleData>
<SimpleData name="Latitude">12.9222</SimpleData>
<SimpleData name="features__id">node/5493654192</SimpleData>
</SchemaData>
</ExtendedData>
<Point>
<coordinates>77.66854619999998,12.92223680000001,0</coordinates>
</Point>
</Placemark>
<Placemark>
<styleUrl>#pointStyleMap</styleUrl><name>node/5493654193</name>
<ExtendedData>
<SchemaData schemaUrl="#S_Bellandur_HSR_SSSSSSDDS">
<SimpleData name="features__type">Feature</SimpleData>
<SimpleData name="features__properties___id">node/5493654193</SimpleData>
<SimpleData name="features__properties__highway">street_lamp</SimpleData>
<SimpleData name="features__properties__name">Street Lamp</SimpleData>
<SimpleData name="features__properties__working">no</SimpleData>
<SimpleData name="features__geometry__type">Point</SimpleData>
<SimpleData name="Longitude">77.6728</SimpleData>
<SimpleData name="Latitude">12.9242</SimpleData>
<SimpleData name="features__id">node/5493654193</SimpleData>
</SchemaData>
</ExtendedData>
<Point>
<coordinates>77.6728258,12.92419919999999,0</coordinates>
</Point>
</Placemark>
<Placemark>
<styleUrl>#pointStyleMap</styleUrl><name>node/5493654194</name>
<ExtendedData>
<SchemaData schemaUrl="#S_Bellandur_HSR_SSSSSSDDS">
<SimpleData name="features__type">Feature</SimpleData>
<SimpleData name="features__properties___id">node/5493654194</SimpleData>
<SimpleData name="features__properties__highway">street_lamp</SimpleData>
<SimpleData name="features__properties__name">Street Lamp</SimpleData>
<SimpleData name="features__properties__working">yes</SimpleData>
<SimpleData name="features__geometry__type">Point</SimpleData>
<SimpleData name="Longitude">77.6692</SimpleData>
<SimpleData name="Latitude">12.9226</SimpleData>
<SimpleData name="features__id">node/5493654194</SimpleData>
</SchemaData>
</ExtendedData>
<Point>
<coordinates>77.66921680000003,12.92255679999999,0</coordinates>
</Point>
</Placemark>
<Placemark>
<styleUrl>#pointStyleMap</styleUrl><name>node/5493654195</name>
<ExtendedData>
<SchemaData schemaUrl="#S_Bellandur_HSR_SSSSSSDDS">
<SimpleData name="features__type">Feature</SimpleData>
<SimpleData name="features__properties___id">node/5493654195</SimpleData>
<SimpleData name="features__properties__highway">street_lamp</SimpleData>
<SimpleData name="features__properties__name">Street Lamp</SimpleData>
<SimpleData name="features__properties__working">no</SimpleData>
<SimpleData name="features__geometry__type">Point</SimpleData>
<SimpleData name="Longitude">77.6795</SimpleData>
<SimpleData name="Latitude">12.9274</SimpleData>
<SimpleData name="features__id">node/5493654195</SimpleData>
</SchemaData>
</ExtendedData>
<Point>
<coordinates>77.67949940000001,12.92738610000001,0</coordinates>
</Point>
</Placemark>
<Placemark>
<styleUrl>#pointStyleMap</styleUrl><name>node/5493654196</name>
<ExtendedData>
<SchemaData schemaUrl="#S_Bellandur_HSR_SSSSSSDDS">
<SimpleData name="features__type">Feature</SimpleData>
<SimpleData name="features__properties___id">node/5493654196</SimpleData>
<SimpleData name="features__properties__highway">street_lamp</SimpleData>
<SimpleData name="features__properties__name">Street Lamp</SimpleData>
<SimpleData name="features__properties__working">yes</SimpleData>
<SimpleData name="features__geometry__type">Point</SimpleData>
<SimpleData name="Longitude">77.6699</SimpleData>
<SimpleData name="Latitude">12.9229</SimpleData>
<SimpleData name="features__id">node/5493654196</SimpleData>
</SchemaData>
</ExtendedData>
<Point>
<coordinates>77.66994379999998,12.92290120000003,0</coordinates>
</Point>
</Placemark>
<Placemark>
<styleUrl>#pointStyleMap</styleUrl><name>node/5493654197</name>
<ExtendedData>
<SchemaData schemaUrl="#S_Bellandur_HSR_SSSSSSDDS">
<SimpleData name="features__type">Feature</SimpleData>
<SimpleData name="features__properties___id">node/5493654197</SimpleData>
<SimpleData name="features__properties__highway">street_lamp</SimpleData>
<SimpleData name="features__properties__name">Street Lamp</SimpleData>
<SimpleData name="features__properties__working">no</SimpleData>
<SimpleData name="features__geometry__type">Point</SimpleData>
<SimpleData name="Longitude">77.6803</SimpleData>
<SimpleData name="Latitude">12.9278</SimpleData>
<SimpleData name="features__id">node/5493654197</SimpleData>
</SchemaData>
</ExtendedData>
<Point>
<coordinates>77.68026750000001,12.92775729999999,0</coordinates>
</Point>
</Placemark>
<Placemark>
<styleUrl>#pointStyleMap</styleUrl><name>node/5493654198</name>
<ExtendedData>
<SchemaData schemaUrl="#S_Bellandur_HSR_SSSSSSDDS">
<SimpleData name="features__type">Feature</SimpleData>
<SimpleData name="features__properties___id">node/5493654198</SimpleData>
<SimpleData name="features__properties__highway">street_lamp</SimpleData>
<SimpleData name="features__properties__name">Street Lamp</SimpleData>
<SimpleData name="features__properties__working">yes</SimpleData>
<SimpleData name="features__geometry__type">Point</SimpleData>
<SimpleData name="Longitude">77.6706</SimpleData>
<SimpleData name="Latitude">12.9232</SimpleData>
<SimpleData name="features__id">node/5493654198</SimpleData>
</SchemaData>
</ExtendedData>
<Point>
<coordinates>77.67062320000001,12.92322410000001,0</coordinates>
</Point>
</Placemark>
<Placemark>
<styleUrl>#pointStyleMap</styleUrl><name>node/5493654199</name>
<ExtendedData>
<SchemaData schemaUrl="#S_Bellandur_HSR_SSSSSSDDS">
<SimpleData name="features__type">Feature</SimpleData>
<SimpleData name="features__properties___id">node/5493654199</SimpleData>
<SimpleData name="features__properties__highway">street_lamp</SimpleData>
<SimpleData name="features__properties__name">Street Lamp</SimpleData>
<SimpleData name="features__properties__working">no</SimpleData>
<SimpleData name="features__geometry__type">Point</SimpleData>
<SimpleData name="Longitude">77.6811</SimpleData>
<SimpleData name="Latitude">12.9282</SimpleData>
<SimpleData name="features__id">node/5493654199</SimpleData>
</SchemaData>
</ExtendedData>
<Point>
<coordinates>77.68112699999999,12.92818180000002,0</coordinates>
</Point>
</Placemark>
<Placemark>
<styleUrl>#pointStyleMap</styleUrl><name>node/5493654200</name>
<ExtendedData>
<SchemaData schemaUrl="#S_Bellandur_HSR_SSSSSSDDS">
<SimpleData name="features__type">Feature</SimpleData>
<SimpleData name="features__properties___id">node/5493654200</SimpleData>
<SimpleData name="features__properties__highway">street_lamp</SimpleData>
<SimpleData name="features__properties__name">Street Lamp</SimpleData>
<SimpleData name="features__properties__working">no</SimpleData>
<SimpleData name="features__geometry__type">Point</SimpleData>
<SimpleData name="Longitude">77.6713</SimpleData>
<SimpleData name="Latitude">12.9235</SimpleData>
<SimpleData name="features__id">node/5493654200</SimpleData>
</SchemaData>
</ExtendedData>
<Point>
<coordinates>77.6712515,12.92351009999997,0</coordinates>
</Point>
</Placemark>
<Placemark>
<styleUrl>#pointStyleMap</styleUrl><name>node/5493654201</name>
<ExtendedData>
<SchemaData schemaUrl="#S_Bellandur_HSR_SSSSSSDDS">
<SimpleData name="features__type">Feature</SimpleData>
<SimpleData name="features__properties___id">node/5493654201</SimpleData>
<SimpleData name="features__properties__highway">street_lamp</SimpleData>
<SimpleData name="features__properties__name">Street Lamp</SimpleData>
<SimpleData name="features__properties__working">yes</SimpleData>
<SimpleData name="features__geometry__type">Point</SimpleData>
<SimpleData name="Longitude">77.6677</SimpleData>
<SimpleData name="Latitude">12.9219</SimpleData>
<SimpleData name="features__id">node/5493654201</SimpleData>
</SchemaData>
</ExtendedData>
<Point>
<coordinates>77.66774140000001,12.9218613,0</coordinates>
</Point>
</Placemark>
<Placemark>
<styleUrl>#pointStyleMap</styleUrl><name>node/5493654202</name>
<ExtendedData>
<SchemaData schemaUrl="#S_Bellandur_HSR_SSSSSSDDS">
<SimpleData name="features__type">Feature</SimpleData>
<SimpleData name="features__properties___id">node/5493654202</SimpleData>
<SimpleData name="features__properties__highway">street_lamp</SimpleData>
<SimpleData name="features__properties__name">Street Lamp</SimpleData>
<SimpleData name="features__properties__working">no</SimpleData>
<SimpleData name="features__geometry__type">Point</SimpleData>
<SimpleData name="Longitude">77.672</SimpleData>
<SimpleData name="Latitude">12.9238</SimpleData>
<SimpleData name="features__id">node/5493654202</SimpleData>
</SchemaData>
</ExtendedData>
<Point>
<coordinates>77.67200209999999,12.92384549999998,0</coordinates>
</Point>
</Placemark>
<Placemark>
<styleUrl>#pointStyleMap</styleUrl><name>node/5493654203</name>
<ExtendedData>
<SchemaData schemaUrl="#S_Bellandur_HSR_SSSSSSDDS">
<SimpleData name="features__type">Feature</SimpleData>
<SimpleData name="features__properties___id">node/5493654203</SimpleData>
<SimpleData name="features__properties__highway">street_lamp</SimpleData>
<SimpleData name="features__properties__name">Street Lamp</SimpleData>
<SimpleData name="features__properties__working">yes</SimpleData>
<SimpleData name="features__geometry__type">Point</SimpleData>
<SimpleData name="Longitude">77.6683</SimpleData>
<SimpleData name="Latitude">12.9221</SimpleData>
<SimpleData name="features__id">node/5493654203</SimpleData>
</SchemaData>
</ExtendedData>
<Point>
<coordinates>77.66829789999997,12.92212670000001,0</coordinates>
</Point>
</Placemark>
<Placemark>
<styleUrl>#pointStyleMap</styleUrl><name>node/5493654204</name>
<ExtendedData>
<SchemaData schemaUrl="#S_Bellandur_HSR_SSSSSSDDS">
<SimpleData name="features__type">Feature</SimpleData>
<SimpleData name="features__properties___id">node/5493654204</SimpleData>
<SimpleData name="features__properties__highway">street_lamp</SimpleData>
<SimpleData name="features__properties__name">Street Lamp</SimpleData>
<SimpleData name="features__properties__working">no</SimpleData>
<SimpleData name="features__geometry__type">Point</SimpleData>
<SimpleData name="Longitude">77.6726</SimpleData>
<SimpleData name="Latitude">12.9241</SimpleData>
<SimpleData name="features__id">node/5493654204</SimpleData>
</SchemaData>
</ExtendedData>
<Point>
<coordinates>77.67259619999999,12.92410820000002,0</coordinates>
</Point>
</Placemark>
<Placemark>
<styleUrl>#pointStyleMap</styleUrl><name>node/5493654205</name>
<ExtendedData>
<SchemaData schemaUrl="#S_Bellandur_HSR_SSSSSSDDS">
<SimpleData name="features__type">Feature</SimpleData>
<SimpleData name="features__properties___id">node/5493654205</SimpleData>
<SimpleData name="features__properties__highway">street_lamp</SimpleData>
<SimpleData name="features__properties__name">Street Lamp</SimpleData>
<SimpleData name="features__properties__working">yes</SimpleData>
<SimpleData name="features__geometry__type">Point</SimpleData>
<SimpleData name="Longitude">77.669</SimpleData>
<SimpleData name="Latitude">12.9224</SimpleData>
<SimpleData name="features__id">node/5493654205</SimpleData>
</SchemaData>
</ExtendedData>
<Point>
<coordinates>77.66898040000001,12.92243350000002,0</coordinates>
</Point>
</Placemark>
<Placemark>
<styleUrl>#pointStyleMap</styleUrl><name>node/5493654206</name>
<ExtendedData>
<SchemaData schemaUrl="#S_Bellandur_HSR_SSSSSSDDS">
<SimpleData name="features__type">Feature</SimpleData>
<SimpleData name="features__properties___id">node/5493654206</SimpleData>
<SimpleData name="features__properties__highway">street_lamp</SimpleData>
<SimpleData name="features__properties__name">Street Lamp</SimpleData>
<SimpleData name="features__properties__working">no</SimpleData>
<SimpleData name="features__geometry__type">Point</SimpleData>
<SimpleData name="Longitude">77.6733</SimpleData>
<SimpleData name="Latitude">12.9244</SimpleData>
<SimpleData name="features__id">node/5493654206</SimpleData>
</SchemaData>
</ExtendedData>
<Point>
<coordinates>77.67328409999999,12.92441840000002,0</coordinates>
</Point>
</Placemark>
<Placemark>
<styleUrl>#pointStyleMap</styleUrl><name>node/5493654207</name>
<ExtendedData>
<SchemaData schemaUrl="#S_Bellandur_HSR_SSSSSSDDS">
<SimpleData name="features__type">Feature</SimpleData>
<SimpleData name="features__properties___id">node/5493654207</SimpleData>
<SimpleData name="features__properties__highway">street_lamp</SimpleData>
<SimpleData name="features__properties__name">Street Lamp</SimpleData>
<SimpleData name="features__properties__working">yes</SimpleData>
<SimpleData name="features__geometry__type">Point</SimpleData>
<SimpleData name="Longitude">77.6697</SimpleData>
<SimpleData name="Latitude">12.9228</SimpleData>
<SimpleData name="features__id">node/5493654207</SimpleData>
</SchemaData>
</ExtendedData>
<Point>
<coordinates>77.66973539999996,12.92280269999999,0</coordinates>
</Point>
</Placemark>
<Placemark>
<styleUrl>#pointStyleMap</styleUrl><name>node/5493654208</name>
<ExtendedData>
<SchemaData schemaUrl="#S_Bellandur_HSR_SSSSSSDDS">
<SimpleData name="features__type">Feature</SimpleData>
<SimpleData name="features__properties___id">node/5493654208</SimpleData>
<SimpleData name="features__properties__highway">street_lamp</SimpleData>
<SimpleData name="features__properties__name">Street Lamp</SimpleData>
<SimpleData name="features__properties__working">no</SimpleData>
<SimpleData name="features__geometry__type">Point</SimpleData>
<SimpleData name="Longitude">77.68</SimpleData>
<SimpleData name="Latitude">12.9276</SimpleData>
<SimpleData name="features__id">node/5493654208</SimpleData>
</SchemaData>
</ExtendedData>
<Point>
<coordinates>77.68000139999998,12.92762649999999,0</coordinates>
</Point>
</Placemark>
<Placemark>
<styleUrl>#pointStyleMap</styleUrl><name>node/5493654209</name>
<ExtendedData>
<SchemaData schemaUrl="#S_Bellandur_HSR_SSSSSSDDS">
<SimpleData name="features__type">Feature</SimpleData>
<SimpleData name="features__properties___id">node/5493654209</SimpleData>
<SimpleData name="features__properties__highway">street_lamp</SimpleData>
<SimpleData name="features__properties__name">Street Lamp</SimpleData>
<SimpleData name="features__properties__working">yes</SimpleData>
<SimpleData name="features__geometry__type">Point</SimpleData>
<SimpleData name="Longitude">77.6704</SimpleData>
<SimpleData name="Latitude">12.9231</SimpleData>
<SimpleData name="features__id">node/5493654209</SimpleData>
</SchemaData>
</ExtendedData>
<Point>
<coordinates>77.67040280000003,12.92313259999999,0</coordinates>
</Point>
</Placemark>
<Placemark>
<styleUrl>#pointStyleMap</styleUrl><name>node/5493654210</name>
<ExtendedData>
<SchemaData schemaUrl="#S_Bellandur_HSR_SSSSSSDDS">
<SimpleData name="features__type">Feature</SimpleData>
<SimpleData name="features__properties___id">node/5493654210</SimpleData>
<SimpleData name="features__properties__highway">street_lamp</SimpleData>
<SimpleData name="features__properties__name">Street Lamp</SimpleData>
<SimpleData name="features__properties__working">no</SimpleData>
<SimpleData name="features__geometry__type">Point</SimpleData>
<SimpleData name="Longitude">77.6809</SimpleData>
<SimpleData name="Latitude">12.9281</SimpleData>
<SimpleData name="features__id">node/5493654210</SimpleData>
</SchemaData>
</ExtendedData>
<Point>
<coordinates>77.68087559999996,12.92806010000002,0</coordinates>
</Point>
</Placemark>
<Placemark>
<styleUrl>#pointStyleMap</styleUrl><name>node/5493654211</name>
<ExtendedData>
<SchemaData schemaUrl="#S_Bellandur_HSR_SSSSSSDDS">
<SimpleData name="features__type">Feature</SimpleData>
<SimpleData name="features__properties___id">node/5493654211</SimpleData>
<SimpleData name="features__properties__highway">street_lamp</SimpleData>
<SimpleData name="features__properties__name">Street Lamp</SimpleData>
<SimpleData name="features__properties__working">no</SimpleData>
<SimpleData name="features__geometry__type">Point</SimpleData>
<SimpleData name="Longitude">77.6711</SimpleData>
<SimpleData name="Latitude">12.9234</SimpleData>
<SimpleData name="features__id">node/5493654211</SimpleData>
</SchemaData>
</ExtendedData>
<Point>
<coordinates>77.67106969999998,12.92343280000001,0</coordinates>
</Point>
</Placemark>
<Placemark>
<styleUrl>#pointStyleMap</styleUrl><name>node/5493654212</name>
<ExtendedData>
<SchemaData schemaUrl="#S_Bellandur_HSR_SSSSSSDDS">
<SimpleData name="features__type">Feature</SimpleData>
<SimpleData name="features__properties___id">node/5493654212</SimpleData>
<SimpleData name="features__properties__highway">street_lamp</SimpleData>
<SimpleData name="features__properties__name">Street Lamp</SimpleData>
<SimpleData name="features__properties__working">no</SimpleData>
<SimpleData name="features__geometry__type">Point</SimpleData>
<SimpleData name="Longitude">77.6718</SimpleData>
<SimpleData name="Latitude">12.9238</SimpleData>
<SimpleData name="features__id">node/5493654212</SimpleData>
</SchemaData>
</ExtendedData>
<Point>
<coordinates>77.67178079999998,12.92375310000001,0</coordinates>
</Point>
</Placemark>
<Placemark>
<styleUrl>#pointStyleMap</styleUrl><name>node/5493654213</name>
<ExtendedData>
<SchemaData schemaUrl="#S_Bellandur_HSR_SSSSSSDDS">
<SimpleData name="features__type">Feature</SimpleData>
<SimpleData name="features__properties___id">node/5493654213</SimpleData>
<SimpleData name="features__properties__highway">street_lamp</SimpleData>
<SimpleData name="features__properties__name">Street Lamp</SimpleData>
<SimpleData name="features__properties__working">yes</SimpleData>
<SimpleData name="features__geometry__type">Point</SimpleData>
<SimpleData name="Longitude">77.6681</SimpleData>
<SimpleData name="Latitude">12.922</SimpleData>
<SimpleData name="features__id">node/5493654213</SimpleData>
</SchemaData>
</ExtendedData>
<Point>
<coordinates>77.66811740000003,12.92204890000001,0</coordinates>
</Point>
</Placemark>
<Placemark>
<styleUrl>#pointStyleMap</styleUrl><name>node/5493654214</name>
<ExtendedData>
<SchemaData schemaUrl="#S_Bellandur_HSR_SSSSSSDDS">
<SimpleData name="features__type">Feature</SimpleData>
<SimpleData name="features__properties___id">node/5493654214</SimpleData>
<SimpleData name="features__properties__highway">street_lamp</SimpleData>
<SimpleData name="features__properties__name">Street Lamp</SimpleData>
<SimpleData name="features__properties__working">no</SimpleData>
<SimpleData name="features__geometry__type">Point</SimpleData>
<SimpleData name="Longitude">77.6724</SimpleData>
<SimpleData name="Latitude">12.924</SimpleData>
<SimpleData name="features__id">node/5493654214</SimpleData>
</SchemaData>
</ExtendedData>
<Point>
<coordinates>77.6723849,12.9240109,0</coordinates>
</Point>
</Placemark>
<Placemark>
<styleUrl>#pointStyleMap</styleUrl><name>node/5493654215</name>
<ExtendedData>
<SchemaData schemaUrl="#S_Bellandur_HSR_SSSSSSDDS">
<SimpleData name="features__type">Feature</SimpleData>
<SimpleData name="features__properties___id">node/5493654215</SimpleData>
<SimpleData name="features__properties__highway">street_lamp</SimpleData>
<SimpleData name="features__properties__name">Street Lamp</SimpleData>
<SimpleData name="features__properties__working">yes</SimpleData>
<SimpleData name="features__geometry__type">Point</SimpleData>
<SimpleData name="Longitude">77.6688</SimpleData>
<SimpleData name="Latitude">12.9224</SimpleData>
<SimpleData name="features__id">node/5493654215</SimpleData>
</SchemaData>
</ExtendedData>
<Point>
<coordinates>77.6687756,12.9223569,0</coordinates>
</Point>
</Placemark>
<Placemark>
<styleUrl>#pointStyleMap</styleUrl><name>node/5493654216</name>
<ExtendedData>
<SchemaData schemaUrl="#S_Bellandur_HSR_SSSSSSDDS">
<SimpleData name="features__type">Feature</SimpleData>
<SimpleData name="features__properties___id">node/5493654216</SimpleData>
<SimpleData name="features__properties__highway">street_lamp</SimpleData>
<SimpleData name="features__properties__name">Street Lamp</SimpleData>
<SimpleData name="features__properties__working">no</SimpleData>
<SimpleData name="features__geometry__type">Point</SimpleData>
<SimpleData name="Longitude">77.673</SimpleData>
<SimpleData name="Latitude">12.9243</SimpleData>
<SimpleData name="features__id">node/5493654216</SimpleData>
</SchemaData>
</ExtendedData>
<Point>
<coordinates>77.67303420000002,12.9243075,0</coordinates>
</Point>
</Placemark>
<Placemark>
<styleUrl>#pointStyleMap</styleUrl><name>node/5493654217</name>
<ExtendedData>
<SchemaData schemaUrl="#S_Bellandur_HSR_SSSSSSDDS">
<SimpleData name="features__type">Feature</SimpleData>
<SimpleData name="features__properties___id">node/5493654217</SimpleData>
<SimpleData name="features__properties__highway">street_lamp</SimpleData>
<SimpleData name="features__properties__name">Street Lamp</SimpleData>
<SimpleData name="features__properties__working">yes</SimpleData>
<SimpleData name="features__geometry__type">Point</SimpleData>
<SimpleData name="Longitude">77.6695</SimpleData>
<SimpleData name="Latitude">12.9227</SimpleData>
<SimpleData name="features__id">node/5493654217</SimpleData>
</SchemaData>
</ExtendedData>
<Point>
<coordinates>77.66947770000003,12.9226733,0</coordinates>
</Point>
</Placemark>
<Placemark>
<styleUrl>#pointStyleMap</styleUrl><name>node/5493654218</name>
<ExtendedData>
<SchemaData schemaUrl="#S_Bellandur_HSR_SSSSSSDDS">
<SimpleData name="features__type">Feature</SimpleData>
<SimpleData name="features__properties___id">node/5493654218</SimpleData>
<SimpleData name="features__properties__highway">street_lamp</SimpleData>
<SimpleData name="features__properties__name">Street Lamp</SimpleData>
<SimpleData name="features__properties__working">no</SimpleData>
<SimpleData name="features__geometry__type">Point</SimpleData>
<SimpleData name="Longitude">77.6797</SimpleData>
<SimpleData name="Latitude">12.9275</SimpleData>
<SimpleData name="features__id">node/5493654218</SimpleData>
</SchemaData>
</ExtendedData>
<Point>
<coordinates>77.6797365,12.92752150000002,0</coordinates>
</Point>
</Placemark>
<Placemark>
<styleUrl>#pointStyleMap</styleUrl><name>node/5493654219</name>
<ExtendedData>
<SchemaData schemaUrl="#S_Bellandur_HSR_SSSSSSDDS">
<SimpleData name="features__type">Feature</SimpleData>
<SimpleData name="features__properties___id">node/5493654219</SimpleData>
<SimpleData name="features__properties__highway">street_lamp</SimpleData>
<SimpleData name="features__properties__name">Street Lamp</SimpleData>
<SimpleData name="features__properties__working">yes</SimpleData>
<SimpleData name="features__geometry__type">Point</SimpleData>
<SimpleData name="Longitude">77.6701</SimpleData>
<SimpleData name="Latitude">12.923</SimpleData>
<SimpleData name="features__id">node/5493654219</SimpleData>
</SchemaData>
</ExtendedData>
<Point>
<coordinates>77.67011919999999,12.92298070000001,0</coordinates>
</Point>
</Placemark>
<Placemark>
<styleUrl>#pointStyleMap</styleUrl><name>node/5493654220</name>
<ExtendedData>
<SchemaData schemaUrl="#S_Bellandur_HSR_SSSSSSDDS">
<SimpleData name="features__type">Feature</SimpleData>
<SimpleData name="features__properties___id">node/5493654220</SimpleData>
<SimpleData name="features__properties__highway">street_lamp</SimpleData>
<SimpleData name="features__properties__name">Street Lamp</SimpleData>
<SimpleData name="features__properties__working">no</SimpleData>
<SimpleData name="features__geometry__type">Point</SimpleData>
<SimpleData name="Longitude">77.6807</SimpleData>
<SimpleData name="Latitude">12.9279</SimpleData>
<SimpleData name="features__id">node/5493654220</SimpleData>
</SchemaData>
</ExtendedData>
<Point>
<coordinates>77.68066169999997,12.92794740000001,0</coordinates>
</Point>
</Placemark>
<Placemark>
<styleUrl>#pointStyleMap</styleUrl><name>node/5493661821</name>
<ExtendedData>
<SchemaData schemaUrl="#S_Bellandur_HSR_SSSSSSDDS">
<SimpleData name="features__type">Feature</SimpleData>
<SimpleData name="features__properties___id">node/5493661821</SimpleData>
<SimpleData name="features__properties__highway">street_lamp</SimpleData>
<SimpleData name="features__properties__name">Street Lamp</SimpleData>
<SimpleData name="features__properties__working">no</SimpleData>
<SimpleData name="features__geometry__type">Point</SimpleData>
<SimpleData name="Longitude">77.6708</SimpleData>
<SimpleData name="Latitude">12.9233</SimpleData>
<SimpleData name="features__id">node/5493661821</SimpleData>
</SchemaData>
</ExtendedData>
<Point>
<coordinates>77.67083049999997,12.923323,0</coordinates>
</Point>
</Placemark>
<Placemark>
<styleUrl>#pointStyleMap</styleUrl><name>node/5494207514</name>
<ExtendedData>
<SchemaData schemaUrl="#S_Bellandur_HSR_SSSSSSDDS">
<SimpleData name="features__type">Feature</SimpleData>
<SimpleData name="features__properties___id">node/5494207514</SimpleData>
<SimpleData name="features__properties__highway">street_lamp</SimpleData>
<SimpleData name="features__properties__name">Street Lamp</SimpleData>
<SimpleData name="features__properties__working">yes</SimpleData>
<SimpleData name="features__geometry__type">Point</SimpleData>
<SimpleData name="Longitude">77.6773</SimpleData>
<SimpleData name="Latitude">12.9264</SimpleData>
<SimpleData name="features__id">node/5494207514</SimpleData>
</SchemaData>
</ExtendedData>
<Point>
<coordinates>77.67729680000002,12.92639589999997,0</coordinates>
</Point>
</Placemark>
<Placemark>
<styleUrl>#pointStyleMap</styleUrl><name>node/5494207515</name>
<ExtendedData>
<SchemaData schemaUrl="#S_Bellandur_HSR_SSSSSSDDS">
<SimpleData name="features__type">Feature</SimpleData>
<SimpleData name="features__properties___id">node/5494207515</SimpleData>
<SimpleData name="features__properties__highway">street_lamp</SimpleData>
<SimpleData name="features__properties__name">Street Lamp</SimpleData>
<SimpleData name="features__properties__working">yes</SimpleData>
<SimpleData name="features__geometry__type">Point</SimpleData>
<SimpleData name="Longitude">77.695</SimpleData>
<SimpleData name="Latitude">12.939</SimpleData>
<SimpleData name="features__id">node/5494207515</SimpleData>
</SchemaData>
</ExtendedData>
<Point>
<coordinates>77.6949778,12.93902360000003,0</coordinates>
</Point>
</Placemark>
<Placemark>
<styleUrl>#pointStyleMap</styleUrl><name>node/5494207516</name>
<ExtendedData>
<SchemaData schemaUrl="#S_Bellandur_HSR_SSSSSSDDS">
<SimpleData name="features__type">Feature</SimpleData>
<SimpleData name="features__properties___id">node/5494207516</SimpleData>
<SimpleData name="features__properties__highway">street_lamp</SimpleData>
<SimpleData name="features__properties__name">Street Lamp</SimpleData>
<SimpleData name="features__properties__working">yes</SimpleData>
<SimpleData name="features__geometry__type">Point</SimpleData>
<SimpleData name="Longitude">77.679</SimpleData>
<SimpleData name="Latitude">12.9272</SimpleData>
<SimpleData name="features__id">node/5494207516</SimpleData>
</SchemaData>
</ExtendedData>
<Point>
<coordinates>77.67900109999999,12.92720950000002,0</coordinates>
</Point>
</Placemark>
<Placemark>
<styleUrl>#pointStyleMap</styleUrl><name>node/5494207517</name>
<ExtendedData>
<SchemaData schemaUrl="#S_Bellandur_HSR_SSSSSSDDS">
<SimpleData name="features__type">Feature</SimpleData>
<SimpleData name="features__properties___id">node/5494207517</SimpleData>
<SimpleData name="features__properties__highway">street_lamp</SimpleData>
<SimpleData name="features__properties__name">Street Lamp</SimpleData>
<SimpleData name="features__properties__working">no</SimpleData>
<SimpleData name="features__geometry__type">Point</SimpleData>
<SimpleData name="Longitude">77.6782</SimpleData>
<SimpleData name="Latitude">12.9268</SimpleData>
<SimpleData name="features__id">node/5494207517</SimpleData>
</SchemaData>
</ExtendedData>
<Point>
<coordinates>77.67821120000002,12.92682629999997,0</coordinates>
</Point>
</Placemark>
<Placemark>
<styleUrl>#pointStyleMap</styleUrl><name>node/5494207518</name>
<ExtendedData>
<SchemaData schemaUrl="#S_Bellandur_HSR_SSSSSSDDS">
<SimpleData name="features__type">Feature</SimpleData>
<SimpleData name="features__properties___id">node/5494207518</SimpleData>
<SimpleData name="features__properties__highway">street_lamp</SimpleData>
<SimpleData name="features__properties__name">Street Lamp</SimpleData>
<SimpleData name="features__properties__working">yes</SimpleData>
<SimpleData name="features__geometry__type">Point</SimpleData>
<SimpleData name="Longitude">77.6777</SimpleData>
<SimpleData name="Latitude">12.9266</SimpleData>
<SimpleData name="features__id">node/5494207518</SimpleData>
</SchemaData>
</ExtendedData>
<Point>
<coordinates>77.67766770000001,12.92656809999999,0</coordinates>
</Point>
</Placemark>
<Placemark>
<styleUrl>#pointStyleMap</styleUrl><name>node/5494207519</name>
<ExtendedData>
<SchemaData schemaUrl="#S_Bellandur_HSR_SSSSSSDDS">
<SimpleData name="features__type">Feature</SimpleData>
<SimpleData name="features__properties___id">node/5494207519</SimpleData>
<SimpleData name="features__properties__highway">street_lamp</SimpleData>
<SimpleData name="features__properties__name">Street Lamp</SimpleData>
<SimpleData name="features__properties__working">yes</SimpleData>
<SimpleData name="features__geometry__type">Point</SimpleData>
<SimpleData name="Longitude">77.6764</SimpleData>
<SimpleData name="Latitude">12.9259</SimpleData>
<SimpleData name="features__id">node/5494207519</SimpleData>
</SchemaData>
</ExtendedData>
<Point>
<coordinates>77.67636060000002,12.92592999999999,0</coordinates>
</Point>
</Placemark>
<Placemark>
<styleUrl>#pointStyleMap</styleUrl><name>node/5494207520</name>
<ExtendedData>
<SchemaData schemaUrl="#S_Bellandur_HSR_SSSSSSDDS">
<SimpleData name="features__type">Feature</SimpleData>
<SimpleData name="features__properties___id">node/5494207520</SimpleData>
<SimpleData name="features__properties__highway">street_lamp</SimpleData>
<SimpleData name="features__properties__name">Street Lamp</SimpleData>
<SimpleData name="features__properties__working">yes</SimpleData>
<SimpleData name="features__geometry__type">Point</SimpleData>
<SimpleData name="Longitude">77.6862</SimpleData>
<SimpleData name="Latitude">12.9309</SimpleData>
<SimpleData name="features__id">node/5494207520</SimpleData>
</SchemaData>
</ExtendedData>
<Point>
<coordinates>77.68620940000001,12.9309026,0</coordinates>
</Point>
</Placemark>
<Placemark>
<styleUrl>#pointStyleMap</styleUrl><name>node/5494208221</name>
<ExtendedData>
<SchemaData schemaUrl="#S_Bellandur_HSR_SSSSSSDDS">
<SimpleData name="features__type">Feature</SimpleData>
<SimpleData name="features__properties___id">node/5494208221</SimpleData>
<SimpleData name="features__properties__highway">street_lamp</SimpleData>
<SimpleData name="features__properties__name">Street Lamp</SimpleData>
<SimpleData name="features__properties__working">yes</SimpleData>
<SimpleData name="features__geometry__type">Point</SimpleData>
<SimpleData name="Longitude">77.685</SimpleData>
<SimpleData name="Latitude">12.9301</SimpleData>
<SimpleData name="features__id">node/5494208221</SimpleData>
</SchemaData>
</ExtendedData>
<Point>
<coordinates>77.6850389,12.93012750000001,0</coordinates>
</Point>
</Placemark>
<Placemark>
<styleUrl>#pointStyleMap</styleUrl><name>node/5494208222</name>
<ExtendedData>
<SchemaData schemaUrl="#S_Bellandur_HSR_SSSSSSDDS">
<SimpleData name="features__type">Feature</SimpleData>
<SimpleData name="features__properties___id">node/5494208222</SimpleData>
<SimpleData name="features__properties__highway">street_lamp</SimpleData>
<SimpleData name="features__properties__name">Street Lamp</SimpleData>
<SimpleData name="features__properties__working">yes</SimpleData>
<SimpleData name="features__geometry__type">Point</SimpleData>
<SimpleData name="Longitude">77.6785</SimpleData>
<SimpleData name="Latitude">12.927</SimpleData>
<SimpleData name="features__id">node/5494208222</SimpleData>
</SchemaData>
</ExtendedData>
<Point>
<coordinates>77.67845620000003,12.9269517,0</coordinates>
</Point>
</Placemark>
<Placemark>
<styleUrl>#pointStyleMap</styleUrl><name>node/5494208223</name>
<ExtendedData>
<SchemaData schemaUrl="#S_Bellandur_HSR_SSSSSSDDS">
<SimpleData name="features__type">Feature</SimpleData>
<SimpleData name="features__properties___id">node/5494208223</SimpleData>
<SimpleData name="features__properties__highway">street_lamp</SimpleData>
<SimpleData name="features__properties__name">Street Lamp</SimpleData>
<SimpleData name="features__properties__working">yes</SimpleData>
<SimpleData name="features__geometry__type">Point</SimpleData>
<SimpleData name="Longitude">77.6779</SimpleData>
<SimpleData name="Latitude">12.9267</SimpleData>
<SimpleData name="features__id">node/5494208223</SimpleData>
</SchemaData>
</ExtendedData>
<Point>
<coordinates>77.67786339999998,12.92666780000001,0</coordinates>
</Point>
</Placemark>
<Placemark>
<styleUrl>#pointStyleMap</styleUrl><name>node/5494208224</name>
<ExtendedData>
<SchemaData schemaUrl="#S_Bellandur_HSR_SSSSSSDDS">
<SimpleData name="features__type">Feature</SimpleData>
<SimpleData name="features__properties___id">node/5494208224</SimpleData>
<SimpleData name="features__properties__highway">street_lamp</SimpleData>
<SimpleData name="features__properties__name">Street Lamp</SimpleData>
<SimpleData name="features__properties__working">yes</SimpleData>
<SimpleData name="features__geometry__type">Point</SimpleData>
<SimpleData name="Longitude">77.6676</SimpleData>
<SimpleData name="Latitude">12.9218</SimpleData>
<SimpleData name="features__id">node/5494208224</SimpleData>
</SchemaData>
</ExtendedData>
<Point>
<coordinates>77.66755109999997,12.92177179999999,0</coordinates>
</Point>
</Placemark>
<Placemark>
<styleUrl>#pointStyleMap</styleUrl><name>node/5494208225</name>
<ExtendedData>
<SchemaData schemaUrl="#S_Bellandur_HSR_SSSSSSDDS">
<SimpleData name="features__type">Feature</SimpleData>
<SimpleData name="features__properties___id">node/5494208225</SimpleData>
<SimpleData name="features__properties__highway">street_lamp</SimpleData>
<SimpleData name="features__properties__name">Street Lamp</SimpleData>
<SimpleData name="features__properties__working">yes</SimpleData>
<SimpleData name="features__geometry__type">Point</SimpleData>
<SimpleData name="Longitude">77.6853</SimpleData>
<SimpleData name="Latitude">12.9302</SimpleData>
<SimpleData name="features__id">node/5494208225</SimpleData>
</SchemaData>
</ExtendedData>
<Point>
<coordinates>77.68528459999999,12.93015070000001,0</coordinates>
</Point>
</Placemark>
<Placemark>
<styleUrl>#pointStyleMap</styleUrl><name>node/5494208226</name>
<ExtendedData>
<SchemaData schemaUrl="#S_Bellandur_HSR_SSSSSSDDS">
<SimpleData name="features__type">Feature</SimpleData>
<SimpleData name="features__properties___id">node/5494208226</SimpleData>
<SimpleData name="features__properties__highway">street_lamp</SimpleData>
<SimpleData name="features__properties__name">Street Lamp</SimpleData>
<SimpleData name="features__properties__working">yes</SimpleData>
<SimpleData name="features__geometry__type">Point</SimpleData>
<SimpleData name="Longitude">77.6951</SimpleData>
<SimpleData name="Latitude">12.9391</SimpleData>
<SimpleData name="features__id">node/5494208226</SimpleData>
</SchemaData>
</ExtendedData>
<Point>
<coordinates>77.69507890000001,12.93913950000002,0</coordinates>
</Point>
</Placemark>
<Placemark>
<styleUrl>#pointStyleMap</styleUrl><name>node/5494208227</name>
<ExtendedData>
<SchemaData schemaUrl="#S_Bellandur_HSR_SSSSSSDDS">
<SimpleData name="features__type">Feature</SimpleData>
<SimpleData name="features__properties___id">node/5494208227</SimpleData>
<SimpleData name="features__properties__highway">street_lamp</SimpleData>
<SimpleData name="features__properties__name">Street Lamp</SimpleData>
<SimpleData name="features__properties__working">yes</SimpleData>
<SimpleData name="features__geometry__type">Point</SimpleData>
<SimpleData name="Longitude">77.6787</SimpleData>
<SimpleData name="Latitude">12.9271</SimpleData>
<SimpleData name="features__id">node/5494208227</SimpleData>
</SchemaData>
</ExtendedData>
<Point>
<coordinates>77.67873880000003,12.92709540000001,0</coordinates>
</Point>
</Placemark>
<Placemark>
<styleUrl>#pointStyleMap</styleUrl><name>node/5494208228</name>
<ExtendedData>
<SchemaData schemaUrl="#S_Bellandur_HSR_SSSSSSDDS">
<SimpleData name="features__type">Feature</SimpleData>
<SimpleData name="features__properties___id">node/5494208228</SimpleData>
<SimpleData name="features__properties__highway">street_lamp</SimpleData>
<SimpleData name="features__properties__name">Street Lamp</SimpleData>
<SimpleData name="features__properties__working">yes</SimpleData>
<SimpleData name="features__geometry__type">Point</SimpleData>
<SimpleData name="Longitude">77.678</SimpleData>
<SimpleData name="Latitude">12.9267</SimpleData>
<SimpleData name="features__id">node/5494208228</SimpleData>
</SchemaData>
</ExtendedData>
<Point>
<coordinates>77.67800430000001,12.92674189999998,0</coordinates>
</Point>
</Placemark>
<Placemark>
<styleUrl>#pointStyleMap</styleUrl><name>node/5500456919</name>
<ExtendedData>
<SchemaData schemaUrl="#S_Bellandur_HSR_SSSSSSDDS">
<SimpleData name="features__type">Feature</SimpleData>
<SimpleData name="features__properties___id">node/5500456919</SimpleData>
<SimpleData name="features__properties__highway">street_lamp</SimpleData>
<SimpleData name="features__properties__name">Street Lamp</SimpleData>
<SimpleData name="features__properties__working">no</SimpleData>
<SimpleData name="features__geometry__type">Point</SimpleData>
<SimpleData name="Longitude">77.681</SimpleData>
<SimpleData name="Latitude">12.9124</SimpleData>
<SimpleData name="features__id">node/5500456919</SimpleData>
</SchemaData>
</ExtendedData>
<Point>
<coordinates>77.6809789,12.91242550000001,0</coordinates>
</Point>
</Placemark>
<Placemark>
<styleUrl>#pointStyleMap</styleUrl><name>node/5500456920</name>
<ExtendedData>
<SchemaData schemaUrl="#S_Bellandur_HSR_SSSSSSDDS">
<SimpleData name="features__type">Feature</SimpleData>
<SimpleData name="features__properties___id">node/5500456920</SimpleData>
<SimpleData name="features__properties__highway">street_lamp</SimpleData>
<SimpleData name="features__properties__name">Street Lamp</SimpleData>
<SimpleData name="features__properties__working">no</SimpleData>
<SimpleData name="features__geometry__type">Point</SimpleData>
<SimpleData name="Longitude">77.679</SimpleData>
<SimpleData name="Latitude">12.9134</SimpleData>
<SimpleData name="features__id">node/5500456920</SimpleData>
</SchemaData>
</ExtendedData>
<Point>
<coordinates>77.67901610000003,12.91342909999999,0</coordinates>
</Point>
</Placemark>
<Placemark>
<styleUrl>#pointStyleMap</styleUrl><name>node/5500457021</name>
<ExtendedData>
<SchemaData schemaUrl="#S_Bellandur_HSR_SSSSSSDDS">
<SimpleData name="features__type">Feature</SimpleData>
<SimpleData name="features__properties___id">node/5500457021</SimpleData>
<SimpleData name="features__properties__highway">street_lamp</SimpleData>
<SimpleData name="features__properties__name">Street Lamp</SimpleData>
<SimpleData name="features__properties__working">no</SimpleData>
<SimpleData name="features__geometry__type">Point</SimpleData>
<SimpleData name="Longitude">77.6775</SimpleData>
<SimpleData name="Latitude">12.914</SimpleData>
<SimpleData name="features__id">node/5500457021</SimpleData>
</SchemaData>
</ExtendedData>
<Point>
<coordinates>77.67751210000002,12.91403809999998,0</coordinates>
</Point>
</Placemark>
<Placemark>
<styleUrl>#pointStyleMap</styleUrl><name>node/5500457022</name>
<ExtendedData>
<SchemaData schemaUrl="#S_Bellandur_HSR_SSSSSSDDS">
<SimpleData name="features__type">Feature</SimpleData>
<SimpleData name="features__properties___id">node/5500457022</SimpleData>
<SimpleData name="features__properties__highway">street_lamp</SimpleData>
<SimpleData name="features__properties__name">Street Lamp</SimpleData>
<SimpleData name="features__properties__working">no</SimpleData>
<SimpleData name="features__geometry__type">Point</SimpleData>
<SimpleData name="Longitude">77.6807</SimpleData>
<SimpleData name="Latitude">12.9126</SimpleData>
<SimpleData name="features__id">node/5500457022</SimpleData>
</SchemaData>
</ExtendedData>
<Point>
<coordinates>77.68065509999995,12.91257939999999,0</coordinates>
</Point>
</Placemark>
<Placemark>
<styleUrl>#pointStyleMap</styleUrl><name>node/5500457023</name>
<ExtendedData>
<SchemaData schemaUrl="#S_Bellandur_HSR_SSSSSSDDS">
<SimpleData name="features__type">Feature</SimpleData>
<SimpleData name="features__properties___id">node/5500457023</SimpleData>
<SimpleData name="features__properties__highway">street_lamp</SimpleData>
<SimpleData name="features__properties__name">Street Lamp</SimpleData>
<SimpleData name="features__properties__working">no</SimpleData>
<SimpleData name="features__geometry__type">Point</SimpleData>
<SimpleData name="Longitude">77.6787</SimpleData>
<SimpleData name="Latitude">12.9136</SimpleData>
<SimpleData name="features__id">node/5500457023</SimpleData>
</SchemaData>
</ExtendedData>
<Point>
<coordinates>77.6786877,12.9135765,0</coordinates>
</Point>
</Placemark>
<Placemark>
<styleUrl>#pointStyleMap</styleUrl><name>node/5500457024</name>
<ExtendedData>
<SchemaData schemaUrl="#S_Bellandur_HSR_SSSSSSDDS">
<SimpleData name="features__type">Feature</SimpleData>
<SimpleData name="features__properties___id">node/5500457024</SimpleData>
<SimpleData name="features__properties__highway">street_lamp</SimpleData>
<SimpleData name="features__properties__name">Street Lamp</SimpleData>
<SimpleData name="features__properties__working">no</SimpleData>
<SimpleData name="features__geometry__type">Point</SimpleData>
<SimpleData name="Longitude">77.6772</SimpleData>
<SimpleData name="Latitude">12.9141</SimpleData>
<SimpleData name="features__id">node/5500457024</SimpleData>
</SchemaData>
</ExtendedData>
<Point>
<coordinates>77.67722079999997,12.91410070000001,0</coordinates>
</Point>
</Placemark>
<Placemark>
<styleUrl>#pointStyleMap</styleUrl><name>node/5500457025</name>
<ExtendedData>
<SchemaData schemaUrl="#S_Bellandur_HSR_SSSSSSDDS">
<SimpleData name="features__type">Feature</SimpleData>
<SimpleData name="features__properties___id">node/5500457025</SimpleData>
<SimpleData name="features__properties__highway">street_lamp</SimpleData>
<SimpleData name="features__properties__name">Street Lamp</SimpleData>
<SimpleData name="features__properties__working">no</SimpleData>
<SimpleData name="features__geometry__type">Point</SimpleData>
<SimpleData name="Longitude">77.6805</SimpleData>
<SimpleData name="Latitude">12.9127</SimpleData>
<SimpleData name="features__id">node/5500457025</SimpleData>
</SchemaData>
</ExtendedData>
<Point>
<coordinates>77.68047230000002,12.91267739999999,0</coordinates>
</Point>
</Placemark>
<Placemark>
<styleUrl>#pointStyleMap</styleUrl><name>node/5500457026</name>
<ExtendedData>
<SchemaData schemaUrl="#S_Bellandur_HSR_SSSSSSDDS">
<SimpleData name="features__type">Feature</SimpleData>
<SimpleData name="features__properties___id">node/5500457026</SimpleData>
<SimpleData name="features__properties__highway">street_lamp</SimpleData>
<SimpleData name="features__properties__name">Street Lamp</SimpleData>
<SimpleData name="features__properties__working">no</SimpleData>
<SimpleData name="features__geometry__type">Point</SimpleData>
<SimpleData name="Longitude">77.6818</SimpleData>
<SimpleData name="Latitude">12.912</SimpleData>
<SimpleData name="features__id">node/5500457026</SimpleData>
</SchemaData>
</ExtendedData>
<Point>
<coordinates>77.68178230000001,12.91200290000002,0</coordinates>
</Point>
</Placemark>
<Placemark>
<styleUrl>#pointStyleMap</styleUrl><name>node/5500457027</name>
<ExtendedData>
<SchemaData schemaUrl="#S_Bellandur_HSR_SSSSSSDDS">
<SimpleData name="features__type">Feature</SimpleData>
<SimpleData name="features__properties___id">node/5500457027</SimpleData>
<SimpleData name="features__properties__highway">street_lamp</SimpleData>
<SimpleData name="features__properties__name">Street Lamp</SimpleData>
<SimpleData name="features__properties__working">no</SimpleData>
<SimpleData name="features__geometry__type">Point</SimpleData>
<SimpleData name="Longitude">77.6769</SimpleData>
<SimpleData name="Latitude">12.9142</SimpleData>
<SimpleData name="features__id">node/5500457027</SimpleData>
</SchemaData>
</ExtendedData>
<Point>
<coordinates>77.67690620000003,12.91420289999999,0</coordinates>
</Point>
</Placemark>
<Placemark>
<styleUrl>#pointStyleMap</styleUrl><name>node/5500457028</name>
<ExtendedData>
<SchemaData schemaUrl="#S_Bellandur_HSR_SSSSSSDDS">
<SimpleData name="features__type">Feature</SimpleData>
<SimpleData name="features__properties___id">node/5500457028</SimpleData>
<SimpleData name="features__properties__highway">street_lamp</SimpleData>
<SimpleData name="features__properties__name">Street Lamp</SimpleData>
<SimpleData name="features__properties__working">no</SimpleData>
<SimpleData name="features__geometry__type">Point</SimpleData>
<SimpleData name="Longitude">77.6802</SimpleData>
<SimpleData name="Latitude">12.9128</SimpleData>
<SimpleData name="features__id">node/5500457028</SimpleData>
</SchemaData>
</ExtendedData>
<Point>
<coordinates>77.68023849999997,12.91280299999999,0</coordinates>
</Point>
</Placemark>
<Placemark>
<styleUrl>#pointStyleMap</styleUrl><name>node/5500457029</name>
<ExtendedData>
<SchemaData schemaUrl="#S_Bellandur_HSR_SSSSSSDDS">
<SimpleData name="features__type">Feature</SimpleData>
<SimpleData name="features__properties___id">node/5500457029</SimpleData>
<SimpleData name="features__properties__highway">street_lamp</SimpleData>
<SimpleData name="features__properties__name">Street Lamp</SimpleData>
<SimpleData name="features__properties__working">yes</SimpleData>
<SimpleData name="features__geometry__type">Point</SimpleData>
<SimpleData name="Longitude">77.6819</SimpleData>
<SimpleData name="Latitude">12.9119</SimpleData>
<SimpleData name="features__id">node/5500457029</SimpleData>
</SchemaData>
</ExtendedData>
<Point>
<coordinates>77.68192820000002,12.91192609999998,0</coordinates>
</Point>
</Placemark>
<Placemark>
<styleUrl>#pointStyleMap</styleUrl><name>node/5500457030</name>
<ExtendedData>
<SchemaData schemaUrl="#S_Bellandur_HSR_SSSSSSDDS">
<SimpleData name="features__type">Feature</SimpleData>
<SimpleData name="features__properties___id">node/5500457030</SimpleData>
<SimpleData name="features__properties__highway">street_lamp</SimpleData>
<SimpleData name="features__properties__name">Street Lamp</SimpleData>
<SimpleData name="features__properties__working">no</SimpleData>
<SimpleData name="features__geometry__type">Point</SimpleData>
<SimpleData name="Longitude">77.6766</SimpleData>
<SimpleData name="Latitude">12.9143</SimpleData>
<SimpleData name="features__id">node/5500457030</SimpleData>
</SchemaData>
</ExtendedData>
<Point>
<coordinates>77.67660180000003,12.91427179999998,0</coordinates>
</Point>
</Placemark>
<Placemark>
<styleUrl>#pointStyleMap</styleUrl><name>node/5500457031</name>
<ExtendedData>
<SchemaData schemaUrl="#S_Bellandur_HSR_SSSSSSDDS">
<SimpleData name="features__type">Feature</SimpleData>
<SimpleData name="features__properties___id">node/5500457031</SimpleData>
<SimpleData name="features__properties__highway">street_lamp</SimpleData>
<SimpleData name="features__properties__name">Street Lamp</SimpleData>
<SimpleData name="features__properties__working">no</SimpleData>
<SimpleData name="features__geometry__type">Point</SimpleData>
<SimpleData name="Longitude">77.68</SimpleData>
<SimpleData name="Latitude">12.9129</SimpleData>
<SimpleData name="features__id">node/5500457031</SimpleData>
</SchemaData>
</ExtendedData>
<Point>
<coordinates>77.68001839999999,12.91293569999998,0</coordinates>
</Point>
</Placemark>
<Placemark>
<styleUrl>#pointStyleMap</styleUrl><name>node/5500457032</name>
<ExtendedData>
<SchemaData schemaUrl="#S_Bellandur_HSR_SSSSSSDDS">
<SimpleData name="features__type">Feature</SimpleData>
<SimpleData name="features__properties___id">node/5500457032</SimpleData>
<SimpleData name="features__properties__highway">street_lamp</SimpleData>
<SimpleData name="features__properties__name">Street Lamp</SimpleData>
<SimpleData name="features__properties__working">no</SimpleData>
<SimpleData name="features__geometry__type">Point</SimpleData>
<SimpleData name="Longitude">77.6822</SimpleData>
<SimpleData name="Latitude">12.9118</SimpleData>
<SimpleData name="features__id">node/5500457032</SimpleData>
</SchemaData>
</ExtendedData>
<Point>
<coordinates>77.68220759999998,12.91178669999999,0</coordinates>
</Point>
</Placemark>
<Placemark>
<styleUrl>#pointStyleMap</styleUrl><name>node/5500457033</name>
<ExtendedData>
<SchemaData schemaUrl="#S_Bellandur_HSR_SSSSSSDDS">
<SimpleData name="features__type">Feature</SimpleData>
<SimpleData name="features__properties___id">node/5500457033</SimpleData>
<SimpleData name="features__properties__highway">street_lamp</SimpleData>
<SimpleData name="features__properties__name">Street Lamp</SimpleData>
<SimpleData name="features__properties__working">no</SimpleData>
<SimpleData name="features__geometry__type">Point</SimpleData>
<SimpleData name="Longitude">77.6797</SimpleData>
<SimpleData name="Latitude">12.9131</SimpleData>
<SimpleData name="features__id">node/5500457033</SimpleData>
</SchemaData>
</ExtendedData>
<Point>
<coordinates>77.67971449999999,12.91308390000001,0</coordinates>
</Point>
</Placemark>
<Placemark>
<styleUrl>#pointStyleMap</styleUrl><name>node/5500457034</name>
<ExtendedData>
<SchemaData schemaUrl="#S_Bellandur_HSR_SSSSSSDDS">
<SimpleData name="features__type">Feature</SimpleData>
<SimpleData name="features__properties___id">node/5500457034</SimpleData>
<SimpleData name="features__properties__highway">street_lamp</SimpleData>
<SimpleData name="features__properties__name">Street Lamp</SimpleData>
<SimpleData name="features__properties__working">no</SimpleData>
<SimpleData name="features__geometry__type">Point</SimpleData>
<SimpleData name="Longitude">77.6784</SimpleData>
<SimpleData name="Latitude">12.9137</SimpleData>
<SimpleData name="features__id">node/5500457034</SimpleData>
</SchemaData>
</ExtendedData>
<Point>
<coordinates>77.67843679999999,12.91368340000001,0</coordinates>
</Point>
</Placemark>
<Placemark>
<styleUrl>#pointStyleMap</styleUrl><name>node/5500457035</name>
<ExtendedData>
<SchemaData schemaUrl="#S_Bellandur_HSR_SSSSSSDDS">
<SimpleData name="features__type">Feature</SimpleData>
<SimpleData name="features__properties___id">node/5500457035</SimpleData>
<SimpleData name="features__properties__highway">street_lamp</SimpleData>
<SimpleData name="features__properties__name">Street Lamp</SimpleData>
<SimpleData name="features__properties__working">no</SimpleData>
<SimpleData name="features__geometry__type">Point</SimpleData>
<SimpleData name="Longitude">77.6814</SimpleData>
<SimpleData name="Latitude">12.9122</SimpleData>
<SimpleData name="features__id">node/5500457035</SimpleData>
</SchemaData>
</ExtendedData>
<Point>
<coordinates>77.68140200000001,12.91219380000003,0</coordinates>
</Point>
</Placemark>
<Placemark>
<styleUrl>#pointStyleMap</styleUrl><name>node/5500457036</name>
<ExtendedData>
<SchemaData schemaUrl="#S_Bellandur_HSR_SSSSSSDDS">
<SimpleData name="features__type">Feature</SimpleData>
<SimpleData name="features__properties___id">node/5500457036</SimpleData>
<SimpleData name="features__properties__highway">street_lamp</SimpleData>
<SimpleData name="features__properties__name">Street Lamp</SimpleData>
<SimpleData name="features__properties__working">no</SimpleData>
<SimpleData name="features__geometry__type">Point</SimpleData>
<SimpleData name="Longitude">77.6795</SimpleData>
<SimpleData name="Latitude">12.9132</SimpleData>
<SimpleData name="features__id">node/5500457036</SimpleData>
</SchemaData>
</ExtendedData>
<Point>
<coordinates>77.67952930000001,12.91316459999997,0</coordinates>
</Point>
</Placemark>
<Placemark>
<styleUrl>#pointStyleMap</styleUrl><name>node/5500457037</name>
<ExtendedData>
<SchemaData schemaUrl="#S_Bellandur_HSR_SSSSSSDDS">
<SimpleData name="features__type">Feature</SimpleData>
<SimpleData name="features__properties___id">node/5500457037</SimpleData>
<SimpleData name="features__properties__highway">street_lamp</SimpleData>
<SimpleData name="features__properties__name">Street Lamp</SimpleData>
<SimpleData name="features__properties__working">no</SimpleData>
<SimpleData name="features__geometry__type">Point</SimpleData>
<SimpleData name="Longitude">77.6781</SimpleData>
<SimpleData name="Latitude">12.9138</SimpleData>
<SimpleData name="features__id">node/5500457037</SimpleData>
</SchemaData>
</ExtendedData>
<Point>
<coordinates>77.67812120000001,12.91380439999999,0</coordinates>
</Point>
</Placemark>
<Placemark>
<styleUrl>#pointStyleMap</styleUrl><name>node/5500457038</name>
<ExtendedData>
<SchemaData schemaUrl="#S_Bellandur_HSR_SSSSSSDDS">
<SimpleData name="features__type">Feature</SimpleData>
<SimpleData name="features__properties___id">node/5500457038</SimpleData>
<SimpleData name="features__properties__highway">street_lamp</SimpleData>
<SimpleData name="features__properties__name">Street Lamp</SimpleData>
<SimpleData name="features__properties__working">no</SimpleData>
<SimpleData name="features__geometry__type">Point</SimpleData>
<SimpleData name="Longitude">77.6813</SimpleData>
<SimpleData name="Latitude">12.9123</SimpleData>
<SimpleData name="features__id">node/5500457038</SimpleData>
</SchemaData>
</ExtendedData>
<Point>
<coordinates>77.6812913,12.91225940000002,0</coordinates>
</Point>
</Placemark>
<Placemark>
<styleUrl>#pointStyleMap</styleUrl><name>node/5500457039</name>
<ExtendedData>
<SchemaData schemaUrl="#S_Bellandur_HSR_SSSSSSDDS">
<SimpleData name="features__type">Feature</SimpleData>
<SimpleData name="features__properties___id">node/5500457039</SimpleData>
<SimpleData name="features__properties__highway">street_lamp</SimpleData>
<SimpleData name="features__properties__name">Street Lamp</SimpleData>
<SimpleData name="features__properties__working">no</SimpleData>
<SimpleData name="features__geometry__type">Point</SimpleData>
<SimpleData name="Longitude">77.6793</SimpleData>
<SimpleData name="Latitude">12.9133</SimpleData>
<SimpleData name="features__id">node/5500457039</SimpleData>
</SchemaData>
</ExtendedData>
<Point>
<coordinates>77.67926920000004,12.91331290000001,0</coordinates>
</Point>
</Placemark>
<Placemark>
<styleUrl>#pointStyleMap</styleUrl><name>node/5500457040</name>
<ExtendedData>
<SchemaData schemaUrl="#S_Bellandur_HSR_SSSSSSDDS">
<SimpleData name="features__type">Feature</SimpleData>
<SimpleData name="features__properties___id">node/5500457040</SimpleData>
<SimpleData name="features__properties__highway">street_lamp</SimpleData>
<SimpleData name="features__properties__name">Street Lamp</SimpleData>
<SimpleData name="features__properties__working">no</SimpleData>
<SimpleData name="features__geometry__type">Point</SimpleData>
<SimpleData name="Longitude">77.6779</SimpleData>
<SimpleData name="Latitude">12.9139</SimpleData>
<SimpleData name="features__id">node/5500457040</SimpleData>
</SchemaData>
</ExtendedData>
<Point>
<coordinates>77.67791190000004,12.91389740000001,0</coordinates>
</Point>
</Placemark>
<Placemark>
<styleUrl>#pointStyleMap</styleUrl><name>node/5503513633</name>
<ExtendedData>
<SchemaData schemaUrl="#S_Bellandur_HSR_SSSSSSDDS">
<SimpleData name="features__type">Feature</SimpleData>
<SimpleData name="features__properties___id">node/5503513633</SimpleData>
<SimpleData name="features__properties__highway">street_lamp</SimpleData>
<SimpleData name="features__properties__name">Street Lamp</SimpleData>
<SimpleData name="features__properties__working">no</SimpleData>
<SimpleData name="features__geometry__type">Point</SimpleData>
<SimpleData name="Longitude">77.6539</SimpleData>
<SimpleData name="Latitude">12.9239</SimpleData>
<SimpleData name="features__id">node/5503513633</SimpleData>
</SchemaData>
</ExtendedData>
<Point>
<coordinates>77.65385470000002,12.92385480000003,0</coordinates>
</Point>
</Placemark>
<Placemark>
<styleUrl>#pointStyleMap</styleUrl><name>node/5503513634</name>
<ExtendedData>
<SchemaData schemaUrl="#S_Bellandur_HSR_SSSSSSDDS">
<SimpleData name="features__type">Feature</SimpleData>
<SimpleData name="features__properties___id">node/5503513634</SimpleData>
<SimpleData name="features__properties__highway">street_lamp</SimpleData>
<SimpleData name="features__properties__name">Street Lamp</SimpleData>
<SimpleData name="features__properties__working">yes</SimpleData>
<SimpleData name="features__geometry__type">Point</SimpleData>
<SimpleData name="Longitude">77.642</SimpleData>
<SimpleData name="Latitude">12.9187</SimpleData>
<SimpleData name="features__id">node/5503513634</SimpleData>
</SchemaData>
</ExtendedData>
<Point>
<coordinates>77.64199929999999,12.9187036,0</coordinates>
</Point>
</Placemark>
<Placemark>
<styleUrl>#pointStyleMap</styleUrl><name>node/5503513635</name>
<ExtendedData>
<SchemaData schemaUrl="#S_Bellandur_HSR_SSSSSSDDS">
<SimpleData name="features__type">Feature</SimpleData>
<SimpleData name="features__properties___id">node/5503513635</SimpleData>
<SimpleData name="features__properties__highway">street_lamp</SimpleData>
<SimpleData name="features__properties__name">Street Lamp</SimpleData>
<SimpleData name="features__properties__working">no</SimpleData>
<SimpleData name="features__geometry__type">Point</SimpleData>
<SimpleData name="Longitude">77.6508</SimpleData>
<SimpleData name="Latitude">12.9245</SimpleData>
<SimpleData name="features__id">node/5503513635</SimpleData>
</SchemaData>
</ExtendedData>
<Point>
<coordinates>77.65082359999995,12.92454829999998,0</coordinates>
</Point>
</Placemark>
<Placemark>
<styleUrl>#pointStyleMap</styleUrl><name>node/5503513637</name>
<ExtendedData>
<SchemaData schemaUrl="#S_Bellandur_HSR_SSSSSSDDS">
<SimpleData name="features__type">Feature</SimpleData>
<SimpleData name="features__properties___id">node/5503513637</SimpleData>
<SimpleData name="features__properties__highway">street_lamp</SimpleData>
<SimpleData name="features__properties__name">Street Lamp</SimpleData>
<SimpleData name="features__properties__working">yes</SimpleData>
<SimpleData name="features__geometry__type">Point</SimpleData>
<SimpleData name="Longitude">77.6619</SimpleData>
<SimpleData name="Latitude">12.9216</SimpleData>
<SimpleData name="features__id">node/5503513637</SimpleData>
</SchemaData>
</ExtendedData>
<Point>
<coordinates>77.66185169999999,12.9216005,0</coordinates>
</Point>
</Placemark>
<Placemark>
<styleUrl>#pointStyleMap</styleUrl><name>node/5503513638</name>
<ExtendedData>
<SchemaData schemaUrl="#S_Bellandur_HSR_SSSSSSDDS">
<SimpleData name="features__type">Feature</SimpleData>
<SimpleData name="features__properties___id">node/5503513638</SimpleData>
<SimpleData name="features__properties__highway">street_lamp</SimpleData>
<SimpleData name="features__properties__name">Street Lamp</SimpleData>
<SimpleData name="features__properties__working">no</SimpleData>
<SimpleData name="features__geometry__type">Point</SimpleData>
<SimpleData name="Longitude">77.6477</SimpleData>
<SimpleData name="Latitude">12.9242</SimpleData>
<SimpleData name="features__id">node/5503513638</SimpleData>
</SchemaData>
</ExtendedData>
<Point>
<coordinates>77.64768040000003,12.92416710000001,0</coordinates>
</Point>
</Placemark>
<Placemark>
<styleUrl>#pointStyleMap</styleUrl><name>node/5503513639</name>
<ExtendedData>
<SchemaData schemaUrl="#S_Bellandur_HSR_SSSSSSDDS">
<SimpleData name="features__type">Feature</SimpleData>
<SimpleData name="features__properties___id">node/5503513639</SimpleData>
<SimpleData name="features__properties__highway">street_lamp</SimpleData>
<SimpleData name="features__properties__name">Street Lamp</SimpleData>
<SimpleData name="features__properties__working">no</SimpleData>
<SimpleData name="features__geometry__type">Point</SimpleData>
<SimpleData name="Longitude">77.6425</SimpleData>
<SimpleData name="Latitude">12.9236</SimpleData>
<SimpleData name="features__id">node/5503513639</SimpleData>
</SchemaData>
</ExtendedData>
<Point>
<coordinates>77.64251500000002,12.92362710000002,0</coordinates>
</Point>
</Placemark>
<Placemark>
<styleUrl>#pointStyleMap</styleUrl><name>node/5503513640</name>
<ExtendedData>
<SchemaData schemaUrl="#S_Bellandur_HSR_SSSSSSDDS">
<SimpleData name="features__type">Feature</SimpleData>
<SimpleData name="features__properties___id">node/5503513640</SimpleData>
<SimpleData name="features__properties__highway">street_lamp</SimpleData>
<SimpleData name="features__properties__name">Street Lamp</SimpleData>
<SimpleData name="features__properties__working">yes</SimpleData>
<SimpleData name="features__geometry__type">Point</SimpleData>
<SimpleData name="Longitude">77.6591</SimpleData>
<SimpleData name="Latitude">12.9224</SimpleData>
<SimpleData name="features__id">node/5503513640</SimpleData>
</SchemaData>
</ExtendedData>
<Point>
<coordinates>77.65914060000001,12.9223743,0</coordinates>
</Point>
</Placemark>
<Placemark>
<styleUrl>#pointStyleMap</styleUrl><name>node/5503513641</name>
<ExtendedData>
<SchemaData schemaUrl="#S_Bellandur_HSR_SSSSSSDDS">
<SimpleData name="features__type">Feature</SimpleData>
<SimpleData name="features__properties___id">node/5503513641</SimpleData>
<SimpleData name="features__properties__highway">street_lamp</SimpleData>
<SimpleData name="features__properties__name">Street Lamp</SimpleData>
<SimpleData name="features__properties__working">yes</SimpleData>
<SimpleData name="features__geometry__type">Point</SimpleData>
<SimpleData name="Longitude">77.6451</SimpleData>
<SimpleData name="Latitude">12.9221</SimpleData>
<SimpleData name="features__id">node/5503513641</SimpleData>
</SchemaData>
</ExtendedData>
<Point>
<coordinates>77.64509509999999,12.92209639999998,0</coordinates>
</Point>
</Placemark>
<Placemark>
<styleUrl>#pointStyleMap</styleUrl><name>node/5503513642</name>
<ExtendedData>
<SchemaData schemaUrl="#S_Bellandur_HSR_SSSSSSDDS">
<SimpleData name="features__type">Feature</SimpleData>
<SimpleData name="features__properties___id">node/5503513642</SimpleData>
<SimpleData name="features__properties__highway">street_lamp</SimpleData>
<SimpleData name="features__properties__name">Street Lamp</SimpleData>
<SimpleData name="features__properties__working">yes</SimpleData>
<SimpleData name="features__geometry__type">Point</SimpleData>
<SimpleData name="Longitude">77.6519</SimpleData>
<SimpleData name="Latitude">12.9101</SimpleData>
<SimpleData name="features__id">node/5503513642</SimpleData>
</SchemaData>
</ExtendedData>
<Point>
<coordinates>77.65185140000001,12.91005770000002,0</coordinates>
</Point>
</Placemark>
<Placemark>
<styleUrl>#pointStyleMap</styleUrl><name>node/5503513643</name>
<ExtendedData>
<SchemaData schemaUrl="#S_Bellandur_HSR_SSSSSSDDS">
<SimpleData name="features__type">Feature</SimpleData>
<SimpleData name="features__properties___id">node/5503513643</SimpleData>
<SimpleData name="features__properties__highway">street_lamp</SimpleData>
<SimpleData name="features__properties__name">Street Lamp</SimpleData>
<SimpleData name="features__properties__working">yes</SimpleData>
<SimpleData name="features__geometry__type">Point</SimpleData>
<SimpleData name="Longitude">77.6564</SimpleData>
<SimpleData name="Latitude">12.9233</SimpleData>
<SimpleData name="features__id">node/5503513643</SimpleData>
</SchemaData>
</ExtendedData>
<Point>
<coordinates>77.6563731,12.92332200000003,0</coordinates>
</Point>
</Placemark>
<Placemark>
<styleUrl>#pointStyleMap</styleUrl><name>node/5503513644</name>
<ExtendedData>
<SchemaData schemaUrl="#S_Bellandur_HSR_SSSSSSDDS">
<SimpleData name="features__type">Feature</SimpleData>
<SimpleData name="features__properties___id">node/5503513644</SimpleData>
<SimpleData name="features__properties__highway">street_lamp</SimpleData>
<SimpleData name="features__properties__name">Street Lamp</SimpleData>
<SimpleData name="features__properties__working">yes</SimpleData>
<SimpleData name="features__geometry__type">Point</SimpleData>
<SimpleData name="Longitude">77.6432</SimpleData>
<SimpleData name="Latitude">12.9198</SimpleData>
<SimpleData name="features__id">node/5503513644</SimpleData>
</SchemaData>
</ExtendedData>
<Point>
<coordinates>77.64318359999999,12.91983819999999,0</coordinates>
</Point>
</Placemark>
<Placemark>
<styleUrl>#pointStyleMap</styleUrl><name>node/5503513645</name>
<ExtendedData>
<SchemaData schemaUrl="#S_Bellandur_HSR_SSSSSSDDS">
<SimpleData name="features__type">Feature</SimpleData>
<SimpleData name="features__properties___id">node/5503513645</SimpleData>
<SimpleData name="features__properties__highway">street_lamp</SimpleData>
<SimpleData name="features__properties__name">Street Lamp</SimpleData>
<SimpleData name="features__properties__working">yes</SimpleData>
<SimpleData name="features__geometry__type">Point</SimpleData>
<SimpleData name="Longitude">77.6527</SimpleData>
<SimpleData name="Latitude">12.9241</SimpleData>
<SimpleData name="features__id">node/5503513645</SimpleData>
</SchemaData>
</ExtendedData>
<Point>
<coordinates>77.65273330000001,12.92408519999999,0</coordinates>
</Point>
</Placemark>
<Placemark>
<styleUrl>#pointStyleMap</styleUrl><name>node/5503513646</name>
<ExtendedData>
<SchemaData schemaUrl="#S_Bellandur_HSR_SSSSSSDDS">
<SimpleData name="features__type">Feature</SimpleData>
<SimpleData name="features__properties___id">node/5503513646</SimpleData>
<SimpleData name="features__properties__highway">street_lamp</SimpleData>
<SimpleData name="features__properties__name">Street Lamp</SimpleData>
<SimpleData name="features__properties__working">no</SimpleData>
<SimpleData name="features__geometry__type">Point</SimpleData>
<SimpleData name="Longitude">77.6414</SimpleData>
<SimpleData name="Latitude">12.9176</SimpleData>
<SimpleData name="features__id">node/5503513646</SimpleData>
</SchemaData>
</ExtendedData>
<Point>
<coordinates>77.64137149999998,12.91759569999998,0</coordinates>
</Point>
</Placemark>
<Placemark>
<styleUrl>#pointStyleMap</styleUrl><name>node/5503513647</name>
<ExtendedData>
<SchemaData schemaUrl="#S_Bellandur_HSR_SSSSSSDDS">
<SimpleData name="features__type">Feature</SimpleData>
<SimpleData name="features__properties___id">node/5503513647</SimpleData>
<SimpleData name="features__properties__highway">street_lamp</SimpleData>
<SimpleData name="features__properties__name">Street Lamp</SimpleData>
<SimpleData name="features__properties__working">yes</SimpleData>
<SimpleData name="features__geometry__type">Point</SimpleData>
<SimpleData name="Longitude">77.6497</SimpleData>
<SimpleData name="Latitude">12.9246</SimpleData>
<SimpleData name="features__id">node/5503513647</SimpleData>
</SchemaData>
</ExtendedData>
<Point>
<coordinates>77.64966410000001,12.92456030000001,0</coordinates>
</Point>
</Placemark>
<Placemark>
<styleUrl>#pointStyleMap</styleUrl><name>node/5503513649</name>
<ExtendedData>
<SchemaData schemaUrl="#S_Bellandur_HSR_SSSSSSDDS">
<SimpleData name="features__type">Feature</SimpleData>
<SimpleData name="features__properties___id">node/5503513649</SimpleData>
<SimpleData name="features__properties__highway">street_lamp</SimpleData>
<SimpleData name="features__properties__name">Street Lamp</SimpleData>
<SimpleData name="features__properties__working">yes</SimpleData>
<SimpleData name="features__geometry__type">Point</SimpleData>
<SimpleData name="Longitude">77.6606</SimpleData>
<SimpleData name="Latitude">12.9217</SimpleData>
<SimpleData name="features__id">node/5503513649</SimpleData>
</SchemaData>
</ExtendedData>
<Point>
<coordinates>77.66063930000003,12.92170840000002,0</coordinates>
</Point>
</Placemark>
<Placemark>
<styleUrl>#pointStyleMap</styleUrl><name>node/5503513650</name>
<ExtendedData>
<SchemaData schemaUrl="#S_Bellandur_HSR_SSSSSSDDS">
<SimpleData name="features__type">Feature</SimpleData>
<SimpleData name="features__properties___id">node/5503513650</SimpleData>
<SimpleData name="features__properties__highway">street_lamp</SimpleData>
<SimpleData name="features__properties__name">Street Lamp</SimpleData>
<SimpleData name="features__properties__working">yes</SimpleData>
<SimpleData name="features__geometry__type">Point</SimpleData>
<SimpleData name="Longitude">77.6466</SimpleData>
<SimpleData name="Latitude">12.9235</SimpleData>
<SimpleData name="features__id">node/5503513650</SimpleData>
</SchemaData>
</ExtendedData>
<Point>
<coordinates>77.64658239999999,12.92351170000002,0</coordinates>
</Point>
</Placemark>
<Placemark>
<styleUrl>#pointStyleMap</styleUrl><name>node/5503513651</name>
<ExtendedData>
<SchemaData schemaUrl="#S_Bellandur_HSR_SSSSSSDDS">
<SimpleData name="features__type">Feature</SimpleData>
<SimpleData name="features__properties___id">node/5503513651</SimpleData>
<SimpleData name="features__properties__highway">street_lamp</SimpleData>
<SimpleData name="features__properties__name">Street Lamp</SimpleData>
<SimpleData name="features__properties__working">no</SimpleData>
<SimpleData name="features__geometry__type">Point</SimpleData>
<SimpleData name="Longitude">77.6454</SimpleData>
<SimpleData name="Latitude">12.9244</SimpleData>
<SimpleData name="features__id">node/5503513651</SimpleData>
</SchemaData>
</ExtendedData>
<Point>
<coordinates>77.64539350000003,12.92441150000001,0</coordinates>
</Point>
</Placemark>
<Placemark>
<styleUrl>#pointStyleMap</styleUrl><name>node/5503513652</name>
<ExtendedData>
<SchemaData schemaUrl="#S_Bellandur_HSR_SSSSSSDDS">
<SimpleData name="features__type">Feature</SimpleData>
<SimpleData name="features__properties___id">node/5503513652</SimpleData>
<SimpleData name="features__properties__highway">street_lamp</SimpleData>
<SimpleData name="features__properties__name">Street Lamp</SimpleData>
<SimpleData name="features__properties__working">yes</SimpleData>
<SimpleData name="features__geometry__type">Point</SimpleData>
<SimpleData name="Longitude">77.6579</SimpleData>
<SimpleData name="Latitude">12.9226</SimpleData>
<SimpleData name="features__id">node/5503513652</SimpleData>
</SchemaData>
</ExtendedData>
<Point>
<coordinates>77.65785579999998,12.9226115,0</coordinates>
</Point>
</Placemark>
<Placemark>
<styleUrl>#pointStyleMap</styleUrl><name>node/5503513653</name>
<ExtendedData>
<SchemaData schemaUrl="#S_Bellandur_HSR_SSSSSSDDS">
<SimpleData name="features__type">Feature</SimpleData>
<SimpleData name="features__properties___id">node/5503513653</SimpleData>
<SimpleData name="features__properties__highway">street_lamp</SimpleData>
<SimpleData name="features__properties__name">Street Lamp</SimpleData>
<SimpleData name="features__properties__working">yes</SimpleData>
<SimpleData name="features__geometry__type">Point</SimpleData>
<SimpleData name="Longitude">77.6442</SimpleData>
<SimpleData name="Latitude">12.9213</SimpleData>
<SimpleData name="features__id">node/5503513653</SimpleData>
</SchemaData>
</ExtendedData>
<Point>
<coordinates>77.64424959999998,12.92131299999999,0</coordinates>
</Point>
</Placemark>
<Placemark>
<styleUrl>#pointStyleMap</styleUrl><name>node/5503513654</name>
<ExtendedData>
<SchemaData schemaUrl="#S_Bellandur_HSR_SSSSSSDDS">
<SimpleData name="features__type">Feature</SimpleData>
<SimpleData name="features__properties___id">node/5503513654</SimpleData>
<SimpleData name="features__properties__highway">street_lamp</SimpleData>
<SimpleData name="features__properties__name">Street Lamp</SimpleData>
<SimpleData name="features__properties__working">no</SimpleData>
<SimpleData name="features__geometry__type">Point</SimpleData>
<SimpleData name="Longitude">77.651</SimpleData>
<SimpleData name="Latitude">12.905</SimpleData>
<SimpleData name="features__id">node/5503513654</SimpleData>
</SchemaData>
</ExtendedData>
<Point>
<coordinates>77.65099079999999,12.9049801,0</coordinates>
</Point>
</Placemark>
<Placemark>
<styleUrl>#pointStyleMap</styleUrl><name>node/5503513655</name>
<ExtendedData>
<SchemaData schemaUrl="#S_Bellandur_HSR_SSSSSSDDS">
<SimpleData name="features__type">Feature</SimpleData>
<SimpleData name="features__properties___id">node/5503513655</SimpleData>
<SimpleData name="features__properties__highway">street_lamp</SimpleData>
<SimpleData name="features__properties__name">Street Lamp</SimpleData>
<SimpleData name="features__properties__working">yes</SimpleData>
<SimpleData name="features__geometry__type">Point</SimpleData>
<SimpleData name="Longitude">77.6552</SimpleData>
<SimpleData name="Latitude">12.9236</SimpleData>
<SimpleData name="features__id">node/5503513655</SimpleData>
</SchemaData>
</ExtendedData>
<Point>
<coordinates>77.65518390000001,12.92357119999999,0</coordinates>
</Point>
</Placemark>
<Placemark>
<styleUrl>#pointStyleMap</styleUrl><name>node/5503513656</name>
<ExtendedData>
<SchemaData schemaUrl="#S_Bellandur_HSR_SSSSSSDDS">
<SimpleData name="features__type">Feature</SimpleData>
<SimpleData name="features__properties___id">node/5503513656</SimpleData>
<SimpleData name="features__properties__highway">street_lamp</SimpleData>
<SimpleData name="features__properties__name">Street Lamp</SimpleData>
<SimpleData name="features__properties__working">yes</SimpleData>
<SimpleData name="features__geometry__type">Point</SimpleData>
<SimpleData name="Longitude">77.6425</SimpleData>
<SimpleData name="Latitude">12.9191</SimpleData>
<SimpleData name="features__id">node/5503513656</SimpleData>
</SchemaData>
</ExtendedData>
<Point>
<coordinates>77.6424935,12.91909450000001,0</coordinates>
</Point>
</Placemark>
<Placemark>
<styleUrl>#pointStyleMap</styleUrl><name>node/5503513657</name>
<ExtendedData>
<SchemaData schemaUrl="#S_Bellandur_HSR_SSSSSSDDS">
<SimpleData name="features__type">Feature</SimpleData>
<SimpleData name="features__properties___id">node/5503513657</SimpleData>
<SimpleData name="features__properties__highway">street_lamp</SimpleData>
<SimpleData name="features__properties__name">Street Lamp</SimpleData>
<SimpleData name="features__properties__working">no</SimpleData>
<SimpleData name="features__geometry__type">Point</SimpleData>
<SimpleData name="Longitude">77.6516</SimpleData>
<SimpleData name="Latitude">12.9243</SimpleData>
<SimpleData name="features__id">node/5503513657</SimpleData>
</SchemaData>
</ExtendedData>
<Point>
<coordinates>77.65162059999999,12.92432669999999,0</coordinates>
</Point>
</Placemark>
<Placemark>
<styleUrl>#pointStyleMap</styleUrl><name>node/5503513658</name>
<ExtendedData>
<SchemaData schemaUrl="#S_Bellandur_HSR_SSSSSSDDS">
<SimpleData name="features__type">Feature</SimpleData>
<SimpleData name="features__properties___id">node/5503513658</SimpleData>
<SimpleData name="features__properties__highway">street_lamp</SimpleData>
<SimpleData name="features__properties__name">Street Lamp</SimpleData>
<SimpleData name="features__properties__working">yes</SimpleData>
<SimpleData name="features__geometry__type">Point</SimpleData>
<SimpleData name="Longitude">77.6485</SimpleData>
<SimpleData name="Latitude">12.9243</SimpleData>
<SimpleData name="features__id">node/5503513658</SimpleData>
</SchemaData>
</ExtendedData>
<Point>
<coordinates>77.64846469999998,12.92433560000001,0</coordinates>
</Point>
</Placemark>
<Placemark>
<styleUrl>#pointStyleMap</styleUrl><name>node/5503513659</name>
<ExtendedData>
<SchemaData schemaUrl="#S_Bellandur_HSR_SSSSSSDDS">
<SimpleData name="features__type">Feature</SimpleData>
<SimpleData name="features__properties___id">node/5503513659</SimpleData>
<SimpleData name="features__properties__highway">street_lamp</SimpleData>
<SimpleData name="features__properties__name">Street Lamp</SimpleData>
<SimpleData name="features__properties__working">no</SimpleData>
<SimpleData name="features__geometry__type">Point</SimpleData>
<SimpleData name="Longitude">77.6405</SimpleData>
<SimpleData name="Latitude">12.9236</SimpleData>
<SimpleData name="features__id">node/5503513659</SimpleData>
</SchemaData>
</ExtendedData>
<Point>
<coordinates>77.64047010000002,12.92362990000001,0</coordinates>
</Point>
</Placemark>
<Placemark>
<styleUrl>#pointStyleMap</styleUrl><name>node/5503513660</name>
<ExtendedData>
<SchemaData schemaUrl="#S_Bellandur_HSR_SSSSSSDDS">
<SimpleData name="features__type">Feature</SimpleData>
<SimpleData name="features__properties___id">node/5503513660</SimpleData>
<SimpleData name="features__properties__highway">street_lamp</SimpleData>
<SimpleData name="features__properties__name">Street Lamp</SimpleData>
<SimpleData name="features__properties__working">no</SimpleData>
<SimpleData name="features__geometry__type">Point</SimpleData>
<SimpleData name="Longitude">77.6598</SimpleData>
<SimpleData name="Latitude">12.922</SimpleData>
<SimpleData name="features__id">node/5503513660</SimpleData>
</SchemaData>
</ExtendedData>
<Point>
<coordinates>77.65975769999999,12.92204070000001,0</coordinates>
</Point>
</Placemark>
<Placemark>
<styleUrl>#pointStyleMap</styleUrl><name>node/5503513661</name>
<ExtendedData>
<SchemaData schemaUrl="#S_Bellandur_HSR_SSSSSSDDS">
<SimpleData name="features__type">Feature</SimpleData>
<SimpleData name="features__properties___id">node/5503513661</SimpleData>
<SimpleData name="features__properties__highway">street_lamp</SimpleData>
<SimpleData name="features__properties__name">Street Lamp</SimpleData>
<SimpleData name="features__properties__working">yes</SimpleData>
<SimpleData name="features__geometry__type">Point</SimpleData>
<SimpleData name="Longitude">77.6457</SimpleData>
<SimpleData name="Latitude">12.9229</SimpleData>
<SimpleData name="features__id">node/5503513661</SimpleData>
</SchemaData>
</ExtendedData>
<Point>
<coordinates>77.64571639999996,12.92290509999999,0</coordinates>
</Point>
</Placemark>
<Placemark>
<styleUrl>#pointStyleMap</styleUrl><name>node/5503513662</name>
<ExtendedData>
<SchemaData schemaUrl="#S_Bellandur_HSR_SSSSSSDDS">
<SimpleData name="features__type">Feature</SimpleData>
<SimpleData name="features__properties___id">node/5503513662</SimpleData>
<SimpleData name="features__properties__highway">street_lamp</SimpleData>
<SimpleData name="features__properties__name">Street Lamp</SimpleData>
<SimpleData name="features__properties__working">no</SimpleData>
<SimpleData name="features__geometry__type">Point</SimpleData>
<SimpleData name="Longitude">77.6485</SimpleData>
<SimpleData name="Latitude">12.9246</SimpleData>
<SimpleData name="features__id">node/5503513662</SimpleData>
</SchemaData>
</ExtendedData>
<Point>
<coordinates>77.64853130000002,12.9246031,0</coordinates>
</Point>
</Placemark>
<Placemark>
<styleUrl>#pointStyleMap</styleUrl><name>node/5503513663</name>
<ExtendedData>
<SchemaData schemaUrl="#S_Bellandur_HSR_SSSSSSDDS">
<SimpleData name="features__type">Feature</SimpleData>
<SimpleData name="features__properties___id">node/5503513663</SimpleData>
<SimpleData name="features__properties__highway">street_lamp</SimpleData>
<SimpleData name="features__properties__name">Street Lamp</SimpleData>
<SimpleData name="features__properties__working">yes</SimpleData>
<SimpleData name="features__geometry__type">Point</SimpleData>
<SimpleData name="Longitude">77.6571</SimpleData>
<SimpleData name="Latitude">12.923</SimpleData>
<SimpleData name="features__id">node/5503513663</SimpleData>
</SchemaData>
</ExtendedData>
<Point>
<coordinates>77.6570755,12.92300119999999,0</coordinates>
</Point>
</Placemark>
<Placemark>
<styleUrl>#pointStyleMap</styleUrl><name>node/5503513664</name>
<ExtendedData>
<SchemaData schemaUrl="#S_Bellandur_HSR_SSSSSSDDS">
<SimpleData name="features__type">Feature</SimpleData>
<SimpleData name="features__properties___id">node/5503513664</SimpleData>
<SimpleData name="features__properties__highway">street_lamp</SimpleData>
<SimpleData name="features__properties__name">Street Lamp</SimpleData>
<SimpleData name="features__properties__working">yes</SimpleData>
<SimpleData name="features__geometry__type">Point</SimpleData>
<SimpleData name="Longitude">77.6435</SimpleData>
<SimpleData name="Latitude">12.9206</SimpleData>
<SimpleData name="features__id">node/5503513664</SimpleData>
</SchemaData>
</ExtendedData>
<Point>
<coordinates>77.64354830000002,12.92063940000002,0</coordinates>
</Point>
</Placemark>
<Placemark>
<styleUrl>#pointStyleMap</styleUrl><name>node/5503513665</name>
<ExtendedData>
<SchemaData schemaUrl="#S_Bellandur_HSR_SSSSSSDDS">
<SimpleData name="features__type">Feature</SimpleData>
<SimpleData name="features__properties___id">node/5503513665</SimpleData>
<SimpleData name="features__properties__highway">street_lamp</SimpleData>
<SimpleData name="features__properties__name">Street Lamp</SimpleData>
<SimpleData name="features__properties__working">no</SimpleData>
<SimpleData name="features__geometry__type">Point</SimpleData>
<SimpleData name="Longitude">77.6535</SimpleData>
<SimpleData name="Latitude">12.924</SimpleData>
<SimpleData name="features__id">node/5503513665</SimpleData>
</SchemaData>
</ExtendedData>
<Point>
<coordinates>77.65353160000002,12.9240283,0</coordinates>
</Point>
</Placemark>
<Placemark>
<styleUrl>#pointStyleMap</styleUrl><name>node/5503513666</name>
<ExtendedData>
<SchemaData schemaUrl="#S_Bellandur_HSR_SSSSSSDDS">
<SimpleData name="features__type">Feature</SimpleData>
<SimpleData name="features__properties___id">node/5503513666</SimpleData>
<SimpleData name="features__properties__highway">street_lamp</SimpleData>
<SimpleData name="features__properties__name">Street Lamp</SimpleData>
<SimpleData name="features__properties__working">yes</SimpleData>
<SimpleData name="features__geometry__type">Point</SimpleData>
<SimpleData name="Longitude">77.6418</SimpleData>
<SimpleData name="Latitude">12.9184</SimpleData>
<SimpleData name="features__id">node/5503513666</SimpleData>
</SchemaData>
</ExtendedData>
<Point>
<coordinates>77.64179299999999,12.91842550000001,0</coordinates>
</Point>
</Placemark>
<Placemark>
<styleUrl>#pointStyleMap</styleUrl><name>node/5503513667</name>
<ExtendedData>
<SchemaData schemaUrl="#S_Bellandur_HSR_SSSSSSDDS">
<SimpleData name="features__type">Feature</SimpleData>
<SimpleData name="features__properties___id">node/5503513667</SimpleData>
<SimpleData name="features__properties__highway">street_lamp</SimpleData>
<SimpleData name="features__properties__name">Street Lamp</SimpleData>
<SimpleData name="features__properties__working">yes</SimpleData>
<SimpleData name="features__geometry__type">Point</SimpleData>
<SimpleData name="Longitude">77.6505</SimpleData>
<SimpleData name="Latitude">12.9245</SimpleData>
<SimpleData name="features__id">node/5503513667</SimpleData>
</SchemaData>
</ExtendedData>
<Point>
<coordinates>77.65046799999998,12.92451260000002,0</coordinates>
</Point>
</Placemark>
<Placemark>
<styleUrl>#pointStyleMap</styleUrl><name>node/5503513669</name>
<ExtendedData>
<SchemaData schemaUrl="#S_Bellandur_HSR_SSSSSSDDS">
<SimpleData name="features__type">Feature</SimpleData>
<SimpleData name="features__properties___id">node/5503513669</SimpleData>
<SimpleData name="features__properties__highway">street_lamp</SimpleData>
<SimpleData name="features__properties__name">Street Lamp</SimpleData>
<SimpleData name="features__properties__working">yes</SimpleData>
<SimpleData name="features__geometry__type">Point</SimpleData>
<SimpleData name="Longitude">77.6615</SimpleData>
<SimpleData name="Latitude">12.9217</SimpleData>
<SimpleData name="features__id">node/5503513669</SimpleData>
</SchemaData>
</ExtendedData>
<Point>
<coordinates>77.66152499999997,12.92168470000001,0</coordinates>
</Point>
</Placemark>
<Placemark>
<styleUrl>#pointStyleMap</styleUrl><name>node/5503513670</name>
<ExtendedData>
<SchemaData schemaUrl="#S_Bellandur_HSR_SSSSSSDDS">
<SimpleData name="features__type">Feature</SimpleData>
<SimpleData name="features__properties___id">node/5503513670</SimpleData>
<SimpleData name="features__properties__highway">street_lamp</SimpleData>
<SimpleData name="features__properties__name">Street Lamp</SimpleData>
<SimpleData name="features__properties__working">yes</SimpleData>
<SimpleData name="features__geometry__type">Point</SimpleData>
<SimpleData name="Longitude">77.6472</SimpleData>
<SimpleData name="Latitude">12.9241</SimpleData>
<SimpleData name="features__id">node/5503513670</SimpleData>
</SchemaData>
</ExtendedData>
<Point>
<coordinates>77.6471772,12.92406539999999,0</coordinates>
</Point>
</Placemark>
<Placemark>
<styleUrl>#pointStyleMap</styleUrl><name>node/5503513671</name>
<ExtendedData>
<SchemaData schemaUrl="#S_Bellandur_HSR_SSSSSSDDS">
<SimpleData name="features__type">Feature</SimpleData>
<SimpleData name="features__properties___id">node/5503513671</SimpleData>
<SimpleData name="features__properties__highway">street_lamp</SimpleData>
<SimpleData name="features__properties__name">Street Lamp</SimpleData>
<SimpleData name="features__properties__working">no</SimpleData>
<SimpleData name="features__geometry__type">Point</SimpleData>
<SimpleData name="Longitude">77.6434</SimpleData>
<SimpleData name="Latitude">12.9239</SimpleData>
<SimpleData name="features__id">node/5503513671</SimpleData>
</SchemaData>
</ExtendedData>
<Point>
<coordinates>77.64341919999997,12.9238607,0</coordinates>
</Point>
</Placemark>
<Placemark>
<styleUrl>#pointStyleMap</styleUrl><name>node/5503513672</name>
<ExtendedData>
<SchemaData schemaUrl="#S_Bellandur_HSR_SSSSSSDDS">
<SimpleData name="features__type">Feature</SimpleData>
<SimpleData name="features__properties___id">node/5503513672</SimpleData>
<SimpleData name="features__properties__highway">street_lamp</SimpleData>
<SimpleData name="features__properties__name">Street Lamp</SimpleData>
<SimpleData name="features__properties__working">yes</SimpleData>
<SimpleData name="features__geometry__type">Point</SimpleData>
<SimpleData name="Longitude">77.6588</SimpleData>
<SimpleData name="Latitude">12.9225</SimpleData>
<SimpleData name="features__id">node/5503513672</SimpleData>
</SchemaData>
</ExtendedData>
<Point>
<coordinates>77.65883820000001,12.92248289999999,0</coordinates>
</Point>
</Placemark>
<Placemark>
<styleUrl>#pointStyleMap</styleUrl><name>node/5503513673</name>
<ExtendedData>
<SchemaData schemaUrl="#S_Bellandur_HSR_SSSSSSDDS">
<SimpleData name="features__type">Feature</SimpleData>
<SimpleData name="features__properties___id">node/5503513673</SimpleData>
<SimpleData name="features__properties__highway">street_lamp</SimpleData>
<SimpleData name="features__properties__name">Street Lamp</SimpleData>
<SimpleData name="features__properties__working">yes</SimpleData>
<SimpleData name="features__geometry__type">Point</SimpleData>
<SimpleData name="Longitude">77.6448</SimpleData>
<SimpleData name="Latitude">12.9218</SimpleData>
<SimpleData name="features__id">node/5503513673</SimpleData>
</SchemaData>
</ExtendedData>
<Point>
<coordinates>77.6448484,12.92184280000003,0</coordinates>
</Point>
</Placemark>
<Placemark>
<styleUrl>#pointStyleMap</styleUrl><name>node/5503513674</name>
<ExtendedData>
<SchemaData schemaUrl="#S_Bellandur_HSR_SSSSSSDDS">
<SimpleData name="features__type">Feature</SimpleData>
<SimpleData name="features__properties___id">node/5503513674</SimpleData>
<SimpleData name="features__properties__highway">street_lamp</SimpleData>
<SimpleData name="features__properties__name">Street Lamp</SimpleData>
<SimpleData name="features__properties__working">yes</SimpleData>
<SimpleData name="features__geometry__type">Point</SimpleData>
<SimpleData name="Longitude">77.6519</SimpleData>
<SimpleData name="Latitude">12.9088</SimpleData>
<SimpleData name="features__id">node/5503513674</SimpleData>
</SchemaData>
</ExtendedData>
<Point>
<coordinates>77.65186890000003,12.90881909999998,0</coordinates>
</Point>
</Placemark>
<Placemark>
<styleUrl>#pointStyleMap</styleUrl><name>node/5503513675</name>
<ExtendedData>
<SchemaData schemaUrl="#S_Bellandur_HSR_SSSSSSDDS">
<SimpleData name="features__type">Feature</SimpleData>
<SimpleData name="features__properties___id">node/5503513675</SimpleData>
<SimpleData name="features__properties__highway">street_lamp</SimpleData>
<SimpleData name="features__properties__name">Street Lamp</SimpleData>
<SimpleData name="features__properties__working">yes</SimpleData>
<SimpleData name="features__geometry__type">Point</SimpleData>
<SimpleData name="Longitude">77.6561</SimpleData>
<SimpleData name="Latitude">12.9234</SimpleData>
<SimpleData name="features__id">node/5503513675</SimpleData>
</SchemaData>
</ExtendedData>
<Point>
<coordinates>77.65613270000001,12.92340719999997,0</coordinates>
</Point>
</Placemark>
<Placemark>
<styleUrl>#pointStyleMap</styleUrl><name>node/5503513676</name>
<ExtendedData>
<SchemaData schemaUrl="#S_Bellandur_HSR_SSSSSSDDS">
<SimpleData name="features__type">Feature</SimpleData>
<SimpleData name="features__properties___id">node/5503513676</SimpleData>
<SimpleData name="features__properties__highway">street_lamp</SimpleData>
<SimpleData name="features__properties__name">Street Lamp</SimpleData>
<SimpleData name="features__properties__working">yes</SimpleData>
<SimpleData name="features__geometry__type">Point</SimpleData>
<SimpleData name="Longitude">77.6429</SimpleData>
<SimpleData name="Latitude">12.9195</SimpleData>
<SimpleData name="features__id">node/5503513676</SimpleData>
</SchemaData>
</ExtendedData>
<Point>
<coordinates>77.64294599999999,12.91952390000001,0</coordinates>
</Point>
</Placemark>
<Placemark>
<styleUrl>#pointStyleMap</styleUrl><name>node/5503513677</name>
<ExtendedData>
<SchemaData schemaUrl="#S_Bellandur_HSR_SSSSSSDDS">
<SimpleData name="features__type">Feature</SimpleData>
<SimpleData name="features__properties___id">node/5503513677</SimpleData>
<SimpleData name="features__properties__highway">street_lamp</SimpleData>
<SimpleData name="features__properties__name">Street Lamp</SimpleData>
<SimpleData name="features__properties__working">no</SimpleData>
<SimpleData name="features__geometry__type">Point</SimpleData>
<SimpleData name="Longitude">77.6524</SimpleData>
<SimpleData name="Latitude">12.9243</SimpleData>
<SimpleData name="features__id">node/5503513677</SimpleData>
</SchemaData>
</ExtendedData>
<Point>
<coordinates>77.65239559999996,12.92425220000002,0</coordinates>
</Point>
</Placemark>
<Placemark>
<styleUrl>#pointStyleMap</styleUrl><name>node/5503513679</name>
<ExtendedData>
<SchemaData schemaUrl="#S_Bellandur_HSR_SSSSSSDDS">
<SimpleData name="features__type">Feature</SimpleData>
<SimpleData name="features__properties___id">node/5503513679</SimpleData>
<SimpleData name="features__properties__highway">street_lamp</SimpleData>
<SimpleData name="features__properties__name">Street Lamp</SimpleData>
<SimpleData name="features__properties__working">yes</SimpleData>
<SimpleData name="features__geometry__type">Point</SimpleData>
<SimpleData name="Longitude">77.6491</SimpleData>
<SimpleData name="Latitude">12.9244</SimpleData>
<SimpleData name="features__id">node/5503513679</SimpleData>
</SchemaData>
</ExtendedData>
<Point>
<coordinates>77.6490862,12.92442769999999,0</coordinates>
</Point>
</Placemark>
<Placemark>
<styleUrl>#pointStyleMap</styleUrl><name>node/5503513681</name>
<ExtendedData>
<SchemaData schemaUrl="#S_Bellandur_HSR_SSSSSSDDS">
<SimpleData name="features__type">Feature</SimpleData>
<SimpleData name="features__properties___id">node/5503513681</SimpleData>
<SimpleData name="features__properties__highway">street_lamp</SimpleData>
<SimpleData name="features__properties__name">Street Lamp</SimpleData>
<SimpleData name="features__properties__working">yes</SimpleData>
<SimpleData name="features__geometry__type">Point</SimpleData>
<SimpleData name="Longitude">77.6603</SimpleData>
<SimpleData name="Latitude">12.9218</SimpleData>
<SimpleData name="features__id">node/5503513681</SimpleData>
</SchemaData>
</ExtendedData>
<Point>
<coordinates>77.66031099999996,12.92176589999998,0</coordinates>
</Point>
</Placemark>
<Placemark>
<styleUrl>#pointStyleMap</styleUrl><name>node/5503513682</name>
<ExtendedData>
<SchemaData schemaUrl="#S_Bellandur_HSR_SSSSSSDDS">
<SimpleData name="features__type">Feature</SimpleData>
<SimpleData name="features__properties___id">node/5503513682</SimpleData>
<SimpleData name="features__properties__highway">street_lamp</SimpleData>
<SimpleData name="features__properties__name">Street Lamp</SimpleData>
<SimpleData name="features__properties__working">yes</SimpleData>
<SimpleData name="features__geometry__type">Point</SimpleData>
<SimpleData name="Longitude">77.6463</SimpleData>
<SimpleData name="Latitude">12.9233</SimpleData>
<SimpleData name="features__id">node/5503513682</SimpleData>
</SchemaData>
</ExtendedData>
<Point>
<coordinates>77.64627350000001,12.92329520000001,0</coordinates>
</Point>
</Placemark>
<Placemark>
<styleUrl>#pointStyleMap</styleUrl><name>node/5503513683</name>
<ExtendedData>
<SchemaData schemaUrl="#S_Bellandur_HSR_SSSSSSDDS">
<SimpleData name="features__type">Feature</SimpleData>
<SimpleData name="features__properties___id">node/5503513683</SimpleData>
<SimpleData name="features__properties__highway">street_lamp</SimpleData>
<SimpleData name="features__properties__name">Street Lamp</SimpleData>
<SimpleData name="features__properties__working">no</SimpleData>
<SimpleData name="features__geometry__type">Point</SimpleData>
<SimpleData name="Longitude">77.6462</SimpleData>
<SimpleData name="Latitude">12.9244</SimpleData>
<SimpleData name="features__id">node/5503513683</SimpleData>
</SchemaData>
</ExtendedData>
<Point>
<coordinates>77.64618850000001,12.92444269999999,0</coordinates>
</Point>
</Placemark>
<Placemark>
<styleUrl>#pointStyleMap</styleUrl><name>node/5503513684</name>
<ExtendedData>
<SchemaData schemaUrl="#S_Bellandur_HSR_SSSSSSDDS">
<SimpleData name="features__type">Feature</SimpleData>
<SimpleData name="features__properties___id">node/5503513684</SimpleData>
<SimpleData name="features__properties__highway">street_lamp</SimpleData>
<SimpleData name="features__properties__name">Street Lamp</SimpleData>
<SimpleData name="features__properties__working">yes</SimpleData>
<SimpleData name="features__geometry__type">Point</SimpleData>
<SimpleData name="Longitude">77.6576</SimpleData>
<SimpleData name="Latitude">12.9227</SimpleData>
<SimpleData name="features__id">node/5503513684</SimpleData>
</SchemaData>
</ExtendedData>
<Point>
<coordinates>77.65756980000002,12.9227255,0</coordinates>
</Point>
</Placemark>
<Placemark>
<styleUrl>#pointStyleMap</styleUrl><name>node/5503513685</name>
<ExtendedData>
<SchemaData schemaUrl="#S_Bellandur_HSR_SSSSSSDDS">
<SimpleData name="features__type">Feature</SimpleData>
<SimpleData name="features__properties___id">node/5503513685</SimpleData>
<SimpleData name="features__properties__highway">street_lamp</SimpleData>
<SimpleData name="features__properties__name">Street Lamp</SimpleData>
<SimpleData name="features__properties__working">yes</SimpleData>
<SimpleData name="features__geometry__type">Point</SimpleData>
<SimpleData name="Longitude">77.644</SimpleData>
<SimpleData name="Latitude">12.9211</SimpleData>
<SimpleData name="features__id">node/5503513685</SimpleData>
</SchemaData>
</ExtendedData>
<Point>
<coordinates>77.64403800000001,12.9210797,0</coordinates>
</Point>
</Placemark>
<Placemark>
<styleUrl>#pointStyleMap</styleUrl><name>node/5503513686</name>
<ExtendedData>
<SchemaData schemaUrl="#S_Bellandur_HSR_SSSSSSDDS">
<SimpleData name="features__type">Feature</SimpleData>
<SimpleData name="features__properties___id">node/5503513686</SimpleData>
<SimpleData name="features__properties__highway">street_lamp</SimpleData>
<SimpleData name="features__properties__name">Street Lamp</SimpleData>
<SimpleData name="features__properties__working">yes</SimpleData>
<SimpleData name="features__geometry__type">Point</SimpleData>
<SimpleData name="Longitude">77.6546</SimpleData>
<SimpleData name="Latitude">12.9236</SimpleData>
<SimpleData name="features__id">node/5503513686</SimpleData>
</SchemaData>
</ExtendedData>
<Point>
<coordinates>77.65459199999999,12.92359859999998,0</coordinates>
</Point>
</Placemark>
<Placemark>
<styleUrl>#pointStyleMap</styleUrl><name>node/5503513687</name>
<ExtendedData>
<SchemaData schemaUrl="#S_Bellandur_HSR_SSSSSSDDS">
<SimpleData name="features__type">Feature</SimpleData>
<SimpleData name="features__properties___id">node/5503513687</SimpleData>
<SimpleData name="features__properties__highway">street_lamp</SimpleData>
<SimpleData name="features__properties__name">Street Lamp</SimpleData>
<SimpleData name="features__properties__working">yes</SimpleData>
<SimpleData name="features__geometry__type">Point</SimpleData>
<SimpleData name="Longitude">77.6423</SimpleData>
<SimpleData name="Latitude">12.9189</SimpleData>
<SimpleData name="features__id">node/5503513687</SimpleData>
</SchemaData>
</ExtendedData>
<Point>
<coordinates>77.64230829999998,12.9188785,0</coordinates>
</Point>
</Placemark>
<Placemark>
<styleUrl>#pointStyleMap</styleUrl><name>node/5503513688</name>
<ExtendedData>
<SchemaData schemaUrl="#S_Bellandur_HSR_SSSSSSDDS">
<SimpleData name="features__type">Feature</SimpleData>
<SimpleData name="features__properties___id">node/5503513688</SimpleData>
<SimpleData name="features__properties__highway">street_lamp</SimpleData>
<SimpleData name="features__properties__name">Street Lamp</SimpleData>
<SimpleData name="features__properties__working">yes</SimpleData>
<SimpleData name="features__geometry__type">Point</SimpleData>
<SimpleData name="Longitude">77.6513</SimpleData>
<SimpleData name="Latitude">12.9245</SimpleData>
<SimpleData name="features__id">node/5503513688</SimpleData>
</SchemaData>
</ExtendedData>
<Point>
<coordinates>77.65127600000001,12.92446140000002,0</coordinates>
</Point>
</Placemark>
<Placemark>
<styleUrl>#pointStyleMap</styleUrl><name>node/5503513690</name>
<ExtendedData>
<SchemaData schemaUrl="#S_Bellandur_HSR_SSSSSSDDS">
<SimpleData name="features__type">Feature</SimpleData>
<SimpleData name="features__properties___id">node/5503513690</SimpleData>
<SimpleData name="features__properties__highway">street_lamp</SimpleData>
<SimpleData name="features__properties__name">Street Lamp</SimpleData>
<SimpleData name="features__properties__working">no</SimpleData>
<SimpleData name="features__geometry__type">Point</SimpleData>
<SimpleData name="Longitude">77.6623</SimpleData>
<SimpleData name="Latitude">12.9214</SimpleData>
<SimpleData name="features__id">node/5503513690</SimpleData>
</SchemaData>
</ExtendedData>
<Point>
<coordinates>77.66225309999999,12.9213836,0</coordinates>
</Point>
</Placemark>
<Placemark>
<styleUrl>#pointStyleMap</styleUrl><name>node/5503513691</name>
<ExtendedData>
<SchemaData schemaUrl="#S_Bellandur_HSR_SSSSSSDDS">
<SimpleData name="features__type">Feature</SimpleData>
<SimpleData name="features__properties___id">node/5503513691</SimpleData>
<SimpleData name="features__properties__highway">street_lamp</SimpleData>
<SimpleData name="features__properties__name">Street Lamp</SimpleData>
<SimpleData name="features__properties__working">no</SimpleData>
<SimpleData name="features__geometry__type">Point</SimpleData>
<SimpleData name="Longitude">77.6481</SimpleData>
<SimpleData name="Latitude">12.9244</SimpleData>
<SimpleData name="features__id">node/5503513691</SimpleData>
</SchemaData>
</ExtendedData>
<Point>
<coordinates>77.64807580000002,12.9244089,0</coordinates>
</Point>
</Placemark>
<Placemark>
<styleUrl>#pointStyleMap</styleUrl><name>node/5503513692</name>
<ExtendedData>
<SchemaData schemaUrl="#S_Bellandur_HSR_SSSSSSDDS">
<SimpleData name="features__type">Feature</SimpleData>
<SimpleData name="features__properties___id">node/5503513692</SimpleData>
<SimpleData name="features__properties__highway">street_lamp</SimpleData>
<SimpleData name="features__properties__name">Street Lamp</SimpleData>
<SimpleData name="features__properties__working">no</SimpleData>
<SimpleData name="features__geometry__type">Point</SimpleData>
<SimpleData name="Longitude">77.6414</SimpleData>
<SimpleData name="Latitude">12.9233</SimpleData>
<SimpleData name="features__id">node/5503513692</SimpleData>
</SchemaData>
</ExtendedData>
<Point>
<coordinates>77.64135420000002,12.92332920000003,0</coordinates>
</Point>
</Placemark>
<Placemark>
<styleUrl>#pointStyleMap</styleUrl><name>node/5503513693</name>
<ExtendedData>
<SchemaData schemaUrl="#S_Bellandur_HSR_SSSSSSDDS">
<SimpleData name="features__type">Feature</SimpleData>
<SimpleData name="features__properties___id">node/5503513693</SimpleData>
<SimpleData name="features__properties__highway">street_lamp</SimpleData>
<SimpleData name="features__properties__name">Street Lamp</SimpleData>
<SimpleData name="features__properties__working">yes</SimpleData>
<SimpleData name="features__geometry__type">Point</SimpleData>
<SimpleData name="Longitude">77.6594</SimpleData>
<SimpleData name="Latitude">12.9222</SimpleData>
<SimpleData name="features__id">node/5503513693</SimpleData>
</SchemaData>
</ExtendedData>
<Point>
<coordinates>77.65943359999999,12.92216260000003,0</coordinates>
</Point>
</Placemark>
<Placemark>
<styleUrl>#pointStyleMap</styleUrl><name>node/5503513694</name>
<ExtendedData>
<SchemaData schemaUrl="#S_Bellandur_HSR_SSSSSSDDS">
<SimpleData name="features__type">Feature</SimpleData>
<SimpleData name="features__properties___id">node/5503513694</SimpleData>
<SimpleData name="features__properties__highway">street_lamp</SimpleData>
<SimpleData name="features__properties__name">Street Lamp</SimpleData>
<SimpleData name="features__properties__working">yes</SimpleData>
<SimpleData name="features__geometry__type">Point</SimpleData>
<SimpleData name="Longitude">77.6454</SimpleData>
<SimpleData name="Latitude">12.9226</SimpleData>
<SimpleData name="features__id">node/5503513694</SimpleData>
</SchemaData>
</ExtendedData>
<Point>
<coordinates>77.64539639999998,12.92264859999999,0</coordinates>
</Point>
</Placemark>
<Placemark>
<styleUrl>#pointStyleMap</styleUrl><name>node/5503513695</name>
<ExtendedData>
<SchemaData schemaUrl="#S_Bellandur_HSR_SSSSSSDDS">
<SimpleData name="features__type">Feature</SimpleData>
<SimpleData name="features__properties___id">node/5503513695</SimpleData>
<SimpleData name="features__properties__highway">street_lamp</SimpleData>
<SimpleData name="features__properties__name">Street Lamp</SimpleData>
<SimpleData name="features__properties__working">yes</SimpleData>
<SimpleData name="features__geometry__type">Point</SimpleData>
<SimpleData name="Longitude">77.6493</SimpleData>
<SimpleData name="Latitude">12.9246</SimpleData>
<SimpleData name="features__id">node/5503513695</SimpleData>
</SchemaData>
</ExtendedData>
<Point>
<coordinates>77.64926359999997,12.9245563,0</coordinates>
</Point>
</Placemark>
<Placemark>
<styleUrl>#pointStyleMap</styleUrl><name>node/5503513696</name>
<ExtendedData>
<SchemaData schemaUrl="#S_Bellandur_HSR_SSSSSSDDS">
<SimpleData name="features__type">Feature</SimpleData>
<SimpleData name="features__properties___id">node/5503513696</SimpleData>
<SimpleData name="features__properties__highway">street_lamp</SimpleData>
<SimpleData name="features__properties__name">Street Lamp</SimpleData>
<SimpleData name="features__properties__working">yes</SimpleData>
<SimpleData name="features__geometry__type">Point</SimpleData>
<SimpleData name="Longitude">77.6567</SimpleData>
<SimpleData name="Latitude">12.9231</SimpleData>
<SimpleData name="features__id">node/5503513696</SimpleData>
</SchemaData>
</ExtendedData>
<Point>
<coordinates>77.6566759,12.92314749999998,0</coordinates>
</Point>
</Placemark>
<Placemark>
<styleUrl>#pointStyleMap</styleUrl><name>node/5503513697</name>
<ExtendedData>
<SchemaData schemaUrl="#S_Bellandur_HSR_SSSSSSDDS">
<SimpleData name="features__type">Feature</SimpleData>
<SimpleData name="features__properties___id">node/5503513697</SimpleData>
<SimpleData name="features__properties__highway">street_lamp</SimpleData>
<SimpleData name="features__properties__name">Street Lamp</SimpleData>
<SimpleData name="features__properties__working">yes</SimpleData>
<SimpleData name="features__geometry__type">Point</SimpleData>
<SimpleData name="Longitude">77.6434</SimpleData>
<SimpleData name="Latitude">12.9204</SimpleData>
<SimpleData name="features__id">node/5503513697</SimpleData>
</SchemaData>
</ExtendedData>
<Point>
<coordinates>77.6433804,12.9204146,0</coordinates>
</Point>
</Placemark>
<Placemark>
<styleUrl>#pointStyleMap</styleUrl><name>node/5503513698</name>
<ExtendedData>
<SchemaData schemaUrl="#S_Bellandur_HSR_SSSSSSDDS">
<SimpleData name="features__type">Feature</SimpleData>
<SimpleData name="features__properties___id">node/5503513698</SimpleData>
<SimpleData name="features__properties__highway">street_lamp</SimpleData>
<SimpleData name="features__properties__name">Street Lamp</SimpleData>
<SimpleData name="features__properties__working">yes</SimpleData>
<SimpleData name="features__geometry__type">Point</SimpleData>
<SimpleData name="Longitude">77.6532</SimpleData>
<SimpleData name="Latitude">12.924</SimpleData>
<SimpleData name="features__id">node/5503513698</SimpleData>
</SchemaData>
</ExtendedData>
<Point>
<coordinates>77.65317900000002,12.9240017,0</coordinates>
</Point>
</Placemark>
<Placemark>
<styleUrl>#pointStyleMap</styleUrl><name>node/5503513699</name>
<ExtendedData>
<SchemaData schemaUrl="#S_Bellandur_HSR_SSSSSSDDS">
<SimpleData name="features__type">Feature</SimpleData>
<SimpleData name="features__properties___id">node/5503513699</SimpleData>
<SimpleData name="features__properties__highway">street_lamp</SimpleData>
<SimpleData name="features__properties__name">Street Lamp</SimpleData>
<SimpleData name="features__properties__working">yes</SimpleData>
<SimpleData name="features__geometry__type">Point</SimpleData>
<SimpleData name="Longitude">77.6416</SimpleData>
<SimpleData name="Latitude">12.9182</SimpleData>
<SimpleData name="features__id">node/5503513699</SimpleData>
</SchemaData>
</ExtendedData>
<Point>
<coordinates>77.64161219999998,12.91820809999997,0</coordinates>
</Point>
</Placemark>
<Placemark>
<styleUrl>#pointStyleMap</styleUrl><name>node/5503513700</name>
<ExtendedData>
<SchemaData schemaUrl="#S_Bellandur_HSR_SSSSSSDDS">
<SimpleData name="features__type">Feature</SimpleData>
<SimpleData name="features__properties___id">node/5503513700</SimpleData>
<SimpleData name="features__properties__highway">street_lamp</SimpleData>
<SimpleData name="features__properties__name">Street Lamp</SimpleData>
<SimpleData name="features__properties__working">yes</SimpleData>
<SimpleData name="features__geometry__type">Point</SimpleData>
<SimpleData name="Longitude">77.6501</SimpleData>
<SimpleData name="Latitude">12.9246</SimpleData>
<SimpleData name="features__id">node/5503513700</SimpleData>
</SchemaData>
</ExtendedData>
<Point>
<coordinates>77.65010860000002,12.92458940000002,0</coordinates>
</Point>
</Placemark>
<Placemark>
<styleUrl>#pointStyleMap</styleUrl><name>node/5503513702</name>
<ExtendedData>
<SchemaData schemaUrl="#S_Bellandur_HSR_SSSSSSDDS">
<SimpleData name="features__type">Feature</SimpleData>
<SimpleData name="features__properties___id">node/5503513702</SimpleData>
<SimpleData name="features__properties__highway">street_lamp</SimpleData>
<SimpleData name="features__properties__name">Street Lamp</SimpleData>
<SimpleData name="features__properties__working">no</SimpleData>
<SimpleData name="features__geometry__type">Point</SimpleData>
<SimpleData name="Longitude">77.6612</SimpleData>
<SimpleData name="Latitude">12.9218</SimpleData>
<SimpleData name="features__id">node/5503513702</SimpleData>
</SchemaData>
</ExtendedData>
<Point>
<coordinates>77.66122250000001,12.92176490000001,0</coordinates>
</Point>
</Placemark>
<Placemark>
<styleUrl>#pointStyleMap</styleUrl><name>node/5503513703</name>
<ExtendedData>
<SchemaData schemaUrl="#S_Bellandur_HSR_SSSSSSDDS">
<SimpleData name="features__type">Feature</SimpleData>
<SimpleData name="features__properties___id">node/5503513703</SimpleData>
<SimpleData name="features__properties__highway">street_lamp</SimpleData>
<SimpleData name="features__properties__name">Street Lamp</SimpleData>
<SimpleData name="features__properties__working">yes</SimpleData>
<SimpleData name="features__geometry__type">Point</SimpleData>
<SimpleData name="Longitude">77.6469</SimpleData>
<SimpleData name="Latitude">12.9236</SimpleData>
<SimpleData name="features__id">node/5503513703</SimpleData>
</SchemaData>
</ExtendedData>
<Point>
<coordinates>77.64694830000001,12.92363539999998,0</coordinates>
</Point>
</Placemark>
<Placemark>
<styleUrl>#pointStyleMap</styleUrl><name>node/5503513704</name>
<ExtendedData>
<SchemaData schemaUrl="#S_Bellandur_HSR_SSSSSSDDS">
<SimpleData name="features__type">Feature</SimpleData>
<SimpleData name="features__properties___id">node/5503513704</SimpleData>
<SimpleData name="features__properties__highway">street_lamp</SimpleData>
<SimpleData name="features__properties__name">Street Lamp</SimpleData>
<SimpleData name="features__properties__working">no</SimpleData>
<SimpleData name="features__geometry__type">Point</SimpleData>
<SimpleData name="Longitude">77.6442</SimpleData>
<SimpleData name="Latitude">12.9241</SimpleData>
<SimpleData name="features__id">node/5503513704</SimpleData>
</SchemaData>
</ExtendedData>
<Point>
<coordinates>77.64418439999997,12.92409120000001,0</coordinates>
</Point>
</Placemark>
<Placemark>
<styleUrl>#pointStyleMap</styleUrl><name>node/5503513705</name>
<ExtendedData>
<SchemaData schemaUrl="#S_Bellandur_HSR_SSSSSSDDS">
<SimpleData name="features__type">Feature</SimpleData>
<SimpleData name="features__properties___id">node/5503513705</SimpleData>
<SimpleData name="features__properties__highway">street_lamp</SimpleData>
<SimpleData name="features__properties__name">Street Lamp</SimpleData>
<SimpleData name="features__properties__working">yes</SimpleData>
<SimpleData name="features__geometry__type">Point</SimpleData>
<SimpleData name="Longitude">77.6585</SimpleData>
<SimpleData name="Latitude">12.9226</SimpleData>
<SimpleData name="features__id">node/5503513705</SimpleData>
</SchemaData>
</ExtendedData>
<Point>
<coordinates>77.65854560000002,12.92258140000003,0</coordinates>
</Point>
</Placemark>
<Placemark>
<styleUrl>#pointStyleMap</styleUrl><name>node/5503513706</name>
<ExtendedData>
<SchemaData schemaUrl="#S_Bellandur_HSR_SSSSSSDDS">
<SimpleData name="features__type">Feature</SimpleData>
<SimpleData name="features__properties___id">node/5503513706</SimpleData>
<SimpleData name="features__properties__highway">street_lamp</SimpleData>
<SimpleData name="features__properties__name">Street Lamp</SimpleData>
<SimpleData name="features__properties__working">no</SimpleData>
<SimpleData name="features__geometry__type">Point</SimpleData>
<SimpleData name="Longitude">77.6445</SimpleData>
<SimpleData name="Latitude">12.9215</SimpleData>
<SimpleData name="features__id">node/5503513706</SimpleData>
</SchemaData>
</ExtendedData>
<Point>
<coordinates>77.6445387,12.92150079999999,0</coordinates>
</Point>
</Placemark>
<Placemark>
<styleUrl>#pointStyleMap</styleUrl><name>node/5503513707</name>
<ExtendedData>
<SchemaData schemaUrl="#S_Bellandur_HSR_SSSSSSDDS">
<SimpleData name="features__type">Feature</SimpleData>
<SimpleData name="features__properties___id">node/5503513707</SimpleData>
<SimpleData name="features__properties__highway">street_lamp</SimpleData>
<SimpleData name="features__properties__name">Street Lamp</SimpleData>
<SimpleData name="features__properties__working">yes</SimpleData>
<SimpleData name="features__geometry__type">Point</SimpleData>
<SimpleData name="Longitude">77.6515</SimpleData>
<SimpleData name="Latitude">12.9072</SimpleData>
<SimpleData name="features__id">node/5503513707</SimpleData>
</SchemaData>
</ExtendedData>
<Point>
<coordinates>77.65149070000002,12.9072031,0</coordinates>
</Point>
</Placemark>
<Placemark>
<styleUrl>#pointStyleMap</styleUrl><name>node/5503513708</name>
<ExtendedData>
<SchemaData schemaUrl="#S_Bellandur_HSR_SSSSSSDDS">
<SimpleData name="features__type">Feature</SimpleData>
<SimpleData name="features__properties___id">node/5503513708</SimpleData>
<SimpleData name="features__properties__highway">street_lamp</SimpleData>
<SimpleData name="features__properties__name">Street Lamp</SimpleData>
<SimpleData name="features__properties__working">yes</SimpleData>
<SimpleData name="features__geometry__type">Point</SimpleData>
<SimpleData name="Longitude">77.6558</SimpleData>
<SimpleData name="Latitude">12.9235</SimpleData>
<SimpleData name="features__id">node/5503513708</SimpleData>
</SchemaData>
</ExtendedData>
<Point>
<coordinates>77.65580560000001,12.92352389999999,0</coordinates>
</Point>
</Placemark>
<Placemark>
<styleUrl>#pointStyleMap</styleUrl><name>node/5503513709</name>
<ExtendedData>
<SchemaData schemaUrl="#S_Bellandur_HSR_SSSSSSDDS">
<SimpleData name="features__type">Feature</SimpleData>
<SimpleData name="features__properties___id">node/5503513709</SimpleData>
<SimpleData name="features__properties__highway">street_lamp</SimpleData>
<SimpleData name="features__properties__name">Street Lamp</SimpleData>
<SimpleData name="features__properties__working">yes</SimpleData>
<SimpleData name="features__geometry__type">Point</SimpleData>
<SimpleData name="Longitude">77.6428</SimpleData>
<SimpleData name="Latitude">12.9193</SimpleData>
<SimpleData name="features__id">node/5503513709</SimpleData>
</SchemaData>
</ExtendedData>
<Point>
<coordinates>77.64277540000002,12.91928290000001,0</coordinates>
</Point>
</Placemark>
<Placemark>
<styleUrl>#pointStyleMap</styleUrl><name>node/5503513710</name>
<ExtendedData>
<SchemaData schemaUrl="#S_Bellandur_HSR_SSSSSSDDS">
<SimpleData name="features__type">Feature</SimpleData>
<SimpleData name="features__properties___id">node/5503513710</SimpleData>
<SimpleData name="features__properties__highway">street_lamp</SimpleData>
<SimpleData name="features__properties__name">Street Lamp</SimpleData>
<SimpleData name="features__properties__working">yes</SimpleData>
<SimpleData name="features__geometry__type">Point</SimpleData>
<SimpleData name="Longitude">77.6521</SimpleData>
<SimpleData name="Latitude">12.9242</SimpleData>
<SimpleData name="features__id">node/5503513710</SimpleData>
</SchemaData>
</ExtendedData>
<Point>
<coordinates>77.65206560000003,12.9242302,0</coordinates>
</Point>
</Placemark>
<Placemark>
<styleUrl>#pointStyleMap</styleUrl><name>node/5503513712</name>
<ExtendedData>
<SchemaData schemaUrl="#S_Bellandur_HSR_SSSSSSDDS">
<SimpleData name="features__type">Feature</SimpleData>
<SimpleData name="features__properties___id">node/5503513712</SimpleData>
<SimpleData name="features__properties__highway">street_lamp</SimpleData>
<SimpleData name="features__properties__name">Street Lamp</SimpleData>
<SimpleData name="features__properties__working">yes</SimpleData>
<SimpleData name="features__geometry__type">Point</SimpleData>
<SimpleData name="Longitude">77.6488</SimpleData>
<SimpleData name="Latitude">12.9245</SimpleData>
<SimpleData name="features__id">node/5503513712</SimpleData>
</SchemaData>
</ExtendedData>
<Point>
<coordinates>77.6487704,12.92449629999999,0</coordinates>
</Point>
</Placemark>
<Placemark>
<styleUrl>#pointStyleMap</styleUrl><name>node/5503513714</name>
<ExtendedData>
<SchemaData schemaUrl="#S_Bellandur_HSR_SSSSSSDDS">
<SimpleData name="features__type">Feature</SimpleData>
<SimpleData name="features__properties___id">node/5503513714</SimpleData>
<SimpleData name="features__properties__highway">street_lamp</SimpleData>
<SimpleData name="features__properties__name">Street Lamp</SimpleData>
<SimpleData name="features__properties__working">yes</SimpleData>
<SimpleData name="features__geometry__type">Point</SimpleData>
<SimpleData name="Longitude">77.6601</SimpleData>
<SimpleData name="Latitude">12.9218</SimpleData>
<SimpleData name="features__id">node/5503513714</SimpleData>
</SchemaData>
</ExtendedData>
<Point>
<coordinates>77.6600902,12.92182529999998,0</coordinates>
</Point>
</Placemark>
<Placemark>
<styleUrl>#pointStyleMap</styleUrl><name>node/5503513715</name>
<ExtendedData>
<SchemaData schemaUrl="#S_Bellandur_HSR_SSSSSSDDS">
<SimpleData name="features__type">Feature</SimpleData>
<SimpleData name="features__properties___id">node/5503513715</SimpleData>
<SimpleData name="features__properties__highway">street_lamp</SimpleData>
<SimpleData name="features__properties__name">Street Lamp</SimpleData>
<SimpleData name="features__properties__working">yes</SimpleData>
<SimpleData name="features__geometry__type">Point</SimpleData>
<SimpleData name="Longitude">77.6461</SimpleData>
<SimpleData name="Latitude">12.9231</SimpleData>
<SimpleData name="features__id">node/5503513715</SimpleData>
</SchemaData>
</ExtendedData>
<Point>
<coordinates>77.64606579999997,12.92310399999998,0</coordinates>
</Point>
</Placemark>
<Placemark>
<styleUrl>#pointStyleMap</styleUrl><name>node/5503513716</name>
<ExtendedData>
<SchemaData schemaUrl="#S_Bellandur_HSR_SSSSSSDDS">
<SimpleData name="features__type">Feature</SimpleData>
<SimpleData name="features__properties___id">node/5503513716</SimpleData>
<SimpleData name="features__properties__highway">street_lamp</SimpleData>
<SimpleData name="features__properties__name">Street Lamp</SimpleData>
<SimpleData name="features__properties__working">no</SimpleData>
<SimpleData name="features__geometry__type">Point</SimpleData>
<SimpleData name="Longitude">77.6472</SimpleData>
<SimpleData name="Latitude">12.9245</SimpleData>
<SimpleData name="features__id">node/5503513716</SimpleData>
</SchemaData>
</ExtendedData>
<Point>
<coordinates>77.64722099999999,12.92449600000001,0</coordinates>
</Point>
</Placemark>
<Placemark>
<styleUrl>#pointStyleMap</styleUrl><name>node/5503513717</name>
<ExtendedData>
<SchemaData schemaUrl="#S_Bellandur_HSR_SSSSSSDDS">
<SimpleData name="features__type">Feature</SimpleData>
<SimpleData name="features__properties___id">node/5503513717</SimpleData>
<SimpleData name="features__properties__highway">street_lamp</SimpleData>
<SimpleData name="features__properties__name">Street Lamp</SimpleData>
<SimpleData name="features__properties__working">yes</SimpleData>
<SimpleData name="features__geometry__type">Point</SimpleData>
<SimpleData name="Longitude">77.6573</SimpleData>
<SimpleData name="Latitude">12.9228</SimpleData>
<SimpleData name="features__id">node/5503513717</SimpleData>
</SchemaData>
</ExtendedData>
<Point>
<coordinates>77.65726069999998,12.92280980000002,0</coordinates>
</Point>
</Placemark>
<Placemark>
<styleUrl>#pointStyleMap</styleUrl><name>node/5503513718</name>
<ExtendedData>
<SchemaData schemaUrl="#S_Bellandur_HSR_SSSSSSDDS">
<SimpleData name="features__type">Feature</SimpleData>
<SimpleData name="features__properties___id">node/5503513718</SimpleData>
<SimpleData name="features__properties__highway">street_lamp</SimpleData>
<SimpleData name="features__properties__name">Street Lamp</SimpleData>
<SimpleData name="features__properties__working">yes</SimpleData>
<SimpleData name="features__geometry__type">Point</SimpleData>
<SimpleData name="Longitude">77.6439</SimpleData>
<SimpleData name="Latitude">12.9208</SimpleData>
<SimpleData name="features__id">node/5503513718</SimpleData>
</SchemaData>
</ExtendedData>
<Point>
<coordinates>77.6438668,12.9208334,0</coordinates>
</Point>
</Placemark>
<Placemark>
<styleUrl>#pointStyleMap</styleUrl><name>node/5503513719</name>
<ExtendedData>
<SchemaData schemaUrl="#S_Bellandur_HSR_SSSSSSDDS">
<SimpleData name="features__type">Feature</SimpleData>
<SimpleData name="features__properties___id">node/5503513719</SimpleData>
<SimpleData name="features__properties__highway">street_lamp</SimpleData>
<SimpleData name="features__properties__name">Street Lamp</SimpleData>
<SimpleData name="features__properties__working">yes</SimpleData>
<SimpleData name="features__geometry__type">Point</SimpleData>
<SimpleData name="Longitude">77.6542</SimpleData>
<SimpleData name="Latitude">12.9238</SimpleData>
<SimpleData name="features__id">node/5503513719</SimpleData>
</SchemaData>
</ExtendedData>
<Point>
<coordinates>77.65421739999998,12.92379299999999,0</coordinates>
</Point>
</Placemark>
<Placemark>
<styleUrl>#pointStyleMap</styleUrl><name>node/5503513720</name>
<ExtendedData>
<SchemaData schemaUrl="#S_Bellandur_HSR_SSSSSSDDS">
<SimpleData name="features__type">Feature</SimpleData>
<SimpleData name="features__properties___id">node/5503513720</SimpleData>
<SimpleData name="features__properties__highway">street_lamp</SimpleData>
<SimpleData name="features__properties__name">Street Lamp</SimpleData>
<SimpleData name="features__properties__working">yes</SimpleData>
<SimpleData name="features__geometry__type">Point</SimpleData>
<SimpleData name="Longitude">77.6421</SimpleData>
<SimpleData name="Latitude">12.9186</SimpleData>
<SimpleData name="features__id">node/5503513720</SimpleData>
</SchemaData>
</ExtendedData>
<Point>
<coordinates>77.6421148,12.9186239,0</coordinates>
</Point>
</Placemark>
<Placemark>
<styleUrl>#pointStyleMap</styleUrl><name>node/5503513921</name>
<ExtendedData>
<SchemaData schemaUrl="#S_Bellandur_HSR_SSSSSSDDS">
<SimpleData name="features__type">Feature</SimpleData>
<SimpleData name="features__properties___id">node/5503513921</SimpleData>
<SimpleData name="features__properties__highway">street_lamp</SimpleData>
<SimpleData name="features__properties__name">Street Lamp</SimpleData>
<SimpleData name="features__properties__working">no</SimpleData>
<SimpleData name="features__geometry__type">Point</SimpleData>
<SimpleData name="Longitude">77.6509</SimpleData>
<SimpleData name="Latitude">12.9245</SimpleData>
<SimpleData name="features__id">node/5503513921</SimpleData>
</SchemaData>
</ExtendedData>
<Point>
<coordinates>77.65092959999997,12.92446990000001,0</coordinates>
</Point>
</Placemark>
<Placemark>
<styleUrl>#pointStyleMap</styleUrl><name>node/5503513923</name>
<ExtendedData>
<SchemaData schemaUrl="#S_Bellandur_HSR_SSSSSSDDS">
<SimpleData name="features__type">Feature</SimpleData>
<SimpleData name="features__properties___id">node/5503513923</SimpleData>
<SimpleData name="features__properties__highway">street_lamp</SimpleData>
<SimpleData name="features__properties__name">Street Lamp</SimpleData>
<SimpleData name="features__properties__working">no</SimpleData>
<SimpleData name="features__geometry__type">Point</SimpleData>
<SimpleData name="Longitude">77.6618</SimpleData>
<SimpleData name="Latitude">12.9215</SimpleData>
<SimpleData name="features__id">node/5503513923</SimpleData>
</SchemaData>
</ExtendedData>
<Point>
<coordinates>77.66182409999998,12.92149200000002,0</coordinates>
</Point>
</Placemark>
<Placemark>
<styleUrl>#pointStyleMap</styleUrl><name>node/5503513924</name>
<ExtendedData>
<SchemaData schemaUrl="#S_Bellandur_HSR_SSSSSSDDS">
<SimpleData name="features__type">Feature</SimpleData>
<SimpleData name="features__properties___id">node/5503513924</SimpleData>
<SimpleData name="features__properties__highway">street_lamp</SimpleData>
<SimpleData name="features__properties__name">Street Lamp</SimpleData>
<SimpleData name="features__properties__working">no</SimpleData>
<SimpleData name="features__geometry__type">Point</SimpleData>
<SimpleData name="Longitude">77.6479</SimpleData>
<SimpleData name="Latitude">12.9244</SimpleData>
<SimpleData name="features__id">node/5503513924</SimpleData>
</SchemaData>
</ExtendedData>
<Point>
<coordinates>77.6478608,12.92436779999999,0</coordinates>
</Point>
</Placemark>
<Placemark>
<styleUrl>#pointStyleMap</styleUrl><name>node/5503513925</name>
<ExtendedData>
<SchemaData schemaUrl="#S_Bellandur_HSR_SSSSSSDDS">
<SimpleData name="features__type">Feature</SimpleData>
<SimpleData name="features__properties___id">node/5503513925</SimpleData>
<SimpleData name="features__properties__highway">street_lamp</SimpleData>
<SimpleData name="features__properties__name">Street Lamp</SimpleData>
<SimpleData name="features__properties__working">no</SimpleData>
<SimpleData name="features__geometry__type">Point</SimpleData>
<SimpleData name="Longitude">77.6423</SimpleData>
<SimpleData name="Latitude">12.9236</SimpleData>
<SimpleData name="features__id">node/5503513925</SimpleData>
</SchemaData>
</ExtendedData>
<Point>
<coordinates>77.64226429999998,12.9235815,0</coordinates>
</Point>
</Placemark>
<Placemark>
<styleUrl>#pointStyleMap</styleUrl><name>node/5503513926</name>
<ExtendedData>
<SchemaData schemaUrl="#S_Bellandur_HSR_SSSSSSDDS">
<SimpleData name="features__type">Feature</SimpleData>
<SimpleData name="features__properties___id">node/5503513926</SimpleData>
<SimpleData name="features__properties__highway">street_lamp</SimpleData>
<SimpleData name="features__properties__name">Street Lamp</SimpleData>
<SimpleData name="features__properties__working">yes</SimpleData>
<SimpleData name="features__geometry__type">Point</SimpleData>
<SimpleData name="Longitude">77.6591</SimpleData>
<SimpleData name="Latitude">12.9223</SimpleData>
<SimpleData name="features__id">node/5503513926</SimpleData>
</SchemaData>
</ExtendedData>
<Point>
<coordinates>77.6591241,12.92226980000002,0</coordinates>
</Point>
</Placemark>
<Placemark>
<styleUrl>#pointStyleMap</styleUrl><name>node/5503513927</name>
<ExtendedData>
<SchemaData schemaUrl="#S_Bellandur_HSR_SSSSSSDDS">
<SimpleData name="features__type">Feature</SimpleData>
<SimpleData name="features__properties___id">node/5503513927</SimpleData>
<SimpleData name="features__properties__highway">street_lamp</SimpleData>
<SimpleData name="features__properties__name">Street Lamp</SimpleData>
<SimpleData name="features__properties__working">yes</SimpleData>
<SimpleData name="features__geometry__type">Point</SimpleData>
<SimpleData name="Longitude">77.6451</SimpleData>
<SimpleData name="Latitude">12.9224</SimpleData>
<SimpleData name="features__id">node/5503513927</SimpleData>
</SchemaData>
</ExtendedData>
<Point>
<coordinates>77.64512910000001,12.9224115,0</coordinates>
</Point>
</Placemark>
<Placemark>
<styleUrl>#pointStyleMap</styleUrl><name>node/5503513928</name>
<ExtendedData>
<SchemaData schemaUrl="#S_Bellandur_HSR_SSSSSSDDS">
<SimpleData name="features__type">Feature</SimpleData>
<SimpleData name="features__properties___id">node/5503513928</SimpleData>
<SimpleData name="features__properties__highway">street_lamp</SimpleData>
<SimpleData name="features__properties__name">Street Lamp</SimpleData>
<SimpleData name="features__properties__working">no</SimpleData>
<SimpleData name="features__geometry__type">Point</SimpleData>
<SimpleData name="Longitude">77.6519</SimpleData>
<SimpleData name="Latitude">12.9106</SimpleData>
<SimpleData name="features__id">node/5503513928</SimpleData>
</SchemaData>
</ExtendedData>
<Point>
<coordinates>77.65186410000003,12.9105786,0</coordinates>
</Point>
</Placemark>
<Placemark>
<styleUrl>#pointStyleMap</styleUrl><name>node/5503513929</name>
<ExtendedData>
<SchemaData schemaUrl="#S_Bellandur_HSR_SSSSSSDDS">
<SimpleData name="features__type">Feature</SimpleData>
<SimpleData name="features__properties___id">node/5503513929</SimpleData>
<SimpleData name="features__properties__highway">street_lamp</SimpleData>
<SimpleData name="features__properties__name">Street Lamp</SimpleData>
<SimpleData name="features__properties__working">yes</SimpleData>
<SimpleData name="features__geometry__type">Point</SimpleData>
<SimpleData name="Longitude">77.6564</SimpleData>
<SimpleData name="Latitude">12.9233</SimpleData>
<SimpleData name="features__id">node/5503513929</SimpleData>
</SchemaData>
</ExtendedData>
<Point>
<coordinates>77.65635390000001,12.92325859999998,0</coordinates>
</Point>
</Placemark>
<Placemark>
<styleUrl>#pointStyleMap</styleUrl><name>node/5503513930</name>
<ExtendedData>
<SchemaData schemaUrl="#S_Bellandur_HSR_SSSSSSDDS">
<SimpleData name="features__type">Feature</SimpleData>
<SimpleData name="features__properties___id">node/5503513930</SimpleData>
<SimpleData name="features__properties__highway">street_lamp</SimpleData>
<SimpleData name="features__properties__name">Street Lamp</SimpleData>
<SimpleData name="features__properties__working">no</SimpleData>
<SimpleData name="features__geometry__type">Point</SimpleData>
<SimpleData name="Longitude">77.6432</SimpleData>
<SimpleData name="Latitude">12.9202</SimpleData>
<SimpleData name="features__id">node/5503513930</SimpleData>
</SchemaData>
</ExtendedData>
<Point>
<coordinates>77.6431669,12.92018680000002,0</coordinates>
</Point>
</Placemark>
<Placemark>
<styleUrl>#pointStyleMap</styleUrl><name>node/5503513931</name>
<ExtendedData>
<SchemaData schemaUrl="#S_Bellandur_HSR_SSSSSSDDS">
<SimpleData name="features__type">Feature</SimpleData>
<SimpleData name="features__properties___id">node/5503513931</SimpleData>
<SimpleData name="features__properties__highway">street_lamp</SimpleData>
<SimpleData name="features__properties__name">Street Lamp</SimpleData>
<SimpleData name="features__properties__working">no</SimpleData>
<SimpleData name="features__geometry__type">Point</SimpleData>
<SimpleData name="Longitude">77.6529</SimpleData>
<SimpleData name="Latitude">12.9242</SimpleData>
<SimpleData name="features__id">node/5503513931</SimpleData>
</SchemaData>
</ExtendedData>
<Point>
<coordinates>77.65286070000003,12.92417159999999,0</coordinates>
</Point>
</Placemark>
<Placemark>
<styleUrl>#pointStyleMap</styleUrl><name>node/5503513932</name>
<ExtendedData>
<SchemaData schemaUrl="#S_Bellandur_HSR_SSSSSSDDS">
<SimpleData name="features__type">Feature</SimpleData>
<SimpleData name="features__properties___id">node/5503513932</SimpleData>
<SimpleData name="features__properties__highway">street_lamp</SimpleData>
<SimpleData name="features__properties__name">Street Lamp</SimpleData>
<SimpleData name="features__properties__working">yes</SimpleData>
<SimpleData name="features__geometry__type">Point</SimpleData>
<SimpleData name="Longitude">77.6414</SimpleData>
<SimpleData name="Latitude">12.918</SimpleData>
<SimpleData name="features__id">node/5503513932</SimpleData>
</SchemaData>
</ExtendedData>
<Point>
<coordinates>77.64137879999997,12.91801419999999,0</coordinates>
</Point>
</Placemark>
<Placemark>
<styleUrl>#pointStyleMap</styleUrl><name>node/5503513933</name>
<ExtendedData>
<SchemaData schemaUrl="#S_Bellandur_HSR_SSSSSSDDS">
<SimpleData name="features__type">Feature</SimpleData>
<SimpleData name="features__properties___id">node/5503513933</SimpleData>
<SimpleData name="features__properties__highway">street_lamp</SimpleData>
<SimpleData name="features__properties__name">Street Lamp</SimpleData>
<SimpleData name="features__properties__working">yes</SimpleData>
<SimpleData name="features__geometry__type">Point</SimpleData>
<SimpleData name="Longitude">77.6498</SimpleData>
<SimpleData name="Latitude">12.9244</SimpleData>
<SimpleData name="features__id">node/5503513933</SimpleData>
</SchemaData>
</ExtendedData>
<Point>
<coordinates>77.64982120000002,12.92443480000002,0</coordinates>
</Point>
</Placemark>
<Placemark>
<styleUrl>#pointStyleMap</styleUrl><name>node/5503513935</name>
<ExtendedData>
<SchemaData schemaUrl="#S_Bellandur_HSR_SSSSSSDDS">
<SimpleData name="features__type">Feature</SimpleData>
<SimpleData name="features__properties___id">node/5503513935</SimpleData>
<SimpleData name="features__properties__highway">street_lamp</SimpleData>
<SimpleData name="features__properties__name">Street Lamp</SimpleData>
<SimpleData name="features__properties__working">no</SimpleData>
<SimpleData name="features__geometry__type">Point</SimpleData>
<SimpleData name="Longitude">77.661</SimpleData>
<SimpleData name="Latitude">12.9218</SimpleData>
<SimpleData name="features__id">node/5503513935</SimpleData>
</SchemaData>
</ExtendedData>
<Point>
<coordinates>77.66097609999996,12.9218232,0</coordinates>
</Point>
</Placemark>
<Placemark>
<styleUrl>#pointStyleMap</styleUrl><name>node/5503513936</name>
<ExtendedData>
<SchemaData schemaUrl="#S_Bellandur_HSR_SSSSSSDDS">
<SimpleData name="features__type">Feature</SimpleData>
<SimpleData name="features__properties___id">node/5503513936</SimpleData>
<SimpleData name="features__properties__highway">street_lamp</SimpleData>
<SimpleData name="features__properties__name">Street Lamp</SimpleData>
<SimpleData name="features__properties__working">no</SimpleData>
<SimpleData name="features__geometry__type">Point</SimpleData>
<SimpleData name="Longitude">77.6466</SimpleData>
<SimpleData name="Latitude">12.9234</SimpleData>
<SimpleData name="features__id">node/5503513936</SimpleData>
</SchemaData>
</ExtendedData>
<Point>
<coordinates>77.64661769999999,12.92343760000001,0</coordinates>
</Point>
</Placemark>
<Placemark>
<styleUrl>#pointStyleMap</styleUrl><name>node/5503513937</name>
<ExtendedData>
<SchemaData schemaUrl="#S_Bellandur_HSR_SSSSSSDDS">
<SimpleData name="features__type">Feature</SimpleData>
<SimpleData name="features__properties___id">node/5503513937</SimpleData>
<SimpleData name="features__properties__highway">street_lamp</SimpleData>
<SimpleData name="features__properties__name">Street Lamp</SimpleData>
<SimpleData name="features__properties__working">no</SimpleData>
<SimpleData name="features__geometry__type">Point</SimpleData>
<SimpleData name="Longitude">77.645</SimpleData>
<SimpleData name="Latitude">12.9244</SimpleData>
<SimpleData name="features__id">node/5503513937</SimpleData>
</SchemaData>
</ExtendedData>
<Point>
<coordinates>77.64500069999997,12.92438279999999,0</coordinates>
</Point>
</Placemark>
<Placemark>
<styleUrl>#pointStyleMap</styleUrl><name>node/5503513938</name>
<ExtendedData>
<SchemaData schemaUrl="#S_Bellandur_HSR_SSSSSSDDS">
<SimpleData name="features__type">Feature</SimpleData>
<SimpleData name="features__properties___id">node/5503513938</SimpleData>
<SimpleData name="features__properties__highway">street_lamp</SimpleData>
<SimpleData name="features__properties__name">Street Lamp</SimpleData>
<SimpleData name="features__properties__working">yes</SimpleData>
<SimpleData name="features__geometry__type">Point</SimpleData>
<SimpleData name="Longitude">77.6583</SimpleData>
<SimpleData name="Latitude">12.9227</SimpleData>
<SimpleData name="features__id">node/5503513938</SimpleData>
</SchemaData>
</ExtendedData>
<Point>
<coordinates>77.65826870000001,12.92269770000002,0</coordinates>
</Point>
</Placemark>
<Placemark>
<styleUrl>#pointStyleMap</styleUrl><name>node/5503513939</name>
<ExtendedData>
<SchemaData schemaUrl="#S_Bellandur_HSR_SSSSSSDDS">
<SimpleData name="features__type">Feature</SimpleData>
<SimpleData name="features__properties___id">node/5503513939</SimpleData>
<SimpleData name="features__properties__highway">street_lamp</SimpleData>
<SimpleData name="features__properties__name">Street Lamp</SimpleData>
<SimpleData name="features__properties__working">yes</SimpleData>
<SimpleData name="features__geometry__type">Point</SimpleData>
<SimpleData name="Longitude">77.6443</SimpleData>
<SimpleData name="Latitude">12.9212</SimpleData>
<SimpleData name="features__id">node/5503513939</SimpleData>
</SchemaData>
</ExtendedData>
<Point>
<coordinates>77.64434330000002,12.92122779999998,0</coordinates>
</Point>
</Placemark>
<Placemark>
<styleUrl>#pointStyleMap</styleUrl><name>node/5503513940</name>
<ExtendedData>
<SchemaData schemaUrl="#S_Bellandur_HSR_SSSSSSDDS">
<SimpleData name="features__type">Feature</SimpleData>
<SimpleData name="features__properties___id">node/5503513940</SimpleData>
<SimpleData name="features__properties__highway">street_lamp</SimpleData>
<SimpleData name="features__properties__name">Street Lamp</SimpleData>
<SimpleData name="features__properties__working">yes</SimpleData>
<SimpleData name="features__geometry__type">Point</SimpleData>
<SimpleData name="Longitude">77.6513</SimpleData>
<SimpleData name="Latitude">12.9059</SimpleData>
<SimpleData name="features__id">node/5503513940</SimpleData>
</SchemaData>
</ExtendedData>
<Point>
<coordinates>77.65126900000003,12.90589619999998,0</coordinates>
</Point>
</Placemark>
<Placemark>
<styleUrl>#pointStyleMap</styleUrl><name>node/5503513941</name>
<ExtendedData>
<SchemaData schemaUrl="#S_Bellandur_HSR_SSSSSSDDS">
<SimpleData name="features__type">Feature</SimpleData>
<SimpleData name="features__properties___id">node/5503513941</SimpleData>
<SimpleData name="features__properties__highway">street_lamp</SimpleData>
<SimpleData name="features__properties__name">Street Lamp</SimpleData>
<SimpleData name="features__properties__working">yes</SimpleData>
<SimpleData name="features__geometry__type">Point</SimpleData>
<SimpleData name="Longitude">77.6555</SimpleData>
<SimpleData name="Latitude">12.9236</SimpleData>
<SimpleData name="features__id">node/5503513941</SimpleData>
</SchemaData>
</ExtendedData>
<Point>
<coordinates>77.65547859999997,12.9236457,0</coordinates>
</Point>
</Placemark>
<Placemark>
<styleUrl>#pointStyleMap</styleUrl><name>node/5503513942</name>
<ExtendedData>
<SchemaData schemaUrl="#S_Bellandur_HSR_SSSSSSDDS">
<SimpleData name="features__type">Feature</SimpleData>
<SimpleData name="features__properties___id">node/5503513942</SimpleData>
<SimpleData name="features__properties__highway">street_lamp</SimpleData>
<SimpleData name="features__properties__name">Street Lamp</SimpleData>
<SimpleData name="features__properties__working">yes</SimpleData>
<SimpleData name="features__geometry__type">Point</SimpleData>
<SimpleData name="Longitude">77.6426</SimpleData>
<SimpleData name="Latitude">12.919</SimpleData>
<SimpleData name="features__id">node/5503513942</SimpleData>
</SchemaData>
</ExtendedData>
<Point>
<coordinates>77.64257729999999,12.91903220000001,0</coordinates>
</Point>
</Placemark>
<Placemark>
<styleUrl>#pointStyleMap</styleUrl><name>node/5503513943</name>
<ExtendedData>
<SchemaData schemaUrl="#S_Bellandur_HSR_SSSSSSDDS">
<SimpleData name="features__type">Feature</SimpleData>
<SimpleData name="features__properties___id">node/5503513943</SimpleData>
<SimpleData name="features__properties__highway">street_lamp</SimpleData>
<SimpleData name="features__properties__name">Street Lamp</SimpleData>
<SimpleData name="features__properties__working">yes</SimpleData>
<SimpleData name="features__geometry__type">Point</SimpleData>
<SimpleData name="Longitude">77.6517</SimpleData>
<SimpleData name="Latitude">12.9244</SimpleData>
<SimpleData name="features__id">node/5503513943</SimpleData>
</SchemaData>
</ExtendedData>
<Point>
<coordinates>77.65174930000001,12.92437499999999,0</coordinates>
</Point>
</Placemark>
<Placemark>
<styleUrl>#pointStyleMap</styleUrl><name>node/5503513945</name>
<ExtendedData>
<SchemaData schemaUrl="#S_Bellandur_HSR_SSSSSSDDS">
<SimpleData name="features__type">Feature</SimpleData>
<SimpleData name="features__properties___id">node/5503513945</SimpleData>
<SimpleData name="features__properties__highway">street_lamp</SimpleData>
<SimpleData name="features__properties__name">Street Lamp</SimpleData>
<SimpleData name="features__properties__working">yes</SimpleData>
<SimpleData name="features__geometry__type">Point</SimpleData>
<SimpleData name="Longitude">77.6485</SimpleData>
<SimpleData name="Latitude">12.9245</SimpleData>
<SimpleData name="features__id">node/5503513945</SimpleData>
</SchemaData>
</ExtendedData>
<Point>
<coordinates>77.64853540000003,12.92447530000001,0</coordinates>
</Point>
</Placemark>
<Placemark>
<styleUrl>#pointStyleMap</styleUrl><name>node/5503513946</name>
<ExtendedData>
<SchemaData schemaUrl="#S_Bellandur_HSR_SSSSSSDDS">
<SimpleData name="features__type">Feature</SimpleData>
<SimpleData name="features__properties___id">node/5503513946</SimpleData>
<SimpleData name="features__properties__highway">street_lamp</SimpleData>
<SimpleData name="features__properties__name">Street Lamp</SimpleData>
<SimpleData name="features__properties__working">yes</SimpleData>
<SimpleData name="features__geometry__type">Point</SimpleData>
<SimpleData name="Longitude">77.64</SimpleData>
<SimpleData name="Latitude">12.9239</SimpleData>
<SimpleData name="features__id">node/5503513946</SimpleData>
</SchemaData>
</ExtendedData>
<Point>
<coordinates>77.6400246,12.92392330000002,0</coordinates>
</Point>
</Placemark>
<Placemark>
<styleUrl>#pointStyleMap</styleUrl><name>node/5503513947</name>
<ExtendedData>
<SchemaData schemaUrl="#S_Bellandur_HSR_SSSSSSDDS">
<SimpleData name="features__type">Feature</SimpleData>
<SimpleData name="features__properties___id">node/5503513947</SimpleData>
<SimpleData name="features__properties__highway">street_lamp</SimpleData>
<SimpleData name="features__properties__name">Street Lamp</SimpleData>
<SimpleData name="features__properties__working">no</SimpleData>
<SimpleData name="features__geometry__type">Point</SimpleData>
<SimpleData name="Longitude">77.6597</SimpleData>
<SimpleData name="Latitude">12.922</SimpleData>
<SimpleData name="features__id">node/5503513947</SimpleData>
</SchemaData>
</ExtendedData>
<Point>
<coordinates>77.65973429999997,12.9219555,0</coordinates>
</Point>
</Placemark>
<Placemark>
<styleUrl>#pointStyleMap</styleUrl><name>node/5503513948</name>
<ExtendedData>
<SchemaData schemaUrl="#S_Bellandur_HSR_SSSSSSDDS">
<SimpleData name="features__type">Feature</SimpleData>
<SimpleData name="features__properties___id">node/5503513948</SimpleData>
<SimpleData name="features__properties__highway">street_lamp</SimpleData>
<SimpleData name="features__properties__name">Street Lamp</SimpleData>
<SimpleData name="features__properties__working">yes</SimpleData>
<SimpleData name="features__geometry__type">Point</SimpleData>
<SimpleData name="Longitude">77.6458</SimpleData>
<SimpleData name="Latitude">12.9228</SimpleData>
<SimpleData name="features__id">node/5503513948</SimpleData>
</SchemaData>
</ExtendedData>
<Point>
<coordinates>77.64577650000001,12.92282030000001,0</coordinates>
</Point>
</Placemark>
<Placemark>
<styleUrl>#pointStyleMap</styleUrl><name>node/5503513949</name>
<ExtendedData>
<SchemaData schemaUrl="#S_Bellandur_HSR_SSSSSSDDS">
<SimpleData name="features__type">Feature</SimpleData>
<SimpleData name="features__properties___id">node/5503513949</SimpleData>
<SimpleData name="features__properties__highway">street_lamp</SimpleData>
<SimpleData name="features__properties__name">Street Lamp</SimpleData>
<SimpleData name="features__properties__working">no</SimpleData>
<SimpleData name="features__geometry__type">Point</SimpleData>
<SimpleData name="Longitude">77.6481</SimpleData>
<SimpleData name="Latitude">12.9246</SimpleData>
<SimpleData name="features__id">node/5503513949</SimpleData>
</SchemaData>
</ExtendedData>
<Point>
<coordinates>77.64813570000001,12.92455110000001,0</coordinates>
</Point>
</Placemark>
<Placemark>
<styleUrl>#pointStyleMap</styleUrl><name>node/5503513950</name>
<ExtendedData>
<SchemaData schemaUrl="#S_Bellandur_HSR_SSSSSSDDS">
<SimpleData name="features__type">Feature</SimpleData>
<SimpleData name="features__properties___id">node/5503513950</SimpleData>
<SimpleData name="features__properties__highway">street_lamp</SimpleData>
<SimpleData name="features__properties__name">Street Lamp</SimpleData>
<SimpleData name="features__properties__working">yes</SimpleData>
<SimpleData name="features__geometry__type">Point</SimpleData>
<SimpleData name="Longitude">77.657</SimpleData>
<SimpleData name="Latitude">12.9229</SimpleData>
<SimpleData name="features__id">node/5503513950</SimpleData>
</SchemaData>
</ExtendedData>
<Point>
<coordinates>77.65704770000002,12.9228941,0</coordinates>
</Point>
</Placemark>
<Placemark>
<styleUrl>#pointStyleMap</styleUrl><name>node/5503513951</name>
<ExtendedData>
<SchemaData schemaUrl="#S_Bellandur_HSR_SSSSSSDDS">
<SimpleData name="features__type">Feature</SimpleData>
<SimpleData name="features__properties___id">node/5503513951</SimpleData>
<SimpleData name="features__properties__highway">street_lamp</SimpleData>
<SimpleData name="features__properties__name">Street Lamp</SimpleData>
<SimpleData name="features__properties__working">yes</SimpleData>
<SimpleData name="features__geometry__type">Point</SimpleData>
<SimpleData name="Longitude">77.6437</SimpleData>
<SimpleData name="Latitude">12.9206</SimpleData>
<SimpleData name="features__id">node/5503513951</SimpleData>
</SchemaData>
</ExtendedData>
<Point>
<coordinates>77.64365010000002,12.92058190000001,0</coordinates>
</Point>
</Placemark>
<Placemark>
<styleUrl>#pointStyleMap</styleUrl><name>node/5503513952</name>
<ExtendedData>
<SchemaData schemaUrl="#S_Bellandur_HSR_SSSSSSDDS">
<SimpleData name="features__type">Feature</SimpleData>
<SimpleData name="features__properties___id">node/5503513952</SimpleData>
<SimpleData name="features__properties__highway">street_lamp</SimpleData>
<SimpleData name="features__properties__name">Street Lamp</SimpleData>
<SimpleData name="features__properties__working">no</SimpleData>
<SimpleData name="features__geometry__type">Point</SimpleData>
<SimpleData name="Longitude">77.6537</SimpleData>
<SimpleData name="Latitude">12.9239</SimpleData>
<SimpleData name="features__id">node/5503513952</SimpleData>
</SchemaData>
</ExtendedData>
<Point>
<coordinates>77.65365680000004,12.92388650000002,0</coordinates>
</Point>
</Placemark>
<Placemark>
<styleUrl>#pointStyleMap</styleUrl><name>node/5503513953</name>
<ExtendedData>
<SchemaData schemaUrl="#S_Bellandur_HSR_SSSSSSDDS">
<SimpleData name="features__type">Feature</SimpleData>
<SimpleData name="features__properties___id">node/5503513953</SimpleData>
<SimpleData name="features__properties__highway">street_lamp</SimpleData>
<SimpleData name="features__properties__name">Street Lamp</SimpleData>
<SimpleData name="features__properties__working">yes</SimpleData>
<SimpleData name="features__geometry__type">Point</SimpleData>
<SimpleData name="Longitude">77.6419</SimpleData>
<SimpleData name="Latitude">12.9183</SimpleData>
<SimpleData name="features__id">node/5503513953</SimpleData>
</SchemaData>
</ExtendedData>
<Point>
<coordinates>77.64190359999999,12.91834929999998,0</coordinates>
</Point>
</Placemark>
<Placemark>
<styleUrl>#pointStyleMap</styleUrl><name>node/5503513954</name>
<ExtendedData>
<SchemaData schemaUrl="#S_Bellandur_HSR_SSSSSSDDS">
<SimpleData name="features__type">Feature</SimpleData>
<SimpleData name="features__properties___id">node/5503513954</SimpleData>
<SimpleData name="features__properties__highway">street_lamp</SimpleData>
<SimpleData name="features__properties__name">Street Lamp</SimpleData>
<SimpleData name="features__properties__working">no</SimpleData>
<SimpleData name="features__geometry__type">Point</SimpleData>
<SimpleData name="Longitude">77.6506</SimpleData>
<SimpleData name="Latitude">12.9246</SimpleData>
<SimpleData name="features__id">node/5503513954</SimpleData>
</SchemaData>
</ExtendedData>
<Point>
<coordinates>77.6505701,12.92458310000002,0</coordinates>
</Point>
</Placemark>
<Placemark>
<styleUrl>#pointStyleMap</styleUrl><name>node/5503513956</name>
<ExtendedData>
<SchemaData schemaUrl="#S_Bellandur_HSR_SSSSSSDDS">
<SimpleData name="features__type">Feature</SimpleData>
<SimpleData name="features__properties___id">node/5503513956</SimpleData>
<SimpleData name="features__properties__highway">street_lamp</SimpleData>
<SimpleData name="features__properties__name">Street Lamp</SimpleData>
<SimpleData name="features__properties__working">yes</SimpleData>
<SimpleData name="features__geometry__type">Point</SimpleData>
<SimpleData name="Longitude">77.6615</SimpleData>
<SimpleData name="Latitude">12.9216</SimpleData>
<SimpleData name="features__id">node/5503513956</SimpleData>
</SchemaData>
</ExtendedData>
<Point>
<coordinates>77.66150700000004,12.9215961,0</coordinates>
</Point>
</Placemark>
<Placemark>
<styleUrl>#pointStyleMap</styleUrl><name>node/5503513957</name>
<ExtendedData>
<SchemaData schemaUrl="#S_Bellandur_HSR_SSSSSSDDS">
<SimpleData name="features__type">Feature</SimpleData>
<SimpleData name="features__properties___id">node/5503513957</SimpleData>
<SimpleData name="features__properties__highway">street_lamp</SimpleData>
<SimpleData name="features__properties__name">Street Lamp</SimpleData>
<SimpleData name="features__properties__working">no</SimpleData>
<SimpleData name="features__geometry__type">Point</SimpleData>
<SimpleData name="Longitude">77.6473</SimpleData>
<SimpleData name="Latitude">12.9242</SimpleData>
<SimpleData name="features__id">node/5503513957</SimpleData>
</SchemaData>
</ExtendedData>
<Point>
<coordinates>77.64733260000003,12.9241945,0</coordinates>
</Point>
</Placemark>
<Placemark>
<styleUrl>#pointStyleMap</styleUrl><name>node/5503513958</name>
<ExtendedData>
<SchemaData schemaUrl="#S_Bellandur_HSR_SSSSSSDDS">
<SimpleData name="features__type">Feature</SimpleData>
<SimpleData name="features__properties___id">node/5503513958</SimpleData>
<SimpleData name="features__properties__highway">street_lamp</SimpleData>
<SimpleData name="features__properties__name">Street Lamp</SimpleData>
<SimpleData name="features__properties__working">no</SimpleData>
<SimpleData name="features__geometry__type">Point</SimpleData>
<SimpleData name="Longitude">77.6431</SimpleData>
<SimpleData name="Latitude">12.9238</SimpleData>
<SimpleData name="features__id">node/5503513958</SimpleData>
</SchemaData>
</ExtendedData>
<Point>
<coordinates>77.6430929,12.92376379999998,0</coordinates>
</Point>
</Placemark>
<Placemark>
<styleUrl>#pointStyleMap</styleUrl><name>node/5503513959</name>
<ExtendedData>
<SchemaData schemaUrl="#S_Bellandur_HSR_SSSSSSDDS">
<SimpleData name="features__type">Feature</SimpleData>
<SimpleData name="features__properties___id">node/5503513959</SimpleData>
<SimpleData name="features__properties__highway">street_lamp</SimpleData>
<SimpleData name="features__properties__name">Street Lamp</SimpleData>
<SimpleData name="features__properties__working">no</SimpleData>
<SimpleData name="features__geometry__type">Point</SimpleData>
<SimpleData name="Longitude">77.6588</SimpleData>
<SimpleData name="Latitude">12.9224</SimpleData>
<SimpleData name="features__id">node/5503513959</SimpleData>
</SchemaData>
</ExtendedData>
<Point>
<coordinates>77.65881189999999,12.92237519999999,0</coordinates>
</Point>
</Placemark>
<Placemark>
<styleUrl>#pointStyleMap</styleUrl><name>node/5503513960</name>
<ExtendedData>
<SchemaData schemaUrl="#S_Bellandur_HSR_SSSSSSDDS">
<SimpleData name="features__type">Feature</SimpleData>
<SimpleData name="features__properties___id">node/5503513960</SimpleData>
<SimpleData name="features__properties__highway">street_lamp</SimpleData>
<SimpleData name="features__properties__name">Street Lamp</SimpleData>
<SimpleData name="features__properties__working">yes</SimpleData>
<SimpleData name="features__geometry__type">Point</SimpleData>
<SimpleData name="Longitude">77.6449</SimpleData>
<SimpleData name="Latitude">12.9223</SimpleData>
<SimpleData name="features__id">node/5503513960</SimpleData>
</SchemaData>
</ExtendedData>
<Point>
<coordinates>77.64494189999998,12.92226149999998,0</coordinates>
</Point>
</Placemark>
<Placemark>
<styleUrl>#pointStyleMap</styleUrl><name>node/5503513961</name>
<ExtendedData>
<SchemaData schemaUrl="#S_Bellandur_HSR_SSSSSSDDS">
<SimpleData name="features__type">Feature</SimpleData>
<SimpleData name="features__properties___id">node/5503513961</SimpleData>
<SimpleData name="features__properties__highway">street_lamp</SimpleData>
<SimpleData name="features__properties__name">Street Lamp</SimpleData>
<SimpleData name="features__properties__working">yes</SimpleData>
<SimpleData name="features__geometry__type">Point</SimpleData>
<SimpleData name="Longitude">77.6519</SimpleData>
<SimpleData name="Latitude">12.9097</SimpleData>
<SimpleData name="features__id">node/5503513961</SimpleData>
</SchemaData>
</ExtendedData>
<Point>
<coordinates>77.65186779999998,12.90966889999999,0</coordinates>
</Point>
</Placemark>
<Placemark>
<styleUrl>#pointStyleMap</styleUrl><name>node/5503513962</name>
<ExtendedData>
<SchemaData schemaUrl="#S_Bellandur_HSR_SSSSSSDDS">
<SimpleData name="features__type">Feature</SimpleData>
<SimpleData name="features__properties___id">node/5503513962</SimpleData>
<SimpleData name="features__properties__highway">street_lamp</SimpleData>
<SimpleData name="features__properties__name">Street Lamp</SimpleData>
<SimpleData name="features__properties__working">yes</SimpleData>
<SimpleData name="features__geometry__type">Point</SimpleData>
<SimpleData name="Longitude">77.6561</SimpleData>
<SimpleData name="Latitude">12.9233</SimpleData>
<SimpleData name="features__id">node/5503513962</SimpleData>
</SchemaData>
</ExtendedData>
<Point>
<coordinates>77.65611719999997,12.92331169999998,0</coordinates>
</Point>
</Placemark>
<Placemark>
<styleUrl>#pointStyleMap</styleUrl><name>node/5503513963</name>
<ExtendedData>
<SchemaData schemaUrl="#S_Bellandur_HSR_SSSSSSDDS">
<SimpleData name="features__type">Feature</SimpleData>
<SimpleData name="features__properties___id">node/5503513963</SimpleData>
<SimpleData name="features__properties__highway">street_lamp</SimpleData>
<SimpleData name="features__properties__name">Street Lamp</SimpleData>
<SimpleData name="features__properties__working">yes</SimpleData>
<SimpleData name="features__geometry__type">Point</SimpleData>
<SimpleData name="Longitude">77.643</SimpleData>
<SimpleData name="Latitude">12.92</SimpleData>
<SimpleData name="features__id">node/5503513963</SimpleData>
</SchemaData>
</ExtendedData>
<Point>
<coordinates>77.64301749999998,12.9199562,0</coordinates>
</Point>
</Placemark>
<Placemark>
<styleUrl>#pointStyleMap</styleUrl><name>node/5503513964</name>
<ExtendedData>
<SchemaData schemaUrl="#S_Bellandur_HSR_SSSSSSDDS">
<SimpleData name="features__type">Feature</SimpleData>
<SimpleData name="features__properties___id">node/5503513964</SimpleData>
<SimpleData name="features__properties__highway">street_lamp</SimpleData>
<SimpleData name="features__properties__name">Street Lamp</SimpleData>
<SimpleData name="features__properties__working">yes</SimpleData>
<SimpleData name="features__geometry__type">Point</SimpleData>
<SimpleData name="Longitude">77.6525</SimpleData>
<SimpleData name="Latitude">12.9241</SimpleData>
<SimpleData name="features__id">node/5503513964</SimpleData>
</SchemaData>
</ExtendedData>
<Point>
<coordinates>77.65253080000004,12.92411300000001,0</coordinates>
</Point>
</Placemark>
<Placemark>
<styleUrl>#pointStyleMap</styleUrl><name>node/5503513965</name>
<ExtendedData>
<SchemaData schemaUrl="#S_Bellandur_HSR_SSSSSSDDS">
<SimpleData name="features__type">Feature</SimpleData>
<SimpleData name="features__properties___id">node/5503513965</SimpleData>
<SimpleData name="features__properties__highway">street_lamp</SimpleData>
<SimpleData name="features__properties__name">Street Lamp</SimpleData>
<SimpleData name="features__properties__working">yes</SimpleData>
<SimpleData name="features__geometry__type">Point</SimpleData>
<SimpleData name="Longitude">77.6411</SimpleData>
<SimpleData name="Latitude">12.9178</SimpleData>
<SimpleData name="features__id">node/5503513965</SimpleData>
</SchemaData>
</ExtendedData>
<Point>
<coordinates>77.64114460000002,12.91776809999997,0</coordinates>
</Point>
</Placemark>
<Placemark>
<styleUrl>#pointStyleMap</styleUrl><name>node/5503513966</name>
<ExtendedData>
<SchemaData schemaUrl="#S_Bellandur_HSR_SSSSSSDDS">
<SimpleData name="features__type">Feature</SimpleData>
<SimpleData name="features__properties___id">node/5503513966</SimpleData>
<SimpleData name="features__properties__highway">street_lamp</SimpleData>
<SimpleData name="features__properties__name">Street Lamp</SimpleData>
<SimpleData name="features__properties__working">yes</SimpleData>
<SimpleData name="features__geometry__type">Point</SimpleData>
<SimpleData name="Longitude">77.6493</SimpleData>
<SimpleData name="Latitude">12.9244</SimpleData>
<SimpleData name="features__id">node/5503513966</SimpleData>
</SchemaData>
</ExtendedData>
<Point>
<coordinates>77.64927869999998,12.92443579999998,0</coordinates>
</Point>
</Placemark>
<Placemark>
<styleUrl>#pointStyleMap</styleUrl><name>node/5503513968</name>
<ExtendedData>
<SchemaData schemaUrl="#S_Bellandur_HSR_SSSSSSDDS">
<SimpleData name="features__type">Feature</SimpleData>
<SimpleData name="features__properties___id">node/5503513968</SimpleData>
<SimpleData name="features__properties__highway">street_lamp</SimpleData>
<SimpleData name="features__properties__name">Street Lamp</SimpleData>
<SimpleData name="features__properties__working">yes</SimpleData>
<SimpleData name="features__geometry__type">Point</SimpleData>
<SimpleData name="Longitude">77.6607</SimpleData>
<SimpleData name="Latitude">12.9219</SimpleData>
<SimpleData name="features__id">node/5503513968</SimpleData>
</SchemaData>
</ExtendedData>
<Point>
<coordinates>77.66065020000002,12.9219202,0</coordinates>
</Point>
</Placemark>
<Placemark>
<styleUrl>#pointStyleMap</styleUrl><name>node/5503513969</name>
<ExtendedData>
<SchemaData schemaUrl="#S_Bellandur_HSR_SSSSSSDDS">
<SimpleData name="features__type">Feature</SimpleData>
<SimpleData name="features__properties___id">node/5503513969</SimpleData>
<SimpleData name="features__properties__highway">street_lamp</SimpleData>
<SimpleData name="features__properties__name">Street Lamp</SimpleData>
<SimpleData name="features__properties__working">yes</SimpleData>
<SimpleData name="features__geometry__type">Point</SimpleData>
<SimpleData name="Longitude">77.6463</SimpleData>
<SimpleData name="Latitude">12.9232</SimpleData>
<SimpleData name="features__id">node/5503513969</SimpleData>
</SchemaData>
</ExtendedData>
<Point>
<coordinates>77.6463478,12.92318990000001,0</coordinates>
</Point>
</Placemark>
<Placemark>
<styleUrl>#pointStyleMap</styleUrl><name>node/5503513970</name>
<ExtendedData>
<SchemaData schemaUrl="#S_Bellandur_HSR_SSSSSSDDS">
<SimpleData name="features__type">Feature</SimpleData>
<SimpleData name="features__properties___id">node/5503513970</SimpleData>
<SimpleData name="features__properties__highway">street_lamp</SimpleData>
<SimpleData name="features__properties__name">Street Lamp</SimpleData>
<SimpleData name="features__properties__working">no</SimpleData>
<SimpleData name="features__geometry__type">Point</SimpleData>
<SimpleData name="Longitude">77.6459</SimpleData>
<SimpleData name="Latitude">12.9245</SimpleData>
<SimpleData name="features__id">node/5503513970</SimpleData>
</SchemaData>
</ExtendedData>
<Point>
<coordinates>77.64591960000003,12.92445409999998,0</coordinates>
</Point>
</Placemark>
<Placemark>
<styleUrl>#pointStyleMap</styleUrl><name>node/5503513971</name>
<ExtendedData>
<SchemaData schemaUrl="#S_Bellandur_HSR_SSSSSSDDS">
<SimpleData name="features__type">Feature</SimpleData>
<SimpleData name="features__properties___id">node/5503513971</SimpleData>
<SimpleData name="features__properties__highway">street_lamp</SimpleData>
<SimpleData name="features__properties__name">Street Lamp</SimpleData>
<SimpleData name="features__properties__working">no</SimpleData>
<SimpleData name="features__geometry__type">Point</SimpleData>
<SimpleData name="Longitude">77.6579</SimpleData>
<SimpleData name="Latitude">12.9228</SimpleData>
<SimpleData name="features__id">node/5503513971</SimpleData>
</SchemaData>
</ExtendedData>
<Point>
<coordinates>77.6579314,12.9227922,0</coordinates>
</Point>
</Placemark>
<Placemark>
<styleUrl>#pointStyleMap</styleUrl><name>node/5503513972</name>
<ExtendedData>
<SchemaData schemaUrl="#S_Bellandur_HSR_SSSSSSDDS">
<SimpleData name="features__type">Feature</SimpleData>
<SimpleData name="features__properties___id">node/5503513972</SimpleData>
<SimpleData name="features__properties__highway">street_lamp</SimpleData>
<SimpleData name="features__properties__name">Street Lamp</SimpleData>
<SimpleData name="features__properties__working">yes</SimpleData>
<SimpleData name="features__geometry__type">Point</SimpleData>
<SimpleData name="Longitude">77.6441</SimpleData>
<SimpleData name="Latitude">12.921</SimpleData>
<SimpleData name="features__id">node/5503513972</SimpleData>
</SchemaData>
</ExtendedData>
<Point>
<coordinates>77.6441074,12.92099590000002,0</coordinates>
</Point>
</Placemark>
<Placemark>
<styleUrl>#pointStyleMap</styleUrl><name>node/5503513973</name>
<ExtendedData>
<SchemaData schemaUrl="#S_Bellandur_HSR_SSSSSSDDS">
<SimpleData name="features__type">Feature</SimpleData>
<SimpleData name="features__properties___id">node/5503513973</SimpleData>
<SimpleData name="features__properties__highway">street_lamp</SimpleData>
<SimpleData name="features__properties__name">Street Lamp</SimpleData>
<SimpleData name="features__properties__working">yes</SimpleData>
<SimpleData name="features__geometry__type">Point</SimpleData>
<SimpleData name="Longitude">77.6547</SimpleData>
<SimpleData name="Latitude">12.9237</SimpleData>
<SimpleData name="features__id">node/5503513973</SimpleData>
</SchemaData>
</ExtendedData>
<Point>
<coordinates>77.65467109999999,12.92369270000001,0</coordinates>
</Point>
</Placemark>
<Placemark>
<styleUrl>#pointStyleMap</styleUrl><name>node/5503513974</name>
<ExtendedData>
<SchemaData schemaUrl="#S_Bellandur_HSR_SSSSSSDDS">
<SimpleData name="features__type">Feature</SimpleData>
<SimpleData name="features__properties___id">node/5503513974</SimpleData>
<SimpleData name="features__properties__highway">street_lamp</SimpleData>
<SimpleData name="features__properties__name">Street Lamp</SimpleData>
<SimpleData name="features__properties__working">yes</SimpleData>
<SimpleData name="features__geometry__type">Point</SimpleData>
<SimpleData name="Longitude">77.6424</SimpleData>
<SimpleData name="Latitude">12.9188</SimpleData>
<SimpleData name="features__id">node/5503513974</SimpleData>
</SchemaData>
</ExtendedData>
<Point>
<coordinates>77.64239140000002,12.91880539999999,0</coordinates>
</Point>
</Placemark>
<Placemark>
<styleUrl>#pointStyleMap</styleUrl><name>node/5503513975</name>
<ExtendedData>
<SchemaData schemaUrl="#S_Bellandur_HSR_SSSSSSDDS">
<SimpleData name="features__type">Feature</SimpleData>
<SimpleData name="features__properties___id">node/5503513975</SimpleData>
<SimpleData name="features__properties__highway">street_lamp</SimpleData>
<SimpleData name="features__properties__name">Street Lamp</SimpleData>
<SimpleData name="features__properties__working">yes</SimpleData>
<SimpleData name="features__geometry__type">Point</SimpleData>
<SimpleData name="Longitude">77.6514</SimpleData>
<SimpleData name="Latitude">12.9244</SimpleData>
<SimpleData name="features__id">node/5503513975</SimpleData>
</SchemaData>
</ExtendedData>
<Point>
<coordinates>77.65143030000003,12.92436099999999,0</coordinates>
</Point>
</Placemark>
<Placemark>
<styleUrl>#pointStyleMap</styleUrl><name>node/5503513977</name>
<ExtendedData>
<SchemaData schemaUrl="#S_Bellandur_HSR_SSSSSSDDS">
<SimpleData name="features__type">Feature</SimpleData>
<SimpleData name="features__properties___id">node/5503513977</SimpleData>
<SimpleData name="features__properties__highway">street_lamp</SimpleData>
<SimpleData name="features__properties__name">Street Lamp</SimpleData>
<SimpleData name="features__properties__working">no</SimpleData>
<SimpleData name="features__geometry__type">Point</SimpleData>
<SimpleData name="Longitude">77.6622</SimpleData>
<SimpleData name="Latitude">12.9213</SimpleData>
<SimpleData name="features__id">node/5503513977</SimpleData>
</SchemaData>
</ExtendedData>
<Point>
<coordinates>77.66223230000003,12.92130130000002,0</coordinates>
</Point>
</Placemark>
<Placemark>
<styleUrl>#pointStyleMap</styleUrl><name>node/5503513978</name>
<ExtendedData>
<SchemaData schemaUrl="#S_Bellandur_HSR_SSSSSSDDS">
<SimpleData name="features__type">Feature</SimpleData>
<SimpleData name="features__properties___id">node/5503513978</SimpleData>
<SimpleData name="features__properties__highway">street_lamp</SimpleData>
<SimpleData name="features__properties__name">Street Lamp</SimpleData>
<SimpleData name="features__properties__working">no</SimpleData>
<SimpleData name="features__geometry__type">Point</SimpleData>
<SimpleData name="Longitude">77.6482</SimpleData>
<SimpleData name="Latitude">12.9243</SimpleData>
<SimpleData name="features__id">node/5503513978</SimpleData>
</SchemaData>
</ExtendedData>
<Point>
<coordinates>77.6481776,12.92427580000001,0</coordinates>
</Point>
</Placemark>
<Placemark>
<styleUrl>#pointStyleMap</styleUrl><name>node/5503513979</name>
<ExtendedData>
<SchemaData schemaUrl="#S_Bellandur_HSR_SSSSSSDDS">
<SimpleData name="features__type">Feature</SimpleData>
<SimpleData name="features__properties___id">node/5503513979</SimpleData>
<SimpleData name="features__properties__highway">street_lamp</SimpleData>
<SimpleData name="features__properties__name">Street Lamp</SimpleData>
<SimpleData name="features__properties__working">no</SimpleData>
<SimpleData name="features__geometry__type">Point</SimpleData>
<SimpleData name="Longitude">77.641</SimpleData>
<SimpleData name="Latitude">12.9234</SimpleData>
<SimpleData name="features__id">node/5503513979</SimpleData>
</SchemaData>
</ExtendedData>
<Point>
<coordinates>77.64096010000003,12.92341569999999,0</coordinates>
</Point>
</Placemark>
<Placemark>
<styleUrl>#pointStyleMap</styleUrl><name>node/5503513980</name>
<ExtendedData>
<SchemaData schemaUrl="#S_Bellandur_HSR_SSSSSSDDS">
<SimpleData name="features__type">Feature</SimpleData>
<SimpleData name="features__properties___id">node/5503513980</SimpleData>
<SimpleData name="features__properties__highway">street_lamp</SimpleData>
<SimpleData name="features__properties__name">Street Lamp</SimpleData>
<SimpleData name="features__properties__working">yes</SimpleData>
<SimpleData name="features__geometry__type">Point</SimpleData>
<SimpleData name="Longitude">77.6594</SimpleData>
<SimpleData name="Latitude">12.9221</SimpleData>
<SimpleData name="features__id">node/5503513980</SimpleData>
</SchemaData>
</ExtendedData>
<Point>
<coordinates>77.65940649999999,12.922071,0</coordinates>
</Point>
</Placemark>
<Placemark>
<styleUrl>#pointStyleMap</styleUrl><name>node/5503513981</name>
<ExtendedData>
<SchemaData schemaUrl="#S_Bellandur_HSR_SSSSSSDDS">
<SimpleData name="features__type">Feature</SimpleData>
<SimpleData name="features__properties___id">node/5503513981</SimpleData>
<SimpleData name="features__properties__highway">street_lamp</SimpleData>
<SimpleData name="features__properties__name">Street Lamp</SimpleData>
<SimpleData name="features__properties__working">yes</SimpleData>
<SimpleData name="features__geometry__type">Point</SimpleData>
<SimpleData name="Longitude">77.6455</SimpleData>
<SimpleData name="Latitude">12.9226</SimpleData>
<SimpleData name="features__id">node/5503513981</SimpleData>
</SchemaData>
</ExtendedData>
<Point>
<coordinates>77.64547959999999,12.92256910000001,0</coordinates>
</Point>
</Placemark>
<Placemark>
<styleUrl>#pointStyleMap</styleUrl><name>node/5503513982</name>
<ExtendedData>
<SchemaData schemaUrl="#S_Bellandur_HSR_SSSSSSDDS">
<SimpleData name="features__type">Feature</SimpleData>
<SimpleData name="features__properties___id">node/5503513982</SimpleData>
<SimpleData name="features__properties__highway">street_lamp</SimpleData>
<SimpleData name="features__properties__name">Street Lamp</SimpleData>
<SimpleData name="features__properties__working">no</SimpleData>
<SimpleData name="features__geometry__type">Point</SimpleData>
<SimpleData name="Longitude">77.649</SimpleData>
<SimpleData name="Latitude">12.9246</SimpleData>
<SimpleData name="features__id">node/5503513982</SimpleData>
</SchemaData>
</ExtendedData>
<Point>
<coordinates>77.64901450000002,12.9246428,0</coordinates>
</Point>
</Placemark>
<Placemark>
<styleUrl>#pointStyleMap</styleUrl><name>node/5503513983</name>
<ExtendedData>
<SchemaData schemaUrl="#S_Bellandur_HSR_SSSSSSDDS">
<SimpleData name="features__type">Feature</SimpleData>
<SimpleData name="features__properties___id">node/5503513983</SimpleData>
<SimpleData name="features__properties__highway">street_lamp</SimpleData>
<SimpleData name="features__properties__name">Street Lamp</SimpleData>
<SimpleData name="features__properties__working">yes</SimpleData>
<SimpleData name="features__geometry__type">Point</SimpleData>
<SimpleData name="Longitude">77.6566</SimpleData>
<SimpleData name="Latitude">12.923</SimpleData>
<SimpleData name="features__id">node/5503513983</SimpleData>
</SchemaData>
</ExtendedData>
<Point>
<coordinates>77.65664470000002,12.92303580000001,0</coordinates>
</Point>
</Placemark>
<Placemark>
<styleUrl>#pointStyleMap</styleUrl><name>node/5503513984</name>
<ExtendedData>
<SchemaData schemaUrl="#S_Bellandur_HSR_SSSSSSDDS">
<SimpleData name="features__type">Feature</SimpleData>
<SimpleData name="features__properties___id">node/5503513984</SimpleData>
<SimpleData name="features__properties__highway">street_lamp</SimpleData>
<SimpleData name="features__properties__name">Street Lamp</SimpleData>
<SimpleData name="features__properties__working">yes</SimpleData>
<SimpleData name="features__geometry__type">Point</SimpleData>
<SimpleData name="Longitude">77.6434</SimpleData>
<SimpleData name="Latitude">12.9203</SimpleData>
<SimpleData name="features__id">node/5503513984</SimpleData>
</SchemaData>
</ExtendedData>
<Point>
<coordinates>77.6434466,12.92034560000001,0</coordinates>
</Point>
</Placemark>
<Placemark>
<styleUrl>#pointStyleMap</styleUrl><name>node/5503513985</name>
<ExtendedData>
<SchemaData schemaUrl="#S_Bellandur_HSR_SSSSSSDDS">
<SimpleData name="features__type">Feature</SimpleData>
<SimpleData name="features__properties___id">node/5503513985</SimpleData>
<SimpleData name="features__properties__highway">street_lamp</SimpleData>
<SimpleData name="features__properties__name">Street Lamp</SimpleData>
<SimpleData name="features__properties__working">no</SimpleData>
<SimpleData name="features__geometry__type">Point</SimpleData>
<SimpleData name="Longitude">77.6533</SimpleData>
<SimpleData name="Latitude">12.9241</SimpleData>
<SimpleData name="features__id">node/5503513985</SimpleData>
</SchemaData>
</ExtendedData>
<Point>
<coordinates>77.65332679999999,12.92406570000002,0</coordinates>
</Point>
</Placemark>
<Placemark>
<styleUrl>#pointStyleMap</styleUrl><name>node/5503513986</name>
<ExtendedData>
<SchemaData schemaUrl="#S_Bellandur_HSR_SSSSSSDDS">
<SimpleData name="features__type">Feature</SimpleData>
<SimpleData name="features__properties___id">node/5503513986</SimpleData>
<SimpleData name="features__properties__highway">street_lamp</SimpleData>
<SimpleData name="features__properties__name">Street Lamp</SimpleData>
<SimpleData name="features__properties__working">yes</SimpleData>
<SimpleData name="features__geometry__type">Point</SimpleData>
<SimpleData name="Longitude">77.6417</SimpleData>
<SimpleData name="Latitude">12.9181</SimpleData>
<SimpleData name="features__id">node/5503513986</SimpleData>
</SchemaData>
</ExtendedData>
<Point>
<coordinates>77.64170180000001,12.9181302,0</coordinates>
</Point>
</Placemark>
<Placemark>
<styleUrl>#pointStyleMap</styleUrl><name>node/5503513987</name>
<ExtendedData>
<SchemaData schemaUrl="#S_Bellandur_HSR_SSSSSSDDS">
<SimpleData name="features__type">Feature</SimpleData>
<SimpleData name="features__properties___id">node/5503513987</SimpleData>
<SimpleData name="features__properties__highway">street_lamp</SimpleData>
<SimpleData name="features__properties__name">Street Lamp</SimpleData>
<SimpleData name="features__properties__working">yes</SimpleData>
<SimpleData name="features__geometry__type">Point</SimpleData>
<SimpleData name="Longitude">77.6503</SimpleData>
<SimpleData name="Latitude">12.9245</SimpleData>
<SimpleData name="features__id">node/5503513987</SimpleData>
</SchemaData>
</ExtendedData>
<Point>
<coordinates>77.65028200000002,12.92453180000001,0</coordinates>
</Point>
</Placemark>
<Placemark>
<styleUrl>#pointStyleMap</styleUrl><name>node/5503513989</name>
<ExtendedData>
<SchemaData schemaUrl="#S_Bellandur_HSR_SSSSSSDDS">
<SimpleData name="features__type">Feature</SimpleData>
<SimpleData name="features__properties___id">node/5503513989</SimpleData>
<SimpleData name="features__properties__highway">street_lamp</SimpleData>
<SimpleData name="features__properties__name">Street Lamp</SimpleData>
<SimpleData name="features__properties__working">yes</SimpleData>
<SimpleData name="features__geometry__type">Point</SimpleData>
<SimpleData name="Longitude">77.6612</SimpleData>
<SimpleData name="Latitude">12.9216</SimpleData>
<SimpleData name="features__id">node/5503513989</SimpleData>
</SchemaData>
</ExtendedData>
<Point>
<coordinates>77.66120979999999,12.92164209999997,0</coordinates>
</Point>
</Placemark>
<Placemark>
<styleUrl>#pointStyleMap</styleUrl><name>node/5503513990</name>
<ExtendedData>
<SchemaData schemaUrl="#S_Bellandur_HSR_SSSSSSDDS">
<SimpleData name="features__type">Feature</SimpleData>
<SimpleData name="features__properties___id">node/5503513990</SimpleData>
<SimpleData name="features__properties__highway">street_lamp</SimpleData>
<SimpleData name="features__properties__name">Street Lamp</SimpleData>
<SimpleData name="features__properties__working">yes</SimpleData>
<SimpleData name="features__geometry__type">Point</SimpleData>
<SimpleData name="Longitude">77.647</SimpleData>
<SimpleData name="Latitude">12.924</SimpleData>
<SimpleData name="features__id">node/5503513990</SimpleData>
</SchemaData>
</ExtendedData>
<Point>
<coordinates>77.64703020000003,12.9239655,0</coordinates>
</Point>
</Placemark>
<Placemark>
<styleUrl>#pointStyleMap</styleUrl><name>node/5503513991</name>
<ExtendedData>
<SchemaData schemaUrl="#S_Bellandur_HSR_SSSSSSDDS">
<SimpleData name="features__type">Feature</SimpleData>
<SimpleData name="features__properties___id">node/5503513991</SimpleData>
<SimpleData name="features__properties__highway">street_lamp</SimpleData>
<SimpleData name="features__properties__name">Street Lamp</SimpleData>
<SimpleData name="features__properties__working">no</SimpleData>
<SimpleData name="features__geometry__type">Point</SimpleData>
<SimpleData name="Longitude">77.644</SimpleData>
<SimpleData name="Latitude">12.924</SimpleData>
<SimpleData name="features__id">node/5503513991</SimpleData>
</SchemaData>
</ExtendedData>
<Point>
<coordinates>77.64397380000003,12.92402659999998,0</coordinates>
</Point>
</Placemark>
<Placemark>
<styleUrl>#pointStyleMap</styleUrl><name>node/5503513992</name>
<ExtendedData>
<SchemaData schemaUrl="#S_Bellandur_HSR_SSSSSSDDS">
<SimpleData name="features__type">Feature</SimpleData>
<SimpleData name="features__properties___id">node/5503513992</SimpleData>
<SimpleData name="features__properties__highway">street_lamp</SimpleData>
<SimpleData name="features__properties__name">Street Lamp</SimpleData>
<SimpleData name="features__properties__working">no</SimpleData>
<SimpleData name="features__geometry__type">Point</SimpleData>
<SimpleData name="Longitude">77.6585</SimpleData>
<SimpleData name="Latitude">12.9225</SimpleData>
<SimpleData name="features__id">node/5503513992</SimpleData>
</SchemaData>
</ExtendedData>
<Point>
<coordinates>77.65851709999998,12.9224709,0</coordinates>
</Point>
</Placemark>
<Placemark>
<styleUrl>#pointStyleMap</styleUrl><name>node/5503513993</name>
<ExtendedData>
<SchemaData schemaUrl="#S_Bellandur_HSR_SSSSSSDDS">
<SimpleData name="features__type">Feature</SimpleData>
<SimpleData name="features__properties___id">node/5503513993</SimpleData>
<SimpleData name="features__properties__highway">street_lamp</SimpleData>
<SimpleData name="features__properties__name">Street Lamp</SimpleData>
<SimpleData name="features__properties__working">no</SimpleData>
<SimpleData name="features__geometry__type">Point</SimpleData>
<SimpleData name="Longitude">77.6447</SimpleData>
<SimpleData name="Latitude">12.922</SimpleData>
<SimpleData name="features__id">node/5503513993</SimpleData>
</SchemaData>
</ExtendedData>
<Point>
<coordinates>77.64467769999999,12.92198730000003,0</coordinates>
</Point>
</Placemark>
<Placemark>
<styleUrl>#pointStyleMap</styleUrl><name>node/5503513994</name>
<ExtendedData>
<SchemaData schemaUrl="#S_Bellandur_HSR_SSSSSSDDS">
<SimpleData name="features__type">Feature</SimpleData>
<SimpleData name="features__properties___id">node/5503513994</SimpleData>
<SimpleData name="features__properties__highway">street_lamp</SimpleData>
<SimpleData name="features__properties__name">Street Lamp</SimpleData>
<SimpleData name="features__properties__working">yes</SimpleData>
<SimpleData name="features__geometry__type">Point</SimpleData>
<SimpleData name="Longitude">77.6517</SimpleData>
<SimpleData name="Latitude">12.9078</SimpleData>
<SimpleData name="features__id">node/5503513994</SimpleData>
</SchemaData>
</ExtendedData>
<Point>
<coordinates>77.65166069999998,12.90775690000002,0</coordinates>
</Point>
</Placemark>
<Placemark>
<styleUrl>#pointStyleMap</styleUrl><name>node/5503513995</name>
<ExtendedData>
<SchemaData schemaUrl="#S_Bellandur_HSR_SSSSSSDDS">
<SimpleData name="features__type">Feature</SimpleData>
<SimpleData name="features__properties___id">node/5503513995</SimpleData>
<SimpleData name="features__properties__highway">street_lamp</SimpleData>
<SimpleData name="features__properties__name">Street Lamp</SimpleData>
<SimpleData name="features__properties__working">yes</SimpleData>
<SimpleData name="features__geometry__type">Point</SimpleData>
<SimpleData name="Longitude">77.6558</SimpleData>
<SimpleData name="Latitude">12.9234</SimpleData>
<SimpleData name="features__id">node/5503513995</SimpleData>
</SchemaData>
</ExtendedData>
<Point>
<coordinates>77.65577919999998,12.92343450000003,0</coordinates>
</Point>
</Placemark>
<Placemark>
<styleUrl>#pointStyleMap</styleUrl><name>node/5503513996</name>
<ExtendedData>
<SchemaData schemaUrl="#S_Bellandur_HSR_SSSSSSDDS">
<SimpleData name="features__type">Feature</SimpleData>
<SimpleData name="features__properties___id">node/5503513996</SimpleData>
<SimpleData name="features__properties__highway">street_lamp</SimpleData>
<SimpleData name="features__properties__name">Street Lamp</SimpleData>
<SimpleData name="features__properties__working">no</SimpleData>
<SimpleData name="features__geometry__type">Point</SimpleData>
<SimpleData name="Longitude">77.6428</SimpleData>
<SimpleData name="Latitude">12.9197</SimpleData>
<SimpleData name="features__id">node/5503513996</SimpleData>
</SchemaData>
</ExtendedData>
<Point>
<coordinates>77.64278119999999,12.9196852,0</coordinates>
</Point>
</Placemark>
<Placemark>
<styleUrl>#pointStyleMap</styleUrl><name>node/5503513997</name>
<ExtendedData>
<SchemaData schemaUrl="#S_Bellandur_HSR_SSSSSSDDS">
<SimpleData name="features__type">Feature</SimpleData>
<SimpleData name="features__properties___id">node/5503513997</SimpleData>
<SimpleData name="features__properties__highway">street_lamp</SimpleData>
<SimpleData name="features__properties__name">Street Lamp</SimpleData>
<SimpleData name="features__properties__working">no</SimpleData>
<SimpleData name="features__geometry__type">Point</SimpleData>
<SimpleData name="Longitude">77.6522</SimpleData>
<SimpleData name="Latitude">12.9243</SimpleData>
<SimpleData name="features__id">node/5503513997</SimpleData>
</SchemaData>
</ExtendedData>
<Point>
<coordinates>77.65215280000001,12.92429139999999,0</coordinates>
</Point>
</Placemark>
<Placemark>
<styleUrl>#pointStyleMap</styleUrl><name>node/5503513999</name>
<ExtendedData>
<SchemaData schemaUrl="#S_Bellandur_HSR_SSSSSSDDS">
<SimpleData name="features__type">Feature</SimpleData>
<SimpleData name="features__properties___id">node/5503513999</SimpleData>
<SimpleData name="features__properties__highway">street_lamp</SimpleData>
<SimpleData name="features__properties__name">Street Lamp</SimpleData>
<SimpleData name="features__properties__working">yes</SimpleData>
<SimpleData name="features__geometry__type">Point</SimpleData>
<SimpleData name="Longitude">77.6489</SimpleData>
<SimpleData name="Latitude">12.9244</SimpleData>
<SimpleData name="features__id">node/5503513999</SimpleData>
</SchemaData>
</ExtendedData>
<Point>
<coordinates>77.6488761,12.92443080000001,0</coordinates>
</Point>
</Placemark>
<Placemark>
<styleUrl>#pointStyleMap</styleUrl><name>node/5503514001</name>
<ExtendedData>
<SchemaData schemaUrl="#S_Bellandur_HSR_SSSSSSDDS">
<SimpleData name="features__type">Feature</SimpleData>
<SimpleData name="features__properties___id">node/5503514001</SimpleData>
<SimpleData name="features__properties__highway">street_lamp</SimpleData>
<SimpleData name="features__properties__name">Street Lamp</SimpleData>
<SimpleData name="features__properties__working">yes</SimpleData>
<SimpleData name="features__geometry__type">Point</SimpleData>
<SimpleData name="Longitude">77.6603</SimpleData>
<SimpleData name="Latitude">12.922</SimpleData>
<SimpleData name="features__id">node/5503514001</SimpleData>
</SchemaData>
</ExtendedData>
<Point>
<coordinates>77.66034730000001,12.92199330000001,0</coordinates>
</Point>
</Placemark>
<Placemark>
<styleUrl>#pointStyleMap</styleUrl><name>node/5503514002</name>
<ExtendedData>
<SchemaData schemaUrl="#S_Bellandur_HSR_SSSSSSDDS">
<SimpleData name="features__type">Feature</SimpleData>
<SimpleData name="features__properties___id">node/5503514002</SimpleData>
<SimpleData name="features__properties__highway">street_lamp</SimpleData>
<SimpleData name="features__properties__name">Street Lamp</SimpleData>
<SimpleData name="features__properties__working">yes</SimpleData>
<SimpleData name="features__geometry__type">Point</SimpleData>
<SimpleData name="Longitude">77.6462</SimpleData>
<SimpleData name="Latitude">12.923</SimpleData>
<SimpleData name="features__id">node/5503514002</SimpleData>
</SchemaData>
</ExtendedData>
<Point>
<coordinates>77.64615779999998,12.92302129999997,0</coordinates>
</Point>
</Placemark>
<Placemark>
<styleUrl>#pointStyleMap</styleUrl><name>node/5503514003</name>
<ExtendedData>
<SchemaData schemaUrl="#S_Bellandur_HSR_SSSSSSDDS">
<SimpleData name="features__type">Feature</SimpleData>
<SimpleData name="features__properties___id">node/5503514003</SimpleData>
<SimpleData name="features__properties__highway">street_lamp</SimpleData>
<SimpleData name="features__properties__name">Street Lamp</SimpleData>
<SimpleData name="features__properties__working">no</SimpleData>
<SimpleData name="features__geometry__type">Point</SimpleData>
<SimpleData name="Longitude">77.6469</SimpleData>
<SimpleData name="Latitude">12.9245</SimpleData>
<SimpleData name="features__id">node/5503514003</SimpleData>
</SchemaData>
</ExtendedData>
<Point>
<coordinates>77.64692509999996,12.92447209999999,0</coordinates>
</Point>
</Placemark>
<Placemark>
<styleUrl>#pointStyleMap</styleUrl><name>node/5503514004</name>
<ExtendedData>
<SchemaData schemaUrl="#S_Bellandur_HSR_SSSSSSDDS">
<SimpleData name="features__type">Feature</SimpleData>
<SimpleData name="features__properties___id">node/5503514004</SimpleData>
<SimpleData name="features__properties__highway">street_lamp</SimpleData>
<SimpleData name="features__properties__name">Street Lamp</SimpleData>
<SimpleData name="features__properties__working">yes</SimpleData>
<SimpleData name="features__geometry__type">Point</SimpleData>
<SimpleData name="Longitude">77.6576</SimpleData>
<SimpleData name="Latitude">12.9229</SimpleData>
<SimpleData name="features__id">node/5503514004</SimpleData>
</SchemaData>
</ExtendedData>
<Point>
<coordinates>77.65762879999998,12.92291460000002,0</coordinates>
</Point>
</Placemark>
<Placemark>
<styleUrl>#pointStyleMap</styleUrl><name>node/5503514005</name>
<ExtendedData>
<SchemaData schemaUrl="#S_Bellandur_HSR_SSSSSSDDS">
<SimpleData name="features__type">Feature</SimpleData>
<SimpleData name="features__properties___id">node/5503514005</SimpleData>
<SimpleData name="features__properties__highway">street_lamp</SimpleData>
<SimpleData name="features__properties__name">Street Lamp</SimpleData>
<SimpleData name="features__properties__working">no</SimpleData>
<SimpleData name="features__geometry__type">Point</SimpleData>
<SimpleData name="Longitude">77.6439</SimpleData>
<SimpleData name="Latitude">12.9208</SimpleData>
<SimpleData name="features__id">node/5503514005</SimpleData>
</SchemaData>
</ExtendedData>
<Point>
<coordinates>77.64392659999999,12.92077230000002,0</coordinates>
</Point>
</Placemark>
<Placemark>
<styleUrl>#pointStyleMap</styleUrl><name>node/5503514006</name>
<ExtendedData>
<SchemaData schemaUrl="#S_Bellandur_HSR_SSSSSSDDS">
<SimpleData name="features__type">Feature</SimpleData>
<SimpleData name="features__properties___id">node/5503514006</SimpleData>
<SimpleData name="features__properties__highway">street_lamp</SimpleData>
<SimpleData name="features__properties__name">Street Lamp</SimpleData>
<SimpleData name="features__properties__working">yes</SimpleData>
<SimpleData name="features__geometry__type">Point</SimpleData>
<SimpleData name="Longitude">77.6544</SimpleData>
<SimpleData name="Latitude">12.9237</SimpleData>
<SimpleData name="features__id">node/5503514006</SimpleData>
</SchemaData>
</ExtendedData>
<Point>
<coordinates>77.65443930000004,12.9237419,0</coordinates>
</Point>
</Placemark>
<Placemark>
<styleUrl>#pointStyleMap</styleUrl><name>node/5503514007</name>
<ExtendedData>
<SchemaData schemaUrl="#S_Bellandur_HSR_SSSSSSDDS">
<SimpleData name="features__type">Feature</SimpleData>
<SimpleData name="features__properties___id">node/5503514007</SimpleData>
<SimpleData name="features__properties__highway">street_lamp</SimpleData>
<SimpleData name="features__properties__name">Street Lamp</SimpleData>
<SimpleData name="features__properties__working">yes</SimpleData>
<SimpleData name="features__geometry__type">Point</SimpleData>
<SimpleData name="Longitude">77.6422</SimpleData>
<SimpleData name="Latitude">12.9185</SimpleData>
<SimpleData name="features__id">node/5503514007</SimpleData>
</SchemaData>
</ExtendedData>
<Point>
<coordinates>77.64219570000002,12.91853629999999,0</coordinates>
</Point>
</Placemark>
<Placemark>
<styleUrl>#pointStyleMap</styleUrl><name>node/5503514008</name>
<ExtendedData>
<SchemaData schemaUrl="#S_Bellandur_HSR_SSSSSSDDS">
<SimpleData name="features__type">Feature</SimpleData>
<SimpleData name="features__properties___id">node/5503514008</SimpleData>
<SimpleData name="features__properties__highway">street_lamp</SimpleData>
<SimpleData name="features__properties__name">Street Lamp</SimpleData>
<SimpleData name="features__properties__working">no</SimpleData>
<SimpleData name="features__geometry__type">Point</SimpleData>
<SimpleData name="Longitude">77.651</SimpleData>
<SimpleData name="Latitude">12.9245</SimpleData>
<SimpleData name="features__id">node/5503514008</SimpleData>
</SchemaData>
</ExtendedData>
<Point>
<coordinates>77.65102050000002,12.9245162,0</coordinates>
</Point>
</Placemark>
<Placemark>
<styleUrl>#pointStyleMap</styleUrl><name>node/5503514010</name>
<ExtendedData>
<SchemaData schemaUrl="#S_Bellandur_HSR_SSSSSSDDS">
<SimpleData name="features__type">Feature</SimpleData>
<SimpleData name="features__properties___id">node/5503514010</SimpleData>
<SimpleData name="features__properties__highway">street_lamp</SimpleData>
<SimpleData name="features__properties__name">Street Lamp</SimpleData>
<SimpleData name="features__properties__working">no</SimpleData>
<SimpleData name="features__geometry__type">Point</SimpleData>
<SimpleData name="Longitude">77.6618</SimpleData>
<SimpleData name="Latitude">12.9214</SimpleData>
<SimpleData name="features__id">node/5503514010</SimpleData>
</SchemaData>
</ExtendedData>
<Point>
<coordinates>77.6617943,12.92137469999998,0</coordinates>
</Point>
</Placemark>
<Placemark>
<styleUrl>#pointStyleMap</styleUrl><name>node/5503514011</name>
<ExtendedData>
<SchemaData schemaUrl="#S_Bellandur_HSR_SSSSSSDDS">
<SimpleData name="features__type">Feature</SimpleData>
<SimpleData name="features__properties___id">node/5503514011</SimpleData>
<SimpleData name="features__properties__highway">street_lamp</SimpleData>
<SimpleData name="features__properties__name">Street Lamp</SimpleData>
<SimpleData name="features__properties__working">no</SimpleData>
<SimpleData name="features__geometry__type">Point</SimpleData>
<SimpleData name="Longitude">77.6479</SimpleData>
<SimpleData name="Latitude">12.9241</SimpleData>
<SimpleData name="features__id">node/5503514011</SimpleData>
</SchemaData>
</ExtendedData>
<Point>
<coordinates>77.64794809999999,12.9241046,0</coordinates>
</Point>
</Placemark>
<Placemark>
<styleUrl>#pointStyleMap</styleUrl><name>node/5503514012</name>
<ExtendedData>
<SchemaData schemaUrl="#S_Bellandur_HSR_SSSSSSDDS">
<SimpleData name="features__type">Feature</SimpleData>
<SimpleData name="features__properties___id">node/5503514012</SimpleData>
<SimpleData name="features__properties__highway">street_lamp</SimpleData>
<SimpleData name="features__properties__name">Street Lamp</SimpleData>
<SimpleData name="features__properties__working">no</SimpleData>
<SimpleData name="features__geometry__type">Point</SimpleData>
<SimpleData name="Longitude">77.6419</SimpleData>
<SimpleData name="Latitude">12.9235</SimpleData>
<SimpleData name="features__id">node/5503514012</SimpleData>
</SchemaData>
</ExtendedData>
<Point>
<coordinates>77.64193549999999,12.92348930000001,0</coordinates>
</Point>
</Placemark>
<Placemark>
<styleUrl>#pointStyleMap</styleUrl><name>node/5503514013</name>
<ExtendedData>
<SchemaData schemaUrl="#S_Bellandur_HSR_SSSSSSDDS">
<SimpleData name="features__type">Feature</SimpleData>
<SimpleData name="features__properties___id">node/5503514013</SimpleData>
<SimpleData name="features__properties__highway">street_lamp</SimpleData>
<SimpleData name="features__properties__name">Street Lamp</SimpleData>
<SimpleData name="features__properties__working">yes</SimpleData>
<SimpleData name="features__geometry__type">Point</SimpleData>
<SimpleData name="Longitude">77.6591</SimpleData>
<SimpleData name="Latitude">12.9222</SimpleData>
<SimpleData name="features__id">node/5503514013</SimpleData>
</SchemaData>
</ExtendedData>
<Point>
<coordinates>77.65910100000001,12.92217550000002,0</coordinates>
</Point>
</Placemark>
<Placemark>
<styleUrl>#pointStyleMap</styleUrl><name>node/5503514014</name>
<ExtendedData>
<SchemaData schemaUrl="#S_Bellandur_HSR_SSSSSSDDS">
<SimpleData name="features__type">Feature</SimpleData>
<SimpleData name="features__properties___id">node/5503514014</SimpleData>
<SimpleData name="features__properties__highway">street_lamp</SimpleData>
<SimpleData name="features__properties__name">Street Lamp</SimpleData>
<SimpleData name="features__properties__working">yes</SimpleData>
<SimpleData name="features__geometry__type">Point</SimpleData>
<SimpleData name="Longitude">77.6452</SimpleData>
<SimpleData name="Latitude">12.9223</SimpleData>
<SimpleData name="features__id">node/5503514014</SimpleData>
</SchemaData>
</ExtendedData>
<Point>
<coordinates>77.64520219999997,12.92233319999999,0</coordinates>
</Point>
</Placemark>
<Placemark>
<styleUrl>#pointStyleMap</styleUrl><name>node/5503514015</name>
<ExtendedData>
<SchemaData schemaUrl="#S_Bellandur_HSR_SSSSSSDDS">
<SimpleData name="features__type">Feature</SimpleData>
<SimpleData name="features__properties___id">node/5503514015</SimpleData>
<SimpleData name="features__properties__highway">street_lamp</SimpleData>
<SimpleData name="features__properties__name">Street Lamp</SimpleData>
<SimpleData name="features__properties__working">no</SimpleData>
<SimpleData name="features__geometry__type">Point</SimpleData>
<SimpleData name="Longitude">77.6518</SimpleData>
<SimpleData name="Latitude">12.911</SimpleData>
<SimpleData name="features__id">node/5503514015</SimpleData>
</SchemaData>
</ExtendedData>
<Point>
<coordinates>77.65181419999998,12.91100870000001,0</coordinates>
</Point>
</Placemark>
<Placemark>
<styleUrl>#pointStyleMap</styleUrl><name>node/5503514016</name>
<ExtendedData>
<SchemaData schemaUrl="#S_Bellandur_HSR_SSSSSSDDS">
<SimpleData name="features__type">Feature</SimpleData>
<SimpleData name="features__properties___id">node/5503514016</SimpleData>
<SimpleData name="features__properties__highway">street_lamp</SimpleData>
<SimpleData name="features__properties__name">Street Lamp</SimpleData>
<SimpleData name="features__properties__working">yes</SimpleData>
<SimpleData name="features__geometry__type">Point</SimpleData>
<SimpleData name="Longitude">77.6563</SimpleData>
<SimpleData name="Latitude">12.9231</SimpleData>
<SimpleData name="features__id">node/5503514016</SimpleData>
</SchemaData>
</ExtendedData>
<Point>
<coordinates>77.6563325,12.92314989999998,0</coordinates>
</Point>
</Placemark>
<Placemark>
<styleUrl>#pointStyleMap</styleUrl><name>node/5503514017</name>
<ExtendedData>
<SchemaData schemaUrl="#S_Bellandur_HSR_SSSSSSDDS">
<SimpleData name="features__type">Feature</SimpleData>
<SimpleData name="features__properties___id">node/5503514017</SimpleData>
<SimpleData name="features__properties__highway">street_lamp</SimpleData>
<SimpleData name="features__properties__name">Street Lamp</SimpleData>
<SimpleData name="features__properties__working">yes</SimpleData>
<SimpleData name="features__geometry__type">Point</SimpleData>
<SimpleData name="Longitude">77.6433</SimpleData>
<SimpleData name="Latitude">12.9201</SimpleData>
<SimpleData name="features__id">node/5503514017</SimpleData>
</SchemaData>
</ExtendedData>
<Point>
<coordinates>77.64325319999999,12.92009509999998,0</coordinates>
</Point>
</Placemark>
<Placemark>
<styleUrl>#pointStyleMap</styleUrl><name>node/5503514018</name>
<ExtendedData>
<SchemaData schemaUrl="#S_Bellandur_HSR_SSSSSSDDS">
<SimpleData name="features__type">Feature</SimpleData>
<SimpleData name="features__properties___id">node/5503514018</SimpleData>
<SimpleData name="features__properties__highway">street_lamp</SimpleData>
<SimpleData name="features__properties__name">Street Lamp</SimpleData>
<SimpleData name="features__properties__working">yes</SimpleData>
<SimpleData name="features__geometry__type">Point</SimpleData>
<SimpleData name="Longitude">77.6531</SimpleData>
<SimpleData name="Latitude">12.924</SimpleData>
<SimpleData name="features__id">node/5503514018</SimpleData>
</SchemaData>
</ExtendedData>
<Point>
<coordinates>77.65305009999996,12.9240259,0</coordinates>
</Point>
</Placemark>
<Placemark>
<styleUrl>#pointStyleMap</styleUrl><name>node/5503514019</name>
<ExtendedData>
<SchemaData schemaUrl="#S_Bellandur_HSR_SSSSSSDDS">
<SimpleData name="features__type">Feature</SimpleData>
<SimpleData name="features__properties___id">node/5503514019</SimpleData>
<SimpleData name="features__properties__highway">street_lamp</SimpleData>
<SimpleData name="features__properties__name">Street Lamp</SimpleData>
<SimpleData name="features__properties__working">yes</SimpleData>
<SimpleData name="features__geometry__type">Point</SimpleData>
<SimpleData name="Longitude">77.6415</SimpleData>
<SimpleData name="Latitude">12.9179</SimpleData>
<SimpleData name="features__id">node/5503514019</SimpleData>
</SchemaData>
</ExtendedData>
<Point>
<coordinates>77.64149259999999,12.9179264,0</coordinates>
</Point>
</Placemark>
<Placemark>
<styleUrl>#pointStyleMap</styleUrl><name>node/5503514020</name>
<ExtendedData>
<SchemaData schemaUrl="#S_Bellandur_HSR_SSSSSSDDS">
<SimpleData name="features__type">Feature</SimpleData>
<SimpleData name="features__properties___id">node/5503514020</SimpleData>
<SimpleData name="features__properties__highway">street_lamp</SimpleData>
<SimpleData name="features__properties__name">Street Lamp</SimpleData>
<SimpleData name="features__properties__working">yes</SimpleData>
<SimpleData name="features__geometry__type">Point</SimpleData>
<SimpleData name="Longitude">77.6499</SimpleData>
<SimpleData name="Latitude">12.9246</SimpleData>
<SimpleData name="features__id">node/5503514020</SimpleData>
</SchemaData>
</ExtendedData>
<Point>
<coordinates>77.64986820000003,12.9245911,0</coordinates>
</Point>
</Placemark>
<Placemark>
<styleUrl>#pointStyleMap</styleUrl><name>node/5503514122</name>
<ExtendedData>
<SchemaData schemaUrl="#S_Bellandur_HSR_SSSSSSDDS">
<SimpleData name="features__type">Feature</SimpleData>
<SimpleData name="features__properties___id">node/5503514122</SimpleData>
<SimpleData name="features__properties__highway">street_lamp</SimpleData>
<SimpleData name="features__properties__name">Street Lamp</SimpleData>
<SimpleData name="features__properties__working">yes</SimpleData>
<SimpleData name="features__geometry__type">Point</SimpleData>
<SimpleData name="Longitude">77.6609</SimpleData>
<SimpleData name="Latitude">12.9217</SimpleData>
<SimpleData name="features__id">node/5503514122</SimpleData>
</SchemaData>
</ExtendedData>
<Point>
<coordinates>77.66094770000001,12.92173310000002,0</coordinates>
</Point>
</Placemark>
<Placemark>
<styleUrl>#pointStyleMap</styleUrl><name>node/5503514123</name>
<ExtendedData>
<SchemaData schemaUrl="#S_Bellandur_HSR_SSSSSSDDS">
<SimpleData name="features__type">Feature</SimpleData>
<SimpleData name="features__properties___id">node/5503514123</SimpleData>
<SimpleData name="features__properties__highway">street_lamp</SimpleData>
<SimpleData name="features__properties__name">Street Lamp</SimpleData>
<SimpleData name="features__properties__working">yes</SimpleData>
<SimpleData name="features__geometry__type">Point</SimpleData>
<SimpleData name="Longitude">77.6468</SimpleData>
<SimpleData name="Latitude">12.9239</SimpleData>
<SimpleData name="features__id">node/5503514123</SimpleData>
</SchemaData>
</ExtendedData>
<Point>
<coordinates>77.64683430000001,12.92385550000001,0</coordinates>
</Point>
</Placemark>
<Placemark>
<styleUrl>#pointStyleMap</styleUrl><name>node/5503514124</name>
<ExtendedData>
<SchemaData schemaUrl="#S_Bellandur_HSR_SSSSSSDDS">
<SimpleData name="features__type">Feature</SimpleData>
<SimpleData name="features__properties___id">node/5503514124</SimpleData>
<SimpleData name="features__properties__highway">street_lamp</SimpleData>
<SimpleData name="features__properties__name">Street Lamp</SimpleData>
<SimpleData name="features__properties__working">no</SimpleData>
<SimpleData name="features__geometry__type">Point</SimpleData>
<SimpleData name="Longitude">77.6447</SimpleData>
<SimpleData name="Latitude">12.9243</SimpleData>
<SimpleData name="features__id">node/5503514124</SimpleData>
</SchemaData>
</ExtendedData>
<Point>
<coordinates>77.64473260000001,12.9243008,0</coordinates>
</Point>
</Placemark>
<Placemark>
<styleUrl>#pointStyleMap</styleUrl><name>node/5503514125</name>
<ExtendedData>
<SchemaData schemaUrl="#S_Bellandur_HSR_SSSSSSDDS">
<SimpleData name="features__type">Feature</SimpleData>
<SimpleData name="features__properties___id">node/5503514125</SimpleData>
<SimpleData name="features__properties__highway">street_lamp</SimpleData>
<SimpleData name="features__properties__name">Street Lamp</SimpleData>
<SimpleData name="features__properties__working">yes</SimpleData>
<SimpleData name="features__geometry__type">Point</SimpleData>
<SimpleData name="Longitude">77.6582</SimpleData>
<SimpleData name="Latitude">12.9226</SimpleData>
<SimpleData name="features__id">node/5503514125</SimpleData>
</SchemaData>
</ExtendedData>
<Point>
<coordinates>77.65824310000001,12.92258910000002,0</coordinates>
</Point>
</Placemark>
<Placemark>
<styleUrl>#pointStyleMap</styleUrl><name>node/5503514126</name>
<ExtendedData>
<SchemaData schemaUrl="#S_Bellandur_HSR_SSSSSSDDS">
<SimpleData name="features__type">Feature</SimpleData>
<SimpleData name="features__properties___id">node/5503514126</SimpleData>
<SimpleData name="features__properties__highway">street_lamp</SimpleData>
<SimpleData name="features__properties__name">Street Lamp</SimpleData>
<SimpleData name="features__properties__working">yes</SimpleData>
<SimpleData name="features__geometry__type">Point</SimpleData>
<SimpleData name="Longitude">77.6444</SimpleData>
<SimpleData name="Latitude">12.9216</SimpleData>
<SimpleData name="features__id">node/5503514126</SimpleData>
</SchemaData>
</ExtendedData>
<Point>
<coordinates>77.64439740000002,12.9216227,0</coordinates>
</Point>
</Placemark>
<Placemark>
<styleUrl>#pointStyleMap</styleUrl><name>node/5503514127</name>
<ExtendedData>
<SchemaData schemaUrl="#S_Bellandur_HSR_SSSSSSDDS">
<SimpleData name="features__type">Feature</SimpleData>
<SimpleData name="features__properties___id">node/5503514127</SimpleData>
<SimpleData name="features__properties__highway">street_lamp</SimpleData>
<SimpleData name="features__properties__name">Street Lamp</SimpleData>
<SimpleData name="features__properties__working">no</SimpleData>
<SimpleData name="features__geometry__type">Point</SimpleData>
<SimpleData name="Longitude">77.6513</SimpleData>
<SimpleData name="Latitude">12.9062</SimpleData>
<SimpleData name="features__id">node/5503514127</SimpleData>
</SchemaData>
</ExtendedData>
<Point>
<coordinates>77.65132989999999,12.9062099,0</coordinates>
</Point>
</Placemark>
<Placemark>
<styleUrl>#pointStyleMap</styleUrl><name>node/5503514128</name>
<ExtendedData>
<SchemaData schemaUrl="#S_Bellandur_HSR_SSSSSSDDS">
<SimpleData name="features__type">Feature</SimpleData>
<SimpleData name="features__properties___id">node/5503514128</SimpleData>
<SimpleData name="features__properties__highway">street_lamp</SimpleData>
<SimpleData name="features__properties__name">Street Lamp</SimpleData>
<SimpleData name="features__properties__working">yes</SimpleData>
<SimpleData name="features__geometry__type">Point</SimpleData>
<SimpleData name="Longitude">77.6555</SimpleData>
<SimpleData name="Latitude">12.9235</SimpleData>
<SimpleData name="features__id">node/5503514128</SimpleData>
</SchemaData>
</ExtendedData>
<Point>
<coordinates>77.65547090000001,12.92350830000002,0</coordinates>
</Point>
</Placemark>
<Placemark>
<styleUrl>#pointStyleMap</styleUrl><name>node/5503514129</name>
<ExtendedData>
<SchemaData schemaUrl="#S_Bellandur_HSR_SSSSSSDDS">
<SimpleData name="features__type">Feature</SimpleData>
<SimpleData name="features__properties___id">node/5503514129</SimpleData>
<SimpleData name="features__properties__highway">street_lamp</SimpleData>
<SimpleData name="features__properties__name">Street Lamp</SimpleData>
<SimpleData name="features__properties__working">yes</SimpleData>
<SimpleData name="features__geometry__type">Point</SimpleData>
<SimpleData name="Longitude">77.6426</SimpleData>
<SimpleData name="Latitude">12.9194</SimpleData>
<SimpleData name="features__id">node/5503514129</SimpleData>
</SchemaData>
</ExtendedData>
<Point>
<coordinates>77.64260239999997,12.9194185,0</coordinates>
</Point>
</Placemark>
<Placemark>
<styleUrl>#pointStyleMap</styleUrl><name>node/5503514130</name>
<ExtendedData>
<SchemaData schemaUrl="#S_Bellandur_HSR_SSSSSSDDS">
<SimpleData name="features__type">Feature</SimpleData>
<SimpleData name="features__properties___id">node/5503514130</SimpleData>
<SimpleData name="features__properties__highway">street_lamp</SimpleData>
<SimpleData name="features__properties__name">Street Lamp</SimpleData>
<SimpleData name="features__properties__working">yes</SimpleData>
<SimpleData name="features__geometry__type">Point</SimpleData>
<SimpleData name="Longitude">77.6519</SimpleData>
<SimpleData name="Latitude">12.9243</SimpleData>
<SimpleData name="features__id">node/5503514130</SimpleData>
</SchemaData>
</ExtendedData>
<Point>
<coordinates>77.65186069999999,12.92426869999998,0</coordinates>
</Point>
</Placemark>
<Placemark>
<styleUrl>#pointStyleMap</styleUrl><name>node/5503514132</name>
<ExtendedData>
<SchemaData schemaUrl="#S_Bellandur_HSR_SSSSSSDDS">
<SimpleData name="features__type">Feature</SimpleData>
<SimpleData name="features__properties___id">node/5503514132</SimpleData>
<SimpleData name="features__properties__highway">street_lamp</SimpleData>
<SimpleData name="features__properties__name">Street Lamp</SimpleData>
<SimpleData name="features__properties__working">no</SimpleData>
<SimpleData name="features__geometry__type">Point</SimpleData>
<SimpleData name="Longitude">77.6487</SimpleData>
<SimpleData name="Latitude">12.9244</SimpleData>
<SimpleData name="features__id">node/5503514132</SimpleData>
</SchemaData>
</ExtendedData>
<Point>
<coordinates>77.64868690000002,12.9243747,0</coordinates>
</Point>
</Placemark>
<Placemark>
<styleUrl>#pointStyleMap</styleUrl><name>node/5503514133</name>
<ExtendedData>
<SchemaData schemaUrl="#S_Bellandur_HSR_SSSSSSDDS">
<SimpleData name="features__type">Feature</SimpleData>
<SimpleData name="features__properties___id">node/5503514133</SimpleData>
<SimpleData name="features__properties__highway">street_lamp</SimpleData>
<SimpleData name="features__properties__name">Street Lamp</SimpleData>
<SimpleData name="features__properties__working">no</SimpleData>
<SimpleData name="features__geometry__type">Point</SimpleData>
<SimpleData name="Longitude">77.64</SimpleData>
<SimpleData name="Latitude">12.9236</SimpleData>
<SimpleData name="features__id">node/5503514133</SimpleData>
</SchemaData>
</ExtendedData>
<Point>
<coordinates>77.63997169999998,12.92362330000002,0</coordinates>
</Point>
</Placemark>
<Placemark>
<styleUrl>#pointStyleMap</styleUrl><name>node/5503514134</name>
<ExtendedData>
<SchemaData schemaUrl="#S_Bellandur_HSR_SSSSSSDDS">
<SimpleData name="features__type">Feature</SimpleData>
<SimpleData name="features__properties___id">node/5503514134</SimpleData>
<SimpleData name="features__properties__highway">street_lamp</SimpleData>
<SimpleData name="features__properties__name">Street Lamp</SimpleData>
<SimpleData name="features__properties__working">yes</SimpleData>
<SimpleData name="features__geometry__type">Point</SimpleData>
<SimpleData name="Longitude">77.6601</SimpleData>
<SimpleData name="Latitude">12.9221</SimpleData>
<SimpleData name="features__id">node/5503514134</SimpleData>
</SchemaData>
</ExtendedData>
<Point>
<coordinates>77.66009050000002,12.92205539999999,0</coordinates>
</Point>
</Placemark>
<Placemark>
<styleUrl>#pointStyleMap</styleUrl><name>node/5503514135</name>
<ExtendedData>
<SchemaData schemaUrl="#S_Bellandur_HSR_SSSSSSDDS">
<SimpleData name="features__type">Feature</SimpleData>
<SimpleData name="features__properties___id">node/5503514135</SimpleData>
<SimpleData name="features__properties__highway">street_lamp</SimpleData>
<SimpleData name="features__properties__name">Street Lamp</SimpleData>
<SimpleData name="features__properties__working">no</SimpleData>
<SimpleData name="features__geometry__type">Point</SimpleData>
<SimpleData name="Longitude">77.6458</SimpleData>
<SimpleData name="Latitude">12.9227</SimpleData>
<SimpleData name="features__id">node/5503514135</SimpleData>
</SchemaData>
</ExtendedData>
<Point>
<coordinates>77.64583600000002,12.92273879999998,0</coordinates>
</Point>
</Placemark>
<Placemark>
<styleUrl>#pointStyleMap</styleUrl><name>node/5503514136</name>
<ExtendedData>
<SchemaData schemaUrl="#S_Bellandur_HSR_SSSSSSDDS">
<SimpleData name="features__type">Feature</SimpleData>
<SimpleData name="features__properties___id">node/5503514136</SimpleData>
<SimpleData name="features__properties__highway">street_lamp</SimpleData>
<SimpleData name="features__properties__name">Street Lamp</SimpleData>
<SimpleData name="features__properties__working">no</SimpleData>
<SimpleData name="features__geometry__type">Point</SimpleData>
<SimpleData name="Longitude">77.6479</SimpleData>
<SimpleData name="Latitude">12.9246</SimpleData>
<SimpleData name="features__id">node/5503514136</SimpleData>
</SchemaData>
</ExtendedData>
<Point>
<coordinates>77.6478573,12.9245572,0</coordinates>
</Point>
</Placemark>
<Placemark>
<styleUrl>#pointStyleMap</styleUrl><name>node/5503514137</name>
<ExtendedData>
<SchemaData schemaUrl="#S_Bellandur_HSR_SSSSSSDDS">
<SimpleData name="features__type">Feature</SimpleData>
<SimpleData name="features__properties___id">node/5503514137</SimpleData>
<SimpleData name="features__properties__highway">street_lamp</SimpleData>
<SimpleData name="features__properties__name">Street Lamp</SimpleData>
<SimpleData name="features__properties__working">no</SimpleData>
<SimpleData name="features__geometry__type">Point</SimpleData>
<SimpleData name="Longitude">77.6574</SimpleData>
<SimpleData name="Latitude">12.923</SimpleData>
<SimpleData name="features__id">node/5503514137</SimpleData>
</SchemaData>
</ExtendedData>
<Point>
<coordinates>77.65735740000002,12.92303630000001,0</coordinates>
</Point>
</Placemark>
<Placemark>
<styleUrl>#pointStyleMap</styleUrl><name>node/5503514138</name>
<ExtendedData>
<SchemaData schemaUrl="#S_Bellandur_HSR_SSSSSSDDS">
<SimpleData name="features__type">Feature</SimpleData>
<SimpleData name="features__properties___id">node/5503514138</SimpleData>
<SimpleData name="features__properties__highway">street_lamp</SimpleData>
<SimpleData name="features__properties__name">Street Lamp</SimpleData>
<SimpleData name="features__properties__working">yes</SimpleData>
<SimpleData name="features__geometry__type">Point</SimpleData>
<SimpleData name="Longitude">77.6437</SimpleData>
<SimpleData name="Latitude">12.9205</SimpleData>
<SimpleData name="features__id">node/5503514138</SimpleData>
</SchemaData>
</ExtendedData>
<Point>
<coordinates>77.64372709999999,12.92050180000002,0</coordinates>
</Point>
</Placemark>
<Placemark>
<styleUrl>#pointStyleMap</styleUrl><name>node/5503514139</name>
<ExtendedData>
<SchemaData schemaUrl="#S_Bellandur_HSR_SSSSSSDDS">
<SimpleData name="features__type">Feature</SimpleData>
<SimpleData name="features__properties___id">node/5503514139</SimpleData>
<SimpleData name="features__properties__highway">street_lamp</SimpleData>
<SimpleData name="features__properties__name">Street Lamp</SimpleData>
<SimpleData name="features__properties__working">no</SimpleData>
<SimpleData name="features__geometry__type">Point</SimpleData>
<SimpleData name="Longitude">77.6537</SimpleData>
<SimpleData name="Latitude">12.924</SimpleData>
<SimpleData name="features__id">node/5503514139</SimpleData>
</SchemaData>
</ExtendedData>
<Point>
<coordinates>77.65374639999997,12.9239848,0</coordinates>
</Point>
</Placemark>
<Placemark>
<styleUrl>#pointStyleMap</styleUrl><name>node/5503514140</name>
<ExtendedData>
<SchemaData schemaUrl="#S_Bellandur_HSR_SSSSSSDDS">
<SimpleData name="features__type">Feature</SimpleData>
<SimpleData name="features__properties___id">node/5503514140</SimpleData>
<SimpleData name="features__properties__highway">street_lamp</SimpleData>
<SimpleData name="features__properties__name">Street Lamp</SimpleData>
<SimpleData name="features__properties__working">yes</SimpleData>
<SimpleData name="features__geometry__type">Point</SimpleData>
<SimpleData name="Longitude">77.642</SimpleData>
<SimpleData name="Latitude">12.9183</SimpleData>
<SimpleData name="features__id">node/5503514140</SimpleData>
</SchemaData>
</ExtendedData>
<Point>
<coordinates>77.64197400000002,12.91826679999999,0</coordinates>
</Point>
</Placemark>
<Placemark>
<styleUrl>#pointStyleMap</styleUrl><name>node/5503514141</name>
<ExtendedData>
<SchemaData schemaUrl="#S_Bellandur_HSR_SSSSSSDDS">
<SimpleData name="features__type">Feature</SimpleData>
<SimpleData name="features__properties___id">node/5503514141</SimpleData>
<SimpleData name="features__properties__highway">street_lamp</SimpleData>
<SimpleData name="features__properties__name">Street Lamp</SimpleData>
<SimpleData name="features__properties__working">no</SimpleData>
<SimpleData name="features__geometry__type">Point</SimpleData>
<SimpleData name="Longitude">77.6508</SimpleData>
<SimpleData name="Latitude">12.9245</SimpleData>
<SimpleData name="features__id">node/5503514141</SimpleData>
</SchemaData>
</ExtendedData>
<Point>
<coordinates>77.65075589999998,12.92448519999999,0</coordinates>
</Point>
</Placemark>
<Placemark>
<styleUrl>#pointStyleMap</styleUrl><name>node/5503514143</name>
<ExtendedData>
<SchemaData schemaUrl="#S_Bellandur_HSR_SSSSSSDDS">
<SimpleData name="features__type">Feature</SimpleData>
<SimpleData name="features__properties___id">node/5503514143</SimpleData>
<SimpleData name="features__properties__highway">street_lamp</SimpleData>
<SimpleData name="features__properties__name">Street Lamp</SimpleData>
<SimpleData name="features__properties__working">no</SimpleData>
<SimpleData name="features__geometry__type">Point</SimpleData>
<SimpleData name="Longitude">77.6615</SimpleData>
<SimpleData name="Latitude">12.9215</SimpleData>
<SimpleData name="features__id">node/5503514143</SimpleData>
</SchemaData>
</ExtendedData>
<Point>
<coordinates>77.6614934,12.92149440000001,0</coordinates>
</Point>
</Placemark>
<Placemark>
<styleUrl>#pointStyleMap</styleUrl><name>node/5503514144</name>
<ExtendedData>
<SchemaData schemaUrl="#S_Bellandur_HSR_SSSSSSDDS">
<SimpleData name="features__type">Feature</SimpleData>
<SimpleData name="features__properties___id">node/5503514144</SimpleData>
<SimpleData name="features__properties__highway">street_lamp</SimpleData>
<SimpleData name="features__properties__name">Street Lamp</SimpleData>
<SimpleData name="features__properties__working">yes</SimpleData>
<SimpleData name="features__geometry__type">Point</SimpleData>
<SimpleData name="Longitude">77.6476</SimpleData>
<SimpleData name="Latitude">12.9243</SimpleData>
<SimpleData name="features__id">node/5503514144</SimpleData>
</SchemaData>
</ExtendedData>
<Point>
<coordinates>77.64763700000003,12.92426410000001,0</coordinates>
</Point>
</Placemark>
<Placemark>
<styleUrl>#pointStyleMap</styleUrl><name>node/5503514145</name>
<ExtendedData>
<SchemaData schemaUrl="#S_Bellandur_HSR_SSSSSSDDS">
<SimpleData name="features__type">Feature</SimpleData>
<SimpleData name="features__properties___id">node/5503514145</SimpleData>
<SimpleData name="features__properties__highway">street_lamp</SimpleData>
<SimpleData name="features__properties__name">Street Lamp</SimpleData>
<SimpleData name="features__properties__working">no</SimpleData>
<SimpleData name="features__geometry__type">Point</SimpleData>
<SimpleData name="Longitude">77.6428</SimpleData>
<SimpleData name="Latitude">12.9237</SimpleData>
<SimpleData name="features__id">node/5503514145</SimpleData>
</SchemaData>
</ExtendedData>
<Point>
<coordinates>77.64280229999997,12.92369389999999,0</coordinates>
</Point>
</Placemark>
<Placemark>
<styleUrl>#pointStyleMap</styleUrl><name>node/5503514146</name>
<ExtendedData>
<SchemaData schemaUrl="#S_Bellandur_HSR_SSSSSSDDS">
<SimpleData name="features__type">Feature</SimpleData>
<SimpleData name="features__properties___id">node/5503514146</SimpleData>
<SimpleData name="features__properties__highway">street_lamp</SimpleData>
<SimpleData name="features__properties__name">Street Lamp</SimpleData>
<SimpleData name="features__properties__working">yes</SimpleData>
<SimpleData name="features__geometry__type">Point</SimpleData>
<SimpleData name="Longitude">77.6588</SimpleData>
<SimpleData name="Latitude">12.9223</SimpleData>
<SimpleData name="features__id">node/5503514146</SimpleData>
</SchemaData>
</ExtendedData>
<Point>
<coordinates>77.658767,12.92227500000001,0</coordinates>
</Point>
</Placemark>
<Placemark>
<styleUrl>#pointStyleMap</styleUrl><name>node/5503514147</name>
<ExtendedData>
<SchemaData schemaUrl="#S_Bellandur_HSR_SSSSSSDDS">
<SimpleData name="features__type">Feature</SimpleData>
<SimpleData name="features__properties___id">node/5503514147</SimpleData>
<SimpleData name="features__properties__highway">street_lamp</SimpleData>
<SimpleData name="features__properties__name">Street Lamp</SimpleData>
<SimpleData name="features__properties__working">yes</SimpleData>
<SimpleData name="features__geometry__type">Point</SimpleData>
<SimpleData name="Longitude">77.645</SimpleData>
<SimpleData name="Latitude">12.9222</SimpleData>
<SimpleData name="features__id">node/5503514147</SimpleData>
</SchemaData>
</ExtendedData>
<Point>
<coordinates>77.6450305,12.92217999999999,0</coordinates>
</Point>
</Placemark>
<Placemark>
<styleUrl>#pointStyleMap</styleUrl><name>node/5503514148</name>
<ExtendedData>
<SchemaData schemaUrl="#S_Bellandur_HSR_SSSSSSDDS">
<SimpleData name="features__type">Feature</SimpleData>
<SimpleData name="features__properties___id">node/5503514148</SimpleData>
<SimpleData name="features__properties__highway">street_lamp</SimpleData>
<SimpleData name="features__properties__name">Street Lamp</SimpleData>
<SimpleData name="features__properties__working">yes</SimpleData>
<SimpleData name="features__geometry__type">Point</SimpleData>
<SimpleData name="Longitude">77.6519</SimpleData>
<SimpleData name="Latitude">12.9099</SimpleData>
<SimpleData name="features__id">node/5503514148</SimpleData>
</SchemaData>
</ExtendedData>
<Point>
<coordinates>77.65187000000003,12.90990319999999,0</coordinates>
</Point>
</Placemark>
<Placemark>
<styleUrl>#pointStyleMap</styleUrl><name>node/5503514149</name>
<ExtendedData>
<SchemaData schemaUrl="#S_Bellandur_HSR_SSSSSSDDS">
<SimpleData name="features__type">Feature</SimpleData>
<SimpleData name="features__properties___id">node/5503514149</SimpleData>
<SimpleData name="features__properties__highway">street_lamp</SimpleData>
<SimpleData name="features__properties__name">Street Lamp</SimpleData>
<SimpleData name="features__properties__working">yes</SimpleData>
<SimpleData name="features__geometry__type">Point</SimpleData>
<SimpleData name="Longitude">77.6561</SimpleData>
<SimpleData name="Latitude">12.9232</SimpleData>
<SimpleData name="features__id">node/5503514149</SimpleData>
</SchemaData>
</ExtendedData>
<Point>
<coordinates>77.65610620000002,12.9232226,0</coordinates>
</Point>
</Placemark>
<Placemark>
<styleUrl>#pointStyleMap</styleUrl><name>node/5503514150</name>
<ExtendedData>
<SchemaData schemaUrl="#S_Bellandur_HSR_SSSSSSDDS">
<SimpleData name="features__type">Feature</SimpleData>
<SimpleData name="features__properties___id">node/5503514150</SimpleData>
<SimpleData name="features__properties__highway">street_lamp</SimpleData>
<SimpleData name="features__properties__name">Street Lamp</SimpleData>
<SimpleData name="features__properties__working">yes</SimpleData>
<SimpleData name="features__geometry__type">Point</SimpleData>
<SimpleData name="Longitude">77.6431</SimpleData>
<SimpleData name="Latitude">12.9199</SimpleData>
<SimpleData name="features__id">node/5503514150</SimpleData>
</SchemaData>
</ExtendedData>
<Point>
<coordinates>77.64309909999999,12.91989549999998,0</coordinates>
</Point>
</Placemark>
<Placemark>
<styleUrl>#pointStyleMap</styleUrl><name>node/5503514151</name>
<ExtendedData>
<SchemaData schemaUrl="#S_Bellandur_HSR_SSSSSSDDS">
<SimpleData name="features__type">Feature</SimpleData>
<SimpleData name="features__properties___id">node/5503514151</SimpleData>
<SimpleData name="features__properties__highway">street_lamp</SimpleData>
<SimpleData name="features__properties__name">Street Lamp</SimpleData>
<SimpleData name="features__properties__working">yes</SimpleData>
<SimpleData name="features__geometry__type">Point</SimpleData>
<SimpleData name="Longitude">77.6526</SimpleData>
<SimpleData name="Latitude">12.9242</SimpleData>
<SimpleData name="features__id">node/5503514151</SimpleData>
</SchemaData>
</ExtendedData>
<Point>
<coordinates>77.65262750000001,12.9241954,0</coordinates>
</Point>
</Placemark>
<Placemark>
<styleUrl>#pointStyleMap</styleUrl><name>node/5503514152</name>
<ExtendedData>
<SchemaData schemaUrl="#S_Bellandur_HSR_SSSSSSDDS">
<SimpleData name="features__type">Feature</SimpleData>
<SimpleData name="features__properties___id">node/5503514152</SimpleData>
<SimpleData name="features__properties__highway">street_lamp</SimpleData>
<SimpleData name="features__properties__name">Street Lamp</SimpleData>
<SimpleData name="features__properties__working">yes</SimpleData>
<SimpleData name="features__geometry__type">Point</SimpleData>
<SimpleData name="Longitude">77.6413</SimpleData>
<SimpleData name="Latitude">12.9177</SimpleData>
<SimpleData name="features__id">node/5503514152</SimpleData>
</SchemaData>
</ExtendedData>
<Point>
<coordinates>77.64126529999997,12.9176989,0</coordinates>
</Point>
</Placemark>
<Placemark>
<styleUrl>#pointStyleMap</styleUrl><name>node/5503514153</name>
<ExtendedData>
<SchemaData schemaUrl="#S_Bellandur_HSR_SSSSSSDDS">
<SimpleData name="features__type">Feature</SimpleData>
<SimpleData name="features__properties___id">node/5503514153</SimpleData>
<SimpleData name="features__properties__highway">street_lamp</SimpleData>
<SimpleData name="features__properties__name">Street Lamp</SimpleData>
<SimpleData name="features__properties__working">yes</SimpleData>
<SimpleData name="features__geometry__type">Point</SimpleData>
<SimpleData name="Longitude">77.6496</SimpleData>
<SimpleData name="Latitude">12.9244</SimpleData>
<SimpleData name="features__id">node/5503514153</SimpleData>
</SchemaData>
</ExtendedData>
<Point>
<coordinates>77.6495721,12.9244404,0</coordinates>
</Point>
</Placemark>
<Placemark>
<styleUrl>#pointStyleMap</styleUrl><name>node/5503514155</name>
<ExtendedData>
<SchemaData schemaUrl="#S_Bellandur_HSR_SSSSSSDDS">
<SimpleData name="features__type">Feature</SimpleData>
<SimpleData name="features__properties___id">node/5503514155</SimpleData>
<SimpleData name="features__properties__highway">street_lamp</SimpleData>
<SimpleData name="features__properties__name">Street Lamp</SimpleData>
<SimpleData name="features__properties__working">yes</SimpleData>
<SimpleData name="features__geometry__type">Point</SimpleData>
<SimpleData name="Longitude">77.6606</SimpleData>
<SimpleData name="Latitude">12.9218</SimpleData>
<SimpleData name="features__id">node/5503514155</SimpleData>
</SchemaData>
</ExtendedData>
<Point>
<coordinates>77.66064150000001,12.92178080000001,0</coordinates>
</Point>
</Placemark>
<Placemark>
<styleUrl>#pointStyleMap</styleUrl><name>node/5503514156</name>
<ExtendedData>
<SchemaData schemaUrl="#S_Bellandur_HSR_SSSSSSDDS">
<SimpleData name="features__type">Feature</SimpleData>
<SimpleData name="features__properties___id">node/5503514156</SimpleData>
<SimpleData name="features__properties__highway">street_lamp</SimpleData>
<SimpleData name="features__properties__name">Street Lamp</SimpleData>
<SimpleData name="features__properties__working">yes</SimpleData>
<SimpleData name="features__geometry__type">Point</SimpleData>
<SimpleData name="Longitude">77.6465</SimpleData>
<SimpleData name="Latitude">12.9236</SimpleData>
<SimpleData name="features__id">node/5503514156</SimpleData>
</SchemaData>
</ExtendedData>
<Point>
<coordinates>77.64653169999995,12.92359769999998,0</coordinates>
</Point>
</Placemark>
<Placemark>
<styleUrl>#pointStyleMap</styleUrl><name>node/5503514157</name>
<ExtendedData>
<SchemaData schemaUrl="#S_Bellandur_HSR_SSSSSSDDS">
<SimpleData name="features__type">Feature</SimpleData>
<SimpleData name="features__properties___id">node/5503514157</SimpleData>
<SimpleData name="features__properties__highway">street_lamp</SimpleData>
<SimpleData name="features__properties__name">Street Lamp</SimpleData>
<SimpleData name="features__properties__working">no</SimpleData>
<SimpleData name="features__geometry__type">Point</SimpleData>
<SimpleData name="Longitude">77.6457</SimpleData>
<SimpleData name="Latitude">12.9245</SimpleData>
<SimpleData name="features__id">node/5503514157</SimpleData>
</SchemaData>
</ExtendedData>
<Point>
<coordinates>77.64566190000001,12.92445010000001,0</coordinates>
</Point>
</Placemark>
<Placemark>
<styleUrl>#pointStyleMap</styleUrl><name>node/5503514158</name>
<ExtendedData>
<SchemaData schemaUrl="#S_Bellandur_HSR_SSSSSSDDS">
<SimpleData name="features__type">Feature</SimpleData>
<SimpleData name="features__properties___id">node/5503514158</SimpleData>
<SimpleData name="features__properties__highway">street_lamp</SimpleData>
<SimpleData name="features__properties__name">Street Lamp</SimpleData>
<SimpleData name="features__properties__working">yes</SimpleData>
<SimpleData name="features__geometry__type">Point</SimpleData>
<SimpleData name="Longitude">77.6579</SimpleData>
<SimpleData name="Latitude">12.9227</SimpleData>
<SimpleData name="features__id">node/5503514158</SimpleData>
</SchemaData>
</ExtendedData>
<Point>
<coordinates>77.65791419999998,12.92270949999999,0</coordinates>
</Point>
</Placemark>
<Placemark>
<styleUrl>#pointStyleMap</styleUrl><name>node/5503514159</name>
<ExtendedData>
<SchemaData schemaUrl="#S_Bellandur_HSR_SSSSSSDDS">
<SimpleData name="features__type">Feature</SimpleData>
<SimpleData name="features__properties___id">node/5503514159</SimpleData>
<SimpleData name="features__properties__highway">street_lamp</SimpleData>
<SimpleData name="features__properties__name">Street Lamp</SimpleData>
<SimpleData name="features__properties__working">no</SimpleData>
<SimpleData name="features__geometry__type">Point</SimpleData>
<SimpleData name="Longitude">77.6442</SimpleData>
<SimpleData name="Latitude">12.9214</SimpleData>
<SimpleData name="features__id">node/5503514159</SimpleData>
</SchemaData>
</ExtendedData>
<Point>
<coordinates>77.64416490000001,12.92140269999998,0</coordinates>
</Point>
</Placemark>
<Placemark>
<styleUrl>#pointStyleMap</styleUrl><name>node/5503514160</name>
<ExtendedData>
<SchemaData schemaUrl="#S_Bellandur_HSR_SSSSSSDDS">
<SimpleData name="features__type">Feature</SimpleData>
<SimpleData name="features__properties___id">node/5503514160</SimpleData>
<SimpleData name="features__properties__highway">street_lamp</SimpleData>
<SimpleData name="features__properties__name">Street Lamp</SimpleData>
<SimpleData name="features__properties__working">yes</SimpleData>
<SimpleData name="features__geometry__type">Point</SimpleData>
<SimpleData name="Longitude">77.6549</SimpleData>
<SimpleData name="Latitude">12.9236</SimpleData>
<SimpleData name="features__id">node/5503514160</SimpleData>
</SchemaData>
</ExtendedData>
<Point>
<coordinates>77.65491680000001,12.92364680000001,0</coordinates>
</Point>
</Placemark>
<Placemark>
<styleUrl>#pointStyleMap</styleUrl><name>node/5503514161</name>
<ExtendedData>
<SchemaData schemaUrl="#S_Bellandur_HSR_SSSSSSDDS">
<SimpleData name="features__type">Feature</SimpleData>
<SimpleData name="features__properties___id">node/5503514161</SimpleData>
<SimpleData name="features__properties__highway">street_lamp</SimpleData>
<SimpleData name="features__properties__name">Street Lamp</SimpleData>
<SimpleData name="features__properties__working">yes</SimpleData>
<SimpleData name="features__geometry__type">Point</SimpleData>
<SimpleData name="Longitude">77.6424</SimpleData>
<SimpleData name="Latitude">12.9192</SimpleData>
<SimpleData name="features__id">node/5503514161</SimpleData>
</SchemaData>
</ExtendedData>
<Point>
<coordinates>77.64238820000004,12.91918390000001,0</coordinates>
</Point>
</Placemark>
<Placemark>
<styleUrl>#pointStyleMap</styleUrl><name>node/5503514162</name>
<ExtendedData>
<SchemaData schemaUrl="#S_Bellandur_HSR_SSSSSSDDS">
<SimpleData name="features__type">Feature</SimpleData>
<SimpleData name="features__properties___id">node/5503514162</SimpleData>
<SimpleData name="features__properties__highway">street_lamp</SimpleData>
<SimpleData name="features__properties__name">Street Lamp</SimpleData>
<SimpleData name="features__properties__working">yes</SimpleData>
<SimpleData name="features__geometry__type">Point</SimpleData>
<SimpleData name="Longitude">77.6515</SimpleData>
<SimpleData name="Latitude">12.9244</SimpleData>
<SimpleData name="features__id">node/5503514162</SimpleData>
</SchemaData>
</ExtendedData>
<Point>
<coordinates>77.6515096,12.92442759999998,0</coordinates>
</Point>
</Placemark>
<Placemark>
<styleUrl>#pointStyleMap</styleUrl><name>node/5503514164</name>
<ExtendedData>
<SchemaData schemaUrl="#S_Bellandur_HSR_SSSSSSDDS">
<SimpleData name="features__type">Feature</SimpleData>
<SimpleData name="features__properties___id">node/5503514164</SimpleData>
<SimpleData name="features__properties__highway">street_lamp</SimpleData>
<SimpleData name="features__properties__name">Street Lamp</SimpleData>
<SimpleData name="features__properties__working">no</SimpleData>
<SimpleData name="features__geometry__type">Point</SimpleData>
<SimpleData name="Longitude">77.6483</SimpleData>
<SimpleData name="Latitude">12.9244</SimpleData>
<SimpleData name="features__id">node/5503514164</SimpleData>
</SchemaData>
</ExtendedData>
<Point>
<coordinates>77.64831679999998,12.9244389,0</coordinates>
</Point>
</Placemark>
<Placemark>
<styleUrl>#pointStyleMap</styleUrl><name>node/5503514165</name>
<ExtendedData>
<SchemaData schemaUrl="#S_Bellandur_HSR_SSSSSSDDS">
<SimpleData name="features__type">Feature</SimpleData>
<SimpleData name="features__properties___id">node/5503514165</SimpleData>
<SimpleData name="features__properties__highway">street_lamp</SimpleData>
<SimpleData name="features__properties__name">Street Lamp</SimpleData>
<SimpleData name="features__properties__working">no</SimpleData>
<SimpleData name="features__geometry__type">Point</SimpleData>
<SimpleData name="Longitude">77.6407</SimpleData>
<SimpleData name="Latitude">12.9235</SimpleData>
<SimpleData name="features__id">node/5503514165</SimpleData>
</SchemaData>
</ExtendedData>
<Point>
<coordinates>77.6407092,12.9235206,0</coordinates>
</Point>
</Placemark>
<Placemark>
<styleUrl>#pointStyleMap</styleUrl><name>node/5503514166</name>
<ExtendedData>
<SchemaData schemaUrl="#S_Bellandur_HSR_SSSSSSDDS">
<SimpleData name="features__type">Feature</SimpleData>
<SimpleData name="features__properties___id">node/5503514166</SimpleData>
<SimpleData name="features__properties__highway">street_lamp</SimpleData>
<SimpleData name="features__properties__name">Street Lamp</SimpleData>
<SimpleData name="features__properties__working">yes</SimpleData>
<SimpleData name="features__geometry__type">Point</SimpleData>
<SimpleData name="Longitude">77.6598</SimpleData>
<SimpleData name="Latitude">12.9222</SimpleData>
<SimpleData name="features__id">node/5503514166</SimpleData>
</SchemaData>
</ExtendedData>
<Point>
<coordinates>77.65977989999999,12.9221574,0</coordinates>
</Point>
</Placemark>
<Placemark>
<styleUrl>#pointStyleMap</styleUrl><name>node/5503514167</name>
<ExtendedData>
<SchemaData schemaUrl="#S_Bellandur_HSR_SSSSSSDDS">
<SimpleData name="features__type">Feature</SimpleData>
<SimpleData name="features__properties___id">node/5503514167</SimpleData>
<SimpleData name="features__properties__highway">street_lamp</SimpleData>
<SimpleData name="features__properties__name">Street Lamp</SimpleData>
<SimpleData name="features__properties__working">no</SimpleData>
<SimpleData name="features__geometry__type">Point</SimpleData>
<SimpleData name="Longitude">77.6456</SimpleData>
<SimpleData name="Latitude">12.9225</SimpleData>
<SimpleData name="features__id">node/5503514167</SimpleData>
</SchemaData>
</ExtendedData>
<Point>
<coordinates>77.64555640000003,12.92249180000001,0</coordinates>
</Point>
</Placemark>
<Placemark>
<styleUrl>#pointStyleMap</styleUrl><name>node/5503514168</name>
<ExtendedData>
<SchemaData schemaUrl="#S_Bellandur_HSR_SSSSSSDDS">
<SimpleData name="features__type">Feature</SimpleData>
<SimpleData name="features__properties___id">node/5503514168</SimpleData>
<SimpleData name="features__properties__highway">street_lamp</SimpleData>
<SimpleData name="features__properties__name">Street Lamp</SimpleData>
<SimpleData name="features__properties__working">no</SimpleData>
<SimpleData name="features__geometry__type">Point</SimpleData>
<SimpleData name="Longitude">77.6487</SimpleData>
<SimpleData name="Latitude">12.9246</SimpleData>
<SimpleData name="features__id">node/5503514168</SimpleData>
</SchemaData>
</ExtendedData>
<Point>
<coordinates>77.64874259999999,12.92461650000003,0</coordinates>
</Point>
</Placemark>
<Placemark>
<styleUrl>#pointStyleMap</styleUrl><name>node/5503514169</name>
<ExtendedData>
<SchemaData schemaUrl="#S_Bellandur_HSR_SSSSSSDDS">
<SimpleData name="features__type">Feature</SimpleData>
<SimpleData name="features__properties___id">node/5503514169</SimpleData>
<SimpleData name="features__properties__highway">street_lamp</SimpleData>
<SimpleData name="features__properties__name">Street Lamp</SimpleData>
<SimpleData name="features__properties__working">yes</SimpleData>
<SimpleData name="features__geometry__type">Point</SimpleData>
<SimpleData name="Longitude">77.6571</SimpleData>
<SimpleData name="Latitude">12.9231</SimpleData>
<SimpleData name="features__id">node/5503514169</SimpleData>
</SchemaData>
</ExtendedData>
<Point>
<coordinates>77.6570861,12.92313530000001,0</coordinates>
</Point>
</Placemark>
<Placemark>
<styleUrl>#pointStyleMap</styleUrl><name>node/5503514170</name>
<ExtendedData>
<SchemaData schemaUrl="#S_Bellandur_HSR_SSSSSSDDS">
<SimpleData name="features__type">Feature</SimpleData>
<SimpleData name="features__properties___id">node/5503514170</SimpleData>
<SimpleData name="features__properties__highway">street_lamp</SimpleData>
<SimpleData name="features__properties__name">Street Lamp</SimpleData>
<SimpleData name="features__properties__working">no</SimpleData>
<SimpleData name="features__geometry__type">Point</SimpleData>
<SimpleData name="Longitude">77.6435</SimpleData>
<SimpleData name="Latitude">12.9203</SimpleData>
<SimpleData name="features__id">node/5503514170</SimpleData>
</SchemaData>
</ExtendedData>
<Point>
<coordinates>77.64351789999999,12.9202639,0</coordinates>
</Point>
</Placemark>
<Placemark>
<styleUrl>#pointStyleMap</styleUrl><name>node/5503514171</name>
<ExtendedData>
<SchemaData schemaUrl="#S_Bellandur_HSR_SSSSSSDDS">
<SimpleData name="features__type">Feature</SimpleData>
<SimpleData name="features__properties___id">node/5503514171</SimpleData>
<SimpleData name="features__properties__highway">street_lamp</SimpleData>
<SimpleData name="features__properties__name">Street Lamp</SimpleData>
<SimpleData name="features__properties__working">no</SimpleData>
<SimpleData name="features__geometry__type">Point</SimpleData>
<SimpleData name="Longitude">77.6535</SimpleData>
<SimpleData name="Latitude">12.9239</SimpleData>
<SimpleData name="features__id">node/5503514171</SimpleData>
</SchemaData>
</ExtendedData>
<Point>
<coordinates>77.65345120000001,12.92393279999997,0</coordinates>
</Point>
</Placemark>
<Placemark>
<styleUrl>#pointStyleMap</styleUrl><name>node/5503514172</name>
<ExtendedData>
<SchemaData schemaUrl="#S_Bellandur_HSR_SSSSSSDDS">
<SimpleData name="features__type">Feature</SimpleData>
<SimpleData name="features__properties___id">node/5503514172</SimpleData>
<SimpleData name="features__properties__highway">street_lamp</SimpleData>
<SimpleData name="features__properties__name">Street Lamp</SimpleData>
<SimpleData name="features__properties__working">yes</SimpleData>
<SimpleData name="features__geometry__type">Point</SimpleData>
<SimpleData name="Longitude">77.6418</SimpleData>
<SimpleData name="Latitude">12.918</SimpleData>
<SimpleData name="features__id">node/5503514172</SimpleData>
</SchemaData>
</ExtendedData>
<Point>
<coordinates>77.6417805,12.91804740000002,0</coordinates>
</Point>
</Placemark>
<Placemark>
<styleUrl>#pointStyleMap</styleUrl><name>node/5503514173</name>
<ExtendedData>
<SchemaData schemaUrl="#S_Bellandur_HSR_SSSSSSDDS">
<SimpleData name="features__type">Feature</SimpleData>
<SimpleData name="features__properties___id">node/5503514173</SimpleData>
<SimpleData name="features__properties__highway">street_lamp</SimpleData>
<SimpleData name="features__properties__name">Street Lamp</SimpleData>
<SimpleData name="features__properties__working">yes</SimpleData>
<SimpleData name="features__geometry__type">Point</SimpleData>
<SimpleData name="Longitude">77.6504</SimpleData>
<SimpleData name="Latitude">12.9246</SimpleData>
<SimpleData name="features__id">node/5503514173</SimpleData>
</SchemaData>
</ExtendedData>
<Point>
<coordinates>77.6503629,12.92459270000002,0</coordinates>
</Point>
</Placemark>
<Placemark>
<styleUrl>#pointStyleMap</styleUrl><name>node/5503514175</name>
<ExtendedData>
<SchemaData schemaUrl="#S_Bellandur_HSR_SSSSSSDDS">
<SimpleData name="features__type">Feature</SimpleData>
<SimpleData name="features__properties___id">node/5503514175</SimpleData>
<SimpleData name="features__properties__highway">street_lamp</SimpleData>
<SimpleData name="features__properties__name">Street Lamp</SimpleData>
<SimpleData name="features__properties__working">no</SimpleData>
<SimpleData name="features__geometry__type">Point</SimpleData>
<SimpleData name="Longitude">77.6612</SimpleData>
<SimpleData name="Latitude">12.9216</SimpleData>
<SimpleData name="features__id">node/5503514175</SimpleData>
</SchemaData>
</ExtendedData>
<Point>
<coordinates>77.66117680000002,12.9215594,0</coordinates>
</Point>
</Placemark>
<Placemark>
<styleUrl>#pointStyleMap</styleUrl><name>node/5503514176</name>
<ExtendedData>
<SchemaData schemaUrl="#S_Bellandur_HSR_SSSSSSDDS">
<SimpleData name="features__type">Feature</SimpleData>
<SimpleData name="features__properties___id">node/5503514176</SimpleData>
<SimpleData name="features__properties__highway">street_lamp</SimpleData>
<SimpleData name="features__properties__name">Street Lamp</SimpleData>
<SimpleData name="features__properties__working">yes</SimpleData>
<SimpleData name="features__geometry__type">Point</SimpleData>
<SimpleData name="Longitude">77.6471</SimpleData>
<SimpleData name="Latitude">12.9238</SimpleData>
<SimpleData name="features__id">node/5503514176</SimpleData>
</SchemaData>
</ExtendedData>
<Point>
<coordinates>77.6471444,12.92376349999999,0</coordinates>
</Point>
</Placemark>
<Placemark>
<styleUrl>#pointStyleMap</styleUrl><name>node/5503514177</name>
<ExtendedData>
<SchemaData schemaUrl="#S_Bellandur_HSR_SSSSSSDDS">
<SimpleData name="features__type">Feature</SimpleData>
<SimpleData name="features__properties___id">node/5503514177</SimpleData>
<SimpleData name="features__properties__highway">street_lamp</SimpleData>
<SimpleData name="features__properties__name">Street Lamp</SimpleData>
<SimpleData name="features__properties__working">no</SimpleData>
<SimpleData name="features__geometry__type">Point</SimpleData>
<SimpleData name="Longitude">77.6437</SimpleData>
<SimpleData name="Latitude">12.9239</SimpleData>
<SimpleData name="features__id">node/5503514177</SimpleData>
</SchemaData>
</ExtendedData>
<Point>
<coordinates>77.64366319999998,12.9239293,0</coordinates>
</Point>
</Placemark>
<Placemark>
<styleUrl>#pointStyleMap</styleUrl><name>node/5503514178</name>
<ExtendedData>
<SchemaData schemaUrl="#S_Bellandur_HSR_SSSSSSDDS">
<SimpleData name="features__type">Feature</SimpleData>
<SimpleData name="features__properties___id">node/5503514178</SimpleData>
<SimpleData name="features__properties__highway">street_lamp</SimpleData>
<SimpleData name="features__properties__name">Street Lamp</SimpleData>
<SimpleData name="features__properties__working">yes</SimpleData>
<SimpleData name="features__geometry__type">Point</SimpleData>
<SimpleData name="Longitude">77.6585</SimpleData>
<SimpleData name="Latitude">12.9224</SimpleData>
<SimpleData name="features__id">node/5503514178</SimpleData>
</SchemaData>
</ExtendedData>
<Point>
<coordinates>77.65848180000002,12.92238670000002,0</coordinates>
</Point>
</Placemark>
<Placemark>
<styleUrl>#pointStyleMap</styleUrl><name>node/5503514179</name>
<ExtendedData>
<SchemaData schemaUrl="#S_Bellandur_HSR_SSSSSSDDS">
<SimpleData name="features__type">Feature</SimpleData>
<SimpleData name="features__properties___id">node/5503514179</SimpleData>
<SimpleData name="features__properties__highway">street_lamp</SimpleData>
<SimpleData name="features__properties__name">Street Lamp</SimpleData>
<SimpleData name="features__properties__working">yes</SimpleData>
<SimpleData name="features__geometry__type">Point</SimpleData>
<SimpleData name="Longitude">77.6448</SimpleData>
<SimpleData name="Latitude">12.9219</SimpleData>
<SimpleData name="features__id">node/5503514179</SimpleData>
</SchemaData>
</ExtendedData>
<Point>
<coordinates>77.64476409999997,12.9219159,0</coordinates>
</Point>
</Placemark>
<Placemark>
<styleUrl>#pointStyleMap</styleUrl><name>node/5503514180</name>
<ExtendedData>
<SchemaData schemaUrl="#S_Bellandur_HSR_SSSSSSDDS">
<SimpleData name="features__type">Feature</SimpleData>
<SimpleData name="features__properties___id">node/5503514180</SimpleData>
<SimpleData name="features__properties__highway">street_lamp</SimpleData>
<SimpleData name="features__properties__name">Street Lamp</SimpleData>
<SimpleData name="features__properties__working">yes</SimpleData>
<SimpleData name="features__geometry__type">Point</SimpleData>
<SimpleData name="Longitude">77.6518</SimpleData>
<SimpleData name="Latitude">12.9085</SimpleData>
<SimpleData name="features__id">node/5503514180</SimpleData>
</SchemaData>
</ExtendedData>
<Point>
<coordinates>77.65178800000001,12.90852530000001,0</coordinates>
</Point>
</Placemark>
<Placemark>
<styleUrl>#pointStyleMap</styleUrl><name>node/5503514181</name>
<ExtendedData>
<SchemaData schemaUrl="#S_Bellandur_HSR_SSSSSSDDS">
<SimpleData name="features__type">Feature</SimpleData>
<SimpleData name="features__properties___id">node/5503514181</SimpleData>
<SimpleData name="features__properties__highway">street_lamp</SimpleData>
<SimpleData name="features__properties__name">Street Lamp</SimpleData>
<SimpleData name="features__properties__working">yes</SimpleData>
<SimpleData name="features__geometry__type">Point</SimpleData>
<SimpleData name="Longitude">77.6558</SimpleData>
<SimpleData name="Latitude">12.9233</SimpleData>
<SimpleData name="features__id">node/5503514181</SimpleData>
</SchemaData>
</ExtendedData>
<Point>
<coordinates>77.65577029999997,12.9233318,0</coordinates>
</Point>
</Placemark>
<Placemark>
<styleUrl>#pointStyleMap</styleUrl><name>node/5503514182</name>
<ExtendedData>
<SchemaData schemaUrl="#S_Bellandur_HSR_SSSSSSDDS">
<SimpleData name="features__type">Feature</SimpleData>
<SimpleData name="features__properties___id">node/5503514182</SimpleData>
<SimpleData name="features__properties__highway">street_lamp</SimpleData>
<SimpleData name="features__properties__name">Street Lamp</SimpleData>
<SimpleData name="features__properties__working">yes</SimpleData>
<SimpleData name="features__geometry__type">Point</SimpleData>
<SimpleData name="Longitude">77.6429</SimpleData>
<SimpleData name="Latitude">12.9196</SimpleData>
<SimpleData name="features__id">node/5503514182</SimpleData>
</SchemaData>
</ExtendedData>
<Point>
<coordinates>77.64286219999997,12.91961680000002,0</coordinates>
</Point>
</Placemark>
<Placemark>
<styleUrl>#pointStyleMap</styleUrl><name>node/5503514183</name>
<ExtendedData>
<SchemaData schemaUrl="#S_Bellandur_HSR_SSSSSSDDS">
<SimpleData name="features__type">Feature</SimpleData>
<SimpleData name="features__properties___id">node/5503514183</SimpleData>
<SimpleData name="features__properties__highway">street_lamp</SimpleData>
<SimpleData name="features__properties__name">Street Lamp</SimpleData>
<SimpleData name="features__properties__working">yes</SimpleData>
<SimpleData name="features__geometry__type">Point</SimpleData>
<SimpleData name="Longitude">77.6523</SimpleData>
<SimpleData name="Latitude">12.9242</SimpleData>
<SimpleData name="features__id">node/5503514183</SimpleData>
</SchemaData>
</ExtendedData>
<Point>
<coordinates>77.65228159999999,12.92416199999999,0</coordinates>
</Point>
</Placemark>
<Placemark>
<styleUrl>#pointStyleMap</styleUrl><name>node/5503514185</name>
<ExtendedData>
<SchemaData schemaUrl="#S_Bellandur_HSR_SSSSSSDDS">
<SimpleData name="features__type">Feature</SimpleData>
<SimpleData name="features__properties___id">node/5503514185</SimpleData>
<SimpleData name="features__properties__highway">street_lamp</SimpleData>
<SimpleData name="features__properties__name">Street Lamp</SimpleData>
<SimpleData name="features__properties__working">yes</SimpleData>
<SimpleData name="features__geometry__type">Point</SimpleData>
<SimpleData name="Longitude">77.649</SimpleData>
<SimpleData name="Latitude">12.9245</SimpleData>
<SimpleData name="features__id">node/5503514185</SimpleData>
</SchemaData>
</ExtendedData>
<Point>
<coordinates>77.64897449999999,12.92452270000002,0</coordinates>
</Point>
</Placemark>
<Placemark>
<styleUrl>#pointStyleMap</styleUrl><name>node/5503514187</name>
<ExtendedData>
<SchemaData schemaUrl="#S_Bellandur_HSR_SSSSSSDDS">
<SimpleData name="features__type">Feature</SimpleData>
<SimpleData name="features__properties___id">node/5503514187</SimpleData>
<SimpleData name="features__properties__highway">street_lamp</SimpleData>
<SimpleData name="features__properties__name">Street Lamp</SimpleData>
<SimpleData name="features__properties__working">yes</SimpleData>
<SimpleData name="features__geometry__type">Point</SimpleData>
<SimpleData name="Longitude">77.6603</SimpleData>
<SimpleData name="Latitude">12.9219</SimpleData>
<SimpleData name="features__id">node/5503514187</SimpleData>
</SchemaData>
</ExtendedData>
<Point>
<coordinates>77.66033770000001,12.92188179999997,0</coordinates>
</Point>
</Placemark>
<Placemark>
<styleUrl>#pointStyleMap</styleUrl><name>node/5503514188</name>
<ExtendedData>
<SchemaData schemaUrl="#S_Bellandur_HSR_SSSSSSDDS">
<SimpleData name="features__type">Feature</SimpleData>
<SimpleData name="features__properties___id">node/5503514188</SimpleData>
<SimpleData name="features__properties__highway">street_lamp</SimpleData>
<SimpleData name="features__properties__name">Street Lamp</SimpleData>
<SimpleData name="features__properties__working">yes</SimpleData>
<SimpleData name="features__geometry__type">Point</SimpleData>
<SimpleData name="Longitude">77.6462</SimpleData>
<SimpleData name="Latitude">12.9234</SimpleData>
<SimpleData name="features__id">node/5503514188</SimpleData>
</SchemaData>
</ExtendedData>
<Point>
<coordinates>77.64623919999997,12.92336710000001,0</coordinates>
</Point>
</Placemark>
<Placemark>
<styleUrl>#pointStyleMap</styleUrl><name>node/5503514189</name>
<ExtendedData>
<SchemaData schemaUrl="#S_Bellandur_HSR_SSSSSSDDS">
<SimpleData name="features__type">Feature</SimpleData>
<SimpleData name="features__properties___id">node/5503514189</SimpleData>
<SimpleData name="features__properties__highway">street_lamp</SimpleData>
<SimpleData name="features__properties__name">Street Lamp</SimpleData>
<SimpleData name="features__properties__working">no</SimpleData>
<SimpleData name="features__geometry__type">Point</SimpleData>
<SimpleData name="Longitude">77.6465</SimpleData>
<SimpleData name="Latitude">12.9245</SimpleData>
<SimpleData name="features__id">node/5503514189</SimpleData>
</SchemaData>
</ExtendedData>
<Point>
<coordinates>77.64654109999996,12.92447109999999,0</coordinates>
</Point>
</Placemark>
<Placemark>
<styleUrl>#pointStyleMap</styleUrl><name>node/5503514190</name>
<ExtendedData>
<SchemaData schemaUrl="#S_Bellandur_HSR_SSSSSSDDS">
<SimpleData name="features__type">Feature</SimpleData>
<SimpleData name="features__properties___id">node/5503514190</SimpleData>
<SimpleData name="features__properties__highway">street_lamp</SimpleData>
<SimpleData name="features__properties__name">Street Lamp</SimpleData>
<SimpleData name="features__properties__working">yes</SimpleData>
<SimpleData name="features__geometry__type">Point</SimpleData>
<SimpleData name="Longitude">77.6576</SimpleData>
<SimpleData name="Latitude">12.9228</SimpleData>
<SimpleData name="features__id">node/5503514190</SimpleData>
</SchemaData>
</ExtendedData>
<Point>
<coordinates>77.65761739999999,12.92281689999997,0</coordinates>
</Point>
</Placemark>
<Placemark>
<styleUrl>#pointStyleMap</styleUrl><name>node/5503514191</name>
<ExtendedData>
<SchemaData schemaUrl="#S_Bellandur_HSR_SSSSSSDDS">
<SimpleData name="features__type">Feature</SimpleData>
<SimpleData name="features__properties___id">node/5503514191</SimpleData>
<SimpleData name="features__properties__highway">street_lamp</SimpleData>
<SimpleData name="features__properties__name">Street Lamp</SimpleData>
<SimpleData name="features__properties__working">yes</SimpleData>
<SimpleData name="features__geometry__type">Point</SimpleData>
<SimpleData name="Longitude">77.644</SimpleData>
<SimpleData name="Latitude">12.9211</SimpleData>
<SimpleData name="features__id">node/5503514191</SimpleData>
</SchemaData>
</ExtendedData>
<Point>
<coordinates>77.64397339999999,12.92113830000001,0</coordinates>
</Point>
</Placemark>
<Placemark>
<styleUrl>#pointStyleMap</styleUrl><name>node/5503514192</name>
<ExtendedData>
<SchemaData schemaUrl="#S_Bellandur_HSR_SSSSSSDDS">
<SimpleData name="features__type">Feature</SimpleData>
<SimpleData name="features__properties___id">node/5503514192</SimpleData>
<SimpleData name="features__properties__highway">street_lamp</SimpleData>
<SimpleData name="features__properties__name">Street Lamp</SimpleData>
<SimpleData name="features__properties__working">yes</SimpleData>
<SimpleData name="features__geometry__type">Point</SimpleData>
<SimpleData name="Longitude">77.6543</SimpleData>
<SimpleData name="Latitude">12.9236</SimpleData>
<SimpleData name="features__id">node/5503514192</SimpleData>
</SchemaData>
</ExtendedData>
<Point>
<coordinates>77.65434759999999,12.92363149999998,0</coordinates>
</Point>
</Placemark>
<Placemark>
<styleUrl>#pointStyleMap</styleUrl><name>node/5503514193</name>
<ExtendedData>
<SchemaData schemaUrl="#S_Bellandur_HSR_SSSSSSDDS">
<SimpleData name="features__type">Feature</SimpleData>
<SimpleData name="features__properties___id">node/5503514193</SimpleData>
<SimpleData name="features__properties__highway">street_lamp</SimpleData>
<SimpleData name="features__properties__name">Street Lamp</SimpleData>
<SimpleData name="features__properties__working">yes</SimpleData>
<SimpleData name="features__geometry__type">Point</SimpleData>
<SimpleData name="Longitude">77.6422</SimpleData>
<SimpleData name="Latitude">12.9189</SimpleData>
<SimpleData name="features__id">node/5503514193</SimpleData>
</SchemaData>
</ExtendedData>
<Point>
<coordinates>77.6422017,12.91892849999998,0</coordinates>
</Point>
</Placemark>
<Placemark>
<styleUrl>#pointStyleMap</styleUrl><name>node/5503514194</name>
<ExtendedData>
<SchemaData schemaUrl="#S_Bellandur_HSR_SSSSSSDDS">
<SimpleData name="features__type">Feature</SimpleData>
<SimpleData name="features__properties___id">node/5503514194</SimpleData>
<SimpleData name="features__properties__highway">street_lamp</SimpleData>
<SimpleData name="features__properties__name">Street Lamp</SimpleData>
<SimpleData name="features__properties__working">no</SimpleData>
<SimpleData name="features__geometry__type">Point</SimpleData>
<SimpleData name="Longitude">77.6512</SimpleData>
<SimpleData name="Latitude">12.9244</SimpleData>
<SimpleData name="features__id">node/5503514194</SimpleData>
</SchemaData>
</ExtendedData>
<Point>
<coordinates>77.65117029999998,12.92441070000002,0</coordinates>
</Point>
</Placemark>
<Placemark>
<styleUrl>#pointStyleMap</styleUrl><name>node/5503514196</name>
<ExtendedData>
<SchemaData schemaUrl="#S_Bellandur_HSR_SSSSSSDDS">
<SimpleData name="features__type">Feature</SimpleData>
<SimpleData name="features__properties___id">node/5503514196</SimpleData>
<SimpleData name="features__properties__highway">street_lamp</SimpleData>
<SimpleData name="features__properties__name">Street Lamp</SimpleData>
<SimpleData name="features__properties__working">no</SimpleData>
<SimpleData name="features__geometry__type">Point</SimpleData>
<SimpleData name="Longitude">77.6623</SimpleData>
<SimpleData name="Latitude">12.9215</SimpleData>
<SimpleData name="features__id">node/5503514196</SimpleData>
</SchemaData>
</ExtendedData>
<Point>
<coordinates>77.66226329999999,12.92146899999999,0</coordinates>
</Point>
</Placemark>
<Placemark>
<styleUrl>#pointStyleMap</styleUrl><name>node/5503514197</name>
<ExtendedData>
<SchemaData schemaUrl="#S_Bellandur_HSR_SSSSSSDDS">
<SimpleData name="features__type">Feature</SimpleData>
<SimpleData name="features__properties___id">node/5503514197</SimpleData>
<SimpleData name="features__properties__highway">street_lamp</SimpleData>
<SimpleData name="features__properties__name">Street Lamp</SimpleData>
<SimpleData name="features__properties__working">no</SimpleData>
<SimpleData name="features__geometry__type">Point</SimpleData>
<SimpleData name="Longitude">77.648</SimpleData>
<SimpleData name="Latitude">12.9242</SimpleData>
<SimpleData name="features__id">node/5503514197</SimpleData>
</SchemaData>
</ExtendedData>
<Point>
<coordinates>77.6479645,12.92421830000001,0</coordinates>
</Point>
</Placemark>
<Placemark>
<styleUrl>#pointStyleMap</styleUrl><name>node/5503514198</name>
<ExtendedData>
<SchemaData schemaUrl="#S_Bellandur_HSR_SSSSSSDDS">
<SimpleData name="features__type">Feature</SimpleData>
<SimpleData name="features__properties___id">node/5503514198</SimpleData>
<SimpleData name="features__properties__highway">street_lamp</SimpleData>
<SimpleData name="features__properties__name">Street Lamp</SimpleData>
<SimpleData name="features__properties__working">no</SimpleData>
<SimpleData name="features__geometry__type">Point</SimpleData>
<SimpleData name="Longitude">77.6416</SimpleData>
<SimpleData name="Latitude">12.9234</SimpleData>
<SimpleData name="features__id">node/5503514198</SimpleData>
</SchemaData>
</ExtendedData>
<Point>
<coordinates>77.6416492,12.92338079999998,0</coordinates>
</Point>
</Placemark>
<Placemark>
<styleUrl>#pointStyleMap</styleUrl><name>node/5503514199</name>
<ExtendedData>
<SchemaData schemaUrl="#S_Bellandur_HSR_SSSSSSDDS">
<SimpleData name="features__type">Feature</SimpleData>
<SimpleData name="features__properties___id">node/5503514199</SimpleData>
<SimpleData name="features__properties__highway">street_lamp</SimpleData>
<SimpleData name="features__properties__name">Street Lamp</SimpleData>
<SimpleData name="features__properties__working">yes</SimpleData>
<SimpleData name="features__geometry__type">Point</SimpleData>
<SimpleData name="Longitude">77.6595</SimpleData>
<SimpleData name="Latitude">12.9223</SimpleData>
<SimpleData name="features__id">node/5503514199</SimpleData>
</SchemaData>
</ExtendedData>
<Point>
<coordinates>77.65945929999999,12.92227030000003,0</coordinates>
</Point>
</Placemark>
<Placemark>
<styleUrl>#pointStyleMap</styleUrl><name>node/5503514200</name>
<ExtendedData>
<SchemaData schemaUrl="#S_Bellandur_HSR_SSSSSSDDS">
<SimpleData name="features__type">Feature</SimpleData>
<SimpleData name="features__properties___id">node/5503514200</SimpleData>
<SimpleData name="features__properties__highway">street_lamp</SimpleData>
<SimpleData name="features__properties__name">Street Lamp</SimpleData>
<SimpleData name="features__properties__working">yes</SimpleData>
<SimpleData name="features__geometry__type">Point</SimpleData>
<SimpleData name="Longitude">77.6453</SimpleData>
<SimpleData name="Latitude">12.9222</SimpleData>
<SimpleData name="features__id">node/5503514200</SimpleData>
</SchemaData>
</ExtendedData>
<Point>
<coordinates>77.64527220000002,12.92223459999999,0</coordinates>
</Point>
</Placemark>
<Placemark>
<styleUrl>#pointStyleMap</styleUrl><name>node/5503514201</name>
<ExtendedData>
<SchemaData schemaUrl="#S_Bellandur_HSR_SSSSSSDDS">
<SimpleData name="features__type">Feature</SimpleData>
<SimpleData name="features__properties___id">node/5503514201</SimpleData>
<SimpleData name="features__properties__highway">street_lamp</SimpleData>
<SimpleData name="features__properties__name">Street Lamp</SimpleData>
<SimpleData name="features__properties__working">yes</SimpleData>
<SimpleData name="features__geometry__type">Point</SimpleData>
<SimpleData name="Longitude">77.6495</SimpleData>
<SimpleData name="Latitude">12.9246</SimpleData>
<SimpleData name="features__id">node/5503514201</SimpleData>
</SchemaData>
</ExtendedData>
<Point>
<coordinates>77.64951880000002,12.92456619999998,0</coordinates>
</Point>
</Placemark>
<Placemark>
<styleUrl>#pointStyleMap</styleUrl><name>node/5503514202</name>
<ExtendedData>
<SchemaData schemaUrl="#S_Bellandur_HSR_SSSSSSDDS">
<SimpleData name="features__type">Feature</SimpleData>
<SimpleData name="features__properties___id">node/5503514202</SimpleData>
<SimpleData name="features__properties__highway">street_lamp</SimpleData>
<SimpleData name="features__properties__name">Street Lamp</SimpleData>
<SimpleData name="features__properties__working">yes</SimpleData>
<SimpleData name="features__geometry__type">Point</SimpleData>
<SimpleData name="Longitude">77.6567</SimpleData>
<SimpleData name="Latitude">12.9232</SimpleData>
<SimpleData name="features__id">node/5503514202</SimpleData>
</SchemaData>
</ExtendedData>
<Point>
<coordinates>77.65669809999996,12.92324659999999,0</coordinates>
</Point>
</Placemark>
<Placemark>
<styleUrl>#pointStyleMap</styleUrl><name>node/5503514203</name>
<ExtendedData>
<SchemaData schemaUrl="#S_Bellandur_HSR_SSSSSSDDS">
<SimpleData name="features__type">Feature</SimpleData>
<SimpleData name="features__properties___id">node/5503514203</SimpleData>
<SimpleData name="features__properties__highway">street_lamp</SimpleData>
<SimpleData name="features__properties__name">Street Lamp</SimpleData>
<SimpleData name="features__properties__working">yes</SimpleData>
<SimpleData name="features__geometry__type">Point</SimpleData>
<SimpleData name="Longitude">77.6433</SimpleData>
<SimpleData name="Latitude">12.92</SimpleData>
<SimpleData name="features__id">node/5503514203</SimpleData>
</SchemaData>
</ExtendedData>
<Point>
<coordinates>77.6433282,12.92001909999997,0</coordinates>
</Point>
</Placemark>
<Placemark>
<styleUrl>#pointStyleMap</styleUrl><name>node/5503514204</name>
<ExtendedData>
<SchemaData schemaUrl="#S_Bellandur_HSR_SSSSSSDDS">
<SimpleData name="features__type">Feature</SimpleData>
<SimpleData name="features__properties___id">node/5503514204</SimpleData>
<SimpleData name="features__properties__highway">street_lamp</SimpleData>
<SimpleData name="features__properties__name">Street Lamp</SimpleData>
<SimpleData name="features__properties__working">no</SimpleData>
<SimpleData name="features__geometry__type">Point</SimpleData>
<SimpleData name="Longitude">77.6531</SimpleData>
<SimpleData name="Latitude">12.9241</SimpleData>
<SimpleData name="features__id">node/5503514204</SimpleData>
</SchemaData>
</ExtendedData>
<Point>
<coordinates>77.65309979999999,12.9241293,0</coordinates>
</Point>
</Placemark>
<Placemark>
<styleUrl>#pointStyleMap</styleUrl><name>node/5503514205</name>
<ExtendedData>
<SchemaData schemaUrl="#S_Bellandur_HSR_SSSSSSDDS">
<SimpleData name="features__type">Feature</SimpleData>
<SimpleData name="features__properties___id">node/5503514205</SimpleData>
<SimpleData name="features__properties__highway">street_lamp</SimpleData>
<SimpleData name="features__properties__name">Street Lamp</SimpleData>
<SimpleData name="features__properties__working">yes</SimpleData>
<SimpleData name="features__geometry__type">Point</SimpleData>
<SimpleData name="Longitude">77.6416</SimpleData>
<SimpleData name="Latitude">12.9178</SimpleData>
<SimpleData name="features__id">node/5503514205</SimpleData>
</SchemaData>
</ExtendedData>
<Point>
<coordinates>77.64158320000003,12.9178361,0</coordinates>
</Point>
</Placemark>
<Placemark>
<styleUrl>#pointStyleMap</styleUrl><name>node/5503514206</name>
<ExtendedData>
<SchemaData schemaUrl="#S_Bellandur_HSR_SSSSSSDDS">
<SimpleData name="features__type">Feature</SimpleData>
<SimpleData name="features__properties___id">node/5503514206</SimpleData>
<SimpleData name="features__properties__highway">street_lamp</SimpleData>
<SimpleData name="features__properties__name">Street Lamp</SimpleData>
<SimpleData name="features__properties__working">yes</SimpleData>
<SimpleData name="features__geometry__type">Point</SimpleData>
<SimpleData name="Longitude">77.65</SimpleData>
<SimpleData name="Latitude">12.9245</SimpleData>
<SimpleData name="features__id">node/5503514206</SimpleData>
</SchemaData>
</ExtendedData>
<Point>
<coordinates>77.6500302,12.92448550000002,0</coordinates>
</Point>
</Placemark>
<Placemark>
<styleUrl>#pointStyleMap</styleUrl><name>node/5503514208</name>
<ExtendedData>
<SchemaData schemaUrl="#S_Bellandur_HSR_SSSSSSDDS">
<SimpleData name="features__type">Feature</SimpleData>
<SimpleData name="features__properties___id">node/5503514208</SimpleData>
<SimpleData name="features__properties__highway">street_lamp</SimpleData>
<SimpleData name="features__properties__name">Street Lamp</SimpleData>
<SimpleData name="features__properties__working">yes</SimpleData>
<SimpleData name="features__geometry__type">Point</SimpleData>
<SimpleData name="Longitude">77.661</SimpleData>
<SimpleData name="Latitude">12.9216</SimpleData>
<SimpleData name="features__id">node/5503514208</SimpleData>
</SchemaData>
</ExtendedData>
<Point>
<coordinates>77.66096090000002,12.92163120000002,0</coordinates>
</Point>
</Placemark>
<Placemark>
<styleUrl>#pointStyleMap</styleUrl><name>node/5503514209</name>
<ExtendedData>
<SchemaData schemaUrl="#S_Bellandur_HSR_SSSSSSDDS">
<SimpleData name="features__type">Feature</SimpleData>
<SimpleData name="features__properties___id">node/5503514209</SimpleData>
<SimpleData name="features__properties__highway">street_lamp</SimpleData>
<SimpleData name="features__properties__name">Street Lamp</SimpleData>
<SimpleData name="features__properties__working">yes</SimpleData>
<SimpleData name="features__geometry__type">Point</SimpleData>
<SimpleData name="Longitude">77.6469</SimpleData>
<SimpleData name="Latitude">12.9238</SimpleData>
<SimpleData name="features__id">node/5503514209</SimpleData>
</SchemaData>
</ExtendedData>
<Point>
<coordinates>77.6468825,12.92375869999999,0</coordinates>
</Point>
</Placemark>
<Placemark>
<styleUrl>#pointStyleMap</styleUrl><name>node/5503514210</name>
<ExtendedData>
<SchemaData schemaUrl="#S_Bellandur_HSR_SSSSSSDDS">
<SimpleData name="features__type">Feature</SimpleData>
<SimpleData name="features__properties___id">node/5503514210</SimpleData>
<SimpleData name="features__properties__highway">street_lamp</SimpleData>
<SimpleData name="features__properties__name">Street Lamp</SimpleData>
<SimpleData name="features__properties__working">no</SimpleData>
<SimpleData name="features__geometry__type">Point</SimpleData>
<SimpleData name="Longitude">77.6445</SimpleData>
<SimpleData name="Latitude">12.9242</SimpleData>
<SimpleData name="features__id">node/5503514210</SimpleData>
</SchemaData>
</ExtendedData>
<Point>
<coordinates>77.64446750000002,12.92418799999998,0</coordinates>
</Point>
</Placemark>
<Placemark>
<styleUrl>#pointStyleMap</styleUrl><name>node/5503514211</name>
<ExtendedData>
<SchemaData schemaUrl="#S_Bellandur_HSR_SSSSSSDDS">
<SimpleData name="features__type">Feature</SimpleData>
<SimpleData name="features__properties___id">node/5503514211</SimpleData>
<SimpleData name="features__properties__highway">street_lamp</SimpleData>
<SimpleData name="features__properties__name">Street Lamp</SimpleData>
<SimpleData name="features__properties__working">yes</SimpleData>
<SimpleData name="features__geometry__type">Point</SimpleData>
<SimpleData name="Longitude">77.6582</SimpleData>
<SimpleData name="Latitude">12.9225</SimpleData>
<SimpleData name="features__id">node/5503514211</SimpleData>
</SchemaData>
</ExtendedData>
<Point>
<coordinates>77.65819280000001,12.9225043,0</coordinates>
</Point>
</Placemark>
<Placemark>
<styleUrl>#pointStyleMap</styleUrl><name>node/5503514212</name>
<ExtendedData>
<SchemaData schemaUrl="#S_Bellandur_HSR_SSSSSSDDS">
<SimpleData name="features__type">Feature</SimpleData>
<SimpleData name="features__properties___id">node/5503514212</SimpleData>
<SimpleData name="features__properties__highway">street_lamp</SimpleData>
<SimpleData name="features__properties__name">Street Lamp</SimpleData>
<SimpleData name="features__properties__working">yes</SimpleData>
<SimpleData name="features__geometry__type">Point</SimpleData>
<SimpleData name="Longitude">77.6445</SimpleData>
<SimpleData name="Latitude">12.9216</SimpleData>
<SimpleData name="features__id">node/5503514212</SimpleData>
</SchemaData>
</ExtendedData>
<Point>
<coordinates>77.64446399999997,12.92156249999998,0</coordinates>
</Point>
</Placemark>
<Placemark>
<styleUrl>#pointStyleMap</styleUrl><name>node/5503514213</name>
<ExtendedData>
<SchemaData schemaUrl="#S_Bellandur_HSR_SSSSSSDDS">
<SimpleData name="features__type">Feature</SimpleData>
<SimpleData name="features__properties___id">node/5503514213</SimpleData>
<SimpleData name="features__properties__highway">street_lamp</SimpleData>
<SimpleData name="features__properties__name">Street Lamp</SimpleData>
<SimpleData name="features__properties__working">yes</SimpleData>
<SimpleData name="features__geometry__type">Point</SimpleData>
<SimpleData name="Longitude">77.6514</SimpleData>
<SimpleData name="Latitude">12.9065</SimpleData>
<SimpleData name="features__id">node/5503514213</SimpleData>
</SchemaData>
</ExtendedData>
<Point>
<coordinates>77.6513763,12.9065379,0</coordinates>
</Point>
</Placemark>
<Placemark>
<styleUrl>#pointStyleMap</styleUrl><name>node/5503514214</name>
<ExtendedData>
<SchemaData schemaUrl="#S_Bellandur_HSR_SSSSSSDDS">
<SimpleData name="features__type">Feature</SimpleData>
<SimpleData name="features__properties___id">node/5503514214</SimpleData>
<SimpleData name="features__properties__highway">street_lamp</SimpleData>
<SimpleData name="features__properties__name">Street Lamp</SimpleData>
<SimpleData name="features__properties__working">no</SimpleData>
<SimpleData name="features__geometry__type">Point</SimpleData>
<SimpleData name="Longitude">77.6555</SimpleData>
<SimpleData name="Latitude">12.9234</SimpleData>
<SimpleData name="features__id">node/5503514214</SimpleData>
</SchemaData>
</ExtendedData>
<Point>
<coordinates>77.65545199999997,12.92340930000002,0</coordinates>
</Point>
</Placemark>
<Placemark>
<styleUrl>#pointStyleMap</styleUrl><name>node/5503514215</name>
<ExtendedData>
<SchemaData schemaUrl="#S_Bellandur_HSR_SSSSSSDDS">
<SimpleData name="features__type">Feature</SimpleData>
<SimpleData name="features__properties___id">node/5503514215</SimpleData>
<SimpleData name="features__properties__highway">street_lamp</SimpleData>
<SimpleData name="features__properties__name">Street Lamp</SimpleData>
<SimpleData name="features__properties__working">yes</SimpleData>
<SimpleData name="features__geometry__type">Point</SimpleData>
<SimpleData name="Longitude">77.6427</SimpleData>
<SimpleData name="Latitude">12.9194</SimpleData>
<SimpleData name="features__id">node/5503514215</SimpleData>
</SchemaData>
</ExtendedData>
<Point>
<coordinates>77.64268730000005,12.91935699999998,0</coordinates>
</Point>
</Placemark>
<Placemark>
<styleUrl>#pointStyleMap</styleUrl><name>node/5503514216</name>
<ExtendedData>
<SchemaData schemaUrl="#S_Bellandur_HSR_SSSSSSDDS">
<SimpleData name="features__type">Feature</SimpleData>
<SimpleData name="features__properties___id">node/5503514216</SimpleData>
<SimpleData name="features__properties__highway">street_lamp</SimpleData>
<SimpleData name="features__properties__name">Street Lamp</SimpleData>
<SimpleData name="features__properties__working">yes</SimpleData>
<SimpleData name="features__geometry__type">Point</SimpleData>
<SimpleData name="Longitude">77.652</SimpleData>
<SimpleData name="Latitude">12.9243</SimpleData>
<SimpleData name="features__id">node/5503514216</SimpleData>
</SchemaData>
</ExtendedData>
<Point>
<coordinates>77.65195060000003,12.92434849999999,0</coordinates>
</Point>
</Placemark>
<Placemark>
<styleUrl>#pointStyleMap</styleUrl><name>node/5503514219</name>
<ExtendedData>
<SchemaData schemaUrl="#S_Bellandur_HSR_SSSSSSDDS">
<SimpleData name="features__type">Feature</SimpleData>
<SimpleData name="features__properties___id">node/5503514219</SimpleData>
<SimpleData name="features__properties__highway">street_lamp</SimpleData>
<SimpleData name="features__properties__name">Street Lamp</SimpleData>
<SimpleData name="features__properties__working">yes</SimpleData>
<SimpleData name="features__geometry__type">Point</SimpleData>
<SimpleData name="Longitude">77.6601</SimpleData>
<SimpleData name="Latitude">12.9219</SimpleData>
<SimpleData name="features__id">node/5503514219</SimpleData>
</SchemaData>
</ExtendedData>
<Point>
<coordinates>77.6600868,12.92194319999998,0</coordinates>
</Point>
</Placemark>
<Placemark>
<styleUrl>#pointStyleMap</styleUrl><name>node/5503514220</name>
<ExtendedData>
<SchemaData schemaUrl="#S_Bellandur_HSR_SSSSSSDDS">
<SimpleData name="features__type">Feature</SimpleData>
<SimpleData name="features__properties___id">node/5503514220</SimpleData>
<SimpleData name="features__properties__highway">street_lamp</SimpleData>
<SimpleData name="features__properties__name">Street Lamp</SimpleData>
<SimpleData name="features__properties__working">no</SimpleData>
<SimpleData name="features__geometry__type">Point</SimpleData>
<SimpleData name="Longitude">77.646</SimpleData>
<SimpleData name="Latitude">12.9232</SimpleData>
<SimpleData name="features__id">node/5503514220</SimpleData>
</SchemaData>
</ExtendedData>
<Point>
<coordinates>77.64600710000003,12.92317739999998,0</coordinates>
</Point>
</Placemark>
<Placemark>
<styleUrl>#pointStyleMap</styleUrl><name>node/5503514321</name>
<ExtendedData>
<SchemaData schemaUrl="#S_Bellandur_HSR_SSSSSSDDS">
<SimpleData name="features__type">Feature</SimpleData>
<SimpleData name="features__properties___id">node/5503514321</SimpleData>
<SimpleData name="features__properties__highway">street_lamp</SimpleData>
<SimpleData name="features__properties__name">Street Lamp</SimpleData>
<SimpleData name="features__properties__working">no</SimpleData>
<SimpleData name="features__geometry__type">Point</SimpleData>
<SimpleData name="Longitude">77.6475</SimpleData>
<SimpleData name="Latitude">12.9246</SimpleData>
<SimpleData name="features__id">node/5503514321</SimpleData>
</SchemaData>
</ExtendedData>
<Point>
<coordinates>77.64753530000002,12.92455269999998,0</coordinates>
</Point>
</Placemark>
<Placemark>
<styleUrl>#pointStyleMap</styleUrl><name>node/5503514322</name>
<ExtendedData>
<SchemaData schemaUrl="#S_Bellandur_HSR_SSSSSSDDS">
<SimpleData name="features__type">Feature</SimpleData>
<SimpleData name="features__properties___id">node/5503514322</SimpleData>
<SimpleData name="features__properties__highway">street_lamp</SimpleData>
<SimpleData name="features__properties__name">Street Lamp</SimpleData>
<SimpleData name="features__properties__working">no</SimpleData>
<SimpleData name="features__geometry__type">Point</SimpleData>
<SimpleData name="Longitude">77.6573</SimpleData>
<SimpleData name="Latitude">12.9229</SimpleData>
<SimpleData name="features__id">node/5503514322</SimpleData>
</SchemaData>
</ExtendedData>
<Point>
<coordinates>77.6573131,12.9229241,0</coordinates>
</Point>
</Placemark>
<Placemark>
<styleUrl>#pointStyleMap</styleUrl><name>node/5503514323</name>
<ExtendedData>
<SchemaData schemaUrl="#S_Bellandur_HSR_SSSSSSDDS">
<SimpleData name="features__type">Feature</SimpleData>
<SimpleData name="features__properties___id">node/5503514323</SimpleData>
<SimpleData name="features__properties__highway">street_lamp</SimpleData>
<SimpleData name="features__properties__name">Street Lamp</SimpleData>
<SimpleData name="features__properties__working">no</SimpleData>
<SimpleData name="features__geometry__type">Point</SimpleData>
<SimpleData name="Longitude">77.6438</SimpleData>
<SimpleData name="Latitude">12.9209</SimpleData>
<SimpleData name="features__id">node/5503514323</SimpleData>
</SchemaData>
</ExtendedData>
<Point>
<coordinates>77.6437997,12.92089930000002,0</coordinates>
</Point>
</Placemark>
<Placemark>
<styleUrl>#pointStyleMap</styleUrl><name>node/4374357045</name>
<ExtendedData>
<SchemaData schemaUrl="#S_Bellandur_HSR_SSSSSSDDS">
<SimpleData name="features__type">Feature</SimpleData>
<SimpleData name="features__properties___id">node/4374357045</SimpleData>
<SimpleData name="features__properties__highway">street_lamp</SimpleData>
<SimpleData name="features__properties__name">Street Lamp</SimpleData>
<SimpleData name="features__properties__working">no</SimpleData>
<SimpleData name="features__geometry__type">Point</SimpleData>
<SimpleData name="Longitude">77.6388</SimpleData>
<SimpleData name="Latitude">12.9196</SimpleData>
<SimpleData name="features__id">node/4374357045</SimpleData>
</SchemaData>
</ExtendedData>
<Point>
<coordinates>77.63878030000001,12.91955020000002,0</coordinates>
</Point>
</Placemark>
<Placemark>
<styleUrl>#pointStyleMap</styleUrl><name>node/4374357046</name>
<ExtendedData>
<SchemaData schemaUrl="#S_Bellandur_HSR_SSSSSSDDS">
<SimpleData name="features__type">Feature</SimpleData>
<SimpleData name="features__properties___id">node/4374357046</SimpleData>
<SimpleData name="features__properties__highway">street_lamp</SimpleData>
<SimpleData name="features__properties__name">Street Lamp</SimpleData>
<SimpleData name="features__properties__working">no</SimpleData>
<SimpleData name="features__geometry__type">Point</SimpleData>
<SimpleData name="Longitude">77.6387</SimpleData>
<SimpleData name="Latitude">12.9185</SimpleData>
<SimpleData name="features__id">node/4374357046</SimpleData>
</SchemaData>
</ExtendedData>
<Point>
<coordinates>77.63872670000001,12.9185031,0</coordinates>
</Point>
</Placemark>
<Placemark>
<styleUrl>#pointStyleMap</styleUrl><name>node/4374357047</name>
<ExtendedData>
<SchemaData schemaUrl="#S_Bellandur_HSR_SSSSSSDDS">
<SimpleData name="features__type">Feature</SimpleData>
<SimpleData name="features__properties___id">node/4374357047</SimpleData>
<SimpleData name="features__properties__highway">street_lamp</SimpleData>
<SimpleData name="features__properties__name">Street Lamp</SimpleData>
<SimpleData name="features__properties__working">no</SimpleData>
<SimpleData name="features__geometry__type">Point</SimpleData>
<SimpleData name="Longitude">77.6387</SimpleData>
<SimpleData name="Latitude">12.9179</SimpleData>
<SimpleData name="features__id">node/4374357047</SimpleData>
</SchemaData>
</ExtendedData>
<Point>
<coordinates>77.63869449999999,12.91792799999997,0</coordinates>
</Point>
</Placemark>
<Placemark>
<styleUrl>#pointStyleMap</styleUrl><name>node/4374357048</name>
<ExtendedData>
<SchemaData schemaUrl="#S_Bellandur_HSR_SSSSSSDDS">
<SimpleData name="features__type">Feature</SimpleData>
<SimpleData name="features__properties___id">node/4374357048</SimpleData>
<SimpleData name="features__properties__highway">street_lamp</SimpleData>
<SimpleData name="features__properties__name">Street Lamp</SimpleData>
<SimpleData name="features__properties__working">no</SimpleData>
<SimpleData name="features__geometry__type">Point</SimpleData>
<SimpleData name="Longitude">77.6388</SimpleData>
<SimpleData name="Latitude">12.9167</SimpleData>
<SimpleData name="features__id">node/4374357048</SimpleData>
</SchemaData>
</ExtendedData>
<Point>
<coordinates>77.63879639999998,12.91669339999998,0</coordinates>
</Point>
</Placemark>
<Placemark>
<styleUrl>#pointStyleMap</styleUrl><name>node/4374357049</name>
<ExtendedData>
<SchemaData schemaUrl="#S_Bellandur_HSR_SSSSSSDDS">
<SimpleData name="features__type">Feature</SimpleData>
<SimpleData name="features__properties___id">node/4374357049</SimpleData>
<SimpleData name="features__properties__highway">street_lamp</SimpleData>
<SimpleData name="features__properties__name">Street Lamp</SimpleData>
<SimpleData name="features__properties__working">no</SimpleData>
<SimpleData name="features__geometry__type">Point</SimpleData>
<SimpleData name="Longitude">77.6391</SimpleData>
<SimpleData name="Latitude">12.9166</SimpleData>
<SimpleData name="features__id">node/4374357049</SimpleData>
</SchemaData>
</ExtendedData>
<Point>
<coordinates>77.63912500000002,12.9165646,0</coordinates>
</Point>
</Placemark>
<Placemark>
<styleUrl>#pointStyleMap</styleUrl><name>node/5503513636</name>
<ExtendedData>
<SchemaData schemaUrl="#S_Bellandur_HSR_SSSSSSDDS">
<SimpleData name="features__type">Feature</SimpleData>
<SimpleData name="features__properties___id">node/5503513636</SimpleData>
<SimpleData name="features__properties__highway">street_lamp</SimpleData>
<SimpleData name="features__properties__name">Street Lamp</SimpleData>
<SimpleData name="features__properties__working">no</SimpleData>
<SimpleData name="features__geometry__type">Point</SimpleData>
<SimpleData name="Longitude">77.6385</SimpleData>
<SimpleData name="Latitude">12.9197</SimpleData>
<SimpleData name="features__id">node/5503513636</SimpleData>
</SchemaData>
</ExtendedData>
<Point>
<coordinates>77.63846169999998,12.91967719999998,0</coordinates>
</Point>
</Placemark>
<Placemark>
<styleUrl>#pointStyleMap</styleUrl><name>node/5503513648</name>
<ExtendedData>
<SchemaData schemaUrl="#S_Bellandur_HSR_SSSSSSDDS">
<SimpleData name="features__type">Feature</SimpleData>
<SimpleData name="features__properties___id">node/5503513648</SimpleData>
<SimpleData name="features__properties__highway">street_lamp</SimpleData>
<SimpleData name="features__properties__name">Street Lamp</SimpleData>
<SimpleData name="features__properties__working">no</SimpleData>
<SimpleData name="features__geometry__type">Point</SimpleData>
<SimpleData name="Longitude">77.6391</SimpleData>
<SimpleData name="Latitude">12.9219</SimpleData>
<SimpleData name="features__id">node/5503513648</SimpleData>
</SchemaData>
</ExtendedData>
<Point>
<coordinates>77.63908429999998,12.9218753,0</coordinates>
</Point>
</Placemark>
<Placemark>
<styleUrl>#pointStyleMap</styleUrl><name>node/5503513668</name>
<ExtendedData>
<SchemaData schemaUrl="#S_Bellandur_HSR_SSSSSSDDS">
<SimpleData name="features__type">Feature</SimpleData>
<SimpleData name="features__properties___id">node/5503513668</SimpleData>
<SimpleData name="features__properties__highway">street_lamp</SimpleData>
<SimpleData name="features__properties__name">Street Lamp</SimpleData>
<SimpleData name="features__properties__working">no</SimpleData>
<SimpleData name="features__geometry__type">Point</SimpleData>
<SimpleData name="Longitude">77.6386</SimpleData>
<SimpleData name="Latitude">12.9204</SimpleData>
<SimpleData name="features__id">node/5503513668</SimpleData>
</SchemaData>
</ExtendedData>
<Point>
<coordinates>77.6385745,12.92038889999999,0</coordinates>
</Point>
</Placemark>
<Placemark>
<styleUrl>#pointStyleMap</styleUrl><name>node/5503513680</name>
<ExtendedData>
<SchemaData schemaUrl="#S_Bellandur_HSR_SSSSSSDDS">
<SimpleData name="features__type">Feature</SimpleData>
<SimpleData name="features__properties___id">node/5503513680</SimpleData>
<SimpleData name="features__properties__highway">street_lamp</SimpleData>
<SimpleData name="features__properties__name">Street Lamp</SimpleData>
<SimpleData name="features__properties__working">no</SimpleData>
<SimpleData name="features__geometry__type">Point</SimpleData>
<SimpleData name="Longitude">77.6393</SimpleData>
<SimpleData name="Latitude">12.9221</SimpleData>
<SimpleData name="features__id">node/5503513680</SimpleData>
</SchemaData>
</ExtendedData>
<Point>
<coordinates>77.63927650000001,12.92214469999998,0</coordinates>
</Point>
</Placemark>
<Placemark>
<styleUrl>#pointStyleMap</styleUrl><name>node/5503513689</name>
<ExtendedData>
<SchemaData schemaUrl="#S_Bellandur_HSR_SSSSSSDDS">
<SimpleData name="features__type">Feature</SimpleData>
<SimpleData name="features__properties___id">node/5503513689</SimpleData>
<SimpleData name="features__properties__highway">street_lamp</SimpleData>
<SimpleData name="features__properties__name">Street Lamp</SimpleData>
<SimpleData name="features__properties__working">no</SimpleData>
<SimpleData name="features__geometry__type">Point</SimpleData>
<SimpleData name="Longitude">77.6384</SimpleData>
<SimpleData name="Latitude">12.9188</SimpleData>
<SimpleData name="features__id">node/5503513689</SimpleData>
</SchemaData>
</ExtendedData>
<Point>
<coordinates>77.63841360000004,12.91876120000001,0</coordinates>
</Point>
</Placemark>
<Placemark>
<styleUrl>#pointStyleMap</styleUrl><name>node/5503513701</name>
<ExtendedData>
<SchemaData schemaUrl="#S_Bellandur_HSR_SSSSSSDDS">
<SimpleData name="features__type">Feature</SimpleData>
<SimpleData name="features__properties___id">node/5503513701</SimpleData>
<SimpleData name="features__properties__highway">street_lamp</SimpleData>
<SimpleData name="features__properties__name">Street Lamp</SimpleData>
<SimpleData name="features__properties__working">no</SimpleData>
<SimpleData name="features__geometry__type">Point</SimpleData>
<SimpleData name="Longitude">77.6388</SimpleData>
<SimpleData name="Latitude">12.9211</SimpleData>
<SimpleData name="features__id">node/5503513701</SimpleData>
</SchemaData>
</ExtendedData>
<Point>
<coordinates>77.63880180000002,12.92113229999999,0</coordinates>
</Point>
</Placemark>
<Placemark>
<styleUrl>#pointStyleMap</styleUrl><name>node/5503513711</name>
<ExtendedData>
<SchemaData schemaUrl="#S_Bellandur_HSR_SSSSSSDDS">
<SimpleData name="features__type">Feature</SimpleData>
<SimpleData name="features__properties___id">node/5503513711</SimpleData>
<SimpleData name="features__properties__highway">street_lamp</SimpleData>
<SimpleData name="features__properties__name">Street Lamp</SimpleData>
<SimpleData name="features__properties__working">no</SimpleData>
<SimpleData name="features__geometry__type">Point</SimpleData>
<SimpleData name="Longitude">77.6383</SimpleData>
<SimpleData name="Latitude">12.9171</SimpleData>
<SimpleData name="features__id">node/5503513711</SimpleData>
</SchemaData>
</ExtendedData>
<Point>
<coordinates>77.6383349,12.91710290000001,0</coordinates>
</Point>
</Placemark>
<Placemark>
<styleUrl>#pointStyleMap</styleUrl><name>node/5503513713</name>
<ExtendedData>
<SchemaData schemaUrl="#S_Bellandur_HSR_SSSSSSDDS">
<SimpleData name="features__type">Feature</SimpleData>
<SimpleData name="features__properties___id">node/5503513713</SimpleData>
<SimpleData name="features__properties__highway">street_lamp</SimpleData>
<SimpleData name="features__properties__name">Street Lamp</SimpleData>
<SimpleData name="features__properties__working">no</SimpleData>
<SimpleData name="features__geometry__type">Point</SimpleData>
<SimpleData name="Longitude">77.6396</SimpleData>
<SimpleData name="Latitude">12.9229</SimpleData>
<SimpleData name="features__id">node/5503513713</SimpleData>
</SchemaData>
</ExtendedData>
<Point>
<coordinates>77.63961149999999,12.92288650000001,0</coordinates>
</Point>
</Placemark>
<Placemark>
<styleUrl>#pointStyleMap</styleUrl><name>node/5503513922</name>
<ExtendedData>
<SchemaData schemaUrl="#S_Bellandur_HSR_SSSSSSDDS">
<SimpleData name="features__type">Feature</SimpleData>
<SimpleData name="features__properties___id">node/5503513922</SimpleData>
<SimpleData name="features__properties__highway">street_lamp</SimpleData>
<SimpleData name="features__properties__name">Street Lamp</SimpleData>
<SimpleData name="features__properties__working">no</SimpleData>
<SimpleData name="features__geometry__type">Point</SimpleData>
<SimpleData name="Longitude">77.6384</SimpleData>
<SimpleData name="Latitude">12.9196</SimpleData>
<SimpleData name="features__id">node/5503513922</SimpleData>
</SchemaData>
</ExtendedData>
<Point>
<coordinates>77.63844819999998,12.91955630000001,0</coordinates>
</Point>
</Placemark>
<Placemark>
<styleUrl>#pointStyleMap</styleUrl><name>node/5503513934</name>
<ExtendedData>
<SchemaData schemaUrl="#S_Bellandur_HSR_SSSSSSDDS">
<SimpleData name="features__type">Feature</SimpleData>
<SimpleData name="features__properties___id">node/5503513934</SimpleData>
<SimpleData name="features__properties__highway">street_lamp</SimpleData>
<SimpleData name="features__properties__name">Street Lamp</SimpleData>
<SimpleData name="features__properties__working">no</SimpleData>
<SimpleData name="features__geometry__type">Point</SimpleData>
<SimpleData name="Longitude">77.639</SimpleData>
<SimpleData name="Latitude">12.9217</SimpleData>
<SimpleData name="features__id">node/5503513934</SimpleData>
</SchemaData>
</ExtendedData>
<Point>
<coordinates>77.6390014,12.92166739999998,0</coordinates>
</Point>
</Placemark>
<Placemark>
<styleUrl>#pointStyleMap</styleUrl><name>node/5503513944</name>
<ExtendedData>
<SchemaData schemaUrl="#S_Bellandur_HSR_SSSSSSDDS">
<SimpleData name="features__type">Feature</SimpleData>
<SimpleData name="features__properties___id">node/5503513944</SimpleData>
<SimpleData name="features__properties__highway">street_lamp</SimpleData>
<SimpleData name="features__properties__name">Street Lamp</SimpleData>
<SimpleData name="features__properties__working">no</SimpleData>
<SimpleData name="features__geometry__type">Point</SimpleData>
<SimpleData name="Longitude">77.6384</SimpleData>
<SimpleData name="Latitude">12.9179</SimpleData>
<SimpleData name="features__id">node/5503513944</SimpleData>
</SchemaData>
</ExtendedData>
<Point>
<coordinates>77.63836100000005,12.91792029999998,0</coordinates>
</Point>
</Placemark>
<Placemark>
<styleUrl>#pointStyleMap</styleUrl><name>node/5503513955</name>
<ExtendedData>
<SchemaData schemaUrl="#S_Bellandur_HSR_SSSSSSDDS">
<SimpleData name="features__type">Feature</SimpleData>
<SimpleData name="features__properties___id">node/5503513955</SimpleData>
<SimpleData name="features__properties__highway">street_lamp</SimpleData>
<SimpleData name="features__properties__name">Street Lamp</SimpleData>
<SimpleData name="features__properties__working">no</SimpleData>
<SimpleData name="features__geometry__type">Point</SimpleData>
<SimpleData name="Longitude">77.6385</SimpleData>
<SimpleData name="Latitude">12.9201</SimpleData>
<SimpleData name="features__id">node/5503513955</SimpleData>
</SchemaData>
</ExtendedData>
<Point>
<coordinates>77.6385088,12.92011819999998,0</coordinates>
</Point>
</Placemark>
<Placemark>
<styleUrl>#pointStyleMap</styleUrl><name>node/5503513967</name>
<ExtendedData>
<SchemaData schemaUrl="#S_Bellandur_HSR_SSSSSSDDS">
<SimpleData name="features__type">Feature</SimpleData>
<SimpleData name="features__properties___id">node/5503513967</SimpleData>
<SimpleData name="features__properties__highway">street_lamp</SimpleData>
<SimpleData name="features__properties__name">Street Lamp</SimpleData>
<SimpleData name="features__properties__working">yes</SimpleData>
<SimpleData name="features__geometry__type">Point</SimpleData>
<SimpleData name="Longitude">77.6391</SimpleData>
<SimpleData name="Latitude">12.9222</SimpleData>
<SimpleData name="features__id">node/5503513967</SimpleData>
</SchemaData>
</ExtendedData>
<Point>
<coordinates>77.63908140000001,12.92215820000002,0</coordinates>
</Point>
</Placemark>
<Placemark>
<styleUrl>#pointStyleMap</styleUrl><name>node/5503513976</name>
<ExtendedData>
<SchemaData schemaUrl="#S_Bellandur_HSR_SSSSSSDDS">
<SimpleData name="features__type">Feature</SimpleData>
<SimpleData name="features__properties___id">node/5503513976</SimpleData>
<SimpleData name="features__properties__highway">street_lamp</SimpleData>
<SimpleData name="features__properties__name">Street Lamp</SimpleData>
<SimpleData name="features__properties__working">no</SimpleData>
<SimpleData name="features__geometry__type">Point</SimpleData>
<SimpleData name="Longitude">77.6384</SimpleData>
<SimpleData name="Latitude">12.9185</SimpleData>
<SimpleData name="features__id">node/5503513976</SimpleData>
</SchemaData>
</ExtendedData>
<Point>
<coordinates>77.63840820000003,12.91854689999998,0</coordinates>
</Point>
</Placemark>
<Placemark>
<styleUrl>#pointStyleMap</styleUrl><name>node/5503513988</name>
<ExtendedData>
<SchemaData schemaUrl="#S_Bellandur_HSR_SSSSSSDDS">
<SimpleData name="features__type">Feature</SimpleData>
<SimpleData name="features__properties___id">node/5503513988</SimpleData>
<SimpleData name="features__properties__highway">street_lamp</SimpleData>
<SimpleData name="features__properties__name">Street Lamp</SimpleData>
<SimpleData name="features__properties__working">yes</SimpleData>
<SimpleData name="features__geometry__type">Point</SimpleData>
<SimpleData name="Longitude">77.6386</SimpleData>
<SimpleData name="Latitude">12.9211</SimpleData>
<SimpleData name="features__id">node/5503513988</SimpleData>
</SchemaData>
</ExtendedData>
<Point>
<coordinates>77.6385909,12.92109770000001,0</coordinates>
</Point>
</Placemark>
<Placemark>
<styleUrl>#pointStyleMap</styleUrl><name>node/5503513998</name>
<ExtendedData>
<SchemaData schemaUrl="#S_Bellandur_HSR_SSSSSSDDS">
<SimpleData name="features__type">Feature</SimpleData>
<SimpleData name="features__properties___id">node/5503513998</SimpleData>
<SimpleData name="features__properties__highway">street_lamp</SimpleData>
<SimpleData name="features__properties__name">Street Lamp</SimpleData>
<SimpleData name="features__properties__working">no</SimpleData>
<SimpleData name="features__geometry__type">Point</SimpleData>
<SimpleData name="Longitude">77.6383</SimpleData>
<SimpleData name="Latitude">12.9169</SimpleData>
<SimpleData name="features__id">node/5503513998</SimpleData>
</SchemaData>
</ExtendedData>
<Point>
<coordinates>77.63830999999998,12.9168501,0</coordinates>
</Point>
</Placemark>
<Placemark>
<styleUrl>#pointStyleMap</styleUrl><name>node/5503514000</name>
<ExtendedData>
<SchemaData schemaUrl="#S_Bellandur_HSR_SSSSSSDDS">
<SimpleData name="features__type">Feature</SimpleData>
<SimpleData name="features__properties___id">node/5503514000</SimpleData>
<SimpleData name="features__properties__highway">street_lamp</SimpleData>
<SimpleData name="features__properties__name">Street Lamp</SimpleData>
<SimpleData name="features__properties__working">no</SimpleData>
<SimpleData name="features__geometry__type">Point</SimpleData>
<SimpleData name="Longitude">77.6395</SimpleData>
<SimpleData name="Latitude">12.9226</SimpleData>
<SimpleData name="features__id">node/5503514000</SimpleData>
</SchemaData>
</ExtendedData>
<Point>
<coordinates>77.63950440000001,12.92263609999999,0</coordinates>
</Point>
</Placemark>
<Placemark>
<styleUrl>#pointStyleMap</styleUrl><name>node/5503514009</name>
<ExtendedData>
<SchemaData schemaUrl="#S_Bellandur_HSR_SSSSSSDDS">
<SimpleData name="features__type">Feature</SimpleData>
<SimpleData name="features__properties___id">node/5503514009</SimpleData>
<SimpleData name="features__properties__highway">street_lamp</SimpleData>
<SimpleData name="features__properties__name">Street Lamp</SimpleData>
<SimpleData name="features__properties__working">no</SimpleData>
<SimpleData name="features__geometry__type">Point</SimpleData>
<SimpleData name="Longitude">77.6384</SimpleData>
<SimpleData name="Latitude">12.9193</SimpleData>
<SimpleData name="features__id">node/5503514009</SimpleData>
</SchemaData>
</ExtendedData>
<Point>
<coordinates>77.63840099999999,12.91933719999999,0</coordinates>
</Point>
</Placemark>
<Placemark>
<styleUrl>#pointStyleMap</styleUrl><name>node/5503514121</name>
<ExtendedData>
<SchemaData schemaUrl="#S_Bellandur_HSR_SSSSSSDDS">
<SimpleData name="features__type">Feature</SimpleData>
<SimpleData name="features__properties___id">node/5503514121</SimpleData>
<SimpleData name="features__properties__highway">street_lamp</SimpleData>
<SimpleData name="features__properties__name">Street Lamp</SimpleData>
<SimpleData name="features__properties__working">no</SimpleData>
<SimpleData name="features__geometry__type">Point</SimpleData>
<SimpleData name="Longitude">77.6389</SimpleData>
<SimpleData name="Latitude">12.9214</SimpleData>
<SimpleData name="features__id">node/5503514121</SimpleData>
</SchemaData>
</ExtendedData>
<Point>
<coordinates>77.63888720000001,12.92140660000003,0</coordinates>
</Point>
</Placemark>
<Placemark>
<styleUrl>#pointStyleMap</styleUrl><name>node/5503514131</name>
<ExtendedData>
<SchemaData schemaUrl="#S_Bellandur_HSR_SSSSSSDDS">
<SimpleData name="features__type">Feature</SimpleData>
<SimpleData name="features__properties___id">node/5503514131</SimpleData>
<SimpleData name="features__properties__highway">street_lamp</SimpleData>
<SimpleData name="features__properties__name">Street Lamp</SimpleData>
<SimpleData name="features__properties__working">no</SimpleData>
<SimpleData name="features__geometry__type">Point</SimpleData>
<SimpleData name="Longitude">77.6383</SimpleData>
<SimpleData name="Latitude">12.9176</SimpleData>
<SimpleData name="features__id">node/5503514131</SimpleData>
</SchemaData>
</ExtendedData>
<Point>
<coordinates>77.63833119999998,12.9176395,0</coordinates>
</Point>
</Placemark>
<Placemark>
<styleUrl>#pointStyleMap</styleUrl><name>node/5503514142</name>
<ExtendedData>
<SchemaData schemaUrl="#S_Bellandur_HSR_SSSSSSDDS">
<SimpleData name="features__type">Feature</SimpleData>
<SimpleData name="features__properties___id">node/5503514142</SimpleData>
<SimpleData name="features__properties__highway">street_lamp</SimpleData>
<SimpleData name="features__properties__name">Street Lamp</SimpleData>
<SimpleData name="features__properties__working">no</SimpleData>
<SimpleData name="features__geometry__type">Point</SimpleData>
<SimpleData name="Longitude">77.6385</SimpleData>
<SimpleData name="Latitude">12.9199</SimpleData>
<SimpleData name="features__id">node/5503514142</SimpleData>
</SchemaData>
</ExtendedData>
<Point>
<coordinates>77.63849440000001,12.9198552,0</coordinates>
</Point>
</Placemark>
<Placemark>
<styleUrl>#pointStyleMap</styleUrl><name>node/5503514154</name>
<ExtendedData>
<SchemaData schemaUrl="#S_Bellandur_HSR_SSSSSSDDS">
<SimpleData name="features__type">Feature</SimpleData>
<SimpleData name="features__properties___id">node/5503514154</SimpleData>
<SimpleData name="features__properties__highway">street_lamp</SimpleData>
<SimpleData name="features__properties__name">Street Lamp</SimpleData>
<SimpleData name="features__properties__working">yes</SimpleData>
<SimpleData name="features__geometry__type">Point</SimpleData>
<SimpleData name="Longitude">77.639</SimpleData>
<SimpleData name="Latitude">12.922</SimpleData>
<SimpleData name="features__id">node/5503514154</SimpleData>
</SchemaData>
</ExtendedData>
<Point>
<coordinates>77.63899109999998,12.92196979999998,0</coordinates>
</Point>
</Placemark>
<Placemark>
<styleUrl>#pointStyleMap</styleUrl><name>node/5503514163</name>
<ExtendedData>
<SchemaData schemaUrl="#S_Bellandur_HSR_SSSSSSDDS">
<SimpleData name="features__type">Feature</SimpleData>
<SimpleData name="features__properties___id">node/5503514163</SimpleData>
<SimpleData name="features__properties__highway">street_lamp</SimpleData>
<SimpleData name="features__properties__name">Street Lamp</SimpleData>
<SimpleData name="features__properties__working">no</SimpleData>
<SimpleData name="features__geometry__type">Point</SimpleData>
<SimpleData name="Longitude">77.6384</SimpleData>
<SimpleData name="Latitude">12.9182</SimpleData>
<SimpleData name="features__id">node/5503514163</SimpleData>
</SchemaData>
</ExtendedData>
<Point>
<coordinates>77.63836070000002,12.91818699999998,0</coordinates>
</Point>
</Placemark>
<Placemark>
<styleUrl>#pointStyleMap</styleUrl><name>node/5503514174</name>
<ExtendedData>
<SchemaData schemaUrl="#S_Bellandur_HSR_SSSSSSDDS">
<SimpleData name="features__type">Feature</SimpleData>
<SimpleData name="features__properties___id">node/5503514174</SimpleData>
<SimpleData name="features__properties__highway">street_lamp</SimpleData>
<SimpleData name="features__properties__name">Street Lamp</SimpleData>
<SimpleData name="features__properties__working">no</SimpleData>
<SimpleData name="features__geometry__type">Point</SimpleData>
<SimpleData name="Longitude">77.6386</SimpleData>
<SimpleData name="Latitude">12.9206</SimpleData>
<SimpleData name="features__id">node/5503514174</SimpleData>
</SchemaData>
</ExtendedData>
<Point>
<coordinates>77.6386392,12.9206267,0</coordinates>
</Point>
</Placemark>
<Placemark>
<styleUrl>#pointStyleMap</styleUrl><name>node/5503514184</name>
<ExtendedData>
<SchemaData schemaUrl="#S_Bellandur_HSR_SSSSSSDDS">
<SimpleData name="features__type">Feature</SimpleData>
<SimpleData name="features__properties___id">node/5503514184</SimpleData>
<SimpleData name="features__properties__highway">street_lamp</SimpleData>
<SimpleData name="features__properties__name">Street Lamp</SimpleData>
<SimpleData name="features__properties__working">no</SimpleData>
<SimpleData name="features__geometry__type">Point</SimpleData>
<SimpleData name="Longitude">77.6383</SimpleData>
<SimpleData name="Latitude">12.9166</SimpleData>
<SimpleData name="features__id">node/5503514184</SimpleData>
</SchemaData>
</ExtendedData>
<Point>
<coordinates>77.6382895,12.91656589999998,0</coordinates>
</Point>
</Placemark>
<Placemark>
<styleUrl>#pointStyleMap</styleUrl><name>node/5503514186</name>
<ExtendedData>
<SchemaData schemaUrl="#S_Bellandur_HSR_SSSSSSDDS">
<SimpleData name="features__type">Feature</SimpleData>
<SimpleData name="features__properties___id">node/5503514186</SimpleData>
<SimpleData name="features__properties__highway">street_lamp</SimpleData>
<SimpleData name="features__properties__name">Street Lamp</SimpleData>
<SimpleData name="features__properties__working">no</SimpleData>
<SimpleData name="features__geometry__type">Point</SimpleData>
<SimpleData name="Longitude">77.6394</SimpleData>
<SimpleData name="Latitude">12.9224</SimpleData>
<SimpleData name="features__id">node/5503514186</SimpleData>
</SchemaData>
</ExtendedData>
<Point>
<coordinates>77.63938860000002,12.92239729999998,0</coordinates>
</Point>
</Placemark>
<Placemark>
<styleUrl>#pointStyleMap</styleUrl><name>node/5503514195</name>
<ExtendedData>
<SchemaData schemaUrl="#S_Bellandur_HSR_SSSSSSDDS">
<SimpleData name="features__type">Feature</SimpleData>
<SimpleData name="features__properties___id">node/5503514195</SimpleData>
<SimpleData name="features__properties__highway">street_lamp</SimpleData>
<SimpleData name="features__properties__name">Street Lamp</SimpleData>
<SimpleData name="features__properties__working">no</SimpleData>
<SimpleData name="features__geometry__type">Point</SimpleData>
<SimpleData name="Longitude">77.6384</SimpleData>
<SimpleData name="Latitude">12.919</SimpleData>
<SimpleData name="features__id">node/5503514195</SimpleData>
</SchemaData>
</ExtendedData>
<Point>
<coordinates>77.6384059,12.91903569999998,0</coordinates>
</Point>
</Placemark>
<Placemark>
<styleUrl>#pointStyleMap</styleUrl><name>node/5503514207</name>
<ExtendedData>
<SchemaData schemaUrl="#S_Bellandur_HSR_SSSSSSDDS">
<SimpleData name="features__type">Feature</SimpleData>
<SimpleData name="features__properties___id">node/5503514207</SimpleData>
<SimpleData name="features__properties__highway">street_lamp</SimpleData>
<SimpleData name="features__properties__name">Street Lamp</SimpleData>
<SimpleData name="features__properties__working">yes</SimpleData>
<SimpleData name="features__geometry__type">Point</SimpleData>
<SimpleData name="Longitude">77.6387</SimpleData>
<SimpleData name="Latitude">12.9215</SimpleData>
<SimpleData name="features__id">node/5503514207</SimpleData>
</SchemaData>
</ExtendedData>
<Point>
<coordinates>77.63874980000004,12.92146299999997,0</coordinates>
</Point>
</Placemark>
<Placemark>
<styleUrl>#pointStyleMap</styleUrl><name>node/5503514217</name>
<ExtendedData>
<SchemaData schemaUrl="#S_Bellandur_HSR_SSSSSSDDS">
<SimpleData name="features__type">Feature</SimpleData>
<SimpleData name="features__properties___id">node/5503514217</SimpleData>
<SimpleData name="features__properties__highway">street_lamp</SimpleData>
<SimpleData name="features__properties__name">Street Lamp</SimpleData>
<SimpleData name="features__properties__working">no</SimpleData>
<SimpleData name="features__geometry__type">Point</SimpleData>
<SimpleData name="Longitude">77.6383</SimpleData>
<SimpleData name="Latitude">12.9174</SimpleData>
<SimpleData name="features__id">node/5503514217</SimpleData>
</SchemaData>
</ExtendedData>
<Point>
<coordinates>77.63833030000002,12.91739320000001,0</coordinates>
</Point>
</Placemark>
<Placemark>
<styleUrl>#pointStyleMap</styleUrl><name>node/5503514218</name>
<ExtendedData>
<SchemaData schemaUrl="#S_Bellandur_HSR_SSSSSSDDS">
<SimpleData name="features__type">Feature</SimpleData>
<SimpleData name="features__properties___id">node/5503514218</SimpleData>
<SimpleData name="features__properties__highway">street_lamp</SimpleData>
<SimpleData name="features__properties__name">Street Lamp</SimpleData>
<SimpleData name="features__properties__working">no</SimpleData>
<SimpleData name="features__geometry__type">Point</SimpleData>
<SimpleData name="Longitude">77.6397</SimpleData>
<SimpleData name="Latitude">12.9232</SimpleData>
<SimpleData name="features__id">node/5503514218</SimpleData>
</SchemaData>
</ExtendedData>
<Point>
<coordinates>77.63974580000003,12.92320159999998,0</coordinates>
</Point>
</Placemark>
</Folder>
</Document>
</kml>